t_obs,split,deg_cor_1600A,deg_cor_1700A,pred_plain_1600A,pred_plain_1700A,pred_mode_1600A,pred_mode_1700A
2010-05-20 00:00:00,train,0.9908,1.0023,0.9710150371710788,1.00553835595008,0.975318660984174,1.0784036601054345
2010-05-20 23:53:54,train,0.9908,1.0023,0.9692913217619792,1.0050958974182675,0.980615021021319,1.0694148506805068
2010-05-22 00:00:00,train,0.99048,1.00238,0.9708485052740109,1.0041231724930115,0.9392334214800498,1.0479341292397877
2010-05-23 00:00:00,train,0.99032,1.00242,0.9686651619858687,1.0030173770782973,0.9573109510852114,1.0233443036845968
2010-05-23 23:53:54,train,0.99032,1.00242,0.9661827932690727,1.0011717526141621,0.9366374784861404,1.0548018497608014
2010-05-27 00:00:00,train,0.98968,1.00258,0.9605573684173988,0.9931157121157864,0.9111264619164614,1.03899354929624
2010-05-29 00:00:00,train,0.98936,1.00266,0.9607780261621655,0.994156548784547,0.9626404355522724,1.07281188406779
2010-05-30 00:00:00,train,0.9892,1.0027,0.9581296102601564,0.9916121267437237,0.9531980563926,1.0344195656559316
2010-05-30 23:59:48,train,0.98904,1.00274,0.9564081583054426,0.9896445568036286,0.9657978930544782,1.0155216253748458
2010-06-01 00:00:00,train,0.98888,1.00278,0.9542263829324658,0.9862591546878889,0.9529775942043526,1.0129459974735342
2010-06-01 23:53:54,train,0.98888,1.00278,0.9521875921153217,0.9854263800498955,0.9474860335947459,1.0029941472609045
2010-06-02 23:59:54,train,0.98856,1.00286,0.9476129481542322,0.9811385065622711,0.967413900801662,0.9691975884973641
2010-06-03 23:53:54,train,0.98856,1.00286,0.9468123970425667,0.9795183160107176,0.9868661994390671,0.974777037034355
2010-06-05 00:05:54,train,0.98824,1.00294,0.9426123272380005,0.9772396788688392,0.9631400188029363,1.0170599619685277
2010-06-06 00:05:54,train,0.98808,1.00298,0.9416735713233849,0.9772561641750451,0.9646359538141119,1.0198564010764624
2010-06-07 00:05:54,train,0.98792,1.00302,0.9433631795529823,0.9790073628573047,0.9764743816687909,1.0095796389733354
2010-06-08 00:05:54,train,0.98776,1.00306,0.9451445390794616,0.9811757698011461,0.9503888580432446,0.9934882314454317
2010-06-09 00:05:54,train,0.9876,1.0031,0.9433308866488281,0.9792818734058776,0.9642245598778066,1.0542427592700903
2010-06-10 00:05:54,train,0.98744,1.00314,0.944661156849483,0.9809669481144783,0.9122389685310365,1.0229017780991028
2010-06-10 23:59:54,train,0.98728,1.00318,0.9474950096921188,0.9833686662622877,0.9928261727199251,0.9873795926397761
2010-06-11 23:59:54,train,0.98712,1.00322,0.950686175830246,0.9833623704648646,0.9892246646435916,1.0384930155039096
2010-06-12 23:59:54,train,0.98696,1.00326,0.9509483697690221,0.9844911060203738,0.9233926318452508,1.0499567324433297
2010-06-13 23:59:54,train,0.9868,1.0033,0.9497665598583473,0.9852926227443106,1.0100736081532893,1.0217770677561306
2010-06-14 23:59:54,train,0.98664,1.00334,0.9502182021295547,0.9868317704484523,0.9739106135740695,1.0550562035885422
2010-06-15 23:59:54,train,0.98648,1.00338,0.9531939694346447,0.9903540431216611,0.9601402120807083,1.0296512254087262
2010-06-16 23:59:54,train,0.98632,1.00342,0.956142119205615,0.9928982687890467,0.9324781466330037,1.0773464841713398
2010-06-17 23:59:54,train,0.98616,1.00346,0.9574629121999654,0.994331643028962,0.9866195915991752,1.0181949713746594
2010-06-18 23:59:54,train,0.986,1.0035,0.9586545138575245,0.9960247755842252,0.9610142841621422,1.0484613325068133
2010-06-19 23:53:54,train,0.986,1.0035,0.9606546972532595,0.9977089898633711,0.9852949539565864,1.044027288143623
2010-06-20 23:59:54,train,0.98568,1.00358,0.9599759976550769,0.9972899745443127,0.9869960675035904,1.0776276756295702
2010-06-21 23:59:54,train,0.98552,1.00362,0.9604728018140454,0.9966066375328485,0.9455114451422706,1.0629520379163182
2010-06-22 23:59:54,train,0.98536,1.00366,0.9626993838014116,0.9976868144713184,0.9086172404267686,1.0757249845736232
2010-06-23 23:59:54,train,0.9852,1.0037,0.9628523864595006,0.9984412716702717,0.9576236931904447,0.9923353813911518
2010-06-24 23:59:54,train,0.98504,1.00374,0.9612436891733832,0.9971845671328964,1.0137888781526547,1.0455394485100042
2010-06-25 23:59:54,train,0.98488,1.00378,0.9626875370270761,0.9992257729433442,1.0096552046219174,1.100063621612121
2010-06-26 23:59:54,train,0.98472,1.00382,0.9631530921124922,1.0006224195672258,0.9434597704255806,1.0510442362255439
2010-06-27 23:59:54,train,0.98456,1.00386,0.9631919819221041,1.001301600266028,0.9697546412669882,0.9874238893375175
2010-06-28 23:59:54,train,0.9844,1.0039,0.9645191886150104,1.0018408401287744,1.012995046435626,1.015010171533469
2010-06-29 23:59:54,train,0.98424,1.00394,0.9657228386469053,1.0024145126669033,0.9964398731971167,1.0740268397520871
2010-06-30 23:59:54,train,0.98408,1.00398,0.9650549264744124,1.0015878018476907,0.9579576647093367,1.0504602466300466
2010-07-01 23:59:54,train,0.98392,1.00402,0.9662054704067505,1.0025181289806018,0.9670379448454146,1.0091611988134463
2010-07-02 23:53:54,train,0.98392,1.00402,0.9639141248749901,1.0005937600907873,0.9968089842832818,1.065995811916014
2010-07-03 23:59:54,train,0.9836,1.0041,0.9630467247247136,1.0009518038817065,0.9796010212046096,1.0595498146009736
2010-07-04 23:59:54,train,0.98344,1.00414,0.9603426912714664,0.9993599441436707,0.9383690883436538,1.0851544316867865
2010-07-05 23:59:54,train,0.98328,1.00418,0.9591183909417034,0.9985866904954668,0.9374315884223678,1.0073604926508941
2010-07-06 23:59:54,train,0.98312,1.00422,0.9561099606211222,0.9957864162689929,0.9803462181134923,1.0719246770490223
2010-07-07 23:59:54,train,0.98296,1.00426,0.9548191637760935,0.9952029868566218,0.962846209643733,1.0265633571373423
2010-07-08 23:59:54,train,0.9828,1.0043,0.9541458207745037,0.9934934380214518,0.9342986354167543,1.0152841209492653
2010-07-09 23:59:54,train,0.98264,1.00434,0.9578703716290679,0.9949543260787712,0.9958126586904793,0.9840052751836543
2010-07-10 23:59:54,train,0.98248,1.00438,0.9592920106490862,0.996716096904736,0.9702088437257679,1.0201528628649712
2010-07-11 23:59:54,train,0.98232,1.00442,0.9596742868244486,0.9978091670358471,0.9706382722462967,1.0664480835223098
2010-07-12 23:53:54,train,0.98232,1.00442,0.9652025772058312,1.0028379811096926,0.9766564232267285,1.0693792372239073
2010-07-13 23:59:54,train,0.982,1.0045,0.9673914315718037,1.0061735549427604,0.9566943411284836,0.9433217128445812
2010-07-14 23:59:54,train,0.98184,1.00454,0.9666558490041276,1.006440344722271,0.9134683012892597,1.0433813122003772
2010-07-15 23:59:54,train,0.98168,1.00458,0.9648828048461748,1.0048605125134555,0.978903299344702,1.0420194780625582
2010-07-16 23:59:54,train,0.98152,1.00462,0.9640500584865147,1.0029613780192952,0.9284608459913473,0.9975841278574337
2010-07-17 23:59:54,train,0.98136,1.00466,0.9624062590466416,1.0002953282920208,0.9600860770466328,1.0525252325347423
2010-07-18 23:59:54,train,0.9812,1.0047,0.9569611883515795,0.9953633991647284,0.9919159693779176,1.0673680795382567
2010-07-19 23:59:54,train,0.98104,1.00474,0.9590496903560755,0.995153099526056,0.9232322062643571,0.9952208709014891
2010-07-20 23:59:54,train,0.98088,1.00478,0.9564252201399666,0.9939543231224661,0.9521764559164728,1.0343299238401062
2010-07-21 23:59:54,train,0.98072,1.00482,0.9567510213028779,0.9958528368670392,0.9989132342616105,1.0290773546644585
2010-07-22 23:53:54,train,0.98072,1.00482,0.9598938896911492,0.9994148535829338,1.0111596072103528,1.106762301347962
2010-07-23 23:59:54,train,0.9804,1.0049,0.9635877013029499,1.00237734871096,0.9475179567401493,1.0204034010136307
2010-07-24 23:53:54,train,0.9804,1.0049,0.9666779848300187,1.006045028301445,0.9679330621187422,1.0674338054790269
2010-07-26 23:59:54,train,0.97992,1.00502,0.9688214608492061,1.0074162432017215,0.9670874960118955,1.0143378391883668
2010-07-28 00:05:54,train,0.97976,1.00506,0.9696683083426615,1.0080517638945583,0.9730970617207615,0.9959681272926469
2010-07-29 00:05:54,train,0.9796,1.0051,0.9706732776329673,1.0082992666770958,0.966901530716168,0.9892517926602297
2010-07-29 23:59:54,train,0.97944,1.00514,0.9717874144011017,1.0097676259327104,0.9551501210831354,1.0075783524683022
2010-07-30 23:59:54,train,0.97928,1.00518,0.9702523811844451,1.0098213376060303,0.9696105922501576,0.9981829633003977
2010-07-31 23:59:54,train,0.97912,1.00522,0.9707358772788169,1.0123746345996165,0.9794091705375441,1.058465604641912
2010-08-01 23:59:54,test,0.97896,1.00526,0.968377394029182,1.0117369777238496,0.9647509174607789,1.0060878823405996
2010-08-02 23:59:54,test,0.9788,1.0053,0.9698420138040031,1.013731523467845,0.9434858460187672,1.0108081850465094
2010-08-03 23:59:54,test,0.97864,1.00534,0.9707903064990538,1.0137411171157193,1.0106988584231877,0.9556840772483408
2010-08-04 23:59:54,test,0.97848,1.00538,0.9724367129104489,1.0131088045124133,0.9417734882266516,1.0411444187489323
2010-08-05 23:59:54,test,0.97832,1.00542,0.9734200935371915,1.0129995100233529,0.9535286741110724,1.0853123347149152
2010-08-06 23:59:54,test,0.97816,1.00546,0.9749435961012219,1.0149717409353713,0.9874562294242971,1.1218423023796165
2010-08-07 23:59:54,test,0.978,1.0055,0.977364788924221,1.0180799508292018,1.0044093391579278,1.0574788244775122
2010-08-08 23:53:54,test,0.978,1.0055,0.9787200331736292,1.0211982510577384,0.9681721177227699,1.0280804989640666
2010-08-09 23:59:54,test,0.97768,1.00558,0.9835611956114123,1.0247990835154184,0.9868398509959346,0.9964916262504694
2010-08-10 23:53:54,test,0.97768,1.00558,0.9827392843700791,1.025037572094681,0.9443259464298153,1.0413717067539565
2010-08-11 23:59:54,test,0.97736,1.00566,0.983301332383708,1.0250108964724982,0.9815563279570152,1.0035607106828273
2010-08-12 23:53:54,test,0.97736,1.00566,0.9828807869334455,1.0244303555630627,1.0194678381662539,1.015376380231064
2010-08-13 23:59:54,test,0.97704,1.00574,0.9793199582455797,1.019952759098678,0.9945910516853699,1.080673084486739
2010-08-14 23:59:54,test,0.97688,1.00578,0.9757269684845088,1.0178897760024406,0.9326842516580472,1.0051839216406975
2010-08-15 23:59:54,test,0.97672,1.00582,0.9718344578253683,1.015045539334362,0.975681383813389,1.0124251482076019
2010-08-16 23:59:54,test,0.97656,1.00586,0.9689363310512287,1.0132113064540051,0.9540829208141693,1.0390589476331415
2010-08-17 23:59:54,test,0.9764,1.0059,0.9698477313168176,1.013629142763378,0.9599580236267361,1.050884307695683
2010-08-18 23:59:54,test,0.97624,1.00594,0.9679475187538411,1.012670067549259,0.93921648681955,1.016001584338204
2010-08-19 23:53:54,test,0.97624,1.00594,0.9667796041117327,1.011804265846054,0.9963091476474518,1.0866225065883186
2010-08-20 23:59:54,test,0.97592,1.00602,0.9657372366288697,1.0117554466168168,1.0131982350427982,1.0064913374601998
2010-08-21 23:59:54,test,0.97576,1.00606,0.9654417388033063,1.0119425977165497,0.9751649614769954,1.0445396104627847
2010-08-22 23:53:54,test,0.97576,1.00606,0.9623089164328003,1.0103776046162956,0.95316643288236,1.0142412217208132
2010-08-23 23:59:54,test,0.97544,1.00614,0.9649420988449653,1.012456057089773,0.9619535092856351,1.0417299421998079
2010-08-24 23:59:54,test,0.97528,1.00618,0.965326523131425,1.0122926663291378,1.0055207201549032,1.1089438588873946
2010-08-25 23:59:54,test,0.97512,1.00622,0.966580954220178,1.013438836789105,1.0107820944036485,1.0147110392183838
2010-08-26 23:59:54,test,0.97496,1.00626,0.9650475299013173,1.0130303611063567,0.9790703757874536,0.9967376864927859
2010-08-27 23:59:54,test,0.9748,1.0063,0.9637642800697639,1.014156451018047,0.9555467193097892,1.0110391422804132
2010-08-28 23:59:54,test,0.97464,1.00634,0.9663432571700314,1.0166717979903503,0.98461161361007,1.0306129533640107
2010-08-29 23:59:54,test,0.97448,1.00638,0.9679592614925179,1.0183577502597037,0.9997525258879236,0.972095701009977
2010-08-30 23:59:54,test,0.97432,1.00642,0.9690852422045927,1.0198631192509202,0.9323821154223586,1.014219284433686
2010-08-31 23:59:54,test,0.97416,1.00646,0.9731049646665945,1.0220477055251356,1.0045055386509318,1.0658425404243879
2010-09-01 23:59:54,test,0.974,1.0065,0.9737465289368596,1.0223001309108515,0.9788787404335745,0.9965447075059853
2010-09-02 23:59:54,test,0.97384,1.00654,0.9775387310193362,1.024339360546546,1.0097249242083934,1.0524761927622275
2010-09-03 23:59:54,test,0.97368,1.00658,0.9768715072637745,1.0248896678973838,0.9373629862020183,1.0615678296808073
2010-09-04 23:59:54,test,0.97352,1.00662,0.9778585260874898,1.0260817975120182,0.9463008483220737,1.0168044971210504
2010-09-05 23:59:54,test,0.97336,1.00666,0.9767282871496948,1.026315145191496,0.9297965881599487,1.0381085490744402
2010-09-06 23:53:54,test,0.97336,1.00666,0.9749703062448123,1.0253472120422085,0.9916758787916627,1.0278566345509774
2010-09-07 23:59:54,test,0.97304,1.00674,0.9747615234100167,1.0249734042375525,0.9717931197299189,1.0452256726645113
2010-09-08 23:59:54,test,0.97288,1.00678,0.9719808208824254,1.0231412336957497,0.9914240233609689,1.0633735489340583
2010-09-09 23:53:54,test,0.97288,1.00678,0.9689127289974558,1.0206861614512623,0.9358458472619274,1.0869340836137575
2010-09-10 23:59:54,test,0.97256,1.00686,0.9697908914180661,1.0215527398731328,0.9870792197698897,1.022132875429907
2010-09-11 23:59:54,test,0.9724,1.0069,0.9737623498350975,1.0240321416114524,0.9554149364430642,1.0704786661759673
2010-09-12 23:59:54,test,0.97224,1.00694,0.9733691164724159,1.0234455153744917,1.0150366162017486,1.0251926691884037
2010-09-13 23:59:54,test,0.97208,1.00698,0.9740798592377067,1.0244845126289537,0.9574089409438412,1.057767315107156
2010-09-14 23:59:54,test,0.97192,1.00702,0.97367667467028,1.0249152242277122,0.9717442479987826,1.091469427249359
2010-09-15 23:59:54,test,0.97176,1.00706,0.974194835274045,1.026178823323346,1.011228903094116,1.133630629571733
2010-09-16 23:59:54,test,0.9716,1.0071,0.9771607647794748,1.0280729585879742,0.9528689711103551,1.0482133830608857
2010-09-17 23:59:54,test,0.97144,1.00714,0.9772721904025347,1.0282898461055614,1.0213955236165455,1.1038985950303277
2010-09-18 23:59:54,test,0.97128,1.00718,0.9760352369960348,1.0271467344765723,1.046005034738036,1.0964222626435578
2010-09-19 23:59:54,test,0.97112,1.00722,0.976743295722793,1.0266002684052686,0.956480531265209,1.1120699122317206
2010-09-20 23:59:54,test,0.97096,1.00726,0.9745878317157255,1.024635345463105,0.9426695242301619,1.1418201431731227
2010-09-21 23:59:54,test,0.9708,1.0073,0.9716741749599995,1.021737764456963,1.0023025258380442,1.0628402533565033
2010-09-22 23:53:54,test,0.9708,1.0073,0.9705779356755634,1.0218278335183657,0.9954215080989933,0.9522732019895274
2010-09-23 23:59:54,test,0.97048,1.00738,0.971213141969716,1.0235192949576473,0.9759564068580939,1.046666056842379
2010-09-24 23:59:54,test,0.97032,1.00742,0.9719043305036433,1.025359359941881,1.0072244432723798,1.022498077126745
2010-09-25 23:59:54,test,0.97016,1.00746,0.9744778327175515,1.0273817096890285,0.9689804998765443,1.0310302791862447
2010-09-26 23:59:54,test,0.97,1.0075,0.9738048618066393,1.027773151819426,0.9495207062298434,1.0869152387020866
2010-09-27 23:59:54,test,0.96984,1.00754,0.9744895554458893,1.0289231539858186,0.9473739307994838,1.0642906208232223
2010-09-28 23:53:54,test,0.96984,1.00754,0.9752369389074689,1.0290694721404323,0.9925663577772211,0.9750669759404118
2010-09-29 23:59:54,test,0.96952,1.00762,0.9719177688077903,1.026895658104772,0.9436434657491541,0.9534122495420569
2010-09-30 23:59:54,test,0.96936,1.00766,0.970583353913899,1.0258076063488055,0.9836821268313698,1.1037037896938093
2010-10-01 23:59:54,test,0.9692,1.0077,0.9679908343069237,1.023252736157984,0.9412592377419592,1.157000795902616
2010-10-02 23:59:54,test,0.96904,1.00774,0.9667852098990931,1.0235505820287627,0.9675874284841774,1.0170560126636683
2010-10-03 23:59:54,test,0.96888,1.00778,0.9639347865140533,1.0217974662779905,1.0098100742423548,1.0696966017674134
2010-10-04 23:59:54,test,0.96872,1.00782,0.9610343452498017,1.0195804072380614,0.9308651698159452,1.0126351111788308
2010-10-05 23:59:54,test,0.96856,1.00786,0.9584661701621963,1.0179874545658527,1.001411782993083,1.0087647642901294
2010-10-06 23:53:54,test,0.96856,1.00786,0.9571117133145228,1.0170339784251958,0.9391105520629305,1.0696814607248644
2010-10-07 23:59:54,test,0.96824,1.00794,0.9559337074454853,1.016378773092249,0.9782155825458831,1.0041388285597574
2010-10-08 23:59:54,test,0.96808,1.00798,0.9570449886159119,1.0170452622584147,0.9718837734435223,1.046987528180561
2010-10-09 23:59:54,test,0.96792,1.00802,0.9566220550414913,1.0168003421863832,0.9781676793235259,1.038099639121644
2010-10-10 23:59:54,test,0.96776,1.00806,0.9595334085118007,1.0192246272768741,0.9334751341684063,1.049545950647909
2010-10-11 23:59:54,test,0.9676,1.0081,0.960950269714782,1.0213537125078989,0.9665747552761749,1.0275713159371185
2010-10-13 23:59:54,test,0.96728,1.00818,0.9663671189792634,1.0261484174599942,1.0125885111164918,1.0978938973998833
2010-10-14 23:59:54,test,0.96712,1.00822,0.9701985247242987,1.0285667265694698,0.9985244834616782,1.1229531888805873
2010-10-15 23:59:54,test,0.96696,1.00826,0.9726654446867705,1.0297063441115397,0.9527907668651701,1.0613520986493539
2010-10-19 23:59:54,test,0.96632,1.00842,0.959786234634734,1.0166799302129967,0.9612836532469201,1.0292468993059207
2010-10-20 23:59:54,test,0.96616,1.00846,0.9582302542504453,1.0173425333064021,0.9494647095882621,1.0448370778376261
2010-10-21 23:59:54,test,0.966,1.0085,0.9602181150996142,1.0196927023677844,0.9708360220138335,1.0242852663013506
2010-10-22 23:59:54,test,0.96584,1.00854,0.9598280718808405,1.0210874343091918,0.9718093916862582,1.1071601302573115
2010-10-23 23:59:54,test,0.96568,1.00858,0.9635614214077667,1.0232471625406887,0.9273924826041737,0.9934956827089376
2010-10-24 23:59:54,test,0.96552,1.00862,0.9625888391043949,1.0236315220672267,0.9315923351752807,0.9896532168383598
2010-10-25 23:59:54,test,0.96536,1.00866,0.9640804284344295,1.0236144920001926,1.006853273067154,1.0611988026096495
2010-10-26 23:59:54,test,0.9652,1.0087,0.9568675728932916,1.019180073977015,0.9516715410478149,1.049595253472308
2010-10-27 23:59:54,test,0.96504,1.00874,0.9549346587369874,1.0183642247046363,0.9477617488960502,0.9962487440563221
2010-10-28 23:59:54,test,0.96488,1.00878,0.9534020937624018,1.016943817678687,0.9314778592678329,1.1009549273921182
2010-10-29 23:59:54,test,0.96472,1.00882,0.9527410573538698,1.0167349791037954,0.9659121778613268,1.075931440099698
2010-10-30 23:59:54,test,0.96456,1.00886,0.9505060395075358,1.015008850076439,0.994280021693457,1.0089943536167947
2010-10-31 23:59:54,test,0.9644,1.0089,0.9483730089468726,1.0139296865418772,0.9498427298825428,1.000434292622868
2010-11-01 23:53:54,holdout,0.9644,1.0089,0.9472045455216507,1.0138511465481714,1.0134459980452157,1.0795301366373435
2010-11-02 23:59:54,holdout,0.96408,1.00898,0.9468624192790863,1.0129447237521718,0.9451549096446739,1.0483508262355166
2010-11-03 23:59:54,holdout,0.96392,1.00902,0.9461697652646293,1.013258409309306,0.9627052799500575,1.0710844148583416
2010-11-04 23:59:54,holdout,0.96376,1.00906,0.9470628081977502,1.0126191463352876,0.9572822040060474,1.0945244044804925
2010-11-05 23:53:54,holdout,0.96376,1.00906,0.9508853791612164,1.0150334106916366,0.9775509917947148,0.9877940371763688
2010-11-06 23:59:54,holdout,0.96344,1.00914,0.9552002541755803,1.0168755410126251,0.9893654154028727,1.0949001744117306
2010-11-07 23:59:54,holdout,0.96328,1.00918,0.9550693291193676,1.0191002049459361,0.9672085451066608,1.0669822329458172
2010-11-08 23:59:54,holdout,0.96312,1.00922,0.9576002954801672,1.0217038090071224,0.9591428634554625,1.104793526871672
2010-11-09 23:59:54,holdout,0.96296,1.00926,0.9581104892589943,1.0229877664167153,0.9771741810098598,1.0165009423064906
2010-11-10 23:53:54,holdout,0.96296,1.00926,0.9609164293750837,1.02561773951848,0.961592655216202,1.0389283880963958
2010-11-11 23:59:54,holdout,0.96264,1.00934,0.9585495995042794,1.0236387579230661,0.9710561330026989,1.0272017689510122
2010-11-12 23:59:54,holdout,0.96248,1.00938,0.9593894241489985,1.0246022863622897,0.9514104382205198,0.996713867979556
2010-11-13 23:59:54,holdout,0.96232,1.00942,0.9577159439276595,1.02166141088924,0.9715962679141834,1.0466550186171246
2010-11-14 23:59:54,holdout,0.96216,1.00946,0.9574103665030491,1.0204279664582363,0.9451463533989372,1.0368143721103742
2010-11-15 23:59:54,holdout,0.962,1.0095,0.9586052416297965,1.0219056058971678,0.9635976840175955,1.0260370141179918
2010-11-16 23:59:54,holdout,0.96184,1.00954,0.9589225664893014,1.0224825966064492,0.978945637896265,1.0374990695843027
2010-11-17 23:59:54,holdout,0.96168,1.00958,0.9569616093056552,1.0222655080871856,0.9639804057353086,1.0057363358690912
2010-11-18 23:59:54,holdout,0.96152,1.00962,0.9568332275237462,1.0231284010301773,0.9313385769648801,1.0121426559750482
2010-11-19 23:59:54,holdout,0.96136,1.00966,0.9549406810745086,1.0233688822933225,0.9288123581342685,1.0911530774582563
2010-11-20 23:59:54,holdout,0.9612,1.0097,0.9537145976509335,1.023186197847615,1.0036710377221707,1.0063179395046198
2010-11-21 23:59:54,holdout,0.96104,1.00974,0.9557529325904628,1.0251389233526567,0.8997619614238174,1.0960321169232699
2010-11-22 23:59:54,holdout,0.96088,1.00978,0.9563110949244595,1.0253685272531305,0.9711942408344717,1.0511491733507343
2010-11-23 23:59:54,holdout,0.96072,1.00982,0.9516412661161207,1.0216504628012826,0.9168874580221393,1.0836828697553362
2010-11-24 23:59:54,holdout,0.96056,1.00986,0.9495584774346383,1.0197056165602059,0.9297855257996394,1.049779880389264
2010-11-25 23:59:54,holdout,0.9604,1.0099,0.9465338363504033,1.016895485450295,0.9200342698770442,1.0791461589298574
2010-11-26 23:59:54,holdout,0.96024,1.00994,0.942898419530924,1.0148043896657113,0.9507037644508971,1.123114857962385
2010-11-27 23:59:54,holdout,0.96008,1.00998,0.9425607104283766,1.0138861886609944,0.947331443858908,1.0843668061497589
2010-11-28 23:59:54,holdout,0.95992,1.01002,0.9411808318164316,1.0139270858969562,0.9288899459107174,1.0421124265282213
2010-11-29 23:59:54,holdout,0.95976,1.01006,0.9391763919210586,1.0128661978227982,0.9150669568285471,1.0645152865890402
2010-11-30 23:59:54,holdout,0.9596,1.0101,0.9404631348976416,1.0141011804123374,0.9649574685673766,1.051113894784698
2010-12-01 23:59:54,holdout,0.95944,1.01014,0.9399230988013954,1.0131891536179658,0.9845351756465157,1.1163997678884932
2010-12-02 23:59:54,holdout,0.95928,1.01018,0.9421789033418811,1.0134350747546148,0.9949764881233482,1.0991051090045982
2010-12-04 00:05:54,holdout,0.95912,1.01022,0.9440803997684994,1.0141378269137822,0.9674337906822641,1.0956433706223974
2010-12-04 23:59:54,holdout,0.95896,1.01026,0.9460360658081872,1.016848394922674,0.9923116365370356,1.0116118897812367
2010-12-05 23:59:54,holdout,0.9588,1.0103,0.9484680488978688,1.020057334459365,0.9468536474149675,1.0825968827505301
2010-12-06 23:59:54,holdout,0.95864,1.01034,0.9526776695589648,1.0235398367059394,0.9824629971440941,1.013930650579383
2010-12-07 23:59:54,holdout,0.95848,1.01038,0.9541657120841246,1.026059173298166,0.9785806930232939,1.104768733321581
2010-12-08 23:59:54,holdout,0.95832,1.01042,0.9532974257648519,1.0265014994675292,0.9542299689481694,0.9941547119630477
2010-12-09 23:59:54,holdout,0.95816,1.01046,0.9522898034462184,1.0257178443506727,0.9993951155932564,0.9947544212530509
2010-12-10 23:59:54,holdout,0.958,1.0105,0.9501110547652919,1.0232968435247418,0.9340356931655308,0.9931778340226726
2010-12-11 23:59:54,holdout,0.95784,1.01054,0.9467472281269979,1.019687211405295,0.959984558300194,1.0238943325200343
2010-12-12 23:59:54,holdout,0.95768,1.01058,0.9505222906165581,1.020634862293565,0.9490982164509185,1.0787279024140652
2010-12-13 23:59:54,holdout,0.95752,1.01062,0.9462252064505402,1.0172280993335672,0.9784968418778472,1.093622417050869
2010-12-14 23:59:54,holdout,0.95736,1.01066,0.9462969822767903,1.0176389566198523,0.9338113500194428,1.023946074503691
2010-12-15 23:59:54,holdout,0.9572,1.0107,0.9460584098653414,1.0189435573047818,0.9719494089032248,1.0212101787018455
2010-12-16 23:59:54,holdout,0.95704,1.01074,0.94548771374166,1.0202932881839049,0.9757181328296854,1.0783235645883644
2010-12-17 23:59:54,holdout,0.95688,1.01078,0.9452788698963799,1.0205209831267115,0.9490364536125424,1.013183657033752
2010-12-18 23:59:54,holdout,0.95672,1.01082,0.9479760287095681,1.0233173428941953,0.9609512922210913,1.0056075092433758
2010-12-19 23:59:54,holdout,0.95656,1.01086,0.9481119769990338,1.0230953300798988,0.9941176713252501,1.0151932734136644
2010-12-20 23:59:54,holdout,0.9564,1.0109,0.9464860473077423,1.0212876553063248,0.937204224184128,1.070764034824529
2010-12-21 23:59:54,holdout,0.95624,1.01094,0.9451297724466192,1.0205002683563351,0.9898585682788686,1.0426535135856059
2010-12-22 23:59:54,holdout,0.95608,1.01098,0.9434486852471906,1.0186878877283225,0.9583073750460839,1.0452709553148385
2010-12-23 23:59:54,holdout,0.95592,1.01102,0.9395201797921157,1.015337820257846,0.9605531459497741,1.0400056919663567
2010-12-24 23:59:54,holdout,0.95576,1.01106,0.9361389172740315,1.013052586109858,0.9514982107314132,1.051656204810753
2010-12-25 23:59:54,holdout,0.9556,1.0111,0.9326934969740094,1.0103842013868738,0.9065891960597992,1.0212265609181608
2010-12-26 23:59:54,holdout,0.95544,1.01114,0.9316876771739815,1.0104622631667979,0.9544345645740748,1.0381105355737048
2010-12-27 23:59:54,holdout,0.95528,1.01118,0.9329873963071067,1.0114993367305825,0.9545601170263275,1.0273215295001734
2010-12-28 23:59:54,holdout,0.95512,1.01122,0.9307208344068717,1.0090083645886125,0.9489877489650259,1.072079649612709
2010-12-29 23:53:54,holdout,0.95512,1.01122,0.9309546169219136,1.0091097038535326,0.9211425202727072,1.065500411055277
2010-12-30 23:59:54,holdout,0.9548,1.0113,0.9317994265428868,1.0087880246300889,0.949229235248274,1.0925047034116568
2010-12-31 23:59:54,holdout,0.95464,1.01134,0.9375353941810602,1.0127528959622283,0.929018581570877,1.074851049671782
2011-01-01 23:59:54,train,0.95448,1.01138,0.9407898519621274,1.0152350781743158,0.9544608402698999,1.0429633673183585
2011-01-02 23:59:54,train,0.95432,1.01142,0.9437218917808612,1.0183234333143185,0.9795192007605806,1.0863484522404834
2011-01-03 23:59:54,train,0.95416,1.01146,0.9467012825397483,1.021772781963046,0.9335259654089426,1.0756788749266486
2011-01-04 23:59:54,train,0.954,1.0115,0.9477975535970066,1.0238870786922234,0.8766642062290498,0.9872764452623158
2011-01-05 23:59:54,train,0.95384,1.01154,0.9482528225915218,1.024421633907313,0.9175307618076185,0.9564920878149084
2011-01-06 23:59:54,train,0.95368,1.01158,0.9444224836559629,1.0212719465337194,0.9074587871377298,1.0508153854619902
2011-01-07 23:59:54,train,0.95352,1.01162,0.9427744761467413,1.0186267603571002,0.9196469807297333,1.0538916080982037
2011-01-08 23:59:54,train,0.95336,1.01166,0.9395093351539647,1.0156408593312996,0.9825356411096521,1.0962717525032315
2011-01-09 23:59:54,train,0.9532,1.0117,0.9347347596600089,1.011451384227558,0.9580143177048219,1.0387429121792957
2011-01-10 23:59:54,train,0.95304,1.01174,0.9339129488299701,1.0106979141421462,0.9386630076659117,1.0424463364808392
2011-01-11 23:59:54,train,0.95288,1.01178,0.9318288865077505,1.0097426939997862,0.9532723676024638,1.0638639733486828
2011-01-12 23:59:54,train,0.95272,1.01182,0.9303362416076699,1.0098192596977982,0.9029092039046258,1.034781739492926
2011-01-13 23:59:54,train,0.95256,1.01186,0.9288657733719311,1.0095314024705646,0.9685773109220057,0.9913024760913808
2011-01-14 23:59:54,train,0.9524,1.0119,0.9294398043424262,1.009950073634149,0.9251392653958385,1.0890557787465232
2011-01-15 23:59:54,train,0.95224,1.01194,0.931228473121814,1.0119077722346426,0.9439547903438726,1.0736373002557493
2011-01-16 23:59:54,train,0.95208,1.01198,0.9340606517120188,1.0127576858525609,0.9250265644507981,1.0833835892704569
2011-01-17 23:53:54,train,0.95208,1.01198,0.9355846974615402,1.0142838204818792,0.9379368553974725,0.9941372250720634
2011-01-18 23:59:54,train,0.95176,1.01206,0.9365604421362859,1.0153402635119173,0.9346592822492947,1.04780527478381
2011-01-19 23:59:54,train,0.9516,1.0121,0.9322615701603224,1.0122943620782061,0.9309097776207723,1.018693658554499
2011-01-20 23:59:54,train,0.95144,1.01214,0.9351859825218896,1.01414596977935,0.9634604600727438,1.0182792642956253
2011-01-21 23:59:54,train,0.95128,1.01218,0.9315991939357123,1.0110735362905192,0.9305413329274557,0.9801171877224182
2011-01-22 23:59:54,train,0.95112,1.01222,0.9312549903559141,1.0104868056244471,0.8944967543261938,1.025651041200471
2011-01-23 23:59:54,train,0.95096,1.01226,0.9261822107898958,1.0067136228937088,0.88162752486238,1.04163488235476
2011-01-24 23:59:54,train,0.9508,1.0123,0.9216613028276527,1.0030939696485146,0.9317302040508996,1.0115502563854737
2011-01-25 23:59:54,train,0.95064,1.01234,0.9205367441262093,1.0022815171994253,0.9413282917517142,1.033024463708626
2011-01-26 23:59:54,train,0.95048,1.01238,0.9187989775496725,1.0020159018405945,0.9399825217420429,1.0429183415679113
2011-01-27 23:59:54,train,0.966113,1.02736,0.9031005290092754,0.9851243220664413,0.9154199385950629,1.0812157875679815
2011-01-28 23:59:54,train,0.965639,1.02706,0.911248523825408,0.992582347118893,0.9206175878653077,0.9751845537450204
2011-01-29 23:59:54,train,0.965166,1.02676,0.918422510755948,0.9985767114355117,0.9214926207719436,1.0112335333237918
2011-01-30 23:59:54,train,0.964692,1.02646,0.9243565014621038,1.0049955375215092,0.9576824596757464,1.0423600555968358
2011-01-31 23:59:54,train,0.964218,1.02616,0.9308355377716953,1.01100746899533,0.9803015113977247,1.0081493614493098
2011-02-01 23:59:54,train,0.963745,1.02587,0.9336355485623394,1.0152232847756464,0.8867465065408109,1.0550205092792735
2011-02-02 23:53:54,train,0.963745,1.02587,0.9372055139774685,1.0188906512760678,0.9366678146842287,1.0342355321235595
2011-02-03 23:59:54,train,0.962798,1.02527,0.9406374090588789,1.0213793484543088,0.919753767617937,1.0840717107923932
2011-02-04 23:59:54,train,0.962324,1.02497,0.9396021259192587,1.0198788502478506,0.9672118622326284,1.0850114102457389
2011-02-05 23:59:54,train,0.96185,1.02467,0.9365430755490951,1.0166743359959844,0.9253210900067385,1.0483349900373797
2011-02-06 23:53:54,train,0.96185,1.02467,0.9351594544341645,1.014887394769079,0.9748927550730464,1.097842990082215
2011-02-07 23:59:54,train,0.960903,1.02408,0.938383557002129,1.01672057581718,0.9577003870300612,1.0415654059275081
2011-02-08 23:59:54,train,0.96043,1.02378,0.9383953590114158,1.0167459407134318,0.9264999254701135,1.0579706292578064
2011-02-09 23:59:54,train,0.959956,1.02348,0.9398553565838469,1.0203890749215179,0.9706182910282041,1.105627766009993
2011-02-10 23:59:54,train,0.959482,1.02318,0.9428075586426115,1.0241520605779335,0.9730311198272252,1.0837463894681385
2011-02-11 23:59:54,train,0.959009,1.02289,0.9477100149381845,1.0287319142345273,0.964834938482907,1.101302228600577
2011-02-12 23:59:54,train,0.958535,1.02259,0.9528323746996604,1.0317067554159558,0.9656891848851482,1.1061938047453808
2011-02-13 23:59:54,train,0.958062,1.02229,0.9554949268975753,1.0329738675699112,0.9568062035650459,1.090402796548065
2011-02-14 23:59:54,train,0.957588,1.02199,0.957323619128681,1.0347775297183333,0.9625320771846796,1.101251224455913
2011-02-15 23:59:54,train,0.957114,1.02169,0.9576805583362545,1.0339521362866881,0.9549964185918253,1.0213562903278548
2011-02-16 23:59:54,train,0.956641,1.0214,0.9583937899203581,1.0355635852674407,0.9054010791059136,1.0768723324927294
2011-02-17 23:53:54,train,0.956641,1.0214,0.9536920283273566,1.0314129535827465,0.9560817240427308,1.0338703373198417
2011-02-18 23:59:54,train,0.955694,1.0208,0.9530788446095796,1.0303308496607213,0.9044233392267512,1.0138038202772235
2011-02-19 23:59:54,train,0.95522,1.0205,0.9473285496786362,1.0271677860654036,0.9431846063582722,1.0112241680581195
2011-02-20 23:59:54,train,0.954746,1.0202,0.9392493786658191,1.0213274526980503,0.9887671214801378,1.0391894919682512
2011-02-21 23:59:54,train,0.954273,1.01991,0.9366322299437397,1.0181850643378225,0.9410146641622091,1.0767147105934305
2011-02-22 23:59:54,train,0.953799,1.01961,0.9310786426321755,1.0141949971218172,0.9444865541642479,1.0194761499837979
2011-02-23 23:59:54,train,0.953326,1.01931,0.927511934519454,1.0121941280665527,0.9709953003721389,1.0692459088984951
2011-02-24 23:59:54,train,0.952852,1.01901,0.9264221427564145,1.0133371776628801,0.9268533305849304,1.0330054852846429
2011-02-25 23:53:54,train,0.952852,1.01901,0.9306738786135771,1.0159388151623638,0.9330620482910572,1.0683722740451358
2011-02-27 23:59:54,train,0.951431,1.01812,0.9418142724305064,1.025441107529949,0.9577125766412169,1.0703779647806588
2011-02-28 23:59:54,train,0.950958,1.01782,0.95272270699878,1.0325432502979108,0.9236436231680504,1.0715219865634107
2011-03-01 23:59:54,train,0.950484,1.01752,0.9555706763534502,1.0376939202463478,0.9347088448554361,1.0642531300016804
2011-03-02 23:59:54,train,0.95001,1.01722,0.9599076029019017,1.0410489004926564,0.9465090020756355,1.0371338866862698
2011-03-03 23:59:54,train,0.949537,1.01693,0.9653203249876583,1.0413871009271352,0.9807684807929054,1.0451875906274775
2011-03-04 23:59:54,train,0.949063,1.01663,0.9655163860070425,1.0408445869214753,0.9922594299084974,1.1052396210332083
2011-03-05 23:53:54,train,0.949063,1.01663,0.9673247919583284,1.0402914841236364,0.9986869361294383,1.069496951156889
2011-03-06 23:59:54,train,0.948116,1.01603,0.9673898645973851,1.0393204880322802,0.9298040721901212,1.030356825504176
2011-03-07 23:53:54,train,0.948116,1.01603,0.9679193416688467,1.0393781289426307,0.9762818147542278,1.0675672044466245
2011-03-08 23:59:54,train,0.947169,1.01544,0.9635136072275222,1.039006042358399,0.9650354419014471,1.0213064084319188
2011-03-09 23:59:54,train,0.946695,1.01514,0.9623378357334127,1.0398518348060741,0.9521340449987459,1.0305630585793775
2011-03-10 23:59:54,train,0.946222,1.01484,0.960478991640978,1.0414732500640156,0.968559536916777,1.009579549045317
2011-03-11 23:59:54,train,0.945748,1.01454,0.961742107341437,1.0426626839304205,0.8645926420814838,1.0101734452291826
2011-03-12 23:59:54,train,0.945274,1.01424,0.9633597063427801,1.043606631085447,0.887897429301172,1.0813335362481953
2011-03-13 23:59:54,train,0.944801,1.01395,0.9624369989058531,1.0432871317930437,0.9127410774102299,1.0501933965263126
2011-03-14 23:59:54,train,0.944327,1.01365,0.9559119103071098,1.0375733075545979,0.9391630651321674,1.0793925814008138
2011-03-15 23:59:54,train,0.943854,1.01335,0.9548218439605556,1.0372994436075116,0.8770353361098873,1.066869262197349
2011-03-16 23:59:54,train,0.94338,1.01305,0.9488529314035484,1.0332165621530667,0.9427437397054743,1.065111513404618
2011-03-17 23:59:54,train,0.942906,1.01275,0.94549820456996,1.0312543790308466,0.9408796636387102,1.0432480887537583
2011-03-18 23:53:54,train,0.942906,1.01275,0.9427121413081828,1.029201035343283,0.9192665201097796,1.0887774334028082
2011-03-19 23:59:54,train,0.941959,1.01216,0.9366352666103309,1.024730636251224,0.9941220736457942,1.0854132827240406
2011-03-20 23:59:54,train,0.941486,1.01186,0.934471447202147,1.0216391842575518,0.9449656091029752,1.0851679750367913
2011-03-21 23:59:54,train,0.941012,1.01156,0.9293793521441184,1.01759672234842,0.963496211434846,1.0391977910642096
2011-03-22 23:59:54,train,0.940538,1.01126,0.9314075534400889,1.0180310600274676,0.9396861885329035,0.9707499023013894
2011-03-23 23:59:54,train,0.940065,1.01096,0.9332498088771977,1.018804985629837,1.0117486960148077,1.0819688151642333
2011-03-24 23:59:54,train,0.939591,1.01067,0.9430509653353767,1.0254222696488806,0.8987882048102416,1.069239595200068
2011-03-25 23:59:54,train,0.939118,1.01037,0.9513925283306057,1.032281564948083,0.9683917526275063,1.0837389484064874
2011-03-26 23:53:54,train,0.939118,1.01037,0.9586593600731432,1.0408225804663012,0.9246606093574989,1.0170715125947247
2011-03-27 23:59:54,train,0.93817,1.00977,0.9662702112984931,1.0484933412592234,0.9545233752116382,1.0256225751924168
2011-03-28 23:59:54,train,0.937697,1.00947,0.9721312269906512,1.0543299257280165,0.9217304304885722,1.0241123315659626
2011-03-29 23:59:54,train,0.937223,1.00918,0.9720763707723674,1.0551339651596583,0.9198867635523369,1.046331424408515
2011-03-30 23:59:54,train,0.93675,1.00888,0.9724290122809957,1.0535494203967204,0.9088818701542221,1.0563391635476371
2011-04-01 00:05:54,train,0.936276,1.00858,0.9704702144329743,1.0501486979285708,0.9167347447273012,1.0081289643065932
2011-04-01 23:59:54,train,0.935803,1.00828,0.9667219242661709,1.0461589746141697,0.9071794786957577,1.119147365630217
2011-04-02 23:59:54,train,0.935329,1.00798,0.9631659153673042,1.0419118091494861,0.9180184334838921,1.0567224332815912
2011-04-03 23:59:54,train,0.934855,1.00769,0.9597412930409311,1.0390621585822657,0.9458581306754469,1.0028009023193376
2011-04-04 23:59:54,train,0.934382,1.00739,0.9556305679730162,1.0368783605179177,0.9195633518103115,1.0062836326985607
2011-04-05 23:59:54,train,0.933908,1.00709,0.9533452485017111,1.0351027356901377,0.9691137604469332,1.008480810871381
2011-04-06 23:59:54,train,0.933434,1.00679,0.9517781581823068,1.0329622116304218,0.9521250086702847,0.9834067958634657
2011-04-07 23:59:54,train,0.932961,1.00649,0.9486340922095367,1.0305736800823913,0.9028650992693361,1.0685339268331784
2011-04-08 23:59:54,train,0.932487,1.0062,0.9513421774370654,1.0337340631515415,0.9113333493110701,1.032251065483886
2011-04-09 23:59:54,train,0.932014,1.0059,0.9505125001032548,1.0337960133119122,0.9010745740354221,1.0028768061474778
2011-04-10 23:59:54,train,0.93154,1.0056,0.9477356214536592,1.0323566598082403,0.9627156345251947,1.0160867341901234
2011-04-11 23:59:54,train,0.931067,1.0053,0.9475083309181037,1.0322358943739962,0.9560263719888877,1.000556992060068
2011-04-12 23:59:54,train,0.930593,1.005,0.9446769353552082,1.030089879736992,0.9130062351995933,1.05093819721151
2011-04-14 23:53:54,train,0.930119,1.00471,0.9472194606799753,1.0285905688401649,0.876871734881084,1.0169188528569495
2011-04-15 23:59:54,train,0.929172,1.00411,0.9399680497944073,1.0242707273838083,0.9141390224607299,1.0029654865751736
2011-04-16 23:59:54,train,0.928699,1.00381,0.9359246889544275,1.0218058755295774,0.9375957332496322,1.032070568428088
2011-04-17 23:59:54,train,0.928225,1.00351,0.9319303949730067,1.019585962602233,0.8506305013484354,1.0022342030142932
2011-04-18 23:59:54,train,0.927751,1.00322,0.9322403962324145,1.019294507741384,0.9143080835207329,0.9854380465920196
2011-04-19 23:59:54,train,0.927278,1.00292,0.9292698155804967,1.0175567783248942,0.8917339569884152,0.9821309278003693
2011-04-20 23:59:54,train,0.926804,1.00262,0.9305105396396909,1.0178239067028423,0.8936947035380047,0.9708964577495484
2011-04-21 23:59:54,train,0.926331,1.00232,0.9380958610665335,1.0203751095930715,0.9219593945059539,1.0735988646258046
2011-04-22 23:59:54,train,0.925857,1.00202,0.9418781670298877,1.0259139768812522,0.8922325898393965,1.0197291729466655
2011-04-23 23:59:54,train,0.925383,1.00173,0.9446268638316749,1.0304627255782544,0.9458816647985491,1.0200146024446235
2011-04-24 23:53:54,train,0.925383,1.00173,0.9457102501294379,1.0333000472540501,0.9263812059594655,1.0121612048015096
2011-04-25 23:59:54,train,0.924436,1.00113,0.9503370027631699,1.037141527693893,0.9327163046002797,1.0316517582171847
2011-04-26 23:59:54,train,0.923963,1.00083,0.9514984544074062,1.0373776169445923,0.9301215145977121,1.1028293006655185
2011-04-27 23:59:54,train,0.923489,1.00053,0.9506767971778233,1.0359312554150846,0.9375507056399158,1.0429419577726584
2011-04-28 23:59:54,train,0.923015,1.00024,0.9459658198251825,1.0308503421742394,0.9655910357092493,1.0129633113124312
2011-04-29 23:59:54,train,0.922542,0.999939,0.9426351399663799,1.0268010492031465,0.8762791275230485,1.072815761555386
2011-04-30 23:59:54,train,0.922068,0.999641,0.9391871375164604,1.0245572222568873,0.8870116081313152,1.012028012832797
2011-05-01 23:59:54,train,0.921595,0.999343,0.9368058236433098,1.0232494779349197,0.9153411161462054,1.035484241429479
2011-05-02 23:59:54,train,0.921121,0.999045,0.9379901625025688,1.024132115449171,0.9377114877639732,1.0536489960981463
2011-05-03 23:59:54,train,0.920647,0.998747,0.9387159943907114,1.0251174502948064,0.8956223999575385,1.0211559551028981
2011-05-04 23:59:54,train,0.920174,0.998449,0.9377022679313772,1.0248183168951674,0.9717463938869941,1.0016720247493653
2011-05-05 23:59:54,train,0.9197,0.998151,0.9393194679508043,1.0260612080871843,0.8755304658631142,1.0361542711156904
2011-05-06 23:53:54,train,0.9197,0.998151,0.9368704618542959,1.0249852780501412,0.8920666457998131,1.0250869827077091
2011-05-07 23:59:54,train,0.918753,0.997555,0.9377106824635113,1.025058754785193,0.9814659532953645,1.026152623844546
2011-05-08 23:59:54,train,0.918279,0.997257,0.9370335203476481,1.0243825233609307,0.9140044389464959,1.0264410424859032
2011-05-09 23:59:54,train,0.917806,0.996959,0.9350331555224553,1.0228484054271938,0.8829046605506641,1.0332671300803515
2011-05-10 23:59:54,train,0.917332,0.996661,0.9308038192810698,1.0205411147422643,0.8845423747383415,0.9908015335618147
2011-05-11 23:59:54,train,0.916859,0.996363,0.9274356066467915,1.0174655572620626,0.9412264803990513,1.0302294386921007
2011-05-12 23:59:54,train,0.916385,0.996065,0.9225038233642142,1.0135388290564633,0.9011156232184062,1.0458512060003564
2011-05-13 23:59:54,train,0.915911,0.995767,0.9189774585016359,1.0102165487472932,0.9346308438223934,1.026042015831573
2011-05-14 23:59:54,train,0.915438,0.995469,0.9170035049023998,1.0090767761944979,0.9273123146180828,1.0061164560753182
2011-05-16 00:05:54,train,0.914964,0.995171,0.9167532567266401,1.0087698693219802,0.9127688939821372,0.9949630679123235
2011-05-16 23:59:54,train,0.914491,0.994873,0.9155029905494676,1.0081802141626548,0.8754212852363837,1.0278881410311793
2011-05-17 23:53:54,train,0.914491,0.994873,0.9156908611066289,1.0082973447253745,0.9425454937654405,1.0367801672608492
2011-05-18 23:59:54,train,0.913543,0.994277,0.9155286170584254,1.0090607306157253,0.9446569479188972,1.0217418139911743
2011-05-19 23:59:54,train,0.91307,0.993979,0.9172030799832489,1.0109265665602223,0.9367575877126136,1.0629852755402536
2011-05-20 23:59:54,train,0.912596,0.993681,0.9191979562772808,1.0137888298883146,0.8649835028494995,1.0221827492272624
2011-05-21 23:59:54,train,0.912123,0.993383,0.9220215645963936,1.0174516683986656,0.8953095902682898,1.0130646788406832
2011-05-22 23:53:54,train,0.912123,0.993383,0.924380551045967,1.0189570864603017,0.9223173262620242,1.0250491305185496
2011-05-24 23:59:54,train,0.910702,0.992489,0.9230078107183177,1.0179993030054573,0.9256527666541616,1.0391524984840244
2011-05-25 23:59:54,train,0.910228,0.99219,0.9226832202029919,1.0176060772187978,0.9343087817494848,1.012028965963291
2011-05-26 23:59:54,train,0.909755,0.991892,0.9228273238109639,1.017082082987701,0.899108615583422,1.0229879327833915
2011-05-27 23:59:54,train,0.909281,0.991594,0.9190132589534633,1.0146729703838648,0.9384354315681338,1.0465143632309226
2011-05-28 23:59:54,train,0.908807,0.991296,0.9230310286317956,1.0163817181952235,0.9461693469814683,1.0175301825571237
2011-05-29 23:59:54,train,0.908334,0.990998,0.9283163494742428,1.0184369417371617,0.9529560546221568,1.0630931968389328
2011-05-30 23:59:54,train,0.90786,0.9907,0.9276658713278632,1.0187672260044471,0.9118548610466894,1.0187547300107074
2011-05-31 23:59:54,train,0.907387,0.990402,0.9317964917269451,1.0230031890875355,0.9803419057721054,1.0660417706574614
2011-06-01 23:59:54,train,0.906913,0.990104,0.9370947028529988,1.027790294526816,0.9054657032022808,1.0095437374026712
2011-06-02 23:59:54,train,0.906439,0.989806,0.9371948899678498,1.0291710269428591,0.8934026246706344,1.0443858173531715
2011-06-03 23:53:54,train,0.906439,0.989806,0.9369664861817729,1.0294222319311557,0.8991960848529137,1.0435451069625588
2011-06-05 23:59:54,train,0.905019,0.988912,0.9325359321481171,1.0257869829823707,0.9108758252797823,1.046774170570941
2011-06-06 23:53:54,train,0.905019,0.988912,0.9257479480762051,1.0189039425947373,0.8714276191507393,0.9746257141951418
2011-06-08 23:59:54,train,0.903598,0.988018,0.9121506627254841,1.0065129668949784,0.8744110331990486,1.0140088904564268
2011-06-09 23:59:54,train,0.903124,0.98772,0.9062302732041376,1.0025804063886241,0.8856150340728937,1.0745470990074146
2011-06-10 23:59:54,train,0.902651,0.987422,0.9050480790987705,1.002500330942346,0.9331685554618145,1.0388178240036685
2011-06-11 23:59:54,train,0.902177,0.987124,0.9040300136601054,1.0023988631786942,0.8728105704635404,1.0280771630608287
2011-06-12 23:59:54,train,0.901703,0.986826,0.9041587357995123,1.0030638592809888,0.907316659538313,0.9809703407899127
2011-06-13 23:53:54,train,0.901703,0.986826,0.9051863621872723,1.0045774606380362,0.907213758735995,0.9937883896098723
2011-06-14 23:59:54,train,0.900756,0.98623,0.9068933230561047,1.004913511536669,0.9192226231977528,1.0549688522374698
2011-06-15 23:59:54,train,0.900283,0.985932,0.9126314819287751,1.0091495671701831,0.9112152266016332,1.0294385901257415
2011-06-16 23:59:54,train,0.899809,0.985634,0.9167759542236666,1.0126395562603665,0.903127361522538,1.0388862512896282
2011-06-17 23:59:54,train,0.899335,0.985336,0.9196547598552175,1.0152076836881148,0.9278136289886751,1.0488791670444202
2011-06-18 23:59:54,train,0.898862,0.985038,0.9226337895215008,1.0194787151098446,0.9139457356445998,1.0454271676123001
2011-06-19 23:59:54,train,0.898388,0.98474,0.9251064535011153,1.022974098611389,0.9005031123675965,1.0010194341714518
2011-06-20 23:59:54,train,0.897915,0.984442,0.9232841802636228,1.021341401017558,0.8596684472978537,1.0133672724607579
2011-06-21 23:59:54,train,0.897441,0.984144,0.9220090098136825,1.019967873865323,0.9318775918446122,1.043948975400903
2011-06-22 23:59:54,train,0.896967,0.983846,0.9186430292272054,1.01660780482143,0.8887109545047861,1.0416620972769992
2011-06-23 23:59:54,train,0.896494,0.983548,0.9188249761020664,1.0151918813866931,0.8953033196915829,1.0639761617182046
2011-06-24 23:59:54,train,0.89602,0.98325,0.9160346504171606,1.0118538240237014,0.9574630118916837,1.0169024052615658
2011-06-25 23:59:54,train,0.895547,0.982952,0.9096855514362938,1.0064304441606564,0.8915937432691827,1.0780208737483048
2011-06-26 23:59:54,train,0.895073,0.982654,0.9055780225621001,1.0035607808761222,0.9589685215277746,1.0206472450536088
2011-06-27 23:59:54,train,0.894599,0.982356,0.9051133673008566,1.0030048821314925,0.9235490503232224,1.0655970353129007
2011-06-28 23:59:54,train,0.894126,0.982058,0.9052242557638869,1.0038696169318222,0.929957563574167,1.0107464077637052
2011-06-29 23:59:54,train,0.893652,0.98176,0.9063773916229738,1.005450767854857,0.9102466600914186,0.9992525290605039
2011-06-30 23:59:54,train,0.893179,0.981462,0.90994669124225,1.0105829563753541,0.90388036910166,0.9767109529822596
2011-07-01 23:59:54,train,0.892705,0.981164,0.9094700430154264,1.0107783428559878,0.8835350393917288,1.0620511935643673
2011-07-02 23:53:54,train,0.892705,0.981164,0.9087809074675506,1.0100150294031236,0.9069077097330979,0.9867088756255049
2011-07-04 23:59:54,train,0.891284,0.98027,0.9024107498325393,1.0044141015701238,0.8971719954211843,1.0144838039010855
2011-07-05 23:59:54,train,0.890811,0.979972,0.8982171511492534,1.0001058911706653,0.8970111347016381,0.9901848621536798
2011-07-06 23:59:54,train,0.890337,0.979674,0.8963251441942294,0.9975135975481141,0.8864952102947656,1.0750615867987687
2011-07-07 23:59:54,train,0.889863,0.979376,0.8939109467055554,0.9951126759617026,0.9275308609895772,1.036278196293273
2011-07-08 23:59:54,train,0.88939,0.979078,0.8948485130055457,0.9961747730217674,0.8851223605643822,1.0547672150734986
2011-07-09 23:53:54,train,0.88939,0.979078,0.8941208998654551,0.9963952943665763,0.894518300154935,1.002037403201493
2011-07-11 23:59:54,train,0.887969,0.978184,0.8967286530567498,0.9993925305173839,0.8724859089150255,1.041238981426034
2011-07-12 23:59:54,train,0.887495,0.977886,0.9029632779187555,1.0029383618516012,0.9136840948742081,1.0299287477784749
2011-07-13 23:59:54,train,0.887022,0.977588,0.9060955667117462,1.0063791096091428,0.9089969172131409,1.027719021379561
2011-07-14 23:59:54,train,0.886548,0.97729,0.9092902474161304,1.0089454622652374,0.9257842024638643,1.0192129265011263
2011-07-15 23:59:54,train,0.886075,0.976992,0.9135450857995991,1.0138419630898714,0.8965816976989823,1.0403289000045837
2011-07-16 23:59:54,train,0.885601,0.976694,0.9169423768533099,1.0172827253406025,0.9179073200875467,1.0055386635373547
2011-07-17 23:59:54,train,0.885127,0.976396,0.918979433151356,1.019408647267965,0.9341200511304572,0.9862695397731366
2011-07-18 23:59:54,train,0.884654,0.976098,0.9183080056444487,1.0174649475029949,0.8959380933765961,1.0141165097678573
2011-07-19 23:59:54,train,0.88418,0.9758,0.9121901318268926,1.0119174453197295,0.8801290390739938,1.016744343139536
2011-07-20 23:59:54,train,0.883707,0.975502,0.9047119029994481,1.004587963556836,0.8953868705821266,1.0418646741731863
2011-07-21 23:59:54,train,0.883233,0.975204,0.9007231119712487,1.0007252502066637,0.9099110402605629,1.02613116177657
2011-07-22 23:59:54,train,0.88276,0.974906,0.8970269039691446,0.9976083629934005,0.8882297796796602,1.0365639638121917
2011-07-23 23:59:54,train,0.882286,0.974608,0.8922984249304051,0.9951691352561362,0.9063085893194389,1.0238547026752263
2011-07-24 23:59:54,train,0.881812,0.97431,0.8898196336906662,0.9940007442855764,0.9105883434185648,0.9965226762905407
2011-07-25 23:59:54,train,0.881339,0.974012,0.8903095282165558,0.9939948048409858,0.8639558520487465,0.9828779992340033
2011-07-26 23:59:54,train,0.880865,0.973714,0.8910402183553302,0.9942757442381467,0.8857577917735162,1.0036975359686124
2011-07-27 23:59:54,train,0.880391,0.973416,0.8945344677451221,0.9963164926099026,0.932985330280195,1.0669437620190496
2011-07-28 23:59:54,train,0.879918,0.973118,0.8994595981602852,0.9992918084163926,0.8967182382295887,1.0272044294729767
2011-07-29 23:59:54,train,0.879444,0.97282,0.8976300439103226,1.00018133267497,0.9250461420639333,1.010564858061824
2011-07-30 23:59:54,train,0.878971,0.972522,0.8987794899972049,1.0016101686107466,0.8752951222599363,1.0174920907166083
2011-07-31 23:59:54,train,0.878497,0.972224,0.9040064327611146,1.003172541770631,0.9155873274334196,1.0259423832517163
2011-08-01 23:59:54,test,0.878024,0.971926,0.8989938034907052,1.0008909281394316,0.8732998894207463,0.9879234780829376
2011-08-02 23:59:54,test,0.87755,0.971628,0.8951773023993529,0.9972396892775792,0.8820334512113506,1.0022789088668267
2011-08-03 23:59:54,test,0.877076,0.97133,0.8937801092267672,0.9945080214304998,0.8969726594381964,1.0554300341132046
2011-08-04 23:59:54,test,0.876603,0.971032,0.8931945564218676,0.9937218445280628,0.8992684173004355,1.027322438024908
2011-08-05 23:53:54,test,0.876603,0.971032,0.888328272810557,0.9910304337358975,0.9019470449922286,1.0610571718152526
2011-08-06 23:59:54,test,0.875656,0.970436,0.8875040078141769,0.9906992574977911,0.8736273658805126,0.9986173044607889
2011-08-07 23:59:54,test,0.875182,0.970138,0.8874357623465718,0.9907825392651435,0.8725056534318439,1.0546700371779971
2011-08-08 23:59:54,test,0.874708,0.96984,0.8897794497281196,0.9924221577370114,0.8540479793564015,1.024146515673756
2011-08-09 23:59:54,test,0.874235,0.969542,0.8883759826078645,0.9943779319143639,0.9067118695647869,0.9903218588686562
2011-08-10 23:59:54,test,0.873761,0.969244,0.8889169099717812,0.9945444396430909,0.8908115639061239,1.027831831471617
2011-08-11 23:59:54,test,0.873287,0.968946,0.8883598091602983,0.9941701335554567,0.8984808996454352,0.991376663732507
2011-08-12 23:59:54,test,0.872814,0.968648,0.8886400206833882,0.9947061659784534,0.8842524834153225,1.0272704907963477
2011-08-13 23:59:54,test,0.87234,0.96835,0.886957243295156,0.9941642599476977,0.8326105862133141,1.0078711960305846
2011-08-14 23:59:54,test,0.871867,0.968052,0.8849406344552235,0.9933068408680534,0.901795543745938,0.9939571374131297
2011-08-15 23:59:54,test,0.871393,0.967754,0.8852450503504136,0.9925565230821177,0.889961027205925,0.9643228855749283
2011-08-16 23:59:54,test,0.87092,0.967456,0.8863350477939675,0.9916914963822089,0.8556381628346433,1.0339262285232278
2011-08-17 23:59:54,test,0.870446,0.967158,0.888256461282059,0.9926090844057892,0.9049375352427723,1.0648014796850178
2011-08-18 23:59:54,test,0.869972,0.96686,0.8906377243328994,0.9950130662840386,0.8800874754053531,1.030866506748632
2011-08-19 23:59:54,test,0.869499,0.966562,0.888007537913028,0.9948905931877889,0.8292602116791372,1.032052255233581
2011-08-20 23:59:54,test,0.869025,0.966264,0.8890141532504269,0.996980541625856,0.8663199365871637,1.012260461829857
2011-08-21 23:59:54,test,0.868552,0.965966,0.8912569372108424,0.9987298400107939,0.8590784357779125,1.0191472827776202
2011-08-22 23:53:54,test,0.868552,0.965966,0.8929425124830493,0.9995534850924063,0.8713212658790831,0.9733440732946054
2011-08-23 23:59:54,test,0.867604,0.96537,0.8920421883660513,0.9985789688974167,0.8925569662484573,1.0246185142967956
2011-08-24 23:59:54,test,0.867131,0.965072,0.8926494446575033,0.9978046505791773,0.8887544321549283,1.0117941413068812
2011-08-25 23:59:54,test,0.866657,0.964774,0.8933688001901678,0.9974554016829852,0.9004145843021633,1.0300242258983283
2011-08-26 23:59:54,test,0.866184,0.964476,0.89414896982138,0.998298695427513,0.8941721040509503,1.0245197221400513
2011-08-27 23:59:54,test,0.86571,0.964178,0.8861852688540777,0.9939449253665663,0.8516464442809788,0.950930289734241
2011-08-28 23:59:54,test,0.865236,0.96388,0.884790288137924,0.9930739888182452,0.8630167553775181,0.9869727859359069
2011-08-29 23:59:54,test,0.864763,0.963582,0.886029471903814,0.9939781434814852,0.8601189311105368,0.9679350244034178
2011-08-30 23:59:54,test,0.864289,0.963284,0.8844221077039683,0.9913730444563612,0.8564866234081953,0.9676582327887624
2011-08-31 23:59:54,test,0.863816,0.962986,0.8871410543705662,0.9924111545775233,0.9037396264813067,1.0295998701925164
2011-09-01 23:59:54,test,0.863342,0.962688,0.8876999023535012,0.9922745880086823,0.8987053489090929,1.0403729905311871
2011-09-02 23:53:54,test,0.863342,0.962688,0.8873756424159126,0.9919824783595584,0.8477847984688874,1.0646589934289765
2011-09-03 23:59:54,test,0.862395,0.962092,0.888928597571442,0.9933390485666312,0.8661383869599236,1.0188848336374505
2011-09-04 23:59:54,test,0.861921,0.961794,0.8855748420406409,0.9924548857526205,0.8785900228263965,1.0155445004007888
2011-09-05 23:59:54,test,0.861448,0.961496,0.8868441702456376,0.9935943074744179,0.8898698955158969,1.0067244434063203
2011-09-06 23:59:54,test,0.860974,0.961198,0.8845571756050233,0.9916141179565737,0.8876252011377463,0.9739090596371851
2011-09-07 23:59:54,test,0.8605,0.9609,0.8862934847742605,0.9918279867529387,0.8734614285633695,1.0552037968054793
2011-09-08 23:59:54,test,0.860027,0.960602,0.8855496420835336,0.9906093425556926,0.8689595784038926,1.0404336440926074
2011-09-09 23:59:54,test,0.859553,0.960304,0.881957052759498,0.988320741952553,0.868234896968139,1.0365449215201905
2011-09-10 23:59:54,test,0.85908,0.960006,0.8794865428897938,0.9867467736049079,0.852564212227907,1.0135727410559066
2011-09-11 23:59:54,test,0.858606,0.959708,0.8804364322896587,0.9881954750204626,0.8958573792032185,1.044714785826446
2011-09-12 23:59:54,test,0.858132,0.95941,0.8878607065975858,0.9921423617764435,0.8884969050769328,0.964209228817337
2011-09-13 23:59:54,test,0.857659,0.959112,0.8923268012359793,0.9960715044400151,0.8833233069660477,0.9442176955704736
2011-09-14 23:59:54,test,0.857185,0.958813,0.8952224509247211,0.9986168974754399,0.8636873926794617,1.0699277142024068
2011-09-15 23:59:54,test,0.856712,0.958516,0.899021194261663,1.00287945346725,0.8899727339324356,1.050023304322983
2011-09-16 23:53:54,test,0.856712,0.958516,0.9005549189089328,1.004056324358409,0.8491582349943824,1.0158412115420203
2011-09-17 23:59:54,test,0.855764,0.957919,0.9023116484566865,1.0070817625078932,0.8724693206453986,0.952265856573275
2011-09-18 23:53:54,test,0.855764,0.957919,0.8997996925332394,1.0036215648263398,0.851138644645228,0.9807087225306006
2011-09-20 23:59:54,test,0.854344,0.957025,0.8904056263444897,0.9949878224426407,0.8704866907396087,1.0333429271681764
2011-09-21 23:59:54,test,0.85387,0.956727,0.8905225928402339,0.9947006025860529,0.8722156289588994,1.0551727083811608
2011-09-22 23:59:54,test,0.853396,0.956429,0.8898098100175321,0.9933269166055391,0.8969587108068339,1.0562634007607543
2011-09-23 23:59:54,test,0.852923,0.956131,0.8900076862213997,0.9923009887895448,0.8571761592709545,0.9881905382092195
2011-09-24 23:59:54,test,0.852449,0.955833,0.8882008159620897,0.9938599693363407,0.8327158532230805,1.0286902147014634
2011-09-26 00:05:54,test,0.851976,0.955535,0.8879753880879122,0.9954006502751507,0.8111975659015691,0.963121739736176
2011-09-26 23:59:54,test,0.851502,0.955237,0.8849965428378458,0.9941283383329842,0.7928120233836138,0.9134425245814698
2011-09-27 23:59:54,test,0.851028,0.954939,0.8829755358472235,0.9915064381675728,0.8731708276325227,0.9971850673004148
2011-09-28 23:59:54,test,0.850555,0.954641,0.8832964129651831,0.9918434071814478,0.8830423226129602,0.9850100618451008
2011-09-29 23:53:54,test,0.850555,0.954641,0.8851717988953941,0.9920144229874025,0.8450477510290547,0.976173828549882
2011-09-30 23:59:54,test,0.849608,0.954045,0.8827615753428664,0.9886370214475411,0.8902563024528305,0.9949904867070983
2011-10-01 23:59:54,test,0.849134,0.953747,0.8788472660172556,0.987017738985354,0.8722889920302346,1.0536994955301346
2011-10-02 23:59:54,test,0.84866,0.953449,0.8778191663820488,0.985620661151606,0.8732702304748636,1.0043577305124705
2011-10-03 23:59:54,test,0.848187,0.953151,0.8835167712874852,0.9883369284034634,0.8703895521349573,1.017915447557284
2011-10-04 23:59:54,test,0.847713,0.952853,0.8816140514714064,0.9893660027402599,0.8566828369378205,0.991286840774848
2011-10-05 23:59:54,test,0.84724,0.952555,0.8816993768636124,0.9903083456525816,0.8354619028708201,1.043032828095016
2011-10-06 23:59:54,test,0.846766,0.952257,0.8771276637002697,0.9872718993244152,0.8528055622775931,1.0248405534066776
2011-10-07 23:59:54,test,0.846292,0.951959,0.8758557373457806,0.9868170122251839,0.8568377330096112,1.045733433240467
2011-10-08 23:59:54,test,0.845819,0.951661,0.8726307444424406,0.9835977745538329,0.8854582033839501,0.9760133681455736
2011-10-09 23:59:54,test,0.845345,0.951363,0.8702052160227993,0.9805772385472623,0.8407586628180808,0.9774886707383997
2011-10-10 23:59:54,test,0.844872,0.951065,0.8728310189722608,0.980430935099503,0.8737243991550012,0.9714279187948849
2011-10-11 23:53:54,test,0.844872,0.951065,0.8773138625529617,0.9833493700963052,0.8672141353317837,0.9856781799396303
2011-10-13 23:59:54,test,0.843451,0.950171,0.8864372801547301,0.990684216928724,0.828077228421202,0.9668659807607692
2011-10-14 23:59:54,test,0.842977,0.949873,0.8836927104014228,0.9932959975893191,0.8222882031417825,0.9220189007620279
2011-10-15 23:59:54,test,0.842504,0.949575,0.8868131691064337,0.9954952281872617,0.8586309499347112,0.9377315482732982
2011-10-16 23:59:54,test,0.84203,0.949277,0.8862862946901937,0.9963177654211237,0.8546847018163355,0.9619351339097456
2011-10-17 23:59:54,test,0.841556,0.948979,0.8812835128803177,0.9911236954693795,0.8405308224181114,0.9400489133746202
2011-10-18 23:59:54,test,0.841083,0.948681,0.8801851495920581,0.9886864241748767,0.8811883943427117,0.9977670698535539
2011-10-19 23:59:54,test,0.840609,0.948383,0.8786395223781694,0.9850653272440066,0.87604532024237,1.0107060295149706
2011-10-20 23:59:54,test,0.840136,0.948085,0.884409241176903,0.9878869278910273,0.8465935701478057,0.9471889635218814
2011-10-21 23:59:54,test,0.839662,0.947787,0.8789800566744975,0.9870529698608115,0.8535985387496042,0.9346882718407157
2011-10-22 23:59:54,test,0.839188,0.947489,0.8818803385345486,0.9924958065091923,0.8375204422143975,0.9278494135684291
2011-10-23 23:59:54,test,0.838715,0.947191,0.8816154510143275,0.992721934658862,0.8545659804070078,0.9875944527626002
2011-10-24 23:59:54,test,0.838241,0.946893,0.8784741315882546,0.9908823704509292,0.8292502956161408,0.9985771230412916
2011-10-25 23:59:54,test,0.837768,0.946595,0.8772040826232326,0.9897631169160513,0.8195545467223105,0.9542701336243014
2011-10-27 23:59:54,test,0.83682,0.945999,0.8704040503563283,0.9830664424517818,0.8741422586517633,0.9424587198579791
2011-10-28 23:59:54,test,0.836347,0.945701,0.8643629535570581,0.9778403186016291,0.866210992192403,0.9836109330937057
2011-10-29 23:59:54,test,0.835873,0.945403,0.8586545099183276,0.9726334047469551,0.827945000567988,0.9772280304226012
2011-10-30 23:59:54,test,0.8354,0.945105,0.859227266970927,0.9712739226244856,0.8645505279178116,1.0288550916120909
2011-10-31 23:59:54,test,0.834926,0.944807,0.8560756067765977,0.9692589077464228,0.8450013592791301,0.9839855814942787
2011-11-01 23:59:54,holdout,0.834452,0.944509,0.8591893393952759,0.9713071825077255,0.8230738894066465,0.9823280220079148
2011-11-02 23:53:54,holdout,0.834452,0.944509,0.8641880598567759,0.9746013590874728,0.8674666552554603,0.9982806689975037
2011-11-03 23:59:54,holdout,0.833505,0.943913,0.869438500594573,0.980290938058378,0.8945405103635276,0.9980251412898483
2011-11-04 23:59:54,holdout,0.833032,0.943615,0.8735881238524458,0.9852093940956443,0.8760986485781783,0.9656495258286892
2011-11-05 23:59:54,holdout,0.832558,0.943317,0.8808919451571958,0.992396815740357,0.8373933426719031,1.0489728992503946
2011-11-06 23:59:54,holdout,0.832084,0.943019,0.8874873734314488,0.9979640984476907,0.8549221716079328,0.9541126739995696
2011-11-07 23:59:54,holdout,0.831611,0.942721,0.891213796958259,1.0009726710454907,0.85074162621614,0.9875378013989681
2011-11-08 23:59:54,holdout,0.831137,0.942423,0.8939706229689129,1.0043941615564025,0.8609582328642185,1.0296315630566077
2011-11-09 23:59:54,holdout,0.830664,0.942125,0.895116331385369,1.004407445184127,0.8399210337945037,0.896499688821766
2011-11-10 23:59:54,holdout,0.83019,0.941827,0.8918175641955951,1.00136382981001,0.8439356122732685,0.9842677195380164
2011-11-11 23:53:54,holdout,0.83019,0.941827,0.8874089965645665,0.9971917605514137,0.8165576215845051,0.9763082366981376
2011-11-12 23:59:54,holdout,0.829243,0.941231,0.883908309522456,0.9910681184912564,0.8156598162456791,0.955021526090102
2011-11-13 23:53:54,holdout,0.829243,0.941231,0.8783403499586852,0.9861394033562197,0.8193371944748402,0.9772791198224065
2011-11-14 23:59:54,holdout,0.828296,0.940635,0.8742198336392176,0.9825675544706814,0.8500530092736722,1.0404374715567966
2011-11-15 23:59:54,holdout,0.827822,0.940337,0.867934117621101,0.9792392754252658,0.8696105184798403,0.9832515996253337
2011-11-16 23:59:54,holdout,0.827348,0.940337,0.8681407999530495,0.978916463637541,0.8667555083404045,0.9619161926726393
2011-11-17 23:59:54,holdout,0.826875,0.940039,0.8676387897437424,0.9800711352442499,0.8530965513771614,0.9756535831221842
2011-11-18 23:59:54,holdout,0.826401,0.939741,0.8704177372135323,0.9807121519088308,0.8169475200274517,0.9876205696327421
2011-11-19 23:59:54,holdout,0.825928,0.939443,0.8699695420566699,0.9818404630666708,0.8381620597694418,0.9287695599445185
2011-11-20 23:59:54,holdout,0.825454,0.939145,0.8703799544163007,0.9839294743059869,0.8374985462692104,0.9146042214859329
2011-11-21 23:59:54,holdout,0.82498,0.938847,0.8712939297866279,0.9845793141362327,0.8150392852928144,0.9610553428428428
2011-11-22 23:59:54,holdout,0.824507,0.938549,0.8711995490614294,0.9856310671013222,0.8366906613181502,0.9625122239184614
2011-11-23 23:59:54,holdout,0.824033,0.938251,0.8674409050012251,0.9837326254146322,0.7964753123863936,0.9691021686322533
2011-11-24 23:53:54,holdout,0.824033,0.937953,0.8639180436285706,0.9796676181677673,0.8477389233517987,0.9556780670223056
2011-11-25 23:59:54,holdout,0.823086,0.937357,0.8584904938037161,0.9743841680057332,0.8437874568489373,0.9581224405253295
2011-11-26 23:53:54,holdout,0.823086,0.937357,0.8532483955429887,0.9689698172809016,0.8216760197408358,0.9613143528337065
2011-11-27 23:59:54,holdout,0.822139,0.936761,0.8500188824473913,0.9655677394600983,0.822955202278056,0.9626920141856987
2011-11-28 23:59:54,holdout,0.821665,0.936761,0.8506637789587365,0.9643236471084647,0.8557512407285689,0.9533955507809386
2011-11-29 23:59:54,holdout,0.821192,0.936463,0.8474345810339388,0.9628006949587634,0.825344839916683,0.9862434933138139
2011-11-30 23:59:54,holdout,0.820718,0.936165,0.8559064678127295,0.9694273939484034,0.8281444786024811,0.9493228640368616
2011-12-01 23:59:54,holdout,0.820244,0.935867,0.8576484222733213,0.9729538705010184,0.8467938208292664,0.9630286777922468
2011-12-02 23:59:54,holdout,0.819771,0.935569,0.8659920569596721,0.9787613385978741,0.8656881912984947,0.9912056834549287
2011-12-03 23:59:54,holdout,0.819297,0.935271,0.8715244848527932,0.9848756478616237,0.8623889571397019,0.947210533011766
2011-12-04 23:59:54,holdout,0.818824,0.934973,0.8738749964238702,0.9883520219448578,0.802887639111678,0.9610313683373428
2011-12-05 23:59:54,holdout,0.81835,0.934675,0.8730647249751096,0.9874168717345155,0.8083879598402147,0.9595844083052549
2011-12-06 23:59:54,holdout,0.817877,0.934377,0.8707732997557583,0.9869010789020454,0.8363428631380666,0.9468903910833473
2011-12-08 00:05:54,holdout,0.817403,0.934079,0.869447524885875,0.984060304919285,0.8504540681058491,0.9853997010051335
2011-12-08 23:59:54,holdout,0.816929,0.933781,0.8665785635311616,0.97971718693395,0.835278226088584,0.9820522510825673
2011-12-09 23:59:54,holdout,0.816456,0.933483,0.8592132256372788,0.97267465216939,0.8155750940209548,0.9431493894101317
2011-12-10 23:59:54,holdout,0.815982,0.933185,0.8530938171365052,0.9666472896461504,0.8337335182744123,0.9586610715816559
2011-12-11 23:53:54,holdout,0.815982,0.932887,0.8481992561676649,0.964169085676876,0.8306603178419343,0.9796369664299501
2011-12-13 23:59:54,holdout,0.814561,0.931993,0.8454064248753755,0.9621169403444432,0.8268467572846647,1.005459581845237
2011-12-14 23:59:54,holdout,0.814088,0.931993,0.8475444048264329,0.9647498807540136,0.8529193300411425,0.9818106162332232
2011-12-16 23:59:54,holdout,0.813141,0.931397,0.8527442527406016,0.9719445046901833,0.839926091740722,0.9917874425233976
2011-12-17 23:59:54,holdout,0.812667,0.931099,0.8537966407264306,0.972891316637667,0.8356050103255682,0.9091103647296847
2011-12-18 23:59:54,holdout,0.812193,0.930801,0.85443024798775,0.9739379888278403,0.8276158170893559,0.9807344067141277
2011-12-19 23:59:54,holdout,0.81172,0.930503,0.8540134152982036,0.973174068289162,0.793427873432275,0.9536339354500463
2011-12-20 23:59:54,holdout,0.811246,0.930205,0.856289910904488,0.9726768276657651,0.8490393385810028,0.99558244038669
2011-12-21 23:59:54,holdout,0.810773,0.929907,0.8555768064537581,0.9706566209496191,0.8324581712786608,0.9954256951983482
2011-12-22 23:59:54,holdout,0.810299,0.929609,0.8470440694094746,0.9665485445607301,0.8129168044320352,0.9816321276050981
2011-12-23 23:59:54,holdout,0.809825,0.929311,0.8426175782950542,0.9630237924552001,0.8360339360903436,0.9723618613613169
2011-12-24 23:59:54,holdout,0.809352,0.929013,0.8449024872779854,0.9647236278091478,0.7925123324942017,0.9393092416125025
2011-12-25 23:59:54,holdout,0.808878,0.928715,0.8433528260570468,0.9615041350610418,0.8031943837223208,0.9319633806307538
2011-12-26 23:59:54,holdout,0.808405,0.928417,0.8419940882078094,0.9601213814617888,0.7888919674574008,0.9429684679366823
2011-12-27 23:59:54,holdout,0.807931,0.928119,0.8390733099315228,0.9595469684040803,0.8248492584759519,0.987509304586627
2011-12-28 23:59:54,holdout,0.807457,0.927821,0.8403781316605151,0.9606779231059098,0.8277691583766573,0.9779186580192577
2011-12-29 23:59:54,holdout,0.806984,0.927523,0.8438182512376897,0.9642065782024505,0.7919067142755482,0.9723743270304619
2011-12-30 23:53:54,holdout,0.806984,0.927225,0.8466392300553677,0.9681726407898139,0.8033265411443729,0.9851589320944233
2011-12-31 23:59:54,holdout,0.729707,0.842733,0.8478131147669951,0.8726936261411025,0.7667109284791903,0.8595877203877282
2012-01-01 23:59:54,train,0.729707,0.842733,0.7509253951192997,0.8748194287137555,0.6919429876392778,0.851065256382817
2012-01-02 23:59:54,train,0.729707,0.842859,0.7518852614221821,0.8744988029847173,0.7001516749300272,0.8337448085879998
2012-01-03 23:59:54,train,0.729707,0.842985,0.7549821365226448,0.8753449555507605,0.7216166543038474,0.8408404255921018
2012-01-04 23:59:54,train,0.729707,0.843112,0.75489626635327,0.8748464456108208,0.6904409184334551,0.8329666998673783
2012-01-05 23:59:54,train,0.729707,0.843238,0.7518890312768856,0.8715972875397618,0.7041564473133347,0.8512565344865021
2012-01-06 23:59:54,train,0.729707,0.843365,0.7517362439690487,0.865894318897503,0.6879429087219585,0.8129814295746147
2012-01-07 23:59:54,train,0.729707,0.843491,0.7442212813857276,0.8634546653741325,0.7007802985799707,0.8275120030869554
2012-01-08 23:59:54,train,0.729707,0.843617,0.7434157233125026,0.8619614276938893,0.6899668831739179,0.8305994228317557
2012-01-09 23:59:54,train,0.729707,0.843744,0.7410070197696604,0.862064593010897,0.6952776297258416,0.8255938847244102
2012-01-10 23:59:54,train,0.729707,0.84387,0.7378568753172111,0.8607965397980478,0.68905149473302,0.8222044847254172
2012-01-11 23:59:54,train,0.729707,0.843997,0.7365108301379082,0.8597001885780248,0.6905331620344427,0.8228126878329916
2012-01-12 23:59:54,train,0.729707,0.844123,0.7402081178571938,0.8633708936979105,0.710264368111467,0.8216158798603946
2012-01-13 23:59:54,train,0.729707,0.844249,0.7422300146021834,0.8654598608984435,0.6984444162271425,0.8625916513982395
2012-01-14 23:59:54,train,0.729707,0.844376,0.7426460907712433,0.8663097230299606,0.6959311643671242,0.8513589474888605
2012-01-15 23:59:54,train,0.729707,0.844502,0.7471614179159146,0.8685534786739164,0.6915851603000346,0.837225716951215
2012-01-16 23:59:54,train,0.729707,0.844629,0.7499185530220748,0.8703670576393752,0.701502338249686,0.8389202666387342
2012-01-17 23:59:54,train,0.729707,0.844755,0.7507802624620058,0.8711461098992592,0.7001418174449412,0.8696860996146696
2012-01-18 23:59:54,train,0.729707,0.844882,0.7488718929092202,0.869459258712068,0.6893005455927251,0.8492568521657496
2012-01-19 23:59:54,train,0.729707,0.845008,0.7454932903257261,0.868669970041708,0.7001952501969934,0.8270930162362582
2012-01-20 23:59:54,train,0.729707,0.845134,0.7447236546150651,0.8696082641081432,0.6915913924144357,0.8217232637621161
2012-01-21 23:59:54,train,0.729707,0.845261,0.7449988251542166,0.8677728772603447,0.7083075830065819,0.8464768477898372
2012-01-22 23:59:54,train,0.729707,0.845387,0.7436047901156694,0.8668757304720357,0.6996415676213839,0.8513469431510089
2012-01-23 23:53:54,train,0.729707,0.845514,0.743385847038323,0.865545798414385,0.6921847272047037,0.8592718960999343
2012-01-24 23:59:54,train,0.729707,0.845766,0.7392700539036744,0.8617407995528368,0.6938272407360061,0.8188696189082227
2012-01-25 23:59:54,train,0.729707,0.845766,0.7384538918620475,0.8616342797296399,0.7095915668441217,0.8235238685192454
2012-01-26 23:59:54,train,0.729707,0.845893,0.7376940301870554,0.8622596030748477,0.7289840217653152,0.8562950586946171
2012-01-27 23:53:54,train,0.729707,0.846019,0.737504870265224,0.8648032048563584,0.6940184085310656,0.8499023081039889
2012-01-28 23:59:54,train,0.729707,0.846272,0.7386505411781141,0.8668059969680194,0.7018731892686246,0.869550970769329
2012-01-29 23:59:54,train,0.729707,0.846272,0.7410767428989378,0.8695987454403826,0.6917791581473104,0.8936680902631656
2012-01-30 23:59:54,train,0.729707,0.846398,0.7452125519372043,0.8719246329770601,0.6932394331990168,0.8770482396156765
2012-01-31 23:59:54,train,0.729707,0.846525,0.7444168294814162,0.872539041270288,0.6885249144016441,0.8281810134846608
2012-02-01 23:59:54,train,0.729707,0.846651,0.7437951765591039,0.871926671589299,0.6952270463994439,0.8311655727664135
2012-02-02 23:59:54,train,0.729707,0.846778,0.7400543265438067,0.8686272325667271,0.6861443425157617,0.8690689800804887
2012-02-03 23:59:54,train,0.729707,0.846904,0.7373115374008277,0.8651043878244864,0.7286917082471875,0.8716496239731604
2012-02-04 23:59:54,train,0.729707,0.847031,0.7331498796441603,0.8601264974617612,0.6968485588916482,0.8740728333732535
2012-02-05 23:59:54,train,0.729707,0.847157,0.732137257620775,0.858030974630913,0.6918253496028032,0.875776231350396
2012-02-06 23:59:54,train,0.729707,0.847283,0.7281781550697957,0.8565374978977593,0.7038749276513532,0.8690748067658647
2012-02-07 23:59:54,train,0.729707,0.84741,0.7252312508980331,0.8546871927818548,0.6953289291925951,0.8513098724876718
2012-02-08 23:59:54,train,0.729707,0.847536,0.72532499841506,0.8564479742895689,0.7181235725980665,0.8384237309448194
2012-02-09 23:59:54,train,0.729707,0.847663,0.7288426642879507,0.8590941318470273,0.7118611686279752,0.8645373656482543
2012-02-10 23:59:54,train,0.729707,0.847789,0.728570764415996,0.8603130053911472,0.6907543898079139,0.8892876047671517
2012-02-11 23:59:54,train,0.729707,0.847915,0.7289444507964089,0.8603136898521903,0.6971338805157653,0.850204109875355
2012-02-12 23:59:54,train,0.729707,0.848042,0.7312275634752529,0.86276115572203,0.6989234270913887,0.8624907021985196
2012-02-13 23:59:54,train,0.729707,0.848168,0.734423173871648,0.8641894245648557,0.6943729658870639,0.8844911206925644
2012-02-14 23:59:54,train,0.729707,0.848295,0.7337665239041319,0.8633217698928979,0.6970952275157181,0.8683910019095353
2012-02-15 23:59:54,train,0.729707,0.848421,0.7306454117800038,0.8621852948719011,0.7036444483662199,0.8839043898853549
2012-02-16 23:59:54,train,0.729707,0.848547,0.7281137373034096,0.8595059695705803,0.7006144225411604,0.8771346363888949
2012-02-17 23:59:54,train,0.729707,0.848674,0.7291011442174415,0.860352241816582,0.6985551991961999,0.8765014409656551
2012-02-18 23:59:54,train,0.729707,0.8488,0.7272342331070827,0.8592642279776845,0.6997930329045741,0.8757149147904493
2012-02-19 23:59:54,train,0.729707,0.848927,0.7279247217765457,0.8588092190302283,0.7145101810183379,0.873861869277387
2012-02-20 23:59:54,train,0.729707,0.849053,0.72769837973602,0.8599645356013476,0.7174602889989847,0.8852697203432724
2012-02-21 23:59:54,train,0.729707,0.849179,0.7244943456691297,0.8590997546099429,0.7011797428349927,0.8281632667668595
2012-02-22 23:59:54,train,0.729707,0.849306,0.7274201112424206,0.8612771503584341,0.6817424524548793,0.8884388798467445
2012-02-23 23:59:54,train,0.729707,0.849432,0.7286800393876316,0.8617679968122661,0.6886518449867308,0.8452734407448026
2012-02-24 23:59:54,train,0.729707,0.849559,0.7298615981630076,0.8634087604022165,0.7043993876521056,0.8384110990440053
2012-02-25 23:59:54,train,0.729707,0.849685,0.7336550418830964,0.8677557175243684,0.6887922425272334,0.8939372468038113
2012-02-26 23:59:54,train,0.729707,0.849811,0.7363669481624605,0.8704391547784995,0.6981609995676239,0.9021968707260285
2012-02-27 23:59:54,train,0.729707,0.849938,0.7383760893910019,0.8732479887629532,0.7008293268894656,0.8651623825105347
2012-02-28 23:59:54,train,0.729707,0.850064,0.7374567700250011,0.8727252993815836,0.6913954210357686,0.8477888053803805
2012-02-29 23:59:54,train,0.729707,0.850191,0.7364199273527828,0.8722625582976188,0.7112486431434039,0.8767627213743511
2012-03-01 23:53:54,train,0.729707,0.850317,0.7333659106385931,0.8699173473592512,0.6988440079654925,0.8531098026360774
2012-03-02 23:59:54,train,0.729707,0.85057,0.7297405317867663,0.8661322374222645,0.7066971790506633,0.8681120125346183
2012-03-03 23:59:54,train,0.729707,0.85057,0.7287534711139041,0.8627961201508543,0.7142320885460101,0.8477180354646151
2012-03-04 23:53:54,train,0.729707,0.850696,0.7304572305263086,0.8621729840631788,0.7042614693942989,0.8691037189027292
2012-03-05 23:59:54,train,0.729707,0.850949,0.7295008561583093,0.8619847375377502,0.698669939432879,0.8321283326859017
2012-03-06 23:59:54,train,0.729707,0.850949,0.7286602832006421,0.8632245756310284,0.7047641394479234,0.8541222953890104
2012-03-07 23:59:54,train,0.729707,0.851076,0.7280465092051587,0.8633509828431996,0.6930951544341618,0.827940374329838
2012-03-08 23:59:54,train,0.729707,0.851202,0.7286558124638255,0.86574009060457,0.6914608151220172,0.8440417198895346
2012-03-09 23:59:54,train,0.729707,0.851328,0.7286902029313442,0.8657169248122257,0.7146017673796718,0.837406425338324
2012-03-10 23:59:54,train,0.729707,0.851455,0.7284266400199906,0.8634488814879145,0.7150948390406427,0.8660445382857048
2012-03-11 23:53:54,train,0.729707,0.851581,0.7281813348505342,0.8621230339644385,0.6891892689485735,0.8313111531075574
2012-03-12 23:59:54,train,0.729707,0.851834,0.7277852494735374,0.8614654740297929,0.7079383543057193,0.8631555944987704
2012-03-13 23:59:54,train,0.729707,0.851834,0.7257685368231606,0.8610514860416077,0.6765238613540836,0.8790442414311268
2012-03-14 23:59:54,train,0.729707,0.85196,0.7224242870248165,0.8606498719107054,0.6955794019234399,0.8724219730097522
2012-03-15 23:59:54,train,0.729707,0.852087,0.7198400144655566,0.8602106567323573,0.711518049762585,0.8624039984343379
2012-03-16 23:59:54,train,0.729707,0.852213,0.7189769758397141,0.8584394489951764,0.6818972357030777,0.8496746662961656
2012-03-17 23:59:54,train,0.729707,0.85234,0.7177171075565455,0.8573098297627587,0.7055897585828116,0.8565086841760408
2012-03-18 23:59:54,train,0.729707,0.852466,0.718136048991719,0.8565140991243465,0.718047673234622,0.8830445476917117
2012-03-19 23:59:54,train,0.729707,0.852593,0.7183341945083964,0.8546962576729319,0.6945774146644413,0.8842857906216173
2012-03-20 23:59:54,train,0.729707,0.852719,0.7156526859587725,0.8548325228202642,0.6930953644421043,0.8640841473309995
2012-03-21 23:59:54,train,0.729707,0.852845,0.7167725576435541,0.8555161678994303,0.685357910686303,0.8535698149492353
2012-03-22 23:59:54,train,0.729707,0.852972,0.7169599841659959,0.8570220926418918,0.6986682566210434,0.8505284060648216
2012-03-23 23:53:54,train,0.729707,0.853098,0.7216358487457363,0.8601893410866069,0.6869577794267266,0.8839836352572864
2012-03-24 23:59:54,train,0.729707,0.853351,0.7226533393339682,0.8628393558788956,0.7071620349091713,0.8567347333630901
2012-03-25 23:59:54,train,0.729707,0.853351,0.7252792386484348,0.8641095620303744,0.6851827316038077,0.8582504199801695
2012-03-26 23:59:54,train,0.729707,0.853477,0.7266565768612677,0.867150847405232,0.6870088036273766,0.8701659480804792
2012-03-27 23:53:54,train,0.729707,0.853604,0.7289279917580588,0.8691757714055242,0.685065183295113,0.8709704069579196
2012-03-28 23:59:54,train,0.729707,0.853857,0.7260825704447205,0.8678938033874535,0.6820610932942738,0.875271740412816
2012-03-29 23:59:54,train,0.729707,0.853857,0.7250707407680582,0.8659827411508132,0.6964126042110506,0.8762737898281401
2012-03-30 23:59:54,train,0.729707,0.853983,0.7256368710294686,0.8636966550966405,0.7084365159779884,0.8735311362657773
2012-03-31 23:59:54,train,0.729707,0.854109,0.7242810095609232,0.8625294349356576,0.691004112633623,0.8554939927049781
2012-04-01 23:59:54,train,0.729707,0.854236,0.7216418792903049,0.8620545289981909,0.7084653311321006,0.8541314092814128
2012-04-02 23:59:54,train,0.729707,0.854362,0.7188186746089795,0.8613297829384224,0.6770739681942332,0.8935090390716418
2012-04-03 23:59:54,train,0.729707,0.854489,0.7163967169163976,0.85993542330141,0.684343018066549,0.8679227185361589
2012-04-04 23:59:54,train,0.729707,0.854615,0.7149594824034473,0.8592426908170627,0.6729061446508807,0.818889638409992
2012-04-05 23:59:54,train,0.729707,0.854742,0.7155253326374221,0.8581030339381829,0.6900372936188339,0.8878879703196966
2012-04-06 23:59:54,train,0.729707,0.854868,0.7130090013574492,0.8556797985490712,0.6649112787635133,0.8394292975585064
2012-04-07 23:53:54,train,0.729707,0.854994,0.710865543124007,0.8528397456120443,0.6922464919317329,0.8568990210129374
2012-04-08 23:59:54,train,0.729707,0.855247,0.7084694491339023,0.8510262955913453,0.6965411805131879,0.8689076032873022
2012-04-09 23:59:54,train,0.699582,0.855247,0.7073861844369773,0.8506432799257508,0.6763006056106229,0.8973493922584078
2012-04-10 23:59:54,train,0.699372,0.840116,0.7075797062634455,0.8512462067312349,0.6714801161773832,0.8578305005788943
2012-04-11 23:59:54,train,0.699162,0.840007,0.6679284977714592,0.801224538245946,0.6512231321348678,0.8114041458946514
2012-04-12 23:59:54,train,0.698952,0.839898,0.6756361426412212,0.8145529406427141,0.644735719204508,0.8135373216337559
2012-04-13 23:53:54,train,0.698952,0.839789,0.6784972487319104,0.8168511657198391,0.6525804187993318,0.8138572219355417
2012-04-14 23:59:54,train,0.698532,0.83957,0.6807117259920316,0.8178264742913902,0.6456174685946905,0.8184245620711498
2012-04-15 23:59:54,train,0.698322,0.83957,0.6842988003767007,0.8212724725236783,0.6557451583938712,0.8225234305549034
2012-04-16 23:53:54,train,0.698322,0.839461,0.6885969029272817,0.8242956378969528,0.654338059315588,0.829464925220011
2012-04-17 23:59:54,train,0.697903,0.839243,0.6907019271517374,0.8269680227565754,0.64942171633341,0.8375810731894954
2012-04-18 23:59:54,train,0.697693,0.839243,0.6949075652275813,0.8312518592372201,0.6604779872162612,0.8481033741115248
2012-04-19 23:59:54,train,0.697483,0.839133,0.6992151686585051,0.8359325870726088,0.6374925569234915,0.8043172180519456
2012-04-20 23:59:54,train,0.697273,0.839024,0.700351576584395,0.8382005333236856,0.6565052635417078,0.8364519749337516
2012-04-21 23:59:54,train,0.697063,0.838915,0.7035449819913315,0.8423995559446539,0.6375103638781553,0.833489851575968
2012-04-22 23:59:54,train,0.696853,0.838806,0.6994720296612947,0.8396003210131832,0.6737113467017076,0.8393835830352062
2012-04-23 23:59:54,train,0.696643,0.838696,0.6976880440644623,0.8383688904737996,0.6732495179559079,0.8238406054042064
2012-04-24 23:59:54,train,0.696433,0.838587,0.6978402437559579,0.8363576086642744,0.6654044313776143,0.8264999039272186
2012-04-25 23:59:54,train,0.696224,0.838478,0.6964277286836933,0.8335502247763237,0.676443463798912,0.8246263692480464
2012-04-26 23:59:54,train,0.696014,0.838369,0.6956256973579933,0.8325259283352464,0.6687090131903406,0.8373743655121139
2012-04-27 23:59:54,train,0.695804,0.83826,0.6944120430646122,0.8324650659972658,0.6806921814479859,0.8316851786004904
2012-04-28 23:59:54,train,0.695594,0.83815,0.6942497725820579,0.8328810484905282,0.659562222092663,0.8398102691701714
2012-04-29 23:59:54,train,0.695384,0.838041,0.6942278375279209,0.8342641564045221,0.6528043673368727,0.8434539599888061
2012-04-30 23:59:54,train,0.695174,0.837932,0.6924396682315269,0.8357298969688313,0.6636435946386107,0.8318660368668783
2012-05-01 23:59:54,train,0.694964,0.837823,0.6986661713404726,0.8433414949845037,0.6840294694200366,0.8263873648583164
2012-05-02 23:59:54,train,0.694754,0.837714,0.6987474626122381,0.845119416652456,0.6772242550336937,0.8750257897785406
2012-05-03 23:53:54,train,0.694754,0.837604,0.702081251066026,0.8458466113850471,0.6689638931011638,0.8295307151605024
2012-05-04 23:59:54,train,0.694335,0.837386,0.7011538710529482,0.8438252687711822,0.6838999749320109,0.8191248614920468
2012-05-05 23:53:54,train,0.694335,0.837386,0.7010175758667112,0.8442626727741909,0.6706562377821211,0.8496219784565704
2012-05-06 23:59:54,train,0.693915,0.837167,0.6994333934232804,0.8437443917326463,0.6638039281226626,0.8533974931723567
2012-05-07 23:59:54,train,0.693705,0.837167,0.7029862240615743,0.847553416234375,0.6676978245384402,0.8163987091204096
2012-05-08 23:59:54,train,0.693495,0.837058,0.7035592213415034,0.8484157531798815,0.682310975576102,0.8732768457088513
2012-05-09 23:59:54,train,0.693285,0.836949,0.7077296188259969,0.8512424047071887,0.6610360036292914,0.856474761184863
2012-05-10 23:59:54,train,0.693075,0.83684,0.7068971450658453,0.8525982561930651,0.6814755521514476,0.8342234345702915
2012-05-11 23:59:54,train,0.692866,0.836731,0.7110345442565866,0.8546774031020992,0.6786532386686185,0.8375533098042983
2012-05-12 23:59:54,train,0.692656,0.836621,0.7104137561214124,0.8564003189662518,0.6805652707117098,0.8546639426691405
2012-05-13 23:59:54,train,0.692446,0.836512,0.71285837919968,0.8568873242334558,0.6812718787096588,0.8633833473186616
2012-05-14 23:59:54,train,0.692236,0.836403,0.7160146121161094,0.8592073145370496,0.6829752457320931,0.8559934562465985
2012-05-15 23:59:54,train,0.692026,0.836294,0.7178648633048685,0.8609634471492491,0.6739531646224616,0.8412538901601975
2012-05-16 23:59:54,train,0.691816,0.836185,0.7181905190938992,0.8637309244889154,0.6639640624193359,0.8294742849476298
2012-05-17 23:59:54,train,0.691606,0.836075,0.7184167915307337,0.8663731297575155,0.6882504985656723,0.8437640241620629
2012-05-18 23:59:54,train,0.691396,0.835966,0.7169324046464354,0.865737344524938,0.6900739745007266,0.8420952620708267
2012-05-19 23:59:54,train,0.691187,0.835857,0.7158860081109063,0.8641351927945267,0.696722221699324,0.8336371635168448
2012-05-20 23:59:54,train,0.690977,0.835748,0.715350585386868,0.8618658660403635,0.6908076023841959,0.8265980018993555
2012-05-21 23:53:54,train,0.690977,0.835638,0.7158692987486834,0.8614357765512584,0.6869704040915492,0.870279153834619
2012-05-22 23:59:54,train,0.690557,0.83542,0.7120750379346389,0.8574035034416038,0.6898596494270075,0.8749259981456152
2012-05-23 23:59:54,train,0.690347,0.83542,0.7081214427093876,0.8557682251044876,0.6892182690513533,0.8335293080218023
2012-05-25 23:59:54,train,0.689927,0.835092,0.707494781978945,0.8560050883976452,0.6993112663955167,0.8289750442431202
2012-05-26 23:59:54,train,0.689717,0.835092,0.7068243002773039,0.8558756735781812,0.6783370180439239,0.8218619804806208
2012-05-27 23:59:54,train,0.689508,0.834983,0.7051288451838919,0.8557869172338876,0.6665280935493578,0.8194412631455796
2012-05-28 23:53:54,train,0.689508,0.834874,0.7043577983963271,0.8560005852996504,0.6554701040685289,0.8497515601242093
2012-05-30 23:59:54,train,0.688878,0.834546,0.7019083557304098,0.8543841553362913,0.6716722834767175,0.8643401392794268
2012-05-31 23:59:54,train,0.688668,0.834546,0.7036448354852854,0.8540741223476593,0.6784015034747451,0.8230662488504633
2012-06-01 23:59:54,train,0.688458,0.834437,0.7091525794999121,0.8563027904578553,0.6794972013814965,0.8506593618137703
2012-06-02 23:59:54,train,0.688248,0.834328,0.7145737467615538,0.860063851973215,0.6799642346275971,0.8538860622155058
2012-06-03 23:53:54,train,0.688248,0.834219,0.7146037200964259,0.8639227828823715,0.6974874479284373,0.8512840715204065
2012-06-04 23:59:54,train,0.687829,0.834,0.717072989849931,0.8677265034353893,0.6806043937411597,0.8479056358102899
2012-06-06 23:59:54,train,0.687409,0.833891,0.7206786149900787,0.8718412484711068,0.6805981444758943,0.8469113649309954
2012-06-07 23:59:54,train,0.687199,0.833782,0.7176366439275815,0.8695320398173269,0.6709970871589718,0.8360093017803591
2012-06-08 23:59:54,train,0.686989,0.833673,0.7170611206945325,0.8663092944226752,0.6764828020185784,0.8165758847913975
2012-06-09 23:59:54,train,0.686779,0.833563,0.7162982282853986,0.8624680065601498,0.680886134344876,0.8650270832366197
2012-06-10 23:59:54,train,0.686569,0.833454,0.7169095898065966,0.8620857498286283,0.6759906019114944,0.85412274840872
2012-06-11 23:59:54,train,0.68636,0.833345,0.7181363519056276,0.8648781545309052,0.6738539817337105,0.8552238155661737
2012-06-12 23:59:54,train,0.68615,0.833236,0.7128317643825447,0.8649040204881892,0.692331435031938,0.8408595647661103
2012-06-13 23:53:54,train,0.68615,0.833126,0.7120535135053606,0.8663482352318761,0.6734563696989879,0.8616040679921488
2012-06-14 23:59:54,train,0.68573,0.832908,0.7136092262152567,0.8681631221918024,0.6667439051445108,0.8335493984371162
2012-06-15 23:53:54,train,0.68573,0.832908,0.710720715905117,0.866046107456756,0.6680684398393111,0.8585165497162885
2012-06-16 23:59:54,train,0.68531,0.83269,0.7067165152028507,0.8601866153256624,0.6835218443450642,0.8411297123787523
2012-06-17 23:59:54,train,0.6851,0.83269,0.7026266707506744,0.8540247391960372,0.667802460417964,0.8697946322272212
2012-06-18 23:59:54,train,0.68489,0.83258,0.6962334227285568,0.8484822883171629,0.6865614978869986,0.8547882944041186
2012-06-19 23:59:54,train,0.684681,0.832471,0.6913512281136538,0.8450141897818237,0.6703539753162279,0.8617790436712977
2012-06-20 23:59:54,train,0.684471,0.832362,0.6882471250863078,0.8443783008806495,0.6704314230627892,0.8426550433067274
2012-06-21 23:59:54,train,0.684261,0.832253,0.6872848094307363,0.8434222969302285,0.6758489905007486,0.8572786370567232
2012-06-22 23:59:54,train,0.684051,0.832144,0.685219281270905,0.843554694046498,0.6867938750559601,0.825364214919733
2012-06-23 23:59:54,train,0.683841,0.832034,0.6864810671359975,0.8448057900020867,0.6820823960549144,0.8684536523112182
2012-06-24 23:59:54,train,0.683631,0.831925,0.68755950677728,0.8450493568501625,0.6967582171253134,0.8545366228664029
2012-06-25 23:59:54,train,0.683421,0.831816,0.6873803197612579,0.8458298821450202,0.6760701034568807,0.8554376683824734
2012-06-26 23:59:54,train,0.683211,0.831707,0.6910837867246199,0.8486668577518691,0.6797409899782588,0.8365194054119575
2012-06-27 23:59:54,train,0.683002,0.831598,0.6965733373147344,0.851542909879762,0.6827946515857126,0.840446847214996
2012-06-28 23:59:54,train,0.682792,0.831488,0.6997874689244488,0.8545054165324432,0.6902918374874888,0.8366828935107732
2012-06-29 23:59:54,train,0.682582,0.831379,0.7042460901669594,0.8590871775558657,0.6708290273299732,0.8574228728963248
2012-06-30 23:59:54,train,0.682372,0.83127,0.7065703560006543,0.8621362604114733,0.6944292889473597,0.8458412370203593
2012-07-01 23:53:53,train,0.682372,0.831161,0.709929293697264,0.867202659706569,0.6664483226900185,0.8551678129959522
2012-07-02 23:59:53,train,0.681952,0.830942,0.7240652785357193,0.8715790747494486,0.650359514565586,0.8333964586422499
2012-07-03 23:59:53,train,0.681742,0.830942,0.7139788760727992,0.8697131855181363,0.6782762906705887,0.8151325040822835
2012-07-04 23:59:53,train,0.681532,0.830833,0.7126718945689084,0.8677371325414491,0.668461117977884,0.8473860359503846
2012-07-05 23:59:53,train,0.681323,0.830724,0.7109403265889159,0.8632393640295906,0.6884961555918561,0.853885720937693
2012-07-06 23:59:53,train,0.681113,0.830615,0.7165862529992771,0.8642124869237398,0.6793240858432749,0.8680604662602245
2012-07-07 23:59:53,train,0.680903,0.830505,0.717629621400639,0.864890241351677,0.6911092490752091,0.8671658507891978
2012-07-08 23:59:53,train,0.680693,0.830396,0.7151999307511971,0.8681838111080644,0.7019549089170487,0.8338244660097835
2012-07-09 23:59:53,train,0.680483,0.830287,0.715276983470075,0.8711065648026755,0.6946185232574088,0.8504699316303723
2012-07-10 23:59:53,train,0.680273,0.830178,0.7138992223628577,0.8743519742405413,0.6721921306232743,0.8650748238711612
2012-07-11 23:59:53,train,0.680063,0.830068,0.7132056626923965,0.8740918182268161,0.6819356915449255,0.8479973622825066
2012-07-12 23:59:53,train,0.679853,0.829959,0.7140252119645475,0.8740112623374303,0.6712792075139669,0.8514212769559341
2012-07-13 23:59:53,train,0.679644,0.82985,0.708946107401409,0.866857129409662,0.6892416405260083,0.8571079142673609
2012-07-14 23:59:53,train,0.679434,0.829741,0.7043108734279325,0.861103851722168,0.7023093538916277,0.868065628975769
2012-07-15 23:59:53,train,0.679224,0.829632,0.6994203024688636,0.8528040702877956,0.6790360659738757,0.8586212605171526
2012-07-16 23:53:53,train,0.679224,0.829522,0.6929702251375518,0.8479441306597281,0.6710404258835141,0.8316977003745516
2012-07-17 23:59:53,train,0.678804,0.829304,0.6865405126800227,0.8435286157940265,0.6704535462156531,0.8098915646031698
2012-07-18 23:53:53,train,0.678804,0.829304,0.6798732364135871,0.8409463383233748,0.6668481284252076,0.8637839303569981
2012-07-19 23:59:53,train,0.678384,0.829086,0.6785728890886218,0.8413736375895281,0.6746025669414525,0.8495350714269482
2012-07-20 23:59:53,train,0.678174,0.829086,0.6808390576909767,0.84314527466067,0.6614647227210293,0.8243685124909199
2012-07-21 23:53:53,train,0.678174,0.828976,0.681134920283741,0.8429531154089295,0.6915072788628305,0.8608451117454472
2012-07-22 23:59:53,train,0.677755,0.828758,0.6809320915676753,0.8446606978954049,0.6771857734801834,0.8284751927957098
2012-07-23 23:59:53,train,0.677545,0.828758,0.6837542415097392,0.8470588372700515,0.6939757851512489,0.8544949037439058
2012-07-24 23:59:53,train,0.677335,0.828649,0.6887962569212059,0.8499984008076745,0.6682492468967887,0.8326798872077739
2012-07-25 23:59:53,train,0.677125,0.828539,0.6947997284146308,0.8549594210915491,0.6841749209681265,0.8431943670569284
2012-07-26 23:59:53,train,0.676915,0.82843,0.6998623548623525,0.858455611002342,0.6738947187202888,0.8670532348282061
2012-07-27 23:59:53,train,0.676705,0.828321,0.7042855736072235,0.8641614482772157,0.6814297510535319,0.8423774660113258
2012-07-28 23:59:53,train,0.676495,0.828212,0.7048393615678138,0.8674788093976253,0.6831963176611546,0.8586763064446475
2012-07-29 23:59:53,train,0.676286,0.828103,0.7077503312806059,0.8711808558019078,0.6778545844603757,0.8410782629631367
2012-07-30 23:59:53,train,0.676076,0.827993,0.7094534468729793,0.8723399382802763,0.6469700683329365,0.7914732548283248
2012-07-31 23:59:53,train,0.675866,0.827884,0.7104442523158582,0.8729781519213201,0.6848485383322167,0.8523467218587549
2012-08-01 23:59:53,test,0.675656,0.827775,0.6936862159327337,0.853700855342156,0.643521551981989,0.815997995678321
2012-08-02 23:59:53,test,0.675446,0.827666,0.6953237103953621,0.8526319796150073,0.6405848569064881,0.82759274710224
2012-08-03 23:59:53,test,0.675236,0.827557,0.695540555311337,0.8520490131896049,0.6420676598093235,0.8315618279771294
2012-08-04 23:59:53,test,0.675026,0.827447,0.6947392743970846,0.8522292856320002,0.6664439549598468,0.8115923971007016
2012-08-05 23:53:53,test,0.675026,0.827338,0.6904422415818291,0.8505449345335906,0.6415963850150175,0.8220279257097509
2012-08-06 23:59:53,test,0.674607,0.82712,0.6878064355713102,0.8496213056193158,0.6409565260668666,0.7833393690205225
2012-08-07 23:59:53,test,0.674397,0.82712,0.6888253397035741,0.8501493601416822,0.6456982779009097,0.7973339708978501
2012-08-08 23:59:53,test,0.674187,0.82701,0.6898488023113043,0.8496605964318736,0.6470032021081363,0.8121800169871691
2012-08-09 23:59:53,test,0.673977,0.826901,0.6883237666043591,0.8489367421564614,0.6401597913789535,0.820556092529481
2012-08-10 23:59:53,test,0.673767,0.826792,0.6825930514093738,0.8441475598298133,0.6335394920568487,0.8418453063600752
2012-08-11 23:59:53,test,0.673557,0.826683,0.6788281045508555,0.8408099110816768,0.6425622325368507,0.8189124110570422
2012-08-12 23:53:53,test,0.673557,0.826574,0.6760407112667973,0.8378632606565473,0.6423988194382089,0.7756721999764195
2012-08-13 23:59:53,test,0.673137,0.826355,0.6686160450061255,0.8331997981041396,0.6198398841565419,0.7977355134463663
2012-08-14 23:53:53,test,0.673137,0.826355,0.6658362927853441,0.8301791830217858,0.6448021105819441,0.8026462846059309
2012-08-15 23:59:53,test,0.672718,0.826137,0.6616944478506679,0.8276250907236538,0.6301659201960939,0.8347510393535291
2012-08-17 00:05:53,test,0.672508,0.826137,0.6605298431885356,0.8248724400837926,0.6624317678424544,0.8166787076700308
2012-08-17 23:59:53,test,0.672298,0.826028,0.6596916455425894,0.8247424883305046,0.6491326773036762,0.8312806975357155
2012-08-18 23:59:53,test,0.672088,0.825918,0.6609895861462105,0.8261866620622672,0.6367471445166604,0.7776551149537672
2012-08-19 23:59:53,test,0.671878,0.825809,0.6604977610825691,0.8268456752264534,0.6419963867259536,0.7964267634153004
2012-08-20 23:59:53,test,0.671668,0.8257,0.6643257122145656,0.8305450856149265,0.6425702305899769,0.8288716446933193
2012-08-21 23:59:53,test,0.671458,0.825591,0.6654473893938508,0.8323830317711499,0.639034035868146,0.8121779821165117
2012-08-22 23:59:53,test,0.671249,0.825481,0.6701110472863577,0.83649628197008,0.6522403407195723,0.871857900125572
2012-08-23 23:53:53,test,0.671249,0.825372,0.6714906564351659,0.8386255358191917,0.638062200796942,0.7888888496401236
2012-08-24 23:59:53,test,0.670829,0.825154,0.6744934286148048,0.8422194712601027,0.6527777153974506,0.7945576734154675
2012-08-25 23:59:53,test,0.670619,0.825154,0.6775403519214188,0.8446807674772905,0.6555589858153439,0.8060137266869867
2012-08-26 23:59:53,test,0.670409,0.825045,0.6805188874113831,0.8472225696592067,0.6519439734085596,0.7968143009334867
2012-08-27 23:59:53,test,0.670199,0.824935,0.6816446409565665,0.8484978689306683,0.6648063727129496,0.8096961362822055
2012-08-28 23:59:53,test,0.669989,0.824826,0.6803660783008701,0.8473684594592024,0.641100589169341,0.8365027379860712
2012-08-29 23:53:53,test,0.669989,0.824717,0.6838783226505388,0.8482073021741863,0.6607389866021252,0.7816853907601773
2012-08-31 00:05:53,test,0.66957,0.824499,0.6881297190090295,0.851044057928794,0.6326254881949348,0.7870968401965377
2012-08-31 23:59:53,test,0.66936,0.824499,0.6897953383170308,0.8511490372437538,0.6512301273168214,0.8252716656838179
2012-09-01 23:59:53,test,0.66915,0.824389,0.691720435110174,0.8533100584407526,0.6495529921723163,0.8160881039676857
2012-09-02 23:59:53,test,0.66894,0.82428,0.6867794974200099,0.8509800734982912,0.6461759787808395,0.8255199959568699
2012-09-03 23:59:53,test,0.66873,0.824171,0.68677485635421,0.8524339186750052,0.6331363314181674,0.8462321246732833
2012-09-04 23:59:53,test,0.66852,0.824062,0.6851223249855046,0.8512780405713687,0.6514675301540386,0.8378199991429467
2012-09-05 23:53:53,test,0.66852,0.823952,0.6839819510793002,0.8478700513558255,0.6420422493479383,0.8154164558855529
2012-09-06 23:59:53,test,0.6681,0.823734,0.6788433844450199,0.8426913893162169,0.6587017306348696,0.8083175353364639
2012-09-07 23:59:53,test,0.667891,0.823734,0.6743667667580496,0.8385593892444528,0.6420591647318639,0.8561528422209719
2012-09-08 23:59:53,test,0.667681,0.823625,0.6686618730282,0.8318485303540784,0.6291582131749516,0.8046470934026325
2012-09-09 23:59:53,test,0.667471,0.823516,0.6642853595316617,0.8279385093366958,0.6464845868472379,0.8050319293979843
2012-09-10 23:59:53,test,0.667261,0.823406,0.6609316292313747,0.8246279445533183,0.6396494038329767,0.8248334978489141
2012-09-11 23:59:53,test,0.667051,0.823297,0.6555481494288302,0.8218747561117112,0.6442360755752137,0.8061433143614656
2012-09-12 23:59:53,test,0.666841,0.823188,0.6539964289542779,0.8200395064025549,0.641685052768531,0.8286288791799682
2012-09-13 23:59:53,test,0.666631,0.823079,0.6531199598491944,0.8202661456942384,0.6427913825949022,0.786231039474672
2012-09-14 23:59:53,test,0.666421,0.822969,0.6538054824803462,0.8209118759011416,0.6441067385498662,0.7867007503547622
2012-09-15 23:59:53,test,0.666212,0.82286,0.6533494072329463,0.8210744428614544,0.6385742481954046,0.8063340950707245
2012-09-16 23:59:53,test,0.666002,0.822751,0.6571556454242442,0.8241104895566974,0.6394729877048378,0.8359617881878536
2012-09-17 23:53:53,test,0.666002,0.822642,0.658265483318858,0.8266386413380005,0.6523624961693929,0.8336309444516526
2012-09-18 23:59:53,test,0.665582,0.822423,0.6604932259172794,0.8287275357452816,0.6483732144836408,0.7980437106964121
2012-09-19 23:59:53,test,0.665372,0.822423,0.6664285299781479,0.8325590348402725,0.6346506265901016,0.8082898526028344
2012-09-20 23:59:53,test,0.665162,0.822314,0.668776522062074,0.8360414101314071,0.6348595437488331,0.8186600897502752
2012-09-21 23:59:53,test,0.664952,0.822205,0.6745310158872557,0.8423991015340103,0.6407322926240061,0.8140939924598928
2012-09-22 23:59:53,test,0.664742,0.822096,0.6773344900521576,0.8455309717728574,0.6505590823817625,0.8017936101658443
2012-09-23 23:59:53,test,0.664533,0.821987,0.6797848604124913,0.8482785735870391,0.6416749593825284,0.8357906298305932
2012-09-24 23:59:53,test,0.664323,0.821877,0.6842139966658578,0.8541641533999011,0.6341297748581497,0.8259848272132756
2012-09-25 23:59:53,test,0.664113,0.821768,0.6864027584464102,0.8537014735823566,0.6421627373385426,0.80264262004331
2012-09-26 23:59:53,test,0.663903,0.821659,0.6879121178751655,0.8540311660021679,0.6315144758902699,0.8211088435973898
2012-09-27 23:59:53,test,0.663693,0.82155,0.6884069573370657,0.8514766128050296,0.6465749661868215,0.8193594880698591
2012-09-28 23:59:53,test,0.663483,0.821441,0.6826738858759934,0.8482570892697249,0.6409468492130492,0.8039905356332312
2012-09-29 23:59:53,test,0.663273,0.821331,0.677818192497671,0.8436160237197485,0.6470930739574601,0.8121213501549785
2012-09-30 23:59:53,test,0.663063,0.821222,0.6727065241386165,0.8397994966929732,0.6233070149840931,0.8415838163331274
2012-10-01 23:59:53,test,0.662854,0.821113,0.6673084438810893,0.8358949255827673,0.6295622159411489,0.8010878179473232
2012-10-02 23:59:53,test,0.662644,0.821004,0.6634572249953096,0.8322315434625925,0.6296591182938748,0.8095707157549732
2012-10-04 23:59:53,test,0.662224,0.820785,0.6554133572822965,0.8222648743611526,0.6486633395422028,0.8080186948964251
2012-10-05 23:59:53,test,0.662014,0.820676,0.6512647629629758,0.818644154115922,0.6289847509585657,0.8211293315102896
2012-10-06 23:59:53,test,0.661804,0.820567,0.6465862609572239,0.8158675159839811,0.6318738338525857,0.8227309213071893
2012-10-07 23:53:53,test,0.661804,0.820458,0.6441651182521321,0.8133386789764552,0.6297506116509696,0.8124621792442313
2012-10-08 23:59:53,test,0.661384,0.820239,0.6437383781944807,0.8127836653227327,0.6312625189169172,0.8166985459629338
2012-10-09 23:59:53,test,0.661175,0.820239,0.646446877020718,0.8147351630589924,0.6338123057557211,0.8106795321769085
2012-10-10 23:59:53,test,0.660965,0.82013,0.6471733530356601,0.8155468148257525,0.6230474902399565,0.8233030226690107
2012-10-11 23:59:53,test,0.660755,0.820021,0.6499588737281073,0.8172873248079962,0.6387077286263875,0.8170695612798214
2012-10-12 23:59:53,test,0.660545,0.819911,0.6538504772316943,0.8227153639014608,0.6341095475907971,0.8138649671338313
2012-10-13 23:59:53,test,0.660335,0.819802,0.6583955295949514,0.8274357351834511,0.6289994011700626,0.8354549652603603
2012-10-14 23:59:53,test,0.660125,0.819693,0.6623796111702835,0.8320615896216804,0.6193137672835831,0.8285054099013838
2012-10-15 23:59:53,test,0.659915,0.819584,0.6694771744621887,0.8381019645453716,0.6394660553864059,0.8170856004596904
2012-10-16 23:59:53,test,0.659705,0.819475,0.6755825157081538,0.8442862130534321,0.6438582620483833,0.8423836994491605
2012-10-17 23:59:53,test,0.659496,0.819365,0.6761631516200677,0.8459405946960517,0.6297861066702078,0.7753303067076763
2012-10-18 23:59:53,test,0.659286,0.819256,0.6808289232845073,0.8498168319621876,0.6354182017866334,0.8271009132712965
2012-10-19 23:59:53,test,0.659076,0.819147,0.6800564294884469,0.8495773682265607,0.6280152389121944,0.796809247564126
2012-10-20 23:59:53,test,0.658866,0.819038,0.6799637291810289,0.84911062061642,0.636418880986949,0.7823392775731263
2012-10-21 23:59:53,test,0.658656,0.818929,0.6765401089201307,0.8467187420241238,0.6281357238096489,0.7936411170650317
2012-10-22 23:59:53,test,0.658446,0.818819,0.675638692107911,0.8446030467622707,0.6403627572136228,0.8111253937791163
2012-10-23 23:59:53,test,0.658236,0.81871,0.6747685443596383,0.8422372885296326,0.6182584367077935,0.8129930445742226
2012-10-24 23:59:53,test,0.658026,0.818601,0.6689446960119563,0.8382018323999016,0.6297152312455404,0.8199957373108744
2012-10-25 23:59:53,test,0.657817,0.818492,0.666210710949058,0.8361053582293366,0.6127556536727352,0.7765100594124575
2012-10-26 23:59:53,test,0.657607,0.818382,0.6633184818871769,0.8327559133864286,0.627569312019302,0.8142875533356462
2012-10-27 23:59:53,test,0.657397,0.818273,0.6583512729846087,0.828796362163366,0.626745237995471,0.821396813277146
2012-10-28 23:59:53,test,0.657187,0.818164,0.6559097715473208,0.827460332547965,0.6180468687152443,0.8021174569511258
2012-10-29 23:59:53,test,0.656977,0.818055,0.6545254080467232,0.8251078536628086,0.6296890076560562,0.8247861732402254
2012-10-30 23:59:53,test,0.656767,0.817946,0.6513066280728547,0.8216677792945378,0.6381652304289668,0.7913904110411736
2012-10-31 23:59:53,test,0.656557,0.817836,0.6482090592150133,0.8188081784540663,0.6243501249242545,0.8083926507016265
2012-11-01 23:59:53,holdout,0.656347,0.817727,0.6522580835552089,0.82046249782695,0.6473947012691413,0.803874259562228
2012-11-02 23:59:53,holdout,0.656138,0.817618,0.6485880810007519,0.8175591474867309,0.616391833854331,0.8081721885386522
2012-11-03 23:59:53,holdout,0.655928,0.817509,0.6480278773702325,0.8174973600388599,0.6311349314102938,0.8256290493567777
2012-11-04 23:59:53,holdout,0.655718,0.8174,0.6484420267179277,0.8179226101871172,0.6211407866776687,0.7847571910283807
2012-11-05 23:59:53,holdout,0.655508,0.81729,0.6497455687838037,0.8177721724088126,0.6400334598798233,0.8181157242465343
2012-11-06 23:59:53,holdout,0.655298,0.817181,0.64877087256965,0.8177142150674462,0.6340119630702199,0.8069202930254944
2012-11-07 23:59:53,holdout,0.655088,0.817072,0.6513736339763794,0.8198612356781398,0.6245750201403203,0.811641687883579
2012-11-08 23:59:53,holdout,0.654878,0.816963,0.6538783188378816,0.8210680213781313,0.6473687313990608,0.8360585958634513
2012-11-09 23:59:53,holdout,0.654668,0.816853,0.6544342947693406,0.8236949754248764,0.6245998801461526,0.7883219438868332
2012-11-10 23:59:53,holdout,0.654459,0.816744,0.6590220219159489,0.827231349857895,0.6358436525009007,0.8130606213289967
2012-11-11 23:59:53,holdout,0.654249,0.816635,0.664797757687208,0.8336856770609858,0.6555678655207134,0.7909514958126416
2012-11-12 23:59:53,holdout,0.654039,0.816526,0.6712877244724302,0.8384305608940901,0.644398812532922,0.7873427397031244
2012-11-14 23:59:53,holdout,0.653619,0.816307,0.680595388430392,0.8480548097149427,0.6362769595372728,0.8293847980136957
2012-11-15 23:59:53,holdout,0.653409,0.816198,0.6809204355556324,0.8511278730680771,0.6466279215601374,0.820711613309386
2012-11-16 23:59:53,holdout,0.653199,0.816089,0.6822999692055752,0.8513047931755124,0.6458914820413217,0.8080600152829935
2012-11-17 23:59:53,holdout,0.652989,0.81598,0.6822698983598049,0.8504794348867442,0.6205869446416798,0.7969082914319242
2012-11-18 23:59:53,holdout,0.65278,0.815871,0.6793551216469185,0.8485465264598777,0.6189913859046472,0.7806866320350471
2012-11-19 23:59:53,holdout,0.65257,0.815761,0.6796538218842137,0.8476244953958062,0.6299415735358282,0.7906844631794387
2012-11-20 23:53:53,holdout,0.65257,0.815652,0.6739019205251752,0.8424619775964481,0.6277540934187764,0.7892003886400986
2012-11-21 23:59:53,holdout,0.65215,0.815434,0.6725075152338593,0.8391620136326354,0.6245522460592698,0.8242584684046159
2012-11-22 23:59:53,holdout,0.65194,0.815434,0.664277831948812,0.8331535367709799,0.6419570448593429,0.7956961756438407
2012-11-23 23:59:53,holdout,0.65173,0.815324,0.6593252085924689,0.8287610559804868,0.6255463567646768,0.8307968264792164
2012-11-24 23:53:53,holdout,0.65173,0.815215,0.6568720599377693,0.8261931738998303,0.6295701035300113,0.8197012325104303
2012-11-25 23:59:53,holdout,0.65131,0.814997,0.6557971740274183,0.8236645845703323,0.6316652084873383,0.7963076417413205
2012-11-26 23:59:53,holdout,0.651101,0.814997,0.6508841907012993,0.8201596074460409,0.6251599325323008,0.8032364462191316
2012-11-27 23:59:53,holdout,0.650891,0.814888,0.6501271720760256,0.8188858203476744,0.6254694610297933,0.8057989503477516
2012-11-28 23:59:53,holdout,0.650681,0.814778,0.6473967211174058,0.8178127463495981,0.6347403850961025,0.8109016992409585
2012-11-29 23:59:53,holdout,0.650471,0.814669,0.6491145574671151,0.8195497422742545,0.6332091399989443,0.8034112395463656
2012-11-30 23:59:53,holdout,0.650261,0.81456,0.6456625072037969,0.8189757167224401,0.6320998386645231,0.8392334742723395
2012-12-01 23:59:53,holdout,0.650051,0.814451,0.6441840665912425,0.8180377491241877,0.6162580988598335,0.8078594550630079
2012-12-02 23:59:53,holdout,0.649841,0.814341,0.6452319688013025,0.819387868886795,0.6201544675613349,0.7941618795955929
2012-12-03 23:59:53,holdout,0.649631,0.814232,0.6462852425577748,0.8192711065584151,0.621580272417188,0.7893892761225139
2012-12-04 23:59:53,holdout,0.649422,0.814123,0.6453568506030527,0.8182205424177709,0.6243626430753965,0.786310035186731
2012-12-05 23:59:53,holdout,0.649212,0.814014,0.6460535274328779,0.8175515947078827,0.63572492020373,0.8047125940652913
2012-12-06 23:59:53,holdout,0.649002,0.813905,0.6466915714098597,0.8189979726463936,0.6200249199007921,0.8020289771576732
2012-12-07 23:59:53,holdout,0.648792,0.813795,0.6471218754237685,0.8189951640920953,0.6269658461355325,0.8237365044480391
2012-12-08 23:59:53,holdout,0.648582,0.813686,0.64983979716858,0.822919477445305,0.6305237291493251,0.8184706868757345
2012-12-09 23:59:53,holdout,0.648372,0.813577,0.6525454916960965,0.8264216809821042,0.6384398982605328,0.8022492198085696
2012-12-10 23:59:53,holdout,0.648162,0.813468,0.6550468783230246,0.8298131751432836,0.6345342252820528,0.7869942930921124
2012-12-11 23:59:53,holdout,0.647952,0.813359,0.6581124543948814,0.832558530962032,0.6245498423701499,0.8147498634140475
2012-12-12 23:59:53,holdout,0.647743,0.813249,0.6611776895840148,0.8359079863156545,0.6285331123677008,0.824481039229027
2012-12-13 23:59:53,holdout,0.647533,0.81314,0.6626592266815837,0.8356735034220937,0.6142754944111952,0.815839771601934
2012-12-14 23:53:53,holdout,0.647533,0.813031,0.660737834898325,0.8336422812381195,0.6222376555506779,0.808131601144679
2012-12-15 23:59:53,holdout,0.647113,0.812813,0.6604071204191149,0.8325883932690334,0.6246287454582136,0.7835091458794095
2012-12-16 23:59:53,holdout,0.646903,0.812813,0.6596325790682828,0.8316620537048074,0.6253087004993136,0.8051529787380867
2012-12-17 23:59:53,holdout,0.646693,0.812703,0.6570402482703585,0.830790738065077,0.6405100685106534,0.8241328756407263
2012-12-18 23:59:53,holdout,0.646483,0.812594,0.6542445000625896,0.8298375720410627,0.6193634396628167,0.7885083823605408
2012-12-19 23:59:53,holdout,0.646273,0.812485,0.6537036426827461,0.8297374640584918,0.6212017143186759,0.8001589787047378
2012-12-20 23:53:53,holdout,0.646273,0.812376,0.6527366261618859,0.82885822707533,0.615987665024217,0.8230143532956136
2012-12-21 23:59:53,holdout,0.645854,0.812157,0.653180884418836,0.8261266224307684,0.6152194548368001,0.7859751162840388
2012-12-22 23:53:53,holdout,0.645854,0.812157,0.6521455847142875,0.8264010585578886,0.6125812574930953,0.8026793073632096
2012-12-23 23:59:53,holdout,0.645434,0.811939,0.6481698530829404,0.8234757230298574,0.5967907318769958,0.7789976802130121
2012-12-24 23:59:53,holdout,0.645224,0.811939,0.6468824405306411,0.821617856299456,0.6286128008658138,0.8090173843800356
2012-12-25 23:59:53,holdout,0.645014,0.81183,0.6482790274938137,0.8219023215274296,0.6350806902086409,0.8135567010812726
2012-12-26 23:59:53,holdout,0.644804,0.81172,0.6465510290595065,0.819895943348727,0.6170553582432065,0.8097880363371404
2012-12-27 23:59:53,holdout,0.644594,0.811611,0.6457271916257498,0.8203698511809561,0.6248835861367222,0.7871964680019643
2012-12-28 23:59:53,holdout,0.644385,0.811502,0.6465145598325951,0.8220794868818322,0.6173368781898566,0.7942148184085872
2012-12-29 23:59:53,holdout,0.644175,0.811393,0.6460986511439705,0.8226507204202665,0.6055398216169665,0.7818955044494852
2012-12-30 23:53:53,holdout,0.644175,0.811283,0.6446472721552203,0.8218041086426152,0.6215548130140827,0.7981613472801794
2012-12-31 23:59:53,holdout,0.643755,0.811065,0.6475758535537682,0.823844749618174,0.6001978133919745,0.7773375014216063
2013-01-01 23:59:53,train,0.643545,0.811065,0.6509123757060961,0.8260427186855732,0.6134672552920635,0.7941942029470104
2013-01-02 23:59:53,train,0.643335,0.810956,0.6543085936654446,0.8270279397951521,0.6377895364378557,0.7944805308205682
2013-01-03 23:59:53,train,0.643125,0.810847,0.6554587579348821,0.8277723431471693,0.6361315948561719,0.7577326038208306
2013-01-04 23:59:53,train,0.642915,0.810737,0.656170891196452,0.8290236257556767,0.6156141962241148,0.7935535592425198
2013-01-05 23:59:53,train,0.642706,0.810628,0.6555788719714266,0.829634674329425,0.6141126039031607,0.8327268407175874
2013-01-06 23:59:53,train,0.642496,0.810519,0.6565159237276584,0.8312968258348484,0.6360354481021372,0.7871394045305317
2013-01-07 23:59:53,train,0.642286,0.81041,0.6597230804889922,0.8345504859660973,0.6344482498082297,0.7819669632280443
2013-01-08 23:59:53,train,0.642076,0.810301,0.6616441350502882,0.8371819934000129,0.6226513387182192,0.8044654606481577
2013-01-09 23:59:53,train,0.641866,0.810191,0.663918601486322,0.8389035905389624,0.6159118249382562,0.7925559074722033
2013-01-10 23:59:53,train,0.641656,0.810082,0.6665419530673983,0.8396967417744071,0.6278157546768464,0.8109124854756679
2013-01-11 23:59:53,train,0.641446,0.809973,0.6656000265393923,0.8400961805882714,0.599645462472147,0.7899218234387982
2013-01-12 23:59:53,train,0.641236,0.809864,0.6639743852023449,0.8400847018133557,0.6288855509532554,0.7894785661464385
2013-01-13 23:59:53,train,0.641027,0.809754,0.6623432296305698,0.8386290272253042,0.6036017597996488,0.8012264462673063
2013-01-14 23:59:53,train,0.640817,0.809645,0.6581212242550697,0.8348901301501871,0.6182939221842216,0.7922533040599861
2013-01-15 23:59:53,train,0.640607,0.809536,0.6562564002625628,0.833160747828998,0.6040857839313274,0.7526915653258408
2013-01-16 23:59:53,train,0.640397,0.809427,0.6517345958689937,0.8281809236078205,0.6125104125555629,0.8043288261757672
2013-01-17 23:59:53,train,0.640187,0.809318,0.6459767319368543,0.8238515023824177,0.6066420869668011,0.8103267898072164
2013-01-18 23:59:53,train,0.639977,0.809208,0.64214576263909,0.8183865268419472,0.6025527564319259,0.7927131311080418
2013-01-19 23:59:53,train,0.639767,0.809099,0.6374044727762798,0.8156555804475999,0.600595477952086,0.7665287913552168
2013-01-20 23:59:53,train,0.639557,0.80899,0.6356736476950675,0.8128279416014086,0.6118913406991346,0.7843652871400778
2013-01-21 23:59:53,train,0.639348,0.808881,0.6354169239620472,0.8115338439029,0.6118485790714796,0.7786855543103417
2013-01-22 23:59:53,train,0.639138,0.808772,0.6348469519095307,0.8107131626542438,0.6065000436105159,0.7672014889038875
2013-01-23 23:59:53,train,0.638928,0.808662,0.6323287040374038,0.809118375761394,0.6149419181239117,0.7990819851497091
2013-01-24 23:59:53,train,0.638718,0.808553,0.6329836910932377,0.8104510658426497,0.6131095585499514,0.7462755058592144
2013-01-25 23:59:53,train,0.638508,0.808444,0.6341941101476956,0.8114725996972716,0.6097673560298088,0.8122760085476496
2013-01-26 23:59:53,train,0.638298,0.808335,0.6334319487972755,0.8116410871639974,0.6018698290507251,0.7814343525530687
2013-01-27 23:53:53,train,0.638298,0.808225,0.6334528661237293,0.8137449512830166,0.6200062631910463,0.7800516047769482
2013-01-28 23:59:53,train,0.637878,0.808007,0.632641733887701,0.8128786925758863,0.5866484435013415,0.8182038386881771
2013-01-29 23:59:53,train,0.637669,0.808007,0.6329606000516114,0.8133156514697146,0.6033602277761161,0.7780245173901723
2013-01-30 23:59:53,train,0.637459,0.807898,0.6328335522800681,0.8124069634984544,0.6047087489262956,0.8075889316637407
2013-01-31 23:59:53,train,0.637249,0.807789,0.631517104175749,0.8104549091974321,0.5974778607891374,0.7999352396703026
2013-02-01 23:53:53,train,0.637249,0.807679,0.6321543146517472,0.8109479074698916,0.6084749775254564,0.8260813052745183
2013-02-02 23:59:53,train,0.636829,0.807461,0.6328044424081417,0.8120906637278454,0.6192234920230203,0.8065394145124357
2013-02-03 23:59:53,train,0.636619,0.807461,0.6337173234215553,0.8134102100487904,0.6165331709865359,0.80546601973344
2013-02-04 23:59:53,train,0.636409,0.807352,0.6370916709417574,0.8169180822829107,0.6135057744713455,0.8177916028466223
2013-02-05 23:59:53,train,0.636199,0.807243,0.639148468483369,0.8189999492793248,0.616202511906121,0.7984651407002904
2013-02-06 23:59:53,train,0.63599,0.807133,0.6412673114173452,0.8218275816059364,0.6316696571581191,0.8027256167434407
2013-02-07 23:59:53,train,0.63578,0.807024,0.6443768405816022,0.8258179809652123,0.6073709268457412,0.8298783922042376
2013-02-08 23:59:53,train,0.63557,0.806915,0.6450254206745799,0.8272763533896007,0.6064002788721947,0.813859055136285
2013-02-09 23:59:53,train,0.63536,0.806806,0.6451820831227727,0.8272459725993073,0.5952764887729262,0.8114278464499084
2013-02-10 23:59:53,train,0.63515,0.806696,0.6431181943774354,0.825811784020469,0.6075592952553862,0.7836561468767675
2013-02-11 23:59:53,train,0.63494,0.806587,0.6422646914055377,0.8242346161022016,0.6142312713295521,0.8041149338581733
2013-02-12 23:59:53,train,0.63473,0.806478,0.6394824928705103,0.8214257833910109,0.5917370839677005,0.7872633799876299
2013-02-13 23:59:53,train,0.634521,0.806369,0.6356363897479952,0.8173756819486016,0.6150531316631163,0.7935135510949614
2013-02-14 23:59:53,train,0.634311,0.80626,0.632816226246344,0.8146324123736918,0.6109795677516399,0.8092794532718984
2013-02-15 23:59:53,train,0.640754,0.80615,0.6386425358924875,0.8173866020775604,0.6351909675317863,0.8317974736571105
2013-02-16 23:59:53,train,0.640504,0.810238,0.638309375155236,0.816893110372332,0.6395874605909457,0.7961144147704873
2013-02-17 23:59:53,train,0.640254,0.810011,0.6385963783930375,0.8151308789307724,0.6044789081861986,0.7974772770646403
2013-02-18 23:59:53,train,0.640004,0.809784,0.6402151053307181,0.8174783785596407,0.6316013205877221,0.8169045699407537
2013-02-19 23:53:53,train,0.640004,0.809557,0.6387724622704173,0.8170557324357726,0.6243629834774439,0.8201411035611749
2013-02-20 23:59:53,train,0.639504,0.809104,0.6378315894368068,0.8173071178347276,0.6110240841459141,0.8324198860997654
2013-02-21 23:59:53,train,0.639254,0.809104,0.6365407550510157,0.8169088002775442,0.6262174686804328,0.8029746938166782
2013-02-22 23:59:53,train,0.639004,0.808877,0.6326852338258451,0.8153205050631159,0.6297422254988441,0.793693242194117
2013-02-23 23:59:53,train,0.638754,0.80865,0.6316418783937123,0.8132619577696693,0.6333772493241712,0.8000336981330172
2013-02-24 23:59:53,train,0.638504,0.808423,0.6300494443211276,0.8110189375966628,0.6166153855711806,0.7944354682645915
2013-02-25 23:59:53,train,0.638254,0.808196,0.6310845326613572,0.8108169693473074,0.6269372106989625,0.8211927917985555
2013-02-26 23:59:53,train,0.638004,0.807969,0.6313046011587632,0.8113216487421364,0.623552213267684,0.804091889434641
2013-02-27 23:59:53,train,0.637754,0.807742,0.6307482912922772,0.8116350914239916,0.6197498404917667,0.8353603198404763
2013-02-28 23:53:53,train,0.637754,0.807515,0.6312762943412505,0.8116188674298273,0.6205489536744256,0.8144367964246657
2013-03-01 23:59:53,train,0.637254,0.807061,0.6330973980355925,0.814101413903019,0.617338779858891,0.814585552750759
2013-03-02 23:59:53,train,0.637004,0.807061,0.6369774630433674,0.8175702884549547,0.608155635520297,0.7938450896769894
2013-03-03 23:59:53,train,0.636754,0.806834,0.6409504622863673,0.8215425591108472,0.6110622943673346,0.8427640875834707
2013-03-04 23:59:53,train,0.636504,0.806607,0.645405429767845,0.8251199093921877,0.6193823953597174,0.8118329117691759
2013-03-05 23:59:53,train,0.636254,0.80638,0.6488705607814309,0.8294195236295906,0.6201723233102997,0.8442971102239555
2013-03-06 23:59:53,train,0.636004,0.806153,0.6498128653404633,0.8318351771248745,0.6152379353334396,0.8296512549586748
2013-03-07 23:59:53,train,0.635754,0.805927,0.6491244327807983,0.832564317090661,0.6175914932906941,0.7768873630318163
2013-03-08 23:59:53,train,0.635504,0.8057,0.6498792905031907,0.8341201017016724,0.6249969620075799,0.7914978493333269
2013-03-09 23:59:53,train,0.635254,0.805473,0.6487442521281142,0.8335003997055712,0.5885113890897188,0.814682938083059
2013-03-10 23:59:53,train,0.635004,0.805246,0.6496821071290532,0.8320064365676756,0.6384536128584403,0.8001523626402827
2013-03-11 23:59:53,train,0.634754,0.805019,0.6477245805219999,0.828084544909403,0.6114030999363192,0.8405961333441354
2013-03-12 23:59:53,train,0.634504,0.804792,0.6482095943669032,0.8277835573073921,0.6023411544220317,0.7958884847425475
2013-03-13 23:59:53,train,0.634254,0.804565,0.6449226125173583,0.825391041177814,0.6108645712910659,0.812421799748901
2013-03-14 23:59:53,train,0.634004,0.804338,0.6411560211762044,0.8219382649766099,0.6130018160371457,0.8115612412020179
2013-03-15 23:59:53,train,0.633754,0.804111,0.6405814498976196,0.821061633963533,0.5962325877857458,0.8210236367663667
2013-03-16 23:59:53,train,0.633504,0.803884,0.6366616259616243,0.8171738504732493,0.6024390052963736,0.8147684497143581
2013-03-17 23:59:53,train,0.633254,0.803657,0.6341913128225638,0.8148266500532396,0.6139208435553011,0.7881626609312263
2013-03-18 23:59:53,train,0.633004,0.80343,0.628531211721525,0.8105902155907507,0.6248734508097817,0.8055937657307934
2013-03-19 23:59:53,train,0.632754,0.803203,0.6282932556040821,0.8101740313130438,0.6137110699184267,0.8074281599573087
2013-03-20 23:59:53,train,0.632504,0.802976,0.6252096387968359,0.807362558829155,0.609908933852457,0.8121584052321993
2013-03-21 23:59:53,train,0.632254,0.80275,0.6232591748628311,0.8063684596534902,0.6187663673646762,0.8210033007846473
2013-03-22 23:59:53,train,0.632004,0.802523,0.6221326050045463,0.8057892868553309,0.6128060306830206,0.8098436328284355
2013-03-23 23:59:53,train,0.631755,0.802296,0.6205045299374996,0.8035112070024821,0.5961717378338126,0.8086799362338628
2013-03-24 23:59:53,train,0.631504,0.802069,0.6209301590721701,0.8040172319216533,0.6236717878501149,0.8141252026351401
2013-03-25 23:59:53,train,0.631254,0.801842,0.6208197622157559,0.805108468542131,0.6106462575755629,0.8184105123241666
2013-03-26 23:53:53,train,0.631254,0.801615,0.6208644284128274,0.8059128232843847,0.6148395438044842,0.817839532467433
2013-03-27 23:59:53,train,0.630755,0.801161,0.6227950187011582,0.8076065874162507,0.6099265391541187,0.7847439728298291
2013-03-28 23:59:53,train,0.630505,0.801161,0.6247101742613625,0.8093780265203864,0.6240141489825312,0.794438852885954
2013-03-29 23:59:53,train,0.630255,0.800934,0.6269666578805336,0.8112247806439986,0.6136112328717934,0.7991798456156113
2013-03-30 23:53:53,train,0.630255,0.800707,0.6291418481336387,0.8126417666988309,0.5992250297284349,0.8092405938104289
2013-03-31 23:59:53,train,0.629755,0.800253,0.6327156748215889,0.8156044249795494,0.6279718837689445,0.8204524207227649
2013-04-01 23:59:53,train,0.629505,0.800253,0.6367075326875594,0.8198663527896227,0.6197512284459842,0.7976961281028457
2013-04-02 23:59:53,train,0.629255,0.800026,0.6403550071892388,0.8233577001440012,0.6081544249448084,0.8152898235798621
2013-04-03 23:59:53,train,0.629005,0.799799,0.6420731920962576,0.8273951766682477,0.6085966957000455,0.7858820900066656
2013-04-04 23:59:53,train,0.628755,0.799572,0.6427879377352387,0.8304962075938966,0.6063348782516919,0.7959207548394345
2013-04-05 23:59:53,train,0.628505,0.799346,0.6447436856988482,0.8311873047840702,0.6194861759817606,0.811249401996542
2013-04-06 23:59:53,train,0.628255,0.799119,0.6462038492514742,0.8327716803397633,0.6125896361604751,0.8169176065513135
2013-04-07 23:59:53,train,0.628005,0.798892,0.6474408875487633,0.8320543649100186,0.5934928588890566,0.8142070513679492
2013-04-08 23:59:53,train,0.627755,0.798665,0.6471189459711654,0.8297127039225066,0.6065535041517001,0.8199607132718588
2013-04-09 23:59:53,train,0.627505,0.798438,0.643475475688909,0.8269020805480809,0.6302051146097198,0.8131705940921099
2013-04-10 23:59:53,train,0.627255,0.798211,0.6387065435588936,0.8219887829028966,0.5791534872661844,0.7973503933171384
2013-04-11 23:59:53,train,0.627005,0.797984,0.6342940427885861,0.8177469544539523,0.6051721732361904,0.8137454731965788
2013-04-12 23:53:53,train,0.627005,0.797757,0.6291254188193249,0.8147780083685099,0.6002997497499769,0.7894405843339056
2013-04-13 23:59:53,train,0.626505,0.797303,0.6273017014358208,0.8126572852774662,0.6101639421395965,0.7975473855296662
2013-04-14 23:59:53,train,0.626255,0.797303,0.6226811578372201,0.8082704332928689,0.6107507243244563,0.8086570605235291
2013-04-15 23:59:53,train,0.626005,0.797076,0.6211487054303625,0.8052592823905075,0.6056165579237531,0.8017050032172586
2013-04-16 23:59:53,train,0.625755,0.796849,0.6183985160170106,0.8034440598943351,0.5983500276036203,0.8133925554864608
2013-04-18 00:05:53,train,0.625505,0.796395,0.6129266124107698,0.7993785086516154,0.5964688025326469,0.7719032110964316
2013-04-18 23:59:53,train,0.625255,0.796395,0.6107294677597596,0.7979630950117564,0.6211359339261809,0.7933753843462646
2013-04-19 23:59:53,train,0.625005,0.796169,0.6130361459074446,0.7978658166986973,0.6001968255154843,0.7922219681402449
2013-04-20 23:59:53,train,0.624755,0.795942,0.6145242568858419,0.799003197729881,0.6149394304059761,0.8090336634866513
2013-04-21 23:59:53,train,0.624505,0.795715,0.6139719698381084,0.7985019040236337,0.6115760369947923,0.7814473240270668
2013-04-22 23:53:53,train,0.624505,0.795488,0.6140573815592726,0.7989195288392213,0.6104375930009257,0.781713527644414
2013-04-23 23:59:53,train,0.624005,0.795034,0.6149220581368156,0.8006388411184169,0.60419280973183,0.8127353493349035
2013-04-24 23:59:53,train,0.623755,0.795034,0.6170979349068293,0.8031903420344668,0.618054477776581,0.7861037915744628
2013-04-25 23:59:53,train,0.623505,0.794807,0.6204756847746906,0.8079263554628457,0.5939050436125295,0.7767093190280059
2013-04-26 23:59:53,train,0.623255,0.79458,0.6232809641868907,0.8105628228238839,0.6089946370844878,0.818922579374899
2013-04-27 23:59:53,train,0.623005,0.794353,0.629187906882259,0.8161911380272973,0.6160148025268253,0.821273978371751
2013-04-28 23:53:53,train,0.623005,0.794126,0.6346186900380869,0.8206973881535793,0.5972858044530375,0.8082940540375232
2013-04-29 23:59:53,train,0.622505,0.793672,0.640167405469681,0.8257816984227465,0.6110497503507734,0.8015294272797185
2013-04-30 23:59:53,train,0.622255,0.793672,0.640912737259813,0.8281096386012735,0.602633605691275,0.8012835178279722
2013-05-01 23:59:53,train,0.606464,0.793445,0.6419789087296318,0.8292576837910155,0.6071924036959458,0.8003279007688756
2013-05-02 23:59:53,train,0.606233,0.787083,0.63415097990238,0.8275015115917984,0.5849886109880706,0.7694576069091856
2013-05-03 23:59:53,train,0.606003,0.786957,0.6339536156379564,0.8231465215353598,0.6148921317770837,0.7754924142096283
2013-05-04 23:59:53,train,0.605772,0.786831,0.631295363114551,0.8192447159094188,0.6136835856233941,0.7973700764286709
2013-05-05 23:59:53,train,0.605542,0.786705,0.6297245164021826,0.8180165934580507,0.6012503349382734,0.8208385401771044
2013-05-06 23:59:53,train,0.605311,0.78658,0.6260080053078751,0.8150471950792039,0.604867037929629,0.8091045232446729
2013-05-07 23:59:53,train,0.605081,0.786454,0.6233902767408818,0.8122178445156052,0.5929911804151959,0.778900056980112
2013-05-08 23:59:53,train,0.60485,0.786328,0.6189904257055403,0.8088278035449576,0.597666813709316,0.7981577556332909
2013-05-09 23:59:53,train,0.60462,0.786202,0.6156992396497527,0.8043046256884763,0.5979446401617001,0.7614429815817674
2013-05-10 23:59:53,train,0.604389,0.786076,0.6133012679360558,0.801924512757186,0.6019178264846979,0.7579971498120834
2013-05-11 23:59:53,train,0.604159,0.78595,0.6156518506168497,0.8028214288706622,0.5940882690121005,0.7683088837634144
2013-05-12 23:59:53,train,0.603928,0.785824,0.6176331323655662,0.8052322478960098,0.6058953613993963,0.791244984715427
2013-05-13 23:59:53,train,0.603697,0.785698,0.6193905250254318,0.8090983887121748,0.5919494310028598,0.7978270764500471
2013-05-14 23:59:53,train,0.603467,0.785572,0.6243170760614398,0.8144279355387494,0.581543412057393,0.7805365628330134
2013-05-15 23:59:53,train,0.603236,0.785446,0.6271050723156918,0.8191392771124333,0.568285049488803,0.7336940446531051
2013-05-16 23:59:53,train,0.603006,0.78532,0.6262146025876892,0.8190456946991062,0.5766715233245137,0.7651169639785408
2013-05-17 23:59:53,train,0.602775,0.785194,0.6255028322167572,0.8175285929461096,0.5941400849946981,0.7801946941672672
2013-05-18 23:59:53,train,0.602545,0.785068,0.6218612717370736,0.8118633101741967,0.594996177478669,0.7963216408814703
2013-05-19 23:59:53,train,0.602314,0.784942,0.6159981757157399,0.8047547618850915,0.5816185215533772,0.7870909089974067
2013-05-20 23:59:53,train,0.602084,0.784816,0.612174573643298,0.7994328385250293,0.5941500892126427,0.799978511040659
2013-05-21 23:59:53,train,0.601853,0.78469,0.6138642188206554,0.7997932022912565,0.5995342750620445,0.7672022087962791
2013-05-22 23:59:53,train,0.601623,0.784564,0.6130589067170036,0.8007612487743738,0.5808893012244191,0.8108969501269977
2013-05-23 23:59:53,train,0.601392,0.784438,0.6122688999747943,0.802775014283791,0.5939142002018616,0.7633098360618658
2013-05-24 23:59:53,train,0.601161,0.784312,0.6130507671265608,0.8059350526488719,0.5864597244124156,0.7483724282382829
2013-05-25 23:59:53,train,0.600931,0.784186,0.6160132789331066,0.8093163734587966,0.5795279356287434,0.7945144833913225
2013-05-26 23:59:53,train,0.6007,0.78406,0.6181917869904557,0.8110594222405301,0.58867599250483,0.7356396553398407
2013-05-27 23:59:53,train,0.60047,0.783935,0.6176820822343659,0.8102273973981088,0.5968113369783943,0.7796260145329983
2013-05-28 23:59:53,train,0.600239,0.783809,0.6175402549470352,0.808923586112672,0.57967489887592,0.7643480596931107
2013-05-29 23:59:53,train,0.600009,0.783683,0.6168363931473376,0.8072932743059638,0.5794402729115286,0.767128861129189
2013-05-30 23:59:53,train,0.599778,0.783557,0.6138410926047557,0.8055494323790169,0.5798276962299598,0.7814200706170065
2013-05-31 23:59:53,train,0.599548,0.783431,0.6108811220418342,0.8049161808418442,0.5900896787811418,0.7712437639142947
2013-06-01 23:59:53,train,0.599317,0.783305,0.608278392398646,0.802127076895572,0.5833856599343072,0.7726535763835592
2013-06-02 23:59:53,train,0.599087,0.783179,0.6067959629383666,0.7996461770589784,0.5896998730491444,0.7581425518857348
2013-06-03 23:59:53,train,0.598856,0.783053,0.6044500401612896,0.7957887716169492,0.5847192200370186,0.7733364945570719
2013-06-04 23:59:53,train,0.598626,0.782927,0.6037868627268177,0.7944815392742445,0.5803127493779286,0.8046635646112116
2013-06-05 23:59:53,train,0.598395,0.782801,0.601254353896885,0.7906190713287308,0.6005124607707328,0.780681627250613
2013-06-06 23:59:53,train,0.598164,0.782675,0.5995635785450228,0.7898595044395607,0.591177593812757,0.8084489097138013
2013-06-07 23:59:53,train,0.597934,0.782549,0.5981394612307889,0.7907571816894244,0.5779990093165843,0.793064443583969
2013-06-08 23:59:53,train,0.597703,0.782423,0.5977560563232552,0.7921734640711935,0.5699710042266969,0.7912848150624084
2013-06-09 23:59:53,train,0.597473,0.782297,0.6006147236226251,0.7952435305333362,0.5951686293880392,0.8025126861441608
2013-06-10 23:59:53,train,0.597242,0.782171,0.6004365862394733,0.7967572669667942,0.5692477066160604,0.7756891869005779
2013-06-11 23:59:53,train,0.597012,0.782045,0.6004108443147677,0.797468016444553,0.5927681846821083,0.7958077403950072
2013-06-12 23:59:53,train,0.596781,0.781919,0.5995897507503225,0.795986033554519,0.5794442412196014,0.7776402961061045
2013-06-13 23:59:53,train,0.596551,0.781793,0.6004917592341523,0.794514496950244,0.5707349922357652,0.7874134862085221
2013-06-14 23:59:53,train,0.59632,0.781667,0.6005062853767925,0.7936475231446575,0.5815272151974449,0.7845161873564953
2013-06-15 23:59:53,train,0.59609,0.781541,0.6007375824458375,0.7924014429299348,0.5923851684003657,0.7979642550973326
2013-06-16 23:59:53,train,0.595859,0.781415,0.6029681775752822,0.7934201556330409,0.5787872997204135,0.7904410461612466
2013-06-17 23:59:53,train,0.595628,0.78129,0.6038504086224885,0.7965041088885554,0.5771314223724007,0.7955989718889184
2013-06-18 23:59:53,train,0.595398,0.781164,0.6048225516045562,0.7998365218518202,0.5878828768217264,0.7949530237949197
2013-06-19 23:59:53,train,0.595167,0.781038,0.606596809140217,0.8041128984141743,0.5850137605441639,0.7861887361524931
2013-06-21 00:05:53,train,0.594937,0.780786,0.6110010387792789,0.8077849066183183,0.5755392768396121,0.7640480631471076
2013-06-21 23:59:53,train,0.594706,0.780786,0.6104701147123298,0.8073552351532485,0.5788374289375537,0.7594288164463372
2013-06-22 23:59:53,train,0.594476,0.78066,0.6107923208085945,0.8059814348645353,0.6002875307762775,0.7683647776335664
2013-06-23 23:59:53,train,0.594245,0.780534,0.6120189271227605,0.8035394093829497,0.5712592111057263,0.7851999847194724
2013-06-24 23:59:53,train,0.594015,0.780408,0.6073133390890073,0.8005310520115955,0.5781075762899749,0.818911461600168
2013-06-25 23:59:53,train,0.593784,0.780282,0.6036807957033863,0.7983710292463545,0.5881772666634252,0.7931713883580327
2013-06-26 23:59:53,train,0.593554,0.780156,0.6004018096099553,0.7964942908531142,0.5725187289895549,0.7979843135485047
2013-06-27 23:59:53,train,0.593323,0.78003,0.5978420067639773,0.795769637196077,0.5847048302859794,0.7552262547769467
2013-06-28 23:59:53,train,0.593092,0.779904,0.5974808895686482,0.794868633180937,0.5709889121100039,0.7762787037703197
2013-06-29 23:59:53,train,0.592862,0.779778,0.5976458193878594,0.7933162556085912,0.5737011794660296,0.7755182868168984
2013-06-30 23:59:53,train,0.592631,0.779652,0.5955460062237359,0.7908910127570914,0.5739299945909121,0.7882665311740981
2013-07-01 23:59:53,train,0.592401,0.779526,0.5948195718377464,0.7892095204208869,0.5633928346346943,0.8045814704169227
2013-07-02 23:59:53,train,0.59217,0.7794,0.5941615039325815,0.7867695168248595,0.5854773893563708,0.7790741542032634
2013-07-03 23:59:53,train,0.59194,0.779274,0.5966553761751531,0.7888812513647876,0.578282688536152,0.7874756477718728
2013-07-04 23:59:53,train,0.591709,0.779148,0.5990567073442696,0.7928075646685895,0.5748246409237672,0.7867894292371361
2013-07-05 23:59:53,train,0.591479,0.779022,0.5984096872058922,0.7953005175651499,0.5596483644191197,0.7736355586273366
2013-07-06 23:59:53,train,0.591248,0.778896,0.6005941802350638,0.7990526079933323,0.566063857654215,0.7959924890533132
2013-07-07 23:59:53,train,0.591018,0.77877,0.6012685147073992,0.7999946851103032,0.5681686314884641,0.7981144370176879
2013-07-08 23:59:53,train,0.590787,0.778644,0.6005524182593652,0.8002867067743519,0.5830836682420527,0.774754527286277
2013-07-09 23:59:53,train,0.590557,0.778518,0.5980634471082803,0.7963020085728705,0.562849052428049,0.7637154023778298
2013-07-10 23:59:53,train,0.590326,0.778393,0.5987533482654592,0.794507904178107,0.5782906993805397,0.7989442871324345
2013-07-11 23:59:53,train,0.590095,0.778267,0.5982301622969138,0.791262176500043,0.5754128679796789,0.7859000292153404
2013-07-12 23:59:53,train,0.589865,0.778141,0.5945431206438869,0.7877390663904394,0.5962866207211418,0.7770790117274919
2013-07-13 23:59:53,train,0.589634,0.778015,0.5944168992800266,0.7880872713924003,0.5883579087803033,0.8038055638388295
2013-07-14 23:59:53,train,0.589404,0.777889,0.5956670198410126,0.7907559419395522,0.5851022771578244,0.7961676212060375
2013-07-15 23:59:53,train,0.589173,0.777763,0.5983741932188511,0.7950759654560994,0.5668375595264805,0.7644038524612863
2013-07-16 23:59:53,train,0.588943,0.777637,0.599259602364988,0.7976205193008136,0.5683258654125298,0.7999482126138271
2013-07-17 23:59:53,train,0.588712,0.777511,0.6011501714055463,0.8001711797043016,0.5706185455044019,0.7583623531552595
2013-07-18 23:59:53,train,0.588482,0.777385,0.6045028301268076,0.8044710294286689,0.5658030307682324,0.8154580432843105
2013-07-19 23:59:53,train,0.588251,0.777259,0.6052925695410701,0.8046186895473647,0.5734243772122422,0.7525654986490354
2013-07-20 23:59:53,train,0.588021,0.777133,0.6062003993071297,0.8033542251248585,0.5741266078091506,0.7258156261292974
2013-07-21 23:59:53,train,0.58779,0.777007,0.6032564767072199,0.8018508248202872,0.5690914593072056,0.7561890269468813
2013-07-22 23:59:53,train,0.587559,0.776881,0.5992642095300105,0.7984482472823111,0.5820218415511303,0.7672267103485699
2013-07-23 23:59:53,train,0.587329,0.776755,0.5983541962707747,0.7974588762729908,0.5716979760862173,0.7674089609339236
2013-07-24 23:59:53,train,0.587098,0.776629,0.5958319977166813,0.7946914242644391,0.5644762423015753,0.7697835085774241
2013-07-25 23:59:53,train,0.586868,0.776503,0.5928713336933856,0.7918688846644238,0.5682966034174176,0.7715796927130442
2013-07-26 23:59:53,train,0.586637,0.776377,0.5904791552817407,0.7886807960631607,0.5773817905974099,0.7580539871994548
2013-07-27 23:59:53,train,0.586407,0.776251,0.5882315861101374,0.785856441595369,0.56981899110073,0.7726793161349398
2013-07-28 23:59:53,train,0.586176,0.776125,0.5892999999384151,0.7855567437146285,0.5836013464052325,0.7712199723445666
2013-07-29 23:59:53,train,0.585946,0.775999,0.5870834140041145,0.7844251021518099,0.5725198672448183,0.7673008610526529
2013-07-30 23:59:53,train,0.585715,0.775873,0.5879242286739615,0.7852866422888558,0.5732231646652948,0.7563637686453812
2013-07-31 23:59:53,train,0.585485,0.775748,0.589799125337425,0.787846319521017,0.5805609585282583,0.7651497620680467
2013-08-01 23:59:53,test,0.585254,0.775622,0.5931428487406509,0.7924707082572678,0.5823087008664513,0.7770866799660028
2013-08-02 23:59:53,test,0.585023,0.775496,0.5934953684808458,0.7940625121965754,0.5635702484630055,0.7762657602049327
2013-08-03 23:59:53,test,0.584793,0.77537,0.592168073602877,0.7939191297230125,0.5729409815988304,0.7685097706997758
2013-08-04 23:59:53,test,0.584562,0.775244,0.5928314575538634,0.7949002221005679,0.5776787073714801,0.783485142738067
2013-08-05 23:59:53,test,0.584332,0.775118,0.5912035414660343,0.7920842088649765,0.5608461068559568,0.7658691763021565
2013-08-06 23:59:53,test,0.584101,0.774992,0.5899633343136875,0.789826654136256,0.5704784817608738,0.7656195332631064
2013-08-07 23:59:53,test,0.583871,0.774866,0.588187645974822,0.7863143370584061,0.5559166557493851,0.770328204749099
2013-08-08 23:59:53,test,0.58364,0.77474,0.5840655277818553,0.7822625014871019,0.5761178678908494,0.7736578423054128
2013-08-09 23:59:53,test,0.58341,0.774614,0.5839647957053586,0.7809306070947394,0.5859465986447989,0.7543766199020249
2013-08-10 23:59:53,test,0.583179,0.774488,0.5854517078797732,0.7819706501921176,0.5701075090852916,0.7441989816638728
2013-08-11 23:59:53,test,0.582949,0.774362,0.5863983474883111,0.7835208346982716,0.5651060492745843,0.748493076749253
2013-08-12 23:59:53,test,0.582718,0.774236,0.5865000965108801,0.7864702391180589,0.5620989842897685,0.753593753297745
2013-08-13 23:59:53,test,0.582487,0.77411,0.5906752787876893,0.7912001438421904,0.5811896794685739,0.7808625728861125
2013-08-14 23:59:53,test,0.582257,0.773984,0.5939224342453647,0.7949387012386935,0.5602508562146788,0.7595193147150033
2013-08-15 23:59:53,test,0.648445,0.773858,0.5985261278592732,0.7996185829353433,0.5571422726878608,0.7340745213773415
2013-08-16 23:59:53,test,0.648263,0.814956,0.6465561596654578,0.8581705402609899,0.6258524756071436,0.8237025489281184
2013-08-17 23:59:53,test,0.648082,0.815217,0.6472040683919034,0.8583742543952196,0.6052205919054463,0.8326980180554531
2013-08-18 23:59:53,test,0.6479,0.815477,0.6472141465038919,0.8580235048920535,0.6174109099864425,0.7962120761531076
2013-08-19 23:59:53,test,0.647718,0.815738,0.6476824470241127,0.8573648143443663,0.6369706385107262,0.8055264169763251
2013-08-20 23:59:53,test,0.647537,0.815999,0.6452909283559057,0.8532278123619533,0.6337283772537088,0.8233127809027361
2013-08-21 23:59:53,test,0.647355,0.81626,0.6406651865874954,0.850318738428711,0.6181075630541333,0.8646810824493136
2013-08-22 23:59:53,test,0.647174,0.81652,0.6396177678563406,0.8490418949318316,0.6111693501067115,0.8418209997310825
2013-08-23 23:59:53,test,0.646992,0.816781,0.6358314250611522,0.8461007016747353,0.5997617634270269,0.8378784032085822
2013-08-24 23:59:53,test,0.64681,0.817042,0.6323954603884405,0.8430597430482114,0.6155077788634273,0.8257108279354589
2013-08-25 23:59:53,test,0.646629,0.817303,0.6311093420311615,0.8420107430486748,0.618671454056866,0.8179906599597127
2013-08-26 23:59:53,test,0.646447,0.817563,0.6308798668776807,0.8417685805972052,0.6185820181711376,0.8500263063764838
2013-08-27 23:59:53,test,0.646266,0.817824,0.6317718113470686,0.8423037144953133,0.6104139989446549,0.8303127539270775
2013-08-28 23:59:53,test,0.646084,0.818085,0.633291854388298,0.8455039605185005,0.6069642432142094,0.8504424376203646
2013-08-29 23:59:53,test,0.645903,0.818346,0.6345413275628536,0.8489507595396586,0.6243990697065183,0.8137402357878464
2013-08-30 23:59:53,test,0.645721,0.818606,0.6356493843534803,0.8517820133267283,0.5981473132507655,0.8066385779666629
2013-08-31 23:59:53,test,0.645539,0.818867,0.634818160352196,0.8522455218793661,0.5909686561919177,0.8175357010690866
2013-09-01 23:59:53,test,0.645358,0.819128,0.6339938545014191,0.8497870694852208,0.5953156680980098,0.8523543857060673
2013-09-02 23:59:53,test,0.645176,0.819389,0.6337773704800308,0.8476626386332478,0.6030069561595222,0.810976188185334
2013-09-03 23:59:53,test,0.644995,0.819649,0.6323955186890474,0.8438980291590834,0.60646358538259,0.8328055713183696
2013-09-04 23:59:53,test,0.644813,0.81991,0.627369726961935,0.8390533290904187,0.6206492255174741,0.8330175992339288
2013-09-05 23:59:53,test,0.644631,0.820171,0.6249890022575939,0.8367193367230644,0.6279409499364383,0.8522950703485288
2013-09-06 23:59:53,test,0.64445,0.820432,0.6243441178327214,0.835352196686441,0.6060652010898795,0.8283461017552258
2013-09-07 23:59:53,test,0.644268,0.820692,0.6240226306681039,0.8367820850473859,0.605287472305963,0.8345097687805945
2013-09-08 23:59:53,test,0.644087,0.820953,0.6243651886910698,0.8386365429235413,0.6233771199673064,0.8349987036424054
2013-09-09 23:59:53,test,0.643905,0.821214,0.6262969583800311,0.8422036893211041,0.6132904352399897,0.8264579308596933
2013-09-10 23:59:53,test,0.643723,0.821475,0.6284612957906556,0.8457435828000297,0.5974291496332568,0.8044785293659373
2013-09-11 23:59:53,test,0.643542,0.821735,0.6302513034055429,0.846767930812414,0.6223514658232971,0.8493349742739357
2013-09-12 23:59:53,test,0.64336,0.821996,0.6294965008111881,0.8465567704152936,0.6112828205638655,0.8490273075310181
2013-09-13 23:59:53,test,0.643179,0.822257,0.6294968843596663,0.8456518840017054,0.5975925311881235,0.8110719733633542
2013-09-14 23:59:53,test,0.642997,0.822518,0.6256731649663768,0.8422078547702083,0.6131794144817097,0.7930397289026365
2013-09-15 23:59:53,test,0.642815,0.822778,0.6230620770764806,0.8397373370658285,0.6112708811336963,0.8171006439799541
2013-09-16 23:59:53,test,0.642634,0.823039,0.6222992054019982,0.8370193162757069,0.6285959175846296,0.8232072214742203
2013-09-17 23:59:53,test,0.642452,0.8233,0.6215021759775672,0.8361273670897422,0.6064918585891539,0.840719766613874
2013-09-18 23:59:53,test,0.642271,0.823561,0.6214695289803966,0.8344493132023321,0.5970623193289216,0.855943790138245
2013-09-19 23:59:53,test,0.642089,0.823821,0.6224873613251299,0.8365329652417833,0.601387011954893,0.8435046100565423
2013-09-20 23:59:53,test,0.641908,0.824082,0.6256379450636099,0.8387591179280255,0.6164012667973945,0.818757475699625
2013-09-21 23:59:53,test,0.641726,0.824343,0.6272711431436103,0.8418951380537449,0.624731141539457,0.8286154417416738
2013-09-22 23:59:53,test,0.641544,0.824603,0.6295986460828538,0.8462798924394748,0.6084558435013376,0.8200301070666156
2013-09-23 23:59:53,test,0.641363,0.824864,0.6324771191425106,0.8498394464656173,0.6259589265213167,0.8280848158328156
2013-09-24 23:59:53,test,0.641181,0.825125,0.6363347336699913,0.8542277671626846,0.5997207354138513,0.8309367239202224
2013-09-25 23:59:53,test,0.641,0.825386,0.6371656657367828,0.8559823333736754,0.60854662111361,0.8602542865401034
2013-09-26 23:59:53,test,0.640818,0.825646,0.6359414986740645,0.8560759258900723,0.6033950504311127,0.8364465356566497
2013-09-27 23:59:53,test,0.640636,0.825907,0.6317160039436173,0.8508029684816341,0.6054393452698158,0.79359778147504
2013-09-28 23:59:53,test,0.640455,0.826168,0.6273478966115708,0.8473735632471846,0.610443455695647,0.8645932746122625
2013-09-29 23:59:53,test,0.640273,0.826429,0.6272946867220068,0.8442656428058499,0.593369382885417,0.8153065190185529
2013-09-30 23:59:53,test,0.640092,0.826689,0.6252483720135439,0.8405911754009951,0.6171359449999756,0.8524933202978369
2013-10-01 23:59:53,test,0.63991,0.82695,0.6192587318114519,0.8363594057059828,0.5865628650828684,0.8211903191018176
2013-10-03 23:59:53,test,0.639547,0.827472,0.6225757208903302,0.8376346219533695,0.5963180928394444,0.8491059544211029
2013-10-04 23:59:53,test,0.639365,0.827732,0.622424196842831,0.8397471419198799,0.6016174590304728,0.81177003155062
2013-10-05 23:59:53,test,0.639184,0.827993,0.622135288913458,0.8411998628209558,0.6164354674848547,0.8255413763845609
2013-10-06 23:59:53,test,0.639002,0.828254,0.6236464463927589,0.8427694317823382,0.5923877216875413,0.8514135321564258
2013-10-07 23:59:53,test,0.638821,0.828515,0.6259060414706035,0.8456974412234833,0.6074766248350689,0.8092030030955975
2013-10-08 23:59:53,test,0.638639,0.828775,0.6288500809480096,0.8475389389186965,0.60450920516841,0.8146623926817066
2013-10-09 23:59:53,test,0.638457,0.829036,0.6305590023979695,0.8477399798594561,0.6139036525814247,0.8158525694502852
2013-10-10 23:59:53,test,0.638276,0.829297,0.6319396573470886,0.8482827549824576,0.6066264718623545,0.8513073530944496
2013-10-11 23:59:53,test,0.638094,0.829558,0.6292784238948486,0.846657219451943,0.5974199613357598,0.7938620245809153
2013-10-12 23:59:53,test,0.637913,0.829818,0.6284262584149194,0.8456201396980838,0.6117995029314266,0.8281321895528655
2013-10-13 23:59:53,test,0.637731,0.830079,0.6290943710466474,0.8439493848093509,0.5829460455274813,0.810656234232162
2013-10-14 23:59:53,test,0.637549,0.83034,0.6245140391288801,0.8400222085436974,0.587510138706998,0.8302324785223116
2013-10-15 23:59:53,test,0.637368,0.830601,0.6280240279081306,0.8425392486321552,0.6033933803193067,0.8492357448566606
2013-10-16 23:59:53,test,0.637186,0.830861,0.6256141095295619,0.8409138748072134,0.6256817782581154,0.8385292597281551
2013-10-17 23:59:53,test,0.637005,0.831122,0.6274721128623455,0.8421162444582243,0.6048994339859705,0.8275766574113851
2013-10-18 23:59:53,test,0.636823,0.831383,0.6249081202888621,0.84217307460235,0.5918541582323401,0.8007408758488744
2013-10-19 23:59:53,test,0.636641,0.831644,0.6285041790636319,0.847825384082744,0.5971219873993947,0.8451713704284773
2013-10-20 23:59:53,test,0.63646,0.831904,0.6311545624030955,0.8506317507619456,0.603889936136226,0.8393821353816886
2013-10-21 23:59:53,test,0.636278,0.832165,0.6340399210018126,0.8545721334115763,0.5780610950484145,0.8340737749688832
2013-10-22 23:59:53,test,0.636097,0.832426,0.6372342965374206,0.858259544535317,0.6062395830057221,0.8194053273001958
2013-10-23 23:59:53,test,0.635915,0.832687,0.6422892034474,0.8578439442376282,0.5997636335714818,0.7945695838640169
2013-10-24 23:53:53,test,0.635915,0.832947,0.6357762435633361,0.8569502967768499,0.5778964977195301,0.8275966715576799
2013-10-25 23:59:53,test,0.635552,0.833469,0.6339522372959249,0.8537013524924062,0.5783668398658711,0.8441123494975746
2013-10-26 23:59:53,test,0.63537,0.833469,0.6309463730153023,0.8493932112792602,0.5959729794372738,0.8195357079189286
2013-10-27 23:59:53,test,0.635189,0.83373,0.6301023244592745,0.8463902732521434,0.6165321837091233,0.828188163076907
2013-10-28 23:59:53,test,0.635007,0.83399,0.6256706361191776,0.8425465263015383,0.5806429338568161,0.831278563043969
2013-10-29 23:59:53,test,0.634826,0.834251,0.6252449408824444,0.8428461329945877,0.5972941821879719,0.8484358975254777
2013-10-30 23:59:53,test,0.634644,0.834512,0.6227369933441077,0.8427402144620764,0.6064718074131333,0.7868439240557499
2013-10-31 23:59:53,test,0.634462,0.834773,0.6228637532444848,0.8442370492569634,0.5780227044144364,0.8203752457110461
2013-11-01 23:59:53,holdout,0.634281,0.835033,0.6251489762748289,0.8470672604740787,0.5888440287171455,0.8336687566306266
2013-11-02 23:59:53,holdout,0.634099,0.835294,0.6265351913803616,0.8471631505242515,0.6033321375953417,0.8456145528776751
2013-11-03 23:59:53,holdout,0.633918,0.835555,0.6297790094619409,0.8472334836980555,0.6090613546615523,0.7883046919905314
2013-11-04 23:59:53,holdout,0.633736,0.835815,0.6300550020734677,0.8498515380713308,0.6089441671038054,0.8242464455347169
2013-11-05 23:59:53,holdout,0.633554,0.836076,0.6308141794670069,0.8498855178301854,0.5979036483254146,0.852774232961168
2013-11-06 23:59:53,holdout,0.633373,0.836337,0.6507400088067586,0.8830086439546222,0.6319240400627057,0.8341856903170606
2013-11-07 23:59:53,holdout,0.633191,0.836598,0.6476332798334591,0.8812119556822429,0.6084363486776232,0.8307263836799745
2013-11-08 23:59:53,holdout,0.63301,0.836858,0.6465862536040405,0.8804493807173612,0.6254270997333595,0.8723480725966563
2013-11-09 23:59:53,holdout,0.632828,0.837119,0.645504146251243,0.8775016669609843,0.6245510389735569,0.8829830666619006
2013-11-10 23:59:53,holdout,0.632646,0.83738,0.6444388310683962,0.8752517172112622,0.614051933592054,0.8715562740402808
2013-11-11 23:59:53,holdout,0.632465,0.837641,0.6430656824509593,0.8720742443454857,0.6114052903378657,0.8722213830330512
2013-11-12 23:59:53,holdout,0.632283,0.837901,0.6466107966224035,0.872745453760351,0.6390075680893571,0.8448220073814215
2013-11-13 23:59:53,holdout,0.632102,0.838162,0.6528906809156647,0.8781965077973477,0.6208646335818154,0.833927339872134
2013-11-14 23:59:53,holdout,0.63192,0.838423,0.6540181245993494,0.8854822100260097,0.6157143132706971,0.8291431162165241
2013-11-15 23:59:53,holdout,0.631738,0.838684,0.6612397811912691,0.8938814299875968,0.6018937601723373,0.8365033580710569
2013-11-16 23:59:53,holdout,0.631557,0.838944,0.6657019759595169,0.9011971452876396,0.622030212431096,0.8684581345421386
2013-11-17 23:59:53,holdout,0.631375,0.839205,0.6665582603981594,0.9023778510294154,0.6002417451983749,0.8182752215430754
2013-11-18 23:59:53,holdout,0.631194,0.839466,0.6645586772587007,0.9001556127290693,0.6306309864099756,0.8962743796398257
2013-11-19 23:59:53,holdout,0.631012,0.839727,0.658701169127615,0.894958411194975,0.6198498832041412,0.8271079255264558
2013-11-20 23:59:53,holdout,0.630831,0.839987,0.6519516803806774,0.8876464508242562,0.6051804265790525,0.8755217089342924
2013-11-21 23:59:53,holdout,0.630649,0.840248,0.6478797365854712,0.8824124680648934,0.6182033468110464,0.8826309267926706
2013-11-22 23:59:53,holdout,0.630467,0.840509,0.642367106261222,0.874581116676261,0.6376416734507561,0.8411303039338697
2013-11-23 23:59:53,holdout,0.630286,0.84077,0.6385430319684962,0.870028478073592,0.6294641606678321,0.8676747515633308
2013-11-24 23:59:53,holdout,0.630104,0.84103,0.6352124026605696,0.8668351357602636,0.6163596594361586,0.8688188257489768
2013-11-25 23:59:53,holdout,0.629923,0.841291,0.6311553117962084,0.8643202850778425,0.6264488898824428,0.8697639494787519
2013-11-26 23:59:53,holdout,0.629741,0.841552,0.6320383676410488,0.8652403350424741,0.6398399479730756,0.8684423755631906
2013-11-27 23:59:53,holdout,0.629559,0.841813,0.6364362080890584,0.8694164311434139,0.6141219794862715,0.8402996375693299
2013-11-28 23:59:53,holdout,0.629378,0.842073,0.6357865145087884,0.8706929761924517,0.602203029478937,0.8428110546110719
2013-11-29 23:59:53,holdout,0.629196,0.842334,0.6383611870040147,0.8729613820458856,0.6086349539299476,0.8369640768455987
2013-11-30 23:59:53,holdout,0.629015,0.842595,0.6409852452607869,0.8755383290279715,0.6110550885611012,0.8351746251574836
2013-12-01 23:59:53,holdout,0.628833,0.842856,0.6434795529156224,0.8777586924364134,0.6256615384372858,0.8606523819024746
2013-12-02 23:59:53,holdout,0.628651,0.843116,0.6432491968656125,0.8777193708222217,0.6283517355111723,0.8560547837304968
2013-12-03 23:59:53,holdout,0.62847,0.843377,0.643772008847436,0.8791478000008592,0.6111386166662539,0.8564926635361673
2013-12-04 23:59:53,holdout,0.628288,0.843638,0.644449698044881,0.8779292794896112,0.6248144289074372,0.8477496990010592
2013-12-05 23:59:53,holdout,0.628107,0.843899,0.6441314910104141,0.8787387358192559,0.5988944744728222,0.8731906122683541
2013-12-06 23:59:53,holdout,0.627925,0.844159,0.6427029268632469,0.8781084397920894,0.5949989649546485,0.862368368756081
2013-12-07 23:59:53,holdout,0.627744,0.84442,0.6432725356663405,0.8762268778556551,0.6086688683337862,0.8629651125859988
2013-12-08 23:59:53,holdout,0.627562,0.844681,0.6457613159644588,0.8788253912531717,0.6211787808895395,0.8383626117032693
2013-12-09 23:59:53,holdout,0.62738,0.844942,0.6500841382068986,0.8843122423588452,0.6141831878119958,0.8516400709878784
2013-12-10 23:59:53,holdout,0.627199,0.845202,0.6563563309441756,0.8903822647872918,0.6157993446110986,0.839107225006339
2013-12-11 23:59:53,holdout,0.627017,0.845463,0.6577644868558565,0.8939032644312976,0.6163209594107335,0.8393234778143821
2013-12-12 23:59:53,holdout,0.626836,0.845724,0.6604927749754735,0.8984835207621898,0.6210068138934591,0.8709138423264062
2013-12-13 23:59:53,holdout,0.626654,0.845985,0.6599841211649966,0.8997385301335478,0.5882893333063722,0.8515032012297171
2013-12-14 23:59:53,holdout,0.626472,0.846245,0.6608135174265282,0.8999776994274693,0.6114914741528258,0.8286115517703219
2013-12-15 23:59:53,holdout,0.626291,0.846506,0.6584716371252413,0.8985753806721613,0.5894215912371366,0.8016037541916772
2013-12-16 23:59:53,holdout,0.626109,0.846767,0.6549173296797697,0.8942200522877811,0.5790855446345106,0.8111463569916858
2013-12-17 23:59:53,holdout,0.625928,0.847027,0.6491666211683473,0.8873316342995227,0.5843181982444297,0.8286266065841738
2013-12-18 23:59:53,holdout,0.625746,0.847288,0.6441027776488683,0.8795077961989899,0.621996169351789,0.833672185222415
2013-12-19 23:59:53,holdout,0.625564,0.847549,0.6399460911314476,0.874066061277804,0.6244527893053241,0.8631285653808728
2013-12-20 23:59:53,holdout,0.625383,0.84781,0.6359364593094137,0.8701341345803769,0.591708136174693,0.8573376290429584
2013-12-21 23:59:53,holdout,0.625201,0.84807,0.6345365402322563,0.8697158568003697,0.6000262778013166,0.8461999587321926
2013-12-23 00:05:53,holdout,0.62502,0.848331,0.6342002615131629,0.8696771102573442,0.6095839159080491,0.8524636997716204
2013-12-23 23:59:53,holdout,0.624838,0.848592,0.6320422111818839,0.8700398655608071,0.6094147443174334,0.8430119798294515
2013-12-24 23:59:53,holdout,0.624656,0.848853,0.6321168487224376,0.8702859793341724,0.5902861446481746,0.8228241771424294
2013-12-25 23:59:53,holdout,0.624475,0.849113,0.6318420722302808,0.8705437418360308,0.610779378521599,0.8595652814646291
2013-12-26 23:59:53,holdout,0.624293,0.849374,0.6321397555357722,0.8717406530297452,0.598690887435913,0.8527103862865807
2013-12-27 23:59:53,holdout,0.624112,0.849635,0.6350992149910596,0.8726183278310076,0.5947693536554172,0.8294937253371483
2013-12-28 23:59:53,holdout,0.62393,0.849896,0.6346053123741916,0.8730723962064801,0.610666186373117,0.8466697323871725
2013-12-29 23:59:53,holdout,0.623749,0.850156,0.6359429986130952,0.8742091934153402,0.6118290972943238,0.8630318707751934
2013-12-30 23:59:53,holdout,0.623567,0.850417,0.633709038233174,0.8730135236615271,0.5884365432785582,0.8337428963656527
2013-12-31 23:59:53,holdout,0.623385,0.850939,0.6357976959918314,0.8742600558376386,0.5889157878675002,0.8279216904665613
2014-01-01 23:59:53,train,0.623204,0.850939,0.6358916146568488,0.8735966285639264,0.619582627717489,0.8485473082441337
2014-01-02 23:59:53,train,0.623022,0.851199,0.6408563780806186,0.8748668687907865,0.613849446303102,0.8503486450937267
2014-01-03 23:59:53,train,0.622841,0.85146,0.6408516445860966,0.8761089473757793,0.6173225822977664,0.8511214044716564
2014-01-04 23:59:53,train,0.622659,0.851721,0.6449514132318861,0.8797112091517951,0.6038328767541117,0.8370569006362125
2014-01-05 23:59:53,train,0.622477,0.851982,0.645853811599568,0.8834381394739439,0.6127939823036537,0.8335601282644466
2014-01-06 23:59:53,train,0.622296,0.852242,0.6442090792477735,0.8859604396450134,0.5966121019943297,0.818989413491696
2014-01-07 23:59:53,train,0.622114,0.852503,0.6459439065918641,0.8885095588680325,0.5950345168132126,0.8452767990967736
2014-01-08 23:59:53,train,0.621933,0.852764,0.6465661768007239,0.8899797653298467,0.6033245239896622,0.8487607339153194
2014-01-09 23:59:53,train,0.621751,0.853025,0.6496438340743147,0.8925531116403483,0.6121046942842087,0.822073581190733
2014-01-10 23:59:53,train,0.621569,0.853285,0.6499880643640809,0.8911028478089295,0.6002245083348986,0.8261610002809301
2014-01-11 23:59:53,train,0.621388,0.853546,0.649641391602332,0.8893114911995931,0.6169854717274945,0.8648028762273072
2014-01-12 23:59:53,train,0.621206,0.853807,0.6438528874523972,0.8864656479811215,0.6051635422282086,0.8273177115249957
2014-01-13 23:59:53,train,0.621025,0.854068,0.6387593192647841,0.8816278376687198,0.6014338909299384,0.8468749475088445
2014-01-14 23:59:53,train,0.620843,0.854328,0.6341054276947227,0.8763042054516544,0.5846999690262726,0.8647961865305541
2014-01-15 23:59:53,train,0.620661,0.854589,0.6296118306021254,0.8704887208600206,0.584010240078829,0.8535470827524404
2014-01-16 23:59:53,train,0.62048,0.85485,0.6280212335735181,0.8667100507381289,0.5891154995976841,0.8688864111991997
2014-01-17 23:59:53,train,0.620298,0.855111,0.6263964006536183,0.8653298291252888,0.6143465369139763,0.8237978582752477
2014-01-18 23:59:53,train,0.620117,0.855371,0.6261531402733153,0.865911502867582,0.5881133916996344,0.8466447229534653
2014-01-19 23:59:53,train,0.619935,0.855632,0.6283682975140212,0.8691914033743433,0.5917580026861822,0.8516813122765773
2014-01-20 23:59:53,train,0.619754,0.855893,0.6321091066072169,0.8739080039841967,0.5919789583403825,0.8219806970226649
2014-01-21 23:59:53,train,0.619572,0.856154,0.6356528821956425,0.8786261737928989,0.5968945651969346,0.8697892724163093
2014-01-22 23:59:53,train,0.61939,0.856414,0.6367015151285556,0.8809216292179965,0.5733904781738467,0.8138245075163097
2014-01-23 23:59:53,train,0.619209,0.856675,0.6368968749028684,0.8832151096183213,0.5780865733248219,0.8100253256635098
2014-01-24 23:59:53,train,0.619027,0.856936,0.6383567396057295,0.8853710786078858,0.5867717855207646,0.825600233512672
2014-01-25 23:59:53,train,0.618846,0.857197,0.633761803766036,0.8797376369688381,0.6074362231922638,0.8483392164153813
2014-01-26 23:59:53,train,0.618664,0.857457,0.6303160441333415,0.8758212088887791,0.5892401131386783,0.8574676402677979
2014-01-27 23:59:53,train,0.618482,0.857718,0.6272241536108508,0.8698864729881892,0.599949272083097,0.835524842406497
2014-01-28 23:59:53,train,0.618301,0.857979,0.6324512323713456,0.8696871292435165,0.6181469065560335,0.8402919074426557
2014-01-29 23:59:53,train,0.618119,0.858239,0.6315454704616867,0.8686981459514941,0.6129926968544519,0.8518595285904563
2014-01-30 23:59:53,train,0.617938,0.8585,0.631869722209446,0.8704024773465834,0.6279416452290728,0.8622457396879414
2014-01-31 23:59:53,train,0.617756,0.858761,0.6311456227922875,0.8729981853750335,0.59689249217019,0.847535907267089
2014-02-01 23:59:53,train,0.617574,0.859022,0.6376368591681072,0.8803082942280013,0.6023757495116471,0.8608679905518182
2014-02-02 23:59:53,train,0.617393,0.859282,0.6391076040917106,0.8845348088207514,0.5749906211216018,0.8180495239200178
2014-02-03 23:59:53,train,0.617211,0.859543,0.642478429597043,0.888556457828465,0.5854519226057715,0.8535508572677852
2014-02-04 23:59:53,train,0.61703,0.859804,0.6459825328367426,0.8914513250166793,0.5833189069466481,0.8273563778290565
2014-02-05 23:59:53,train,0.616848,0.860065,0.6451135014885131,0.8881979418547469,0.5928912796200386,0.8800734772639442
2014-02-06 23:59:53,train,0.616667,0.860325,0.6432020842441809,0.8859867384920113,0.5794617474738875,0.8592915224976152
2014-02-07 23:59:53,train,0.616485,0.860586,0.6416472123316151,0.8827860927470901,0.5966440258154341,0.8635530910504872
2014-02-08 23:59:53,train,0.616303,0.860847,0.6357685740381956,0.8806110489034077,0.5997409109530941,0.8463663213777533
2014-02-09 23:59:53,train,0.616122,0.861108,0.6314567889140942,0.8771008257541103,0.6127989899802411,0.8589544975448168
2014-02-10 23:59:53,train,0.61594,0.861368,0.6285866512520293,0.8755119654759983,0.6091981185959444,0.8303951263993669
2014-02-11 23:53:53,train,0.61594,0.861629,0.6320301082011558,0.874661730775781,0.6042380715981008,0.8896522379148349
2014-02-12 23:59:53,train,0.615577,0.862151,0.6287428439846603,0.871758737132778,0.593803624609902,0.848598033277431
2014-02-13 23:59:53,train,0.615395,0.862151,0.6272058987615886,0.8707966996841106,0.5901491755159478,0.8542696591615732
2014-02-14 23:59:53,train,0.615214,0.862411,0.62380248356336,0.8696101278525926,0.596270821523809,0.8680349431823556
2014-02-15 23:59:53,train,0.615032,0.862672,0.6237608372927619,0.8703853772580814,0.6000871753795483,0.8407208507031171
2014-02-16 23:53:53,train,0.615032,0.862933,0.6255533495638055,0.8728447138134545,0.6091902651853852,0.8312284830846364
2014-02-18 23:59:53,train,0.614487,0.863715,0.6252600393523433,0.8718272946505269,0.611349251345726,0.869973094309911
2014-02-19 23:59:53,train,0.614306,0.863715,0.6269966268913907,0.8735364561575765,0.6030622371557246,0.8465380335879396
2014-02-20 23:59:53,train,0.614124,0.863976,0.6267716882744646,0.8742885637126064,0.614456108790242,0.8204690582959382
2014-02-21 23:59:53,train,0.613943,0.864237,0.6267663275795395,0.8743505645690682,0.6043135761942864,0.8272343467753556
2014-02-22 23:59:53,train,0.613761,0.864497,0.6248127053071918,0.8740930716231291,0.584518510686325,0.8216197848257434
2014-02-23 23:59:53,train,0.61358,0.864758,0.6278822224926173,0.8759565175208555,0.5672094920576215,0.813772699505638
2014-02-24 23:59:53,train,0.613398,0.865019,0.6318101329006881,0.877668894508632,0.600250792419619,0.8650950329718378
2014-02-25 23:59:53,train,0.613216,0.86528,0.6396254615121975,0.8831687496839847,0.6009716824130426,0.8599543449220812
2014-02-26 23:59:53,train,0.613035,0.86554,0.642768679342523,0.8877814858724831,0.6190043797952399,0.8404603349448014
2014-02-27 23:53:53,train,0.613035,0.865801,0.6446486154141665,0.891304148436731,0.592266424923791,0.8634629460830283
2014-02-28 23:59:53,train,0.612672,0.866323,0.64000416548329,0.9304441343453012,0.5798600425016837,0.8566723711282093
2014-03-01 23:59:53,train,0.61249,0.866323,0.6627757070844041,0.9303202239653635,0.6072766410602,0.8503218956930205
2014-03-02 23:59:53,train,0.612308,0.866583,0.6622111346416819,0.9275474258944107,0.6158058570824031,0.8607095180729017
2014-03-03 23:59:53,train,0.612127,0.866844,0.6584138940330956,0.923069881031937,0.6312696027519683,0.9310531991563062
2014-03-04 23:53:53,train,0.612127,0.867105,0.6596737750697665,0.9220887477076597,0.6187286663663882,0.8743107690903383
2014-03-05 23:59:53,train,0.611764,0.867626,0.6562169071729215,0.9169057606295292,0.6413647174530825,0.886519091742511
2014-03-06 23:53:53,train,0.611764,0.867626,0.6535252892113095,0.9142891193292934,0.6339244849959157,0.9081256860506146
2014-03-07 23:59:53,train,0.6114,0.868148,0.6501008108039955,0.9108005397875937,0.5949361607411305,0.8995728714207829
2014-03-08 23:59:53,train,0.611219,0.868148,0.6454663081230416,0.9075115112976779,0.6128754327504714,0.8672521757267633
2014-03-09 23:59:53,train,0.611037,0.868409,0.6448305657152554,0.9065400522704118,0.5901755320750411,0.853902679746109
2014-03-10 23:59:53,train,0.610856,0.868669,0.6458989461920126,0.9089633663640381,0.6167325606932281,0.8573750136711278
2014-03-11 23:59:53,train,0.610674,0.86893,0.6437185075160379,0.9077802608094551,0.6082051500055351,0.8717069690656802
2014-03-12 23:59:53,train,0.610492,0.869191,0.6435439870451417,0.9080672297930066,0.6219680271635852,0.840404295455946
2014-03-13 23:59:53,train,0.610311,0.869451,0.6425332322683369,0.907686592520986,0.6059314439355825,0.8599904123064238
2014-03-14 23:59:53,train,0.610129,0.869712,0.6431692993921465,0.9092170760460523,0.615228119748937,0.8742408784925144
2014-03-15 23:59:53,train,0.609948,0.869973,0.6428885913523354,0.9083848134271956,0.6089101429113932,0.8629069801187564
2014-03-16 23:59:53,train,0.609766,0.870234,0.6432300820547484,0.9086403381907684,0.6007232887381132,0.8801756078032312
2014-03-17 23:59:53,train,0.609585,0.870494,0.6446183904211451,0.910946108728072,0.6268970572044054,0.8745378485883988
2014-03-18 23:59:53,train,0.609403,0.870755,0.6487604761694735,0.9133455936898665,0.609875270416926,0.8687539864413545
2014-03-19 23:59:53,train,0.609221,0.871016,0.6501211202324051,0.9146966079950207,0.6196858140959344,0.8396031765377798
2014-03-20 23:59:53,train,0.60904,0.871277,0.6496824663251887,0.9161744820628943,0.6053484813262785,0.8863468249041665
2014-03-21 23:59:53,train,0.608858,0.871537,0.6510936915577618,0.9179861330900918,0.6318759415460539,0.8963869429375085
2014-03-22 23:59:53,train,0.608677,0.871798,0.6509263836992977,0.9181003250020497,0.6046590122998078,0.9083056760880998
2014-03-23 23:59:53,train,0.608495,0.872059,0.652125274888978,0.9195181417776537,0.6239297191132114,0.8568779292266689
2014-03-24 23:59:53,train,0.608313,0.87232,0.6509974146455473,0.9190363316660409,0.6206318512951398,0.8924376619803515
2014-03-25 23:59:53,train,0.608132,0.87258,0.6541264026728715,0.9228351373800165,0.6243441735663064,0.9065798755074181
2014-03-26 23:59:53,train,0.60795,0.872841,0.6544401839300801,0.9234540858679018,0.6235449320555245,0.8763570775740392
2014-03-27 23:59:53,train,0.607769,0.873102,0.6528452412949488,0.9212837306913784,0.6188348561018775,0.8695220423932006
2014-03-28 23:59:53,train,0.607587,0.873363,0.6546195330050975,0.9229823240136958,0.6065325186288698,0.8372436428436115
2014-03-29 23:59:53,train,0.607405,0.873623,0.6475125009671963,0.9157672928585806,0.6250843258880578,0.8894515233342082
2014-03-30 23:59:53,train,0.607224,0.873884,0.6462412998069085,0.9130554282312644,0.6226836891112918,0.8640075481052752
2014-03-31 23:59:53,train,0.607042,0.874145,0.6436022778857868,0.9095386122634109,0.6265815837382173,0.9044836786060496
2014-04-01 23:59:53,train,0.606861,0.874406,0.6424537595829345,0.9086538570915235,0.6075645272317842,0.8881249754703835
2014-04-02 23:59:53,train,0.606679,0.874666,0.643998321115083,0.9110452920218032,0.6179263463195674,0.9171852003159708
2014-04-03 23:59:53,train,0.606497,0.874927,0.6438839656573596,0.9114668375761893,0.6271977676689889,0.8782334707321519
2014-04-04 23:59:53,train,0.606316,0.875188,0.6454901749671224,0.9134908768964252,0.5985088690802656,0.8957094942946977
2014-04-05 23:59:53,train,0.606134,0.875449,0.6432547780542772,0.9137604158723163,0.5970064473971701,0.8672044188263478
2014-04-06 23:53:53,train,0.606134,0.875709,0.6414365209482769,0.9116145314522749,0.5924174661013223,0.8520316957215472
2014-04-07 23:59:53,train,0.605771,0.876231,0.6372525229926815,0.9074805605302032,0.6085064184686437,0.8384917099584858
2014-04-08 23:59:53,train,0.60559,0.876231,0.6347769585768066,0.9026970463634109,0.5955335854529787,0.8691788720685901
2014-04-09 23:59:53,train,0.605408,0.876492,0.6326934763681326,0.9003867545086566,0.593067344742797,0.8886913185460811
2014-04-10 23:59:53,train,0.605226,0.876752,0.6304561853844851,0.8980285629393364,0.5935022437845586,0.8866108876610799
2014-04-11 23:59:53,train,0.605045,0.877013,0.62891908353824,0.8962264130031887,0.6058597447658693,0.8935363347399886
2014-04-12 23:59:53,train,0.604863,0.877274,0.6315930589169917,0.9004528755160581,0.5899640827188762,0.8941788236697503
2014-04-13 23:59:53,train,0.604682,0.877535,0.6341040693842714,0.9035637822598716,0.6015637605771652,0.8524653962367684
2014-04-14 23:59:53,train,0.6045,0.877795,0.6395645810477207,0.9097254137243026,0.6107413653554258,0.8967193256411395
2014-04-15 23:59:53,train,0.604318,0.878056,0.6473378481166553,0.9179216958693099,0.5905007682590968,0.8814232973887548
2014-04-16 23:59:53,train,0.604137,0.878317,0.648564172460774,0.9212453960188558,0.6101643506979914,0.8818148131582828
2014-04-17 23:59:53,train,0.603955,0.878578,0.6498949341958432,0.9241476655824681,0.6182098543962877,0.8627350142032446
2014-04-18 23:59:53,train,0.603774,0.878838,0.6506968842204285,0.9233047456663359,0.6001343871456405,0.8836389244998254
2014-04-19 23:59:53,train,0.603592,0.879099,0.6500119359294181,0.9222179744949235,0.6038907029159836,0.904430166177346
2014-04-20 23:59:53,train,0.60341,0.87936,0.6483494911878181,0.9197759284868997,0.6053116237303815,0.8830545254282182
2014-04-21 23:59:53,train,0.603229,0.87962,0.6429796519633975,0.9142319426209292,0.6110985785189526,0.8467727370109321
2014-04-22 23:59:53,train,0.603047,0.879881,0.6368448327342061,0.9079281206860124,0.614464713915986,0.8642914492746981
2014-04-23 23:59:53,train,0.602866,0.880142,0.6318046964066083,0.9032266695270165,0.5981374356262207,0.8713412768067704
2014-04-24 23:59:53,train,0.602684,0.880403,0.6295689324499031,0.8996290544488313,0.6179846298316265,0.9027971121689731
2014-04-25 23:59:53,train,0.602503,0.880664,0.6263100664123689,0.897150830845922,0.6143003013759769,0.9098657805144876
2014-04-26 23:59:53,train,0.602321,0.880924,0.6254340501519532,0.8960265694601036,0.6136215780707147,0.9078820278230586
2014-04-27 23:59:53,train,0.602139,0.881185,0.6256684417187196,0.8951907049805904,0.6207185810176603,0.8777377499166643
2014-04-28 23:59:53,train,0.601958,0.881446,0.6247648593320174,0.8963478944825952,0.6171078124558259,0.861471563564492
2014-04-29 23:59:53,train,0.601776,0.881706,0.6256964475698037,0.897572213430884,0.600115917722564,0.8950175522450988
2014-04-30 23:59:53,train,0.601595,0.881967,0.6233757920502767,0.898179341457615,0.5862154990781571,0.9081788026930643
2014-05-01 23:59:53,train,0.601505,0.882228,0.6246934578113525,0.8973733754642998,0.6068768711612788,0.8771919344190587
2014-05-02 23:59:53,train,0.601337,0.881096,0.6246548141978402,0.8971681769180109,0.6013520478531195,0.8600492415510691
2014-05-03 23:59:53,train,0.601168,0.881087,0.6230098546850242,0.8966350123873021,0.606135583253495,0.8983754848570468
2014-05-04 23:59:53,train,0.601,0.881078,0.6225043158043101,0.8953477833153122,0.6193869859444933,0.9130557797873687
2014-05-05 23:59:53,train,0.600831,0.881069,0.622222137942037,0.8958221046656111,0.5922030404057104,0.8876273883914755
2014-05-06 23:59:53,train,0.600663,0.881061,0.624469724668962,0.8965738368366477,0.593193977196085,0.8775471824857285
2014-05-07 23:59:53,train,0.600494,0.881052,0.6274724557059695,0.8996299878303977,0.6102047948829562,0.8586608023435334
2014-05-08 23:53:53,train,0.600494,0.881043,0.6297528013053519,0.9032530910677982,0.6131703732725483,0.8946494970572062
2014-05-09 23:59:53,train,0.600157,0.881025,0.6337835594835669,0.9090233993084803,0.5835772022746739,0.8800835633276135
2014-05-10 23:59:53,train,0.599989,0.881025,0.6380265872909985,0.915732559711142,0.6198722854831605,0.8890987617057784
2014-05-11 23:59:53,train,0.59982,0.881017,0.6432857547866826,0.922386989922656,0.6062001039381659,0.8718829468291915
2014-05-12 23:59:53,train,0.599652,0.881008,0.6446502060712813,0.927175026347714,0.5990265380969472,0.8700095081920797
2014-05-13 23:59:53,train,0.599484,0.880999,0.6463699213781917,0.9270676417394883,0.5814491552559473,0.8418516816141812
2014-05-14 23:59:53,train,0.599315,0.88099,0.6461659419009381,0.9255276848246885,0.594712172811514,0.890005907294171
2014-05-15 23:59:53,train,0.599147,0.880981,0.6424347760803286,0.9205114278059489,0.6025823374714224,0.9131441299115989
2014-05-16 23:59:53,train,0.598978,0.880973,0.6381214465993789,0.915460116012996,0.6070854572820872,0.894831191648079
2014-05-17 23:59:53,train,0.59881,0.880964,0.6332588355933658,0.910058047619551,0.6160099189736112,0.8637009783522512
2014-05-18 23:59:53,train,0.598641,0.880955,0.6252272632284602,0.9031956874786534,0.5882362272199347,0.8698244673930942
2014-05-19 23:59:53,train,0.598473,0.880946,0.6214494368063136,0.8990035852281604,0.6284126076623827,0.8814306986035009
2014-05-20 23:59:53,train,0.598304,0.880937,0.6202489027242337,0.8966802756494394,0.6174122785101676,0.8963890733016108
2014-05-21 23:59:53,train,0.598136,0.880928,0.616520743329781,0.8929051491577487,0.6108178888731499,0.8934155459856609
2014-05-22 23:59:53,train,0.597967,0.88092,0.6158655937462845,0.8914016863244076,0.5881350407965799,0.8860851449786694
2014-05-23 23:59:53,train,0.597799,0.880911,0.6171408695412086,0.8929651568072843,0.6226030252411634,0.8594141194170434
2014-05-24 23:59:53,train,0.59763,0.880902,0.6186394222842141,0.894035959411132,0.5958620774687802,0.8839422689682088
2014-05-25 23:59:53,train,0.597462,0.880893,0.6195455015836607,0.8956268744098002,0.6145232935266558,0.9031350274979186
2014-05-26 23:53:53,train,0.597462,0.880884,0.6147143280670833,0.8941133358640498,0.606553251937913,0.8938457295275954
2014-05-27 23:59:53,train,0.597125,0.880867,0.6144526392069275,0.8938853815940075,0.581466890295752,0.8633763074719087
2014-05-28 23:53:53,train,0.597125,0.880867,0.6129676142325906,0.8920457505735849,0.6030913392954385,0.8799807243922044
2014-05-29 23:59:53,train,0.596788,0.880849,0.6118682656048631,0.8891180542435795,0.5935149578243583,0.900294133914174
2014-05-30 23:53:53,train,0.596788,0.880849,0.6096632902424862,0.8866080175859603,0.5965214149847334,0.9181627892390037
2014-05-31 23:59:53,train,0.596451,0.880831,0.6069903399115513,0.8838071608245415,0.6003808541685203,0.8514354826195002
2014-06-01 23:59:53,train,0.596283,0.880831,0.6077411215858814,0.8828561893077157,0.5987347352564065,0.8988821591726341
2014-06-02 23:59:53,train,0.596114,0.880823,0.6095809350693798,0.8852059564809511,0.6052311516071763,0.8736901104550069
2014-06-03 23:59:53,train,0.595946,0.880814,0.6138495121881743,0.8911806642455011,0.5938159535156087,0.8710260177433571
2014-06-04 23:59:53,train,0.595777,0.880805,0.6174470471766857,0.896401972501065,0.605226733600986,0.8825130504511364
2014-06-05 23:59:53,train,0.595609,0.880796,0.6205996754088925,0.9025150509652275,0.5888829055780936,0.8790478560895423
2014-06-06 23:59:53,train,0.59544,0.880787,0.6263520767258418,0.9100984130615094,0.5768249438504474,0.8658320154351231
2014-06-07 23:59:53,train,0.595272,0.880779,0.6296609502104169,0.9158835582970419,0.5857717548176297,0.8357999726860427
2014-06-08 23:59:53,train,0.595103,0.88077,0.6338953437823772,0.9198507438655763,0.5790577372066918,0.8839239341520032
2014-06-09 23:59:53,train,0.594935,0.880761,0.6331761802093412,0.9172017661735595,0.5895775358851315,0.8632525451447215
2014-06-10 23:59:53,train,0.594766,0.880752,0.6331080876683127,0.9121564008224016,0.6056551934472657,0.8750468583830325
2014-06-11 23:59:53,train,0.594598,0.880743,0.6325900241553255,0.9091635009336719,0.6114000453073191,0.8612995754866054
2014-06-12 23:53:53,train,0.594598,0.880735,0.6327557590456238,0.9062899723712744,0.6026775758936302,0.8837219723829383
2014-06-13 23:59:53,train,0.594261,0.880717,0.6246828781516681,0.8997465352384533,0.600412081245782,0.8482716494779723
2014-06-14 23:59:53,train,0.594093,0.880717,0.6179904114857102,0.8975166407564288,0.6067357022216697,0.9088534518315932
2014-06-15 23:59:53,train,0.593924,0.880708,0.6194278515199647,0.8959966475117119,0.6071070309678948,0.9040953274145556
2014-06-16 23:59:53,train,0.593756,0.880699,0.6133924760209314,0.8936831186409774,0.5946633152191045,0.8725892026298808
2014-06-17 23:53:53,train,0.593756,0.880691,0.6127930792970349,0.8929427497327476,0.5891190499741763,0.8731165026706171
2014-06-18 23:59:53,train,0.593419,0.880673,0.6109986382688214,0.891041549387682,0.5893122471744284,0.868172207990353
2014-06-19 23:59:53,train,0.59325,0.880673,0.6087243079172973,0.8898207133675979,0.6050132250342801,0.858229533993011
2014-06-20 23:59:53,train,0.593082,0.880664,0.6055635420516662,0.886831020695938,0.5927534331125397,0.8808145340089871
2014-06-21 23:53:53,train,0.593082,0.880655,0.6043808616066936,0.8852466673344129,0.57406773919333,0.8993993960567501
2014-06-22 23:59:53,train,0.592745,0.880638,0.6018974246565382,0.8825864511332352,0.5803731309568806,0.9019375915563527
2014-06-23 23:59:53,train,0.592576,0.880638,0.5992559755328676,0.8800981898686916,0.5740280455997114,0.8699183843193946
2014-06-24 23:59:53,train,0.592408,0.880629,0.5988250353453602,0.8786922657205004,0.5888178583553823,0.849780701248687
2014-06-25 23:59:53,train,0.592239,0.88062,0.5987649276844588,0.8795270953255848,0.5928884577816229,0.8552801985916995
2014-06-26 23:59:53,train,0.592071,0.880611,0.5991519044376286,0.8795768503100497,0.6033223569679451,0.8841251625560216
2014-06-27 23:59:53,train,0.591902,0.880602,0.600000419882453,0.8822231652333574,0.5867327125231767,0.9094792958475605
2014-06-28 23:59:53,train,0.591734,0.880594,0.6040777880599866,0.8840616374636902,0.5958791188228526,0.8844710243560525
2014-06-29 23:59:53,train,0.591566,0.880585,0.6103109875872712,0.8890394477767642,0.608287883629315,0.8969543615648679
2014-06-30 23:53:53,train,0.591566,0.880576,0.6190410028117797,0.898084288060494,0.5849679714439299,0.8760179896958606
2014-07-02 23:59:53,train,0.59106,0.880558,0.6324403035813502,0.9169849799980795,0.5812820908660215,0.8940241263641384
2014-07-03 23:59:53,train,0.590892,0.88055,0.6381379465175223,0.9262716819190034,0.5994936708495393,0.8763279514466341
2014-07-04 23:59:53,train,0.590723,0.880541,0.6454116717714996,0.936024984098427,0.5825413920505076,0.8624929101518728
2014-07-05 23:59:53,train,0.590555,0.880532,0.6464152642770017,0.9367265408978459,0.5788059894369727,0.8611428084531028
2014-07-06 23:59:53,train,0.590386,0.880523,0.643970441269247,0.9326751106716881,0.5872084073714949,0.8578117174089678
2014-07-07 23:59:53,train,0.590218,0.880514,0.6395908874582845,0.9265196440449932,0.5800988554965646,0.883150735644372
2014-07-08 23:59:53,train,0.590049,0.880506,0.6393313826863595,0.9223713496124865,0.5950056025260905,0.8791761499613608
2014-07-09 23:59:53,train,0.589881,0.880497,0.6339115574652853,0.9169375869840933,0.5752531284094161,0.8956794233071556
2014-07-10 23:59:53,train,0.589712,0.880488,0.6290397502182914,0.9111296576922683,0.6085466091889844,0.8304814735439523
2014-07-11 23:59:53,train,0.589544,0.880479,0.6224337694201323,0.9049972906481116,0.5786440736518894,0.8473788773530124
2014-07-12 23:59:53,train,0.589375,0.88047,0.6161069472883859,0.9006792122064667,0.5863597166893215,0.881819255251416
2014-07-13 23:59:53,train,0.589207,0.880461,0.6116063221875062,0.8970051550719319,0.575899642144847,0.8793910852490687
2014-07-14 23:59:53,train,0.589038,0.880453,0.606028755944604,0.8909715993747764,0.5813586563778701,0.8923317977579748
2014-07-15 23:59:53,train,0.58887,0.880444,0.6005125376335348,0.8841060979858146,0.5929058609303379,0.8905064030357224
2014-07-17 00:05:53,train,0.588702,0.880426,0.5966369791588877,0.8796839504341707,0.6056962863895531,0.890715092800306
2014-07-17 23:53:53,train,0.588702,0.880426,0.5937792561420546,0.8760005619687877,0.5846121276994865,0.8786731092661851
2014-07-18 23:59:53,train,0.588365,0.880409,0.5919507763441115,0.8730033824368048,0.5627695705205423,0.9012437269162403
2014-07-19 23:59:53,train,0.588196,0.880409,0.5887030188639698,0.8717887984724975,0.5838299448002251,0.8537502811213894
2014-07-20 23:59:53,train,0.588028,0.8804,0.5865388131604939,0.8705097492091427,0.5981837271915719,0.8588439782628476
2014-07-21 23:59:53,train,0.587859,0.880391,0.5867904217730832,0.8704969877917043,0.5967549737815733,0.8887473254102212
2014-07-22 23:59:53,train,0.587691,0.880382,0.58862464927393,0.8715239946538094,0.5807552154765824,0.8804794083438457
2014-07-23 23:59:53,train,0.587522,0.880373,0.5897642737507065,0.8728477839909298,0.5726478189292226,0.8882846494927992
2014-07-24 23:59:53,train,0.587354,0.880365,0.5929112219179657,0.8778022490430748,0.5873117582312876,0.9002315049077766
2014-07-25 23:59:53,train,0.587185,0.880356,0.5955091540205345,0.8806189180096754,0.5936573717053325,0.8649919967908913
2014-07-26 23:59:53,train,0.587017,0.880347,0.6019490427898168,0.8878380492697623,0.5746371400472168,0.8504087974471235
2014-07-27 23:59:53,train,0.586848,0.880338,0.609904876083524,0.8962198581894271,0.5726504107265645,0.8864866184462966
2014-07-28 23:59:53,train,0.58668,0.880329,0.6149775689870067,0.9039764804028877,0.592598808441192,0.8847673178929722
2014-07-29 23:53:53,train,0.58668,0.88032,0.6218586761182093,0.9110246783452851,0.5840307515029511,0.8747786052952966
2014-07-30 23:59:53,train,0.586343,0.880303,0.6273060931692805,0.9169179453009417,0.5985709446765259,0.8990648980953402
2014-07-31 23:59:53,train,0.586175,0.880303,0.631151447578325,0.9227050348007705,0.5913559517238168,0.8820257413837781
2014-08-01 23:59:53,test,0.586006,0.880294,0.636013906832038,0.9294189763283109,0.601318977863787,0.8702985802786914
2014-08-02 23:59:53,test,0.585838,0.880285,0.6328663289044411,0.9284764496720648,0.5739955528478132,0.8858494078867624
2014-08-03 23:59:53,test,0.585669,0.880276,0.6304694652383127,0.9241145600660851,0.5926740686546237,0.8753453961218887
2014-08-04 23:59:53,test,0.585501,0.880268,0.6268948254542257,0.9200358389242301,0.5833439764894413,0.8608410495744894
2014-08-06 00:05:53,test,0.585332,0.88025,0.623720275969179,0.9145643852506471,0.6075094467670786,0.8812538624616146
2014-08-06 23:59:53,test,0.585164,0.88025,0.6180770763343624,0.9066483533679116,0.588595697706335,0.8949628149181286
2014-08-07 23:59:53,test,0.584995,0.880241,0.6131998701561759,0.9014388099466989,0.5955801976098646,0.9079121528035256
2014-08-08 23:59:53,test,0.584827,0.880232,0.6065892025784655,0.8962582628045576,0.5772940715023821,0.8800918683247785
2014-08-09 23:59:53,test,0.584658,0.880224,0.6000076113127303,0.8911197785818229,0.5986531187241136,0.9038259022457604
2014-08-10 23:59:53,test,0.58449,0.880215,0.5977450055317495,0.8875903489645633,0.5791165189463283,0.8882259245326698
2014-08-11 23:59:53,test,0.584321,0.880206,0.5959256988200773,0.8854522931829459,0.5809060019818277,0.90623117149028
2014-08-12 23:59:53,test,0.584153,0.880197,0.5940544609180058,0.8829526110582525,0.5843231437121791,0.8553768137607397
2014-08-13 23:59:53,test,0.583984,0.880188,0.5932157752887024,0.8809669475818478,0.5672288402271242,0.8893414989508706
2014-08-14 23:59:53,test,0.583816,0.880179,0.5926850153022631,0.8807856093496803,0.5608129573599521,0.8857375209407923
2014-08-15 23:59:53,test,0.583647,0.880171,0.5930022904542763,0.8819522603125897,0.5855460777956213,0.8877437117720893
2014-08-16 23:59:53,test,0.583479,0.880162,0.5951914152808714,0.8848984483893291,0.5776549301010228,0.892385026226024
2014-08-17 23:59:53,test,0.583311,0.880153,0.5952682212006232,0.8860349189801828,0.585149670492817,0.8856077015268675
2014-08-18 23:59:53,test,0.583142,0.880144,0.596440207674854,0.8880049372892163,0.586240062313259,0.8532032111211514
2014-08-19 23:53:53,test,0.583142,0.880135,0.597181518573242,0.8882277241988294,0.5680070153911585,0.8456586257262158
2014-08-22 23:59:53,test,0.582468,0.8801,0.6036647349478207,0.8956534739816044,0.5852022704362325,0.8632204205829342
2014-08-23 23:53:53,test,0.582468,0.8801,0.6076774385110995,0.8992741966349395,0.5772824863730722,0.8657045168648795
2014-08-25 23:59:53,test,0.581963,0.880074,0.6100592420408979,0.9045170362954797,0.5596231393246139,0.8623122459313621
2014-08-26 23:59:53,test,0.581794,0.880074,0.613872209323228,0.9096408027090818,0.5836272862877648,0.8818220372059984
2014-08-27 23:59:53,test,0.581626,0.880065,0.615289870303427,0.9103255382390303,0.5707956557950316,0.8607086191614517
2014-08-28 23:59:53,test,0.581457,0.880056,0.6132130991065828,0.9088020902183738,0.6053039311314593,0.8402529381484076
2014-08-29 23:59:53,test,0.581289,0.880047,0.6128389768689746,0.9094713871178092,0.5746197483035547,0.8646316318402233
2014-08-30 23:59:53,test,0.58112,0.880038,0.6105272359097013,0.9061019392363919,0.5810534595666582,0.8465902597246019
2014-08-31 23:59:53,test,0.580952,0.88003,0.6087970557179975,0.9037364366095355,0.5949567267142789,0.8772588334678056
2014-09-01 23:59:53,test,0.580784,0.880021,0.6078914951139454,0.9015768828530223,0.5807353285352007,0.8918723422971776
2014-09-02 23:53:53,test,0.580784,0.880012,0.6031638813159069,0.8967959331546378,0.5577020831801753,0.8511077138372306
2014-09-03 23:59:53,test,0.580447,0.879994,0.6011391431513341,0.894661208609221,0.5792774654163633,0.8576475596401262
2014-09-04 23:59:53,test,0.580278,0.879994,0.6008308032817358,0.8932739450062984,0.5917752357575173,0.8808743248778731
2014-09-05 23:59:53,test,0.58011,0.879986,0.6023090597470082,0.893732733788796,0.5714839459957336,0.9069418600379624
2014-09-06 23:59:53,test,0.579941,0.879977,0.6053132991418697,0.8959384099181165,0.5853776615106002,0.8831560680663619
2014-09-07 23:59:53,test,0.579773,0.879968,0.6074723073313192,0.897704145394362,0.5855518114409812,0.8653275378208242
2014-09-08 23:59:53,test,0.579604,0.879959,0.6103268787826068,0.8999005357633008,0.5634238251337738,0.8890537125480397
2014-09-09 23:59:53,test,0.579436,0.87995,0.6104045190927867,0.9051778537846993,0.5831262041336651,0.8711064728183076
2014-09-10 23:53:53,test,0.579436,0.879942,0.6101295299231978,0.9064428921334905,0.5772294116102604,0.8854133975439241
2014-09-11 23:59:53,test,0.579099,0.879924,0.6102066510901544,0.9077988281963189,0.5584534554022081,0.8778178847431037
2014-09-12 23:59:53,test,0.57893,0.879924,0.6098740596410791,0.9052368207650451,0.5913632036710138,0.8727345515786504
2014-09-13 23:53:53,test,0.57893,0.879915,0.6075668653890073,0.9023556990863565,0.5774767783339775,0.8517650426399801
2014-09-14 23:59:53,test,0.578593,0.879898,0.6056285816123965,0.8989936085715827,0.5781177861139508,0.857534597251677
2014-09-15 23:53:53,test,0.578593,0.879898,0.6025068420110831,0.8973584982992433,0.5946702259381798,0.8983942639022431
2014-09-16 23:59:53,test,0.578256,0.87988,0.6005949342050354,0.8947397016726102,0.5846084958925855,0.832791111811992
2014-09-17 23:59:53,test,0.578088,0.87988,0.5996665769108533,0.8954925016510287,0.5660625460723295,0.856865157147825
2014-09-18 23:59:53,test,0.57792,0.879871,0.5999843090747194,0.8969116963408331,0.5480719898881133,0.8614245345809726
2014-09-19 23:53:53,test,0.57792,0.879862,0.6001162598382002,0.8972151192781328,0.5690548911045048,0.8737473695435786
2014-09-20 23:59:53,test,0.577583,0.879845,0.6001056840537696,0.897382608906972,0.5737383990488868,0.8498759899360451
2014-09-21 23:59:53,test,0.577414,0.879845,0.6038717687847137,0.9003922586808993,0.5768585548958655,0.8762457019695847
2014-09-22 23:59:53,test,0.577246,0.879836,0.6051054418391005,0.9049439752403697,0.5780467193396595,0.8572895545360513
2014-09-24 00:05:53,test,0.577077,0.879818,0.6055387626387558,0.9045499283232485,0.5696553870084097,0.8599336171306873
2014-09-24 23:59:53,test,0.576909,0.879818,0.6092924251897008,0.9086365677044469,0.5586208245562886,0.8745961187990081
2014-09-25 23:59:53,test,0.57674,0.879809,0.6101969519366717,0.9105415336777992,0.5877850347781534,0.8570146240270031
2014-09-26 23:59:53,test,0.576572,0.879801,0.6143447115295891,0.9117674358910522,0.5685120054806923,0.8852412974398294
2014-09-27 23:59:53,test,0.576403,0.879792,0.6135031746323716,0.9102150735074066,0.5772785475591289,0.883842648612442
2014-09-28 23:59:53,test,0.576235,0.879783,0.61194315700664,0.9071790050915717,0.5809992081863158,0.8911594947030106
2014-09-29 23:53:53,test,0.576235,0.879774,0.6107875592550401,0.9059886160389571,0.5724582428632242,0.8686301532767675
2014-10-01 23:59:53,test,0.575729,0.879748,0.6064343396444262,0.9030429498563507,0.591340954660801,0.8372893698492855
2014-10-02 23:59:53,test,0.575561,0.879748,0.6036257095558808,0.9035569691800598,0.5814148225135645,0.8749605575574043
2014-10-03 23:53:53,test,0.575561,0.879739,0.6052239803634113,0.9047107962565644,0.5718395204585501,0.8804262506682585
2014-10-04 23:59:53,test,0.575224,0.879721,0.6069467060927091,0.9058015070336416,0.5955380586033657,0.8737443852462354
2014-10-05 23:59:53,test,0.575056,0.879721,0.6062572940266361,0.9046243212020367,0.5957931982232589,0.9022538209561226
2014-10-06 23:59:53,test,0.574887,0.879713,0.6059297048237116,0.9054149453140684,0.5796795841179634,0.9032044482741486
2014-10-07 23:59:53,test,0.574719,0.879704,0.605064350073582,0.9048559221065504,0.5699286973915378,0.8442858869470226
2014-10-09 23:59:53,test,0.574382,0.879686,0.5993318853309383,0.900088417909628,0.5688972635893812,0.8767656885081105
2014-10-10 23:59:53,test,0.574213,0.879677,0.5954869400963769,0.8956520272858595,0.5884048612508032,0.8674682215619823
2014-10-11 23:59:53,test,0.574045,0.879668,0.5929144446703608,0.8910816719077066,0.5986174865505904,0.8912572986848676
2014-10-12 23:59:53,test,0.573876,0.87966,0.589888430414246,0.8881892654884108,0.569781320097527,0.8643288256000876
2014-10-13 23:59:53,test,0.573708,0.879651,0.5900536200844856,0.8870182297166199,0.5868893551659375,0.8433348641891512
2014-10-14 23:59:53,test,0.573539,0.879642,0.5897077155490738,0.8885710021072107,0.5581651697663376,0.8469165232916918
2014-10-15 23:59:53,test,0.573371,0.879633,0.5900708176067962,0.889038286566269,0.5849722829301928,0.842274693209494
2014-10-16 23:59:53,test,0.573202,0.879624,0.5934307922976152,0.8922256953189937,0.5876230740801832,0.8537315826338318
2014-10-17 23:59:53,test,0.573034,0.879616,0.5968035038880422,0.8964554063960073,0.5662128231586032,0.8289960801270204
2014-10-18 23:59:53,test,0.572865,0.879607,0.6039125792149439,0.9037700906238935,0.5849044476503705,0.8573519512630563
2014-10-19 23:59:53,test,0.572697,0.879598,0.6085289567920227,0.9125967717697702,0.5596922906026359,0.8707658371514885
2014-10-20 23:59:53,test,0.572529,0.87958,0.6120815682874201,0.9167816806549969,0.5618380464969551,0.8411466894306893
2014-10-21 23:53:53,test,0.572529,0.87958,0.6140259882176939,0.9210451041530014,0.5649926999528867,0.8438777140286347
2014-10-22 23:59:53,test,0.572192,0.879563,0.6143404030600222,0.9202011692772266,0.5528953426669176,0.8402739322340832
2014-10-23 23:53:53,test,0.572192,0.879563,0.6130377381342607,0.9184061034065341,0.5898411949898175,0.8646643433483072
2014-10-24 23:59:53,test,0.571855,0.879545,0.6156212600821781,0.9179739821410619,0.5562811081079756,0.8808164178174072
2014-10-26 00:05:53,test,0.571686,0.879545,0.612772097898571,0.9138403044030414,0.5727710543844027,0.8849388076959793
2014-10-26 23:59:53,test,0.571518,0.879536,0.6097862965699249,0.909407577593469,0.5765900514520254,0.8789604554096668
2014-10-27 23:53:53,test,0.571518,0.879527,0.6063282684135982,0.9063135304470287,0.5713928520713997,0.892680560487518
2014-10-28 23:59:53,test,0.571181,0.87951,0.5985933174495919,0.8999869766040066,0.5805004335782799,0.8727477817154939
2014-10-29 23:59:53,test,0.571012,0.87951,0.5935666696022744,0.8971495900779562,0.5558563983925071,0.8839202825446846
2014-10-30 23:59:53,test,0.570844,0.879501,0.5931679834146413,0.8959806094646061,0.5829561072361239,0.8588201158692866
2014-10-31 23:59:53,test,0.570675,0.879492,0.5944741208796206,0.8957291339113416,0.5892281677849815,0.8629849980394693
2014-11-01 23:59:53,holdout,0.570507,0.879483,0.5961546879778884,0.8967429950429775,0.575718198313914,0.897829765571289
2014-11-02 23:59:53,holdout,0.570338,0.879475,0.5952523761625863,0.8972370557235503,0.5819751369187525,0.8909264960713981
2014-11-03 23:59:53,holdout,0.57017,0.879466,0.5926116937397976,0.8972889485307174,0.5554801911610531,0.8399858508361981
2014-11-04 23:59:53,holdout,0.570002,0.879457,0.5951252414456583,0.8979425123576643,0.5629495558612452,0.8620129529881702
2014-11-05 23:53:53,holdout,0.570002,0.879448,0.5963828339829197,0.8989475140599064,0.5815333910488715,0.8696414927703794
2014-11-07 23:59:53,holdout,0.569496,0.879422,0.5955278724979567,0.8971989156550143,0.5795652980227621,0.9054696415557075
2014-11-08 23:59:53,holdout,0.569328,0.879422,0.5952315289374586,0.8974313381824945,0.5575593711776217,0.8886700415028964
2014-11-09 23:59:53,holdout,0.569159,0.879413,0.5953349556999774,0.8979731851742968,0.5861561563584895,0.9002073155856516
2014-11-10 23:59:53,holdout,0.568991,0.879404,0.6000789159534303,0.8985857338652425,0.569733352998458,0.868352321998928
2014-11-11 23:59:53,holdout,0.568822,0.879395,0.5950006085243533,0.9003362884283284,0.5667268576078446,0.8765045544626197
2014-11-12 23:59:53,holdout,0.568654,0.879386,0.5995301118579293,0.905211688310484,0.5664894073687418,0.864942124119361
2014-11-13 23:59:53,holdout,0.568485,0.879378,0.6043590246946222,0.9103216814368433,0.5852442286219574,0.9028019814536523
2014-11-14 23:53:53,holdout,0.568485,0.879369,0.6122297566693374,0.9178114728172329,0.5710878090850244,0.8931974049838916
2014-11-15 23:59:53,holdout,0.568148,0.879351,0.616272254849753,0.9242993653810445,0.5742241966029101,0.8568860704927526
2014-11-16 23:53:53,holdout,0.568148,0.879351,0.6148362322904414,0.9264256034518134,0.5697291866112565,0.8575360362131361
2014-11-17 23:59:53,holdout,0.567811,0.879334,0.6175745192739416,0.9317973048028836,0.5465600777744349,0.827329313936464
2014-11-18 23:59:53,holdout,0.567643,0.879334,0.6168882003201875,0.931645476024192,0.552341025239769,0.8511450230286622
2014-11-19 23:59:53,holdout,0.567474,0.879325,0.6159227754806551,0.9285531497768821,0.5448691954693621,0.8682289332440666
2014-11-20 23:53:53,holdout,0.567474,0.879316,0.6126160835178294,0.922393435894927,0.5575022433867243,0.8700026998422875
2014-11-22 23:59:53,holdout,0.566969,0.87929,0.60399090838905,0.9095239171894374,0.5682775810426223,0.8894603215474325
2014-11-23 23:59:53,holdout,0.566801,0.87929,0.6018020198021858,0.9057046361812844,0.576659876180342,0.8608383305211468
2014-11-24 23:59:53,holdout,0.566632,0.879272,0.5989492701849125,0.9049740362522484,0.5846669804265716,0.8513020294384157
2014-11-25 23:59:53,holdout,0.566464,0.879272,0.6007237617175696,0.9072330421780495,0.5625364736954926,0.8966269584336335
2014-11-26 23:59:53,holdout,0.566295,0.879263,0.6039824610923467,0.9100560525225388,0.5661673339851648,0.8417068780240698
2014-11-27 23:59:53,holdout,0.566127,0.879254,0.605312395929875,0.912940126837061,0.5662619858601033,0.8573393334916752
2014-11-28 23:59:53,holdout,0.565958,0.879246,0.6076401908832413,0.9137972242419161,0.5846419896492616,0.8594603156723207
2014-11-30 23:59:53,holdout,0.565621,0.879219,0.6037557667667272,0.9106754811253409,0.569524734383876,0.8663552741551559
2014-12-02 00:05:53,holdout,0.565453,0.879219,0.6016945859300102,0.9082624074174614,0.5578753112619629,0.8749205559667601
2014-12-02 23:59:53,holdout,0.565284,0.87921,0.5985532385169293,0.9056275377075278,0.5637395752964461,0.8578839817895115
2014-12-03 23:59:53,holdout,0.565116,0.879201,0.5963749940842437,0.9030462058673661,0.5836433954987629,0.8638272639039019
2014-12-04 23:59:53,holdout,0.564947,0.879193,0.5946335814066441,0.9009892992979045,0.57758796809979,0.8815705389419577
2014-12-05 23:59:53,holdout,0.564779,0.879184,0.5926727575960453,0.8984346543905585,0.5614080295324098,0.8619339068891209
2014-12-06 23:59:53,holdout,0.564611,0.879175,0.5912349552381283,0.8969457174842794,0.562630636050894,0.8558720843669636
2014-12-07 23:59:53,holdout,0.564442,0.879166,0.5896250702677045,0.8958027636068007,0.575956076589437,0.8361940138745053
2014-12-08 23:59:53,holdout,0.564274,0.879157,0.589908210368515,0.8980874351920884,0.5635753314775287,0.8716833462833031
2014-12-09 23:53:53,holdout,0.564274,0.879149,0.5936475732516509,0.9021528058979685,0.5725306957302104,0.8862598383621779
2014-12-11 23:59:53,holdout,0.563768,0.879122,0.603795813976514,0.9135731041648001,0.5895491494937092,0.8856739891825344
2014-12-12 23:53:53,holdout,0.563768,0.879122,0.6107471508858012,0.9225717798093894,0.5539820213662429,0.8596865575282655
2014-12-13 23:59:53,holdout,0.563431,0.879105,0.6147981676583318,0.9292039212681569,0.5420978080991509,0.8805001844099243
2014-12-14 23:59:53,holdout,0.563263,0.879105,0.617253554558335,0.9328217009040325,0.5526650534235078,0.8505656106234322
2014-12-15 23:53:53,holdout,0.563263,0.879096,0.612262474677036,0.9320547719401779,0.5624440200730186,0.8273940129243227
2014-12-16 23:59:53,holdout,0.562926,0.879078,0.6146176480379167,0.9324149207129728,0.574463945893674,0.9024395647497869
2014-12-17 23:59:53,holdout,0.562757,0.879078,0.6114056722947335,0.9281792027220979,0.558864843405597,0.884570170142888
2014-12-18 23:59:53,holdout,0.562589,0.879069,0.6111296479117807,0.9260223640602477,0.55953792978997,0.8963688291778266
2014-12-19 23:59:53,holdout,0.56242,0.879061,0.6071654396736135,0.9211259525387147,0.5489277721851986,0.8886179204715771
2014-12-20 23:59:53,holdout,0.562252,0.879052,0.6046407697482277,0.916829279859233,0.5667749601949114,0.8935901634063314
2014-12-21 23:53:53,holdout,0.562252,0.879043,0.5997151584791265,0.9124696779988928,0.5613825595452826,0.8987584515997
2014-12-22 23:59:53,holdout,0.561915,0.879025,0.5938004330169251,0.9067373107908041,0.5508057654879829,0.8426196318991971
2014-12-23 23:59:53,holdout,0.561747,0.879025,0.5916911264990573,0.9033643921554989,0.5713513483849753,0.8613626812799775
2014-12-24 23:59:53,holdout,0.561578,0.879016,0.5901915897530939,0.9023811540180579,0.5755332945667202,0.8751742383880381
2014-12-25 23:59:53,holdout,0.56141,0.879008,0.5866678556527773,0.9000210150517928,0.5662204966510671,0.8731172097862463
2014-12-26 23:59:53,holdout,0.561241,0.878999,0.588659022842746,0.9007137006061219,0.5429254480140395,0.8820973871026774
2014-12-27 23:53:53,holdout,0.561241,0.87899,0.5854383948829098,0.8981958731244826,0.5594754318222644,0.8691383579128374
2014-12-28 23:59:53,holdout,0.560904,0.878972,0.585102188594459,0.8980211481228049,0.542864056697063,0.8611193475239151
2014-12-29 23:59:53,holdout,0.560736,0.878972,0.5825066646787332,0.8959837938649159,0.5505798192715222,0.9093697857929867
2014-12-30 23:59:53,holdout,0.560567,0.878964,0.5829754478101189,0.8942814140808395,0.547444906315334,0.8707686667859028
2014-12-31 23:59:53,holdout,0.560399,0.878946,0.5821831058771364,0.8948063912522987,0.5775423868568199,0.8694496729020582
2015-01-01 23:59:53,train,0.56023,0.878946,0.5829014880886128,0.8970695904802715,0.5563429802847354,0.8724658827552364
2015-01-02 23:59:53,train,0.560062,0.878937,0.5830843695928822,0.8981576715231672,0.5490806545534175,0.8592936474391981
2015-01-03 23:59:53,train,0.559893,0.878928,0.5850861047277948,0.8999347392833825,0.5613174823483015,0.8591850868575462
2015-01-04 23:59:53,train,0.559725,0.878919,0.5847230174402448,0.9006384294884304,0.5411421319790763,0.8758049248018268
2015-01-05 23:59:53,train,0.559556,0.878911,0.5887657675085597,0.9041918756446742,0.5587668499114967,0.8599999934777659
2015-01-06 23:59:53,train,0.559388,0.878902,0.589832636129108,0.9058846309530345,0.5436761388841305,0.8994381929153233
2015-01-07 23:59:53,train,0.55922,0.878893,0.5941132992349607,0.9098398049800384,0.5666790194045219,0.8524561063912643
2015-01-08 23:59:53,train,0.559051,0.878884,0.5990440744586382,0.9163126663286896,0.5618489322590109,0.8819906585702707
2015-01-09 23:59:53,train,0.558883,0.878875,0.6011195765126153,0.9206066308755921,0.5405863911931701,0.8793638806399698
2015-01-10 23:59:53,train,0.558714,0.878867,0.6018036180199444,0.9246745261086882,0.5411616474228663,0.8263416154110432
2015-01-11 23:59:53,train,0.558546,0.878858,0.6040550187671417,0.9273845823591106,0.5377965335723011,0.8755836138352682
2015-01-12 23:59:53,train,0.558377,0.878849,0.6039830480228203,0.9284624051954617,0.5607236307069713,0.8622902586915832
2015-01-13 23:59:53,train,0.558209,0.87884,0.6022525414006236,0.9259718298846332,0.5500368047283933,0.8682195836383959
2015-01-14 23:59:53,train,0.55804,0.878831,0.6001210673179526,0.9216214066826885,0.5516393813000858,0.8983404393705723
2015-01-15 23:59:53,train,0.557872,0.878823,0.5970630091769311,0.9170524867877926,0.5664321887516657,0.8727879882505448
2015-01-16 23:59:53,train,0.557703,0.878814,0.5906873938840222,0.91089989116699,0.5671176754974002,0.8714488238635281
2015-01-17 23:59:53,train,0.557535,0.878805,0.5873376905848348,0.9078764717125475,0.5640680414771223,0.862805166994455
2015-01-18 23:59:53,train,0.557366,0.878796,0.5845645579131948,0.9024943793665414,0.5459008622786659,0.8781117071451707
2015-01-19 23:59:53,train,0.557198,0.878787,0.5813645241764512,0.8993585845631632,0.5533175989639042,0.8401156461864019
2015-01-20 23:59:53,train,0.557029,0.878779,0.5777939289905597,0.8956715845712229,0.5432433152188505,0.8388956018012638
2015-01-21 23:59:53,train,0.556861,0.87877,0.5745472671692029,0.8924307771658945,0.562799170427955,0.883832876645277
2015-01-22 23:59:53,train,0.556693,0.878761,0.5735247310209685,0.8907514264277201,0.5540802657042524,0.901885523634555
2015-01-23 23:59:53,train,0.556524,0.878752,0.5728263762585561,0.8887504900288106,0.5597148162306196,0.8694290555949198
2015-01-24 23:59:53,train,0.556356,0.878743,0.5743299691109246,0.8913976520816692,0.5567839636201354,0.8848329646151869
2015-01-25 23:59:53,train,0.556187,0.878734,0.5767683131100166,0.894216909144649,0.5636563118232109,0.9009431831563295
2015-01-26 23:59:53,train,0.556019,0.878726,0.5782085578733357,0.8980809832371063,0.547059953076634,0.8805034676392015
2015-01-27 23:59:53,train,0.55585,0.878717,0.5840995221608136,0.9039449956060281,0.5445161500473364,0.8991693502870849
2015-01-28 23:59:53,train,0.555682,0.878708,0.5861644450177353,0.9072667883261957,0.5581006394744065,0.8964247254593875
2015-01-29 23:59:53,train,0.555513,0.878699,0.5909359478567681,0.9114367125456218,0.5796298201911295,0.9024202865607961
2015-01-30 23:59:53,train,0.555345,0.87869,0.5923474293829744,0.9145777797165056,0.544958676757328,0.8905259402450211
2015-01-31 23:59:53,train,0.555176,0.878682,0.5927802417863042,0.9156154424436513,0.5610602507624357,0.8682042099112592
2015-02-01 23:59:53,train,0.555008,0.878673,0.5925771428364593,0.9161927932414665,0.5414637502885663,0.8755150507932499
2015-02-02 23:59:53,train,0.554839,0.878664,0.5945906431908365,0.9178850292347606,0.5513308523083161,0.8705759285056347
2015-02-03 23:53:53,train,0.554839,0.878655,0.5947643554514099,0.9186159655422638,0.5519281772123378,0.8843990453119953
2015-02-04 23:59:53,train,0.554502,0.878638,0.5981706573541332,0.9209768197287324,0.5667527246702717,0.8519691030806383
2015-02-05 23:59:53,train,0.554334,0.878638,0.5979169623605401,0.9222906044173386,0.5586985025809731,0.8869966697007007
2015-02-06 23:59:53,train,0.554165,0.878629,0.5973732447062395,0.9222481799780392,0.5676932386708472,0.9039811118136193
2015-02-07 23:59:53,train,0.553997,0.87862,0.5969633141191621,0.9221655264743869,0.5540986103021556,0.8920530204608494
2015-02-08 23:59:53,train,0.553829,0.878611,0.5963560274872294,0.9207158542086755,0.5499649365107606,0.863420471017801
2015-02-09 23:59:53,train,0.55366,0.878602,0.5986849151452557,0.921525458320119,0.5588271452431717,0.86462253026326
2015-02-10 23:59:53,train,0.553492,0.878594,0.593383273468557,0.9182244829624159,0.5768404559967986,0.8881428032373756
2015-02-11 23:59:53,train,0.553323,0.878585,0.5900598426440947,0.9145253046745705,0.5659855696982161,0.8912716906440231
2015-02-12 23:59:53,train,0.553155,0.878576,0.5872110467762558,0.9121826991688836,0.5799112166501524,0.8833298764998335
2015-02-13 23:59:53,train,0.552986,0.878567,0.5841907489826907,0.9082777476896233,0.5562722011668041,0.8770883583069478
2015-02-14 23:59:53,train,0.552818,0.878558,0.5796661672148101,0.902927006158301,0.5533775520913046,0.9102853553285872
2015-02-15 23:59:53,train,0.552649,0.878549,0.5763545114396031,0.8994051214956502,0.5373426983716505,0.8830061363048879
2015-02-16 23:53:53,train,0.552649,0.878541,0.5724213457743823,0.8933491503547829,0.5521409758487736,0.8877577255518169
2015-02-17 23:59:53,train,0.552312,0.878523,0.5705601554039045,0.8891687936949445,0.5530124376441605,0.8906698266293743
2015-02-18 23:59:53,train,0.552144,0.878523,0.5700350123626099,0.8878726674922571,0.5618293666623266,0.8897948091299666
2015-02-19 23:59:53,train,0.551975,0.878514,0.5686068795584543,0.8870365027066901,0.5474005452913263,0.8784484732302152
2015-02-20 23:59:53,train,0.551807,0.878505,0.5691071199620957,0.8892625878136868,0.5498107908704399,0.864571272194049
2015-02-21 23:59:53,train,0.551638,0.878497,0.5695379202711949,0.8915957896149115,0.5601697465333053,0.9027100436165834
2015-02-22 23:59:53,train,0.55147,0.878488,0.5710858408182159,0.8950868058715757,0.5476157247531364,0.8654825316001419
2015-02-23 23:59:53,train,0.551302,0.878479,0.5689986881062016,0.8911176535608849,0.5686459126091385,0.8486387241785206
2015-02-24 23:59:53,train,0.551133,0.87847,0.5705618003943266,0.892670972835199,0.5392979532415082,0.8638564045753361
2015-02-25 23:59:53,train,0.550965,0.878461,0.5712243967119115,0.8942875943562608,0.5453441635024006,0.8652047635396926
2015-02-26 23:59:53,train,0.550796,0.878453,0.5736261789423656,0.8974411653286803,0.5582121693100492,0.8596107332250632
2015-02-27 23:59:53,train,0.550628,0.878444,0.5757898384486556,0.8990941465460687,0.531607361614266,0.8790329661954978
2015-02-28 23:59:53,train,0.550459,0.878435,0.578023183000528,0.9024296460307728,0.5545509270965598,0.8686999635445659
2015-03-01 23:59:53,train,0.550291,0.878426,0.5782834844969552,0.9038290267899415,0.5586967078345373,0.899889095800443
2015-03-02 23:53:53,train,0.550291,0.878417,0.579052420814212,0.9054733717188033,0.5314915275457948,0.8367129534142795
2015-03-05 23:59:53,train,0.549617,0.878382,0.5779272776719604,0.9028157169443994,0.55910741765828,0.8935408191849623
2015-03-06 23:59:53,train,0.549448,0.878382,0.5770291778325035,0.9010395166468924,0.5530525195565806,0.8369246518105645
2015-03-07 23:53:53,train,0.549448,0.878373,0.5771064070535985,0.9003846402478698,0.5595984783103538,0.8943750941507562
2015-03-08 23:59:53,train,0.549111,0.878356,0.5767007547325279,0.9008237851596752,0.5532680845709277,0.8373822629810694
2015-03-09 23:59:53,train,0.548943,0.878356,0.5802047796883767,0.901489695629237,0.5638408583521903,0.9067034863644822
2015-03-10 23:59:53,train,0.548774,0.878347,0.5823551211557333,0.8997781141495765,0.574453036176662,0.8946361952766245
2015-03-11 23:59:53,train,0.548606,0.878338,0.5743900484332667,0.8996271991264327,0.5609308143713787,0.8568002458992713
2015-03-12 23:59:53,train,0.548438,0.878329,0.5713983334827653,0.8982142694890581,0.5636846035928883,0.861403833779665
2015-03-13 23:59:53,train,0.548269,0.87832,0.56927253757371,0.8963545422311392,0.5446129221810673,0.8679077976322124
2015-03-14 23:53:53,train,0.548269,0.878312,0.5663050463982306,0.8914374397661237,0.5402806699557003,0.8348388317707974
2015-03-15 23:59:53,train,0.547932,0.878294,0.5631659466141133,0.8859274215864353,0.5547830235614661,0.8803036579053666
2015-03-16 23:53:53,train,0.547932,0.878294,0.5599974965931573,0.8826199515161156,0.5568410482910078,0.8368991683919287
2015-03-17 23:59:53,train,0.547595,0.878276,0.5590465478103803,0.8789484750748617,0.5608673877794936,0.8954668135447964
2015-03-18 23:59:53,train,0.547427,0.878276,0.5555410191742859,0.8759730294687484,0.5448240946531171,0.8930269194659513
2015-03-19 23:59:53,train,0.547258,0.878267,0.5540369165379151,0.8755314609545116,0.5767570291220093,0.8757102579175301
2015-03-20 23:59:53,train,0.54709,0.878259,0.5563217212637966,0.8789089941009385,0.5577861622081338,0.830493432580954
2015-03-21 23:59:53,train,0.546921,0.87825,0.5598210578093131,0.882287393991169,0.5579581696958145,0.9019872803489066
2015-03-22 23:59:53,train,0.546753,0.878241,0.5644831922989777,0.888500841751928,0.5436568823511854,0.895216399755967
2015-03-23 23:59:53,train,0.546584,0.878232,0.5704225736115234,0.8963832640556441,0.5440965095919027,0.8486141719694785
2015-03-24 23:59:53,train,0.546416,0.878223,0.5749011616407941,0.9025442440096871,0.5451494318314015,0.8722276032606124
2015-03-25 23:59:53,train,0.546247,0.878215,0.5776994181932376,0.9069332506224835,0.5559080834061491,0.8599404615670856
2015-03-26 23:59:53,train,0.546079,0.878206,0.5818955593751268,0.9125197366665697,0.5498866418690906,0.8394121316438423
2015-03-27 23:59:53,train,0.545911,0.878197,0.5814092990802355,0.9119352771438576,0.5505200475240264,0.8317401012938818
2015-03-28 23:59:53,train,0.545742,0.878188,0.5812794667571419,0.9131676599686283,0.5350268228038757,0.8407737786715618
2015-03-29 23:59:53,train,0.545574,0.878179,0.5790560743962769,0.9116848537747315,0.5598103589930818,0.8412091629798764
2015-03-30 23:59:53,train,0.545405,0.878171,0.5775462615387968,0.9081880329656769,0.54376141494867,0.881352975092551
2015-03-31 23:59:53,train,0.545237,0.878162,0.5736054204252444,0.9036415143419125,0.5637747619231479,0.8611916736762109
2015-04-01 23:53:53,train,0.545237,0.878153,0.5705895867752149,0.8988527453411947,0.5608107332401294,0.8802003118791751
2015-04-02 23:59:53,train,0.5449,0.878135,0.5675836700097435,0.894925988756613,0.5618295334542084,0.90279026152187
2015-04-03 23:59:53,train,0.544731,0.878135,0.5680234314671201,0.8945916093676641,0.5628166675905569,0.9207980785166118
2015-04-04 23:59:53,train,0.544563,0.878127,0.5699198712851385,0.8954850166658238,0.5530457536348179,0.8696284253843733
2015-04-05 23:59:53,train,0.544394,0.878118,0.5668466710892581,0.8957355015758324,0.53666370727757,0.83875286821163
2015-04-06 23:59:53,train,0.544226,0.878109,0.5656913360194468,0.8966290387253738,0.5414239665815269,0.9065197796834139
2015-04-07 23:59:53,train,0.544057,0.8781,0.5652097208679808,0.8970925257088638,0.5479876627931295,0.9048303805517312
2015-04-08 23:53:53,train,0.544057,0.878091,0.5647934570675702,0.8974605494901376,0.544138141117321,0.8682279403887314
2015-04-09 23:59:53,train,0.54372,0.878074,0.5644241301916816,0.8958825125641346,0.5265254507911971,0.9012204628661351
2015-04-10 23:59:53,train,0.543552,0.878074,0.559924011745265,0.8887715989903946,0.549315661029962,0.8786429087913235
2015-04-11 23:59:53,train,0.543383,0.878065,0.5584227678404579,0.8854449093104975,0.5570303276284028,0.8853889442150437
2015-04-12 23:59:53,train,0.543215,0.878056,0.5594028964323324,0.8831924029701641,0.5538929846790919,0.8807424368135301
2015-04-13 23:59:53,train,0.543047,0.878047,0.5581282998450507,0.8835220203161559,0.5313561927018396,0.8832807955675718
2015-04-14 23:59:53,train,0.542878,0.878038,0.5596100001385984,0.8844093275402355,0.5487140891628581,0.8719667917019466
2015-04-15 23:59:53,train,0.54271,0.87803,0.5611877600387416,0.8866097614832781,0.5235645623064581,0.8742928977086059
2015-04-16 23:59:53,train,0.542541,0.878021,0.5626481047207472,0.8917045043481959,0.5644250602765477,0.8635059521505671
2015-04-17 23:59:53,train,0.542373,0.878012,0.5681974380285509,0.8986484692748321,0.5536125350551871,0.889602674673328
2015-04-18 23:59:53,train,0.542204,0.878003,0.5725594967686173,0.9043611783178229,0.5444651242700742,0.816911072844486
2015-04-19 23:53:53,train,0.542204,0.877994,0.5749392431320981,0.9085184800599108,0.544942661833118,0.8726201248500657
2015-04-20 23:59:53,train,0.541867,0.877977,0.5774407897729821,0.9108145150873076,0.5678168587766906,0.851917712254326
2015-04-21 23:59:53,train,0.541699,0.877977,0.5803711652206456,0.9106185572012129,0.5446812247293572,0.8594937729674217
2015-04-22 23:59:53,train,0.54153,0.877968,0.5772237171947558,0.910712490014169,0.5671525646600136,0.8629963777208689
2015-04-23 23:59:53,train,0.541362,0.877959,0.5738761343137606,0.9071896336084522,0.5441519351666014,0.8682423531338559
2015-04-24 23:59:53,train,0.541193,0.87795,0.5713090042907488,0.9050315750941802,0.5622673795116813,0.8723370285300165
2015-04-25 23:59:53,train,0.541025,0.877941,0.5687029235050296,0.9020993203938178,0.5300343520108617,0.9001061429839552
2015-04-26 23:59:53,train,0.540856,0.877933,0.5648532634802041,0.898323941618247,0.5349335657977927,0.8760722903358085
2015-04-27 23:59:53,train,0.540688,0.877924,0.5618674654768182,0.8948120902128456,0.5545110165518905,0.8407054137967533
2015-04-28 23:59:53,train,0.54052,0.877915,0.5588851519489706,0.8898642618078905,0.5394787692470454,0.8189252700609114
2015-04-29 23:59:53,train,0.540351,0.877906,0.5551428749334312,0.8858716414874823,0.5439444930544166,0.8762405664074459
2015-04-30 23:59:53,train,0.540183,0.877897,0.5551300719035481,0.8846800005302738,0.5669266047739568,0.8831732767420594
2015-05-01 23:59:53,train,0.540014,0.877889,0.5551986953101056,0.8887325116740601,0.5645412039734443,0.880060539461865
2015-05-02 23:59:53,train,0.539846,0.87788,0.5553978465134499,0.8896852724600072,0.5450175951476975,0.8873806607532844
2015-05-03 23:59:53,train,0.539677,0.877871,0.5558307389065741,0.8908338775336366,0.5510939440202917,0.8395891527129343
2015-05-04 23:59:53,train,0.539509,0.877862,0.5570935663888315,0.8947200446369558,0.5559252383807715,0.8479027014480753
2015-05-05 23:59:53,train,0.53934,0.877853,0.5601326144003489,0.8976983073003072,0.5340345893723748,0.8672132539136206
2015-05-06 23:59:53,train,0.539172,0.877845,0.5618153086583753,0.899262685455048,0.5381840446676464,0.8750014201258002
2015-05-07 23:59:53,train,0.539003,0.877836,0.5632859108356963,0.9000596474454746,0.5463226386413822,0.8658338333079001
2015-05-08 23:59:53,train,0.538835,0.877827,0.562424334363899,0.8985946182232268,0.5601948301271621,0.8819204620450966
2015-05-09 23:59:53,train,0.538666,0.877818,0.5641391859872592,0.9000130089286508,0.5411782241224689,0.8837703045553261
2015-05-10 23:59:53,train,0.538498,0.877809,0.5656562394609999,0.9004198540831184,0.5634242465277834,0.900520801530095
2015-05-11 23:59:53,train,0.538329,0.877801,0.5666646875896587,0.9031414125291357,0.5375345913714317,0.8557652945084195
2015-05-12 23:59:53,train,0.538161,0.877792,0.5674044402233511,0.9038934728288832,0.5323329922651815,0.8678183842882468
2015-05-13 23:59:53,train,0.537992,0.877783,0.5671075050661705,0.9052874448290607,0.5442927998225294,0.8797974907218566
2015-05-14 23:59:53,train,0.537824,0.877774,0.569307587286746,0.9086619355652383,0.528703820458501,0.8672753573867441
2015-05-15 23:59:53,train,0.537656,0.877765,0.5675477641369887,0.9069490755868266,0.5434480352758787,0.8339498601668195
2015-05-16 23:59:53,train,0.537487,0.877756,0.5666237734492515,0.9075048293639032,0.5409874465945883,0.9153542667067107
2015-05-17 23:59:53,train,0.537319,0.877748,0.5632061022543974,0.9033928472640098,0.5431556565061473,0.8496972032317158
2015-05-18 23:59:53,train,0.53715,0.877739,0.5622248083475494,0.9022907883453165,0.5561203148094536,0.8652828500343844
2015-05-19 23:59:53,train,0.536982,0.87773,0.5602121657028383,0.8998507349537593,0.5453435901326152,0.8699354898542375
2015-05-20 23:59:53,train,0.536813,0.877721,0.5593232156159773,0.8993160461924121,0.5592976271754481,0.886154749552403
2015-05-21 23:59:53,train,0.536645,0.877712,0.5582238728946208,0.8978517169868637,0.5453899389857402,0.8970298641562364
2015-05-22 23:59:53,train,0.536476,0.877704,0.556360515438538,0.8972949938214286,0.5455985182515413,0.8831694838702824
2015-05-23 23:59:53,train,0.536308,0.877695,0.5542721050598248,0.8943511436295148,0.5359609201096948,0.8810064014377571
2015-05-24 23:59:53,train,0.536139,0.877686,0.5514678852222438,0.8898142755008657,0.5280193335359894,0.8788702019629591
2015-05-25 23:59:53,train,0.535971,0.877677,0.5491953165816245,0.8878171767153135,0.5579689034492383,0.885756409148394
2015-05-26 23:59:53,train,0.535802,0.877668,0.5474198930094386,0.8846928716275705,0.5270591537394981,0.9001558276516309
2015-05-27 23:59:53,train,0.535634,0.87766,0.5459247417178213,0.8819137680758881,0.5471401816856956,0.8608924857957069
2015-05-28 23:59:53,train,0.535465,0.877651,0.5460471055706139,0.8822977624035839,0.54232897613575,0.8978286192905812
2015-05-29 23:59:53,train,0.535297,0.877642,0.5443500532589466,0.881514483120543,0.5391388547285014,0.8907672896916629
2015-05-30 23:59:53,train,0.535129,0.877633,0.5450248720439522,0.8842446719488548,0.5463082649862736,0.8709678537754791
2015-05-31 23:59:53,train,0.53496,0.877624,0.5467385649734252,0.8872575478350797,0.5309998151822685,0.8831009691187182
2015-06-01 23:59:53,train,0.534792,0.877615,0.549212205276117,0.8902326962545621,0.5433115069578588,0.8880543481882279
2015-06-02 23:59:53,train,0.534623,0.877607,0.552093467737653,0.8932057580631972,0.532146718652417,0.8847794443503298
2015-06-03 23:59:53,train,0.534455,0.877598,0.5543636732180329,0.895555926544503,0.5376348491629848,0.8785758237889478
2015-06-04 23:59:53,train,0.534286,0.877589,0.5566397178755973,0.8977769302395592,0.5421087720246741,0.9055329529259802
2015-06-05 23:59:53,train,0.534118,0.87758,0.5590897590453918,0.9018911657659945,0.5490191890157329,0.8921624758648484
2015-06-06 23:59:53,train,0.533949,0.877571,0.5642943676741082,0.9084785374485606,0.5295724670379229,0.8821048219658854
2015-06-07 23:59:53,train,0.533781,0.877563,0.5656755734382432,0.9123402968883788,0.5483187849272951,0.8443766469422502
2015-06-08 23:59:53,train,0.533612,0.877554,0.5659856930701643,0.9129505080238297,0.5113677680804641,0.8513431849011114
2015-06-09 23:59:53,train,0.533444,0.877545,0.5656603070224971,0.9130925936897277,0.5173090407776979,0.8803422968594187
2015-06-10 23:59:53,train,0.533275,0.877536,0.5646079153527577,0.9107101937600873,0.5126381553138106,0.8418939424622308
2015-06-11 23:59:53,train,0.533107,0.877527,0.5641863311793686,0.9071408024098014,0.5300427029959976,0.8751692167059708
2015-06-12 23:59:53,train,0.532938,0.877519,0.561553148628531,0.9031023846106634,0.5331913457429355,0.8872253247193163
2015-06-13 23:59:53,train,0.53277,0.87751,0.5578695924103675,0.8989665172633203,0.5500306109609657,0.8727153948525151
2015-06-14 23:59:53,train,0.532602,0.877501,0.5559873797798476,0.8981340394073428,0.5475217903817137,0.8908513861473214
2015-06-15 23:59:53,train,0.532433,0.877492,0.5535760186919978,0.8957810077980853,0.5215145126968077,0.8438908949581083
2015-06-16 23:59:53,train,0.532265,0.877483,0.554031933819128,0.8955227608805938,0.5443730301588676,0.9018323148035844
2015-06-17 23:59:53,train,0.532096,0.877474,0.5551828423592904,0.898137443161939,0.5357639955174854,0.8642477258321489
2015-06-18 23:59:53,train,0.531928,0.877466,0.5540705310150903,0.8955072429026855,0.5477086218735615,0.8663758427912224
2015-06-19 23:59:53,train,0.531759,0.877457,0.5520597043647433,0.8950868340412246,0.5392450570255184,0.8600061440095808
2015-06-20 23:59:53,train,0.531591,0.877448,0.5486976275671136,0.8907231417051091,0.526214858923945,0.8672831354155891
2015-06-21 23:59:53,train,0.531422,0.877439,0.5457423973257564,0.8859690959951593,0.5378989482941474,0.8695236996502563
2015-06-22 23:59:53,train,0.531254,0.87743,0.5423835177309227,0.8828573183335956,0.5352135024443166,0.8959506424836889
2015-06-23 23:59:53,train,0.531085,0.877422,0.5387780136951194,0.8785021181845933,0.5262065471258582,0.870317953725867
2015-06-24 23:59:53,train,0.530917,0.877413,0.5379594994204374,0.8774000763234382,0.5290631962678521,0.9022965718700441
2015-06-25 23:59:53,train,0.530748,0.877404,0.5352400225648493,0.8745633746425158,0.5367360371301491,0.88029664817088
2015-06-26 23:59:53,train,0.53058,0.877395,0.5343894278490875,0.8728824927413861,0.5419426417055899,0.874013492048557
2015-06-27 23:59:53,train,0.530411,0.877386,0.5344116851820823,0.8731294301494302,0.5313337219830963,0.8721869695325571
2015-06-28 23:59:53,train,0.530243,0.877378,0.5351402272073223,0.8746651788656241,0.5378805195343139,0.8735116422027592
2015-06-29 23:59:53,train,0.530074,0.877369,0.5398903657254606,0.8789975355327826,0.5253334127517221,0.898379593833463
2015-06-30 23:59:53,train,0.529906,0.87736,0.5438361667936765,0.8858653772424504,0.552688813688892,0.8998699437863239
2015-07-01 23:59:52,train,0.529738,0.877351,0.5473494586270669,0.8909719831176389,0.5425613742795289,0.8888509166674488
2015-07-02 23:59:52,train,0.529569,0.877342,0.5528806643074783,0.8991802145026434,0.5463608120411871,0.8739912887938847
2015-07-03 23:59:52,train,0.529401,0.877334,0.5586494905885799,0.9075367168762227,0.5381122021216974,0.8452986200249971
2015-07-04 23:59:52,train,0.529232,0.877325,0.5587603853716778,0.9097931567269666,0.5274648862653265,0.843236240774539
2015-07-05 23:59:52,train,0.529064,0.877316,0.5622595264875528,0.9133624614154148,0.5463281047958045,0.8957074905018411
2015-07-06 23:59:52,train,0.528895,0.877307,0.5604411829418398,0.9109621088392615,0.5181072649219148,0.8315472387221846
2015-07-07 23:59:52,train,0.528727,0.877298,0.559040827517368,0.9077194874196344,0.5332252466860703,0.8785898235384827
2015-07-08 23:59:52,train,0.528558,0.877289,0.5565939230390533,0.9035052406978945,0.5504990730066852,0.8709586894644685
2015-07-09 23:59:52,train,0.52839,0.877281,0.5533707443069968,0.8982795668395342,0.5417837899961004,0.8776553317571788
2015-07-10 23:59:52,train,0.528221,0.877272,0.5503981140711015,0.8934085982677901,0.5124948068074746,0.8804566856518374
2015-07-11 23:59:52,train,0.528053,0.877263,0.5483335485528726,0.8919360191049597,0.5404986378181506,0.8499798736733164
2015-07-12 23:59:52,train,0.527884,0.877254,0.5458032350563622,0.8884884165827004,0.5377354302382634,0.8788758068776862
2015-07-13 23:59:52,train,0.527716,0.877245,0.5460087752829949,0.8911888566536552,0.523082091729937,0.8496204543181247
2015-07-14 23:59:52,train,0.527547,0.877237,0.5457321002659988,0.8920265580165873,0.5332770473206806,0.867777862166465
2015-07-15 23:59:52,train,0.527379,0.877228,0.5448722095229867,0.8923077668378738,0.5268176445148242,0.8920806734498083
2015-07-16 23:59:52,train,0.527211,0.877219,0.5451028701722759,0.8915761005659951,0.5425935496394126,0.901117933715785
2015-07-17 23:59:52,train,0.527042,0.87721,0.5452636908803364,0.8913175862559981,0.514500293318749,0.8562030049744618
2015-07-18 23:59:52,train,0.526874,0.877201,0.5432083574339388,0.8889251670072488,0.540631570317514,0.8553119644757794
2015-07-19 23:59:52,train,0.526705,0.877193,0.5398060092608962,0.8851167791208391,0.5234781085204157,0.8739008186159986
2015-07-20 23:59:52,train,0.526537,0.877184,0.5369210032972274,0.8812792724935254,0.5338860798312063,0.8729037576517128
2015-07-21 23:59:52,train,0.526368,0.877175,0.5345413024374194,0.878224679105544,0.5276168699376781,0.8972778499633122
2015-07-22 23:59:52,train,0.5262,0.877166,0.5310068927575583,0.8734253455850816,0.5336274876587017,0.8886585483161817
2015-07-23 23:59:52,train,0.526031,0.877157,0.5305916710565886,0.8723441305306142,0.5293249128004313,0.8800486453463455
2015-07-24 23:59:52,train,0.525863,0.877149,0.5301698469062619,0.8710627334249577,0.5420018091033804,0.8653692432854686
2015-07-25 23:59:52,train,0.525694,0.87714,0.5308288697662692,0.8729503052185664,0.5423247484828856,0.8510085214777424
2015-07-26 23:59:52,train,0.525526,0.877131,0.5342824373474518,0.8767627494063417,0.5224397301317977,0.9194847569687944
2015-07-27 23:59:52,train,0.525357,0.877122,0.5372819553259113,0.8815593616236481,0.5239605026680202,0.9067551863546224
2015-07-28 23:59:52,train,0.525189,0.877113,0.5413730429039693,0.8888843081533296,0.540301349875437,0.8785094768694461
2015-07-29 23:59:52,train,0.52502,0.877104,0.5452136715563548,0.893491333924404,0.5129841269723106,0.8637091979404097
2015-07-30 23:59:52,train,0.524852,0.877096,0.5496406489760137,0.9003758358628597,0.5149281693636776,0.8706936186195899
2015-07-31 23:59:52,train,0.524683,0.877087,0.5484551625820786,0.9017415102824632,0.5386554731609896,0.8719800292620834
2015-08-01 23:59:52,test,0.524515,0.877078,0.5472114840331238,0.9001719371394252,0.5145022090062505,0.8929831927168128
2015-08-02 23:59:52,test,0.524347,0.877069,0.5464085599207983,0.8983180071210944,0.5171685082450238,0.8496958976628586
2015-08-03 23:59:52,test,0.524178,0.87706,0.5446250835725076,0.8958042018071493,0.5086929373617175,0.8458430137765481
2015-08-04 23:59:52,test,0.52401,0.877052,0.5425597691218018,0.8909797307140138,0.5344643720878464,0.8776058643899654
2015-08-05 23:59:52,test,0.523841,0.877043,0.5406173382784523,0.8871475864243491,0.5472164898368598,0.9130796145863669
2015-08-06 23:59:52,test,0.523673,0.877034,0.5381840452740174,0.884706467046146,0.5148987203067563,0.8768003551255621
2015-08-07 23:59:52,test,0.523504,0.877025,0.5376175922792298,0.8822496767940563,0.5333742108686574,0.8503423601875829
2015-08-08 23:59:52,test,0.523336,0.877016,0.535027753976496,0.8811833759507345,0.5173261610197306,0.8836872246102748
2015-08-09 23:59:52,test,0.523167,0.877008,0.53397389846815,0.8795074791455951,0.5488016784391418,0.8657480195486196
2015-08-10 23:59:52,test,0.522999,0.876999,0.5339422763164186,0.8801023622379103,0.5215673220408475,0.8677683473662149
2015-08-11 23:59:52,test,0.52283,0.87699,0.5330154629469918,0.8809673957895395,0.5308377662231287,0.8699586985377077
2015-08-12 23:59:52,test,0.522662,0.876981,0.5337789287565098,0.8804852976833857,0.5235511972896026,0.8818372071739156
2015-08-13 23:59:52,test,0.522493,0.876972,0.5323824040097911,0.8795524896901777,0.5304487933174187,0.8679249174892472
2015-08-14 23:59:52,test,0.522325,0.876963,0.5302564253012624,0.8779950526819711,0.52977127604557,0.8709042863813878
2015-08-15 23:59:52,test,0.522156,0.876955,0.529134674581378,0.8770947645793282,0.5230961723210891,0.8620137391413267
2015-08-16 23:59:52,test,0.521988,0.876946,0.5273089450307366,0.8748614641125003,0.5063124620609785,0.8928542968851392
2015-08-17 23:59:52,test,0.52182,0.876937,0.5248591684654015,0.8707306369889577,0.5347737143397981,0.8360727372832433
2015-08-18 23:59:52,test,0.521651,0.876928,0.5247154956758491,0.8695741768007019,0.5294247065718457,0.8476007339032015
2015-08-19 23:59:52,test,0.521483,0.876919,0.5256059585023073,0.8691140654867637,0.5361330828037687,0.9051604018617412
2015-08-20 23:59:52,test,0.521314,0.876911,0.5269099412657569,0.871077673584331,0.52330145837141,0.8988000139998908
2015-08-21 23:59:52,test,0.521146,0.876902,0.5300417281254538,0.8742552935090889,0.5192217300500103,0.8840176863218577
2015-08-22 23:59:52,test,0.520977,0.876893,0.531111496834221,0.8776931905080972,0.522788098501754,0.8708228091660547
2015-08-23 23:59:52,test,0.520809,0.876884,0.5331065191061354,0.8810890506623161,0.5350008468069881,0.9038648836954335
2015-08-24 23:59:52,test,0.52064,0.876875,0.5347750576720351,0.883974892391584,0.5388809848878875,0.8340322285697149
2015-08-25 23:59:52,test,0.520472,0.876867,0.5362493278618532,0.8850757077092486,0.5379595439924402,0.8955159796194918
2015-08-26 23:59:52,test,0.520303,0.876858,0.5387477118434821,0.8880219449196862,0.5090872424101397,0.8391500528417113
2015-08-27 23:59:52,test,0.520135,0.876849,0.5363166427920102,0.8871069307637548,0.5137837332578172,0.8470872136156634
2015-08-28 23:59:52,test,0.519966,0.87684,0.5353913962935547,0.8852375786265335,0.5356156249826539,0.8673195810536786
2015-08-29 23:59:52,test,0.519798,0.876831,0.5338414882477177,0.8836366847971814,0.5281059954384931,0.8623751771771333
2015-08-30 23:59:52,test,0.519629,0.876822,0.5330094441126567,0.8826210465096022,0.5377804370665968,0.852763053839595
2015-08-31 23:59:52,test,0.519461,0.876814,0.5333405077068001,0.8827479392454392,0.5211500093329968,0.879973714410298
2015-09-01 23:59:52,test,0.519292,0.876805,0.5315660389089529,0.8814011335463198,0.528344588720017,0.8705851946444506
2015-09-02 23:59:52,test,0.519124,0.876796,0.5298775296599658,0.8790889506000517,0.5462968728433678,0.8321607078210167
2015-09-03 23:59:52,test,0.518956,0.876787,0.5291741266060204,0.878721168325936,0.5350317186887019,0.8663034949916977
2015-09-04 23:59:52,test,0.518787,0.876778,0.5279317561430328,0.8770066146020796,0.5397028937418985,0.8523990385353732
2015-09-05 23:59:52,test,0.518619,0.87677,0.5269038946249384,0.876357448015279,0.5382870474804728,0.8897395199275896
2015-09-06 23:59:52,test,0.51845,0.876761,0.5265879229885976,0.8758285919694213,0.506732463822932,0.8479957590608941
2015-09-07 23:59:52,test,0.518282,0.876752,0.5252546891247748,0.8735325984757472,0.5185242013818462,0.8443721184506504
2015-09-08 23:59:52,test,0.518113,0.876743,0.524248990654951,0.8722931652489171,0.5210098351213338,0.8920777260932471
2015-09-09 23:59:52,test,0.517945,0.876734,0.5234243270748064,0.8719946402043868,0.5280781783266993,0.8740542299054502
2015-09-10 23:59:52,test,0.517776,0.876726,0.5237807460139084,0.8737935720396719,0.5217038832062677,0.8605143057776816
2015-09-11 23:59:52,test,0.517608,0.876717,0.5239820446274949,0.8741841232673059,0.5154764895830365,0.8933514161465009
2015-09-12 23:59:52,test,0.517439,0.876708,0.5228136610075469,0.870796940579881,0.528131019910798,0.8424684067221273
2015-09-13 23:59:52,test,0.517271,0.876699,0.5225526384768115,0.870306727775463,0.5341573886381936,0.8808051151759329
2015-09-14 23:59:52,test,0.517102,0.87669,0.5234932989794199,0.8701687879741055,0.532672614435545,0.8860837347746324
2015-09-15 23:59:52,test,0.516934,0.876682,0.5233610217280353,0.8696934636806046,0.5313370570857427,0.868667284351573
2015-09-16 23:59:52,test,0.516765,0.876673,0.5251063619994624,0.8732238920631383,0.5275618908586587,0.8927058963656589
2015-09-17 23:59:52,test,0.516597,0.876664,0.526080320761101,0.87597345058591,0.5175258706158521,0.870421867042286
2015-09-18 23:59:52,test,0.516429,0.876655,0.5286154246331568,0.8809233198460434,0.5301298607942643,0.8626667210344355
2015-09-19 23:59:52,test,0.51626,0.876646,0.530935654807324,0.8837890714097901,0.522553717997412,0.8736763808289433
2015-09-20 23:59:52,test,0.516092,0.876637,0.5330079990452969,0.8862335668341426,0.5249126828114221,0.8793119024939022
2015-09-21 23:59:52,test,0.515923,0.876629,0.5339700985350647,0.8884622024452999,0.5132419840338507,0.8646375334838096
2015-09-22 23:59:52,test,0.515755,0.87662,0.5351728789465743,0.8891295942261855,0.5266114874245029,0.8777285892923126
2015-09-23 23:59:52,test,0.515586,0.876611,0.5339916708227133,0.8881223664288389,0.5100046550720387,0.8734984945930748
2015-09-24 23:59:52,test,0.515418,0.876602,0.5347847442084231,0.8889903532404109,0.5236491465194656,0.8439393823626027
2015-09-25 23:59:52,test,0.515249,0.876593,0.5346510312031066,0.8887674289889743,0.5108513704484482,0.878448209044653
2015-09-26 23:59:52,test,0.515081,0.876585,0.5341787332966419,0.8879526170280982,0.5138095231291084,0.8647274254117318
2015-09-27 23:59:52,test,0.514912,0.876576,0.533742855475967,0.8870295797676133,0.5022867979771226,0.8583797894067798
2015-09-28 23:59:52,test,0.514744,0.876567,0.5327198072364288,0.884276854489961,0.5255119368969656,0.8488404829854594
2015-09-29 23:59:52,test,0.514575,0.876558,0.5295190071924887,0.8808361019081153,0.5275404657636947,0.8741919468270477
2015-09-30 23:59:52,test,0.514407,0.876549,0.52829408054185,0.878530671620199,0.527905993744521,0.8783684425406092
2015-10-01 23:59:52,test,0.514238,0.876541,0.5253627382347023,0.8751122087704766,0.5142740798058995,0.8712911730609753
2015-10-02 23:59:52,test,0.51407,0.876532,0.5226793713232933,0.873848823204346,0.5117956273095547,0.8457557163279628
2015-10-03 23:59:52,test,0.513901,0.876523,0.5214910364295632,0.8724232782034277,0.5142380661504253,0.9005057935337712
2015-10-04 23:59:52,test,0.513733,0.876514,0.5207639737946042,0.8728466599272013,0.5115695300145742,0.8936285923319579
2015-10-05 23:59:52,test,0.513565,0.876505,0.519491830860978,0.8703058372670602,0.5160920923475654,0.873714285485767
2015-10-06 23:59:52,test,0.513396,0.876496,0.5188237421410001,0.8700792519484648,0.523980867614377,0.883301275521036
2015-10-07 23:59:52,test,0.513228,0.876488,0.5159457016014185,0.8681119058938416,0.5180449626562994,0.8640381240077462
2015-10-08 23:59:52,test,0.513059,0.876479,0.5156712046235208,0.8674039158459668,0.5175089001495908,0.8793187457620217
2015-10-09 23:59:52,test,0.512891,0.87647,0.5158708605291844,0.8671696476598565,0.5204296455167035,0.858524890869089
2015-10-10 23:59:52,test,0.512722,0.876461,0.5157794174751786,0.8666258329054068,0.5078871338594245,0.8641407837180263
2015-10-11 23:59:52,test,0.512554,0.876452,0.5176358333536459,0.867834862691371,0.5184065767524648,0.8385980011483256
2015-10-12 23:59:52,test,0.512385,0.876444,0.5181780695910416,0.8679781326341669,0.5116017317134915,0.8736368655049664
2015-10-13 23:59:52,test,0.512217,0.876435,0.519429787264535,0.8709197896195741,0.5326111507808664,0.8620199021302422
2015-10-14 23:59:52,test,0.512048,0.876426,0.5230747043980924,0.8756993437232948,0.5330301979601534,0.8655109932252928
2015-10-15 23:59:52,test,0.51188,0.876417,0.5244342847006018,0.8774462048800739,0.5059242243014442,0.8741122008853403
2015-10-16 23:59:52,test,0.511711,0.876408,0.5272352602648287,0.8824085879755628,0.5119226649908062,0.8466740870208666
2015-10-17 23:59:52,test,0.511543,0.8764,0.532561886708115,0.888721329737883,0.5213514337966476,0.8710037844744422
2015-10-18 23:59:52,test,0.511374,0.876391,0.5362309841664606,0.8939854805297475,0.5320851765121833,0.8465420995577724
2015-10-19 23:59:52,test,0.511206,0.876382,0.5399307545879638,0.899770676770393,0.5249300384223098,0.8774503628277073
2015-10-20 23:59:52,test,0.511038,0.876373,0.5416679862280105,0.903698705730619,0.5130892795719189,0.8327820686649854
2015-10-21 23:59:52,test,0.510869,0.876364,0.5424161458478195,0.9049326296865349,0.5008722791679593,0.8726446468931577
2015-10-22 23:59:52,test,0.510701,0.876355,0.5418119541396995,0.9044611888681174,0.4990075509213048,0.8920379169780277
2015-10-23 23:59:52,test,0.510532,0.876347,0.5396421928781485,0.9019016640867848,0.5349031117391254,0.8664303065420762
2015-10-24 23:59:52,test,0.510364,0.876338,0.536353991270916,0.8962746462255126,0.5190816404542791,0.8882987208938999
2015-10-25 23:59:52,test,0.510195,0.876329,0.5306613747864466,0.888888876979837,0.5153414451223404,0.8495755471509038
2015-10-26 23:59:52,test,0.510027,0.87632,0.5262304305214536,0.8815459200579063,0.5318030025745124,0.8636958830965138
2015-10-27 23:59:52,test,0.509858,0.876311,0.525075091693886,0.8777192907231589,0.5220152060904285,0.8824218341885114
2015-10-28 23:59:52,test,0.50969,0.876303,0.5202225401480778,0.872446017756805,0.5128406187794418,0.8780286848233676
2015-10-29 23:59:52,test,0.509521,0.876294,0.5197042273682376,0.8713939560711617,0.5156201481347668,0.8790770598951116
2015-10-30 23:59:52,test,0.509353,0.876285,0.5184691612406429,0.8703017180093439,0.514817354045881,0.8676552773424242
2015-10-31 23:59:52,test,0.509184,0.876276,0.5187366216214732,0.8723466472452855,0.5298171761744465,0.8740564157756312
2015-11-01 23:59:52,holdout,0.509016,0.876267,0.522080214650936,0.8756205067782198,0.5157899618337369,0.853701885834273
2015-11-02 23:59:52,holdout,0.508847,0.876259,0.5199412190618897,0.8767799142903355,0.5049268311667477,0.8374138096206063
2015-11-03 23:59:52,holdout,0.508679,0.87625,0.5213241462116222,0.8787125092923836,0.5231570614982393,0.8730507811728221
2015-11-04 23:59:52,holdout,0.50851,0.876241,0.5224581383554597,0.8796075319331134,0.5145951020901872,0.8713306802677063
2015-11-05 23:59:52,holdout,0.508342,0.876232,0.5209861675910332,0.8781244164294387,0.514610557363671,0.8497462588498039
2015-11-06 23:59:52,holdout,0.508174,0.876223,0.5225299874963066,0.8777120167543716,0.5246951839676126,0.8740672287656385
2015-11-07 23:59:52,holdout,0.508005,0.876215,0.5223249086349958,0.8766610289125748,0.5191308210501975,0.913091614458612
2015-11-08 23:59:52,holdout,0.507837,0.876206,0.5217001039157823,0.8762817987715076,0.5206342589458179,0.8615670132398312
2015-11-09 23:59:52,holdout,0.507668,0.876197,0.5221746186842922,0.8771651717934037,0.5154128373762739,0.8546408507067784
2015-11-10 23:59:52,holdout,0.5075,0.876188,0.5221187214303776,0.8800629786355305,0.5103123117747023,0.8679715224950095
2015-11-11 23:59:52,holdout,0.507331,0.876179,0.5236995172987993,0.882965769295137,0.5097371288281881,0.8616090960935086
2015-11-12 23:59:52,holdout,0.507163,0.87617,0.5250869853276054,0.8850058633737596,0.5130465279754476,0.8789394659870167
2015-11-13 23:59:52,holdout,0.506994,0.876162,0.5284607774961543,0.8887579936544577,0.5191902922167488,0.8773258283507521
2015-11-14 23:59:52,holdout,0.506826,0.876153,0.5306786360175225,0.8902976981510546,0.5234696045241471,0.8588047841645081
2015-11-15 23:59:52,holdout,0.506657,0.876144,0.534052001836334,0.8952710610360716,0.5370530768544761,0.8782392244412491
2015-11-16 23:59:52,holdout,0.506489,0.876135,0.5338260624803267,0.8970222022227821,0.49912709705196473,0.8319841701572296
2015-11-17 23:59:52,holdout,0.50632,0.876126,0.5335266141219748,0.8977312800706189,0.5125514400592615,0.8926412663657926
2015-11-18 23:59:52,holdout,0.506152,0.876118,0.5339601211649497,0.8979756556516549,0.5102480543233537,0.8568528876862564
2015-11-19 23:59:52,holdout,0.505983,0.876109,0.532696562988511,0.8960942883616383,0.5108226588866218,0.9008483759404466
2015-11-20 23:59:52,holdout,0.505815,0.8761,0.5320929273781685,0.8958846472509041,0.5110097497382462,0.873655936952402
2015-11-21 23:59:52,holdout,0.505647,0.876091,0.5302839491670959,0.8926532163280224,0.5138145325478176,0.8931180740488243
2015-11-22 23:59:52,holdout,0.505478,0.876082,0.5272835082247285,0.8884658827740618,0.5322778032660453,0.9085924410942581
2015-11-23 23:59:52,holdout,0.50531,0.876074,0.5256622217108925,0.8860047508633601,0.5184728957476062,0.8821490090331973
2015-11-24 23:59:52,holdout,0.505141,0.876065,0.5226782632365243,0.8838188393973455,0.5027902943300394,0.8622373701870184
2015-11-25 23:59:52,holdout,0.504973,0.876056,0.5236083464596858,0.8844884475645853,0.5114364103763251,0.8793857268961329
2015-11-26 23:59:52,holdout,0.504804,0.876047,0.5231583485796606,0.8851313927427314,0.5172971268990008,0.8651357824949565
2015-11-27 23:59:52,holdout,0.504636,0.876038,0.5216541824508345,0.8846307338149195,0.5022757549010196,0.8656506040811687
2015-11-28 23:59:52,holdout,0.504467,0.876029,0.520749781190148,0.8842239651015512,0.5305936611046816,0.8963513672711031
2015-11-29 23:59:52,holdout,0.504299,0.876021,0.5207849623180655,0.8846200657542105,0.5114166685036364,0.878946819662338
2015-11-30 23:59:52,holdout,0.50413,0.876012,0.5191489179141017,0.8822468435598478,0.5090224914412637,0.8723472848974029
2015-12-01 23:59:52,holdout,0.503962,0.876003,0.5168716357031055,0.8789872560741067,0.5049412415514267,0.8809317597375774
2015-12-02 23:59:52,holdout,0.503793,0.875994,0.5159073900208723,0.8759404373587046,0.4969328944834062,0.8610780921467169
2015-12-03 23:59:52,holdout,0.503625,0.875985,0.5145537659361428,0.8733214433762648,0.5216298972073978,0.8688030281791993
2015-12-04 23:59:52,holdout,0.503456,0.875977,0.514320231187284,0.8733196713186889,0.5132121846851873,0.87905685883896
2015-12-05 23:59:52,holdout,0.503288,0.875968,0.5163003359040046,0.8760995754281827,0.5204616909292492,0.884072533436695
2015-12-06 23:59:52,holdout,0.50312,0.875959,0.5171689099754525,0.8778970734171542,0.526756208269392,0.8832188353558618
2015-12-07 23:59:52,holdout,0.502951,0.87595,0.5189809423865123,0.8828093189199626,0.49577213642305445,0.8792462012138392
2015-12-08 23:59:52,holdout,0.502783,0.875941,0.5216023312163591,0.886562418103301,0.5093322379465167,0.8702469242251757
2015-12-09 23:59:52,holdout,0.502614,0.875933,0.5232624067266229,0.889004571652671,0.5214372974447163,0.8616749309622912
2015-12-10 23:59:52,holdout,0.502446,0.875924,0.525782651080864,0.8912570512899608,0.5236311031647303,0.8422087175596299
2015-12-11 23:59:52,holdout,0.502277,0.875915,0.5268179666690616,0.8931038889630165,0.5041380543815694,0.8546895590130507
2015-12-12 23:59:52,holdout,0.502109,0.875906,0.5288532395147836,0.8937477443907722,0.5016540328093415,0.9087405644146135
2015-12-13 23:59:52,holdout,0.50194,0.875897,0.5305985860833884,0.8948789110329611,0.5261323983999519,0.8797840499502433
2015-12-14 23:59:52,holdout,0.501772,0.875889,0.5293356353211963,0.8953704414811343,0.5304490955482369,0.8819673189166035
2015-12-15 23:59:52,holdout,0.501603,0.87588,0.5276407581507756,0.8940358118597589,0.5369294178404135,0.8961027457566632
2015-12-16 23:59:52,holdout,0.501435,0.875871,0.5267878320575805,0.8952129990970454,0.4964679552097651,0.8725136836222833
2015-12-17 23:59:52,holdout,0.501266,0.875862,0.5254579067447165,0.893069587281413,0.5078208418634006,0.8744318915964021
2015-12-18 23:59:52,holdout,0.501098,0.875853,0.5251878354617324,0.8915455801424745,0.5213069685499233,0.9027254976027715
2015-12-19 23:59:52,holdout,0.500929,0.875844,0.5227579011726767,0.8888925708526034,0.5055244497668471,0.895832364209506
2015-12-20 23:59:52,holdout,0.500761,0.875836,0.5209242116834851,0.8853897786262404,0.5078069529848036,0.870765528539757
2015-12-21 23:59:52,holdout,0.500592,0.875827,0.5228079144669531,0.8855149005994748,0.5224481310882804,0.9014678159494193
2015-12-22 23:59:52,holdout,0.500424,0.875818,0.5236892783160714,0.8848449179568231,0.5216756898769975,0.884097933279402
2015-12-23 23:59:52,holdout,0.500256,0.875809,0.52339320327037,0.8860552422528403,0.5116101214362233,0.8995456584745579
2015-12-24 23:59:52,holdout,0.500087,0.8758,0.5227506195691195,0.8885211095824749,0.5050025241847153,0.885846740284635
2015-12-25 23:59:52,holdout,0.499919,0.875792,0.52191636888676,0.8894316968847689,0.5155056639340272,0.881258627828413
2015-12-28 23:59:52,holdout,0.499413,0.875765,0.5208405525950873,0.8899750497234692,0.5085621864983247,0.8828725508009222
2015-12-29 23:59:52,holdout,0.499245,0.875756,0.5179341732258235,0.8849475647488146,0.5190866023489745,0.8412022389285768
2015-12-30 23:59:52,holdout,0.499076,0.875748,0.516271376365734,0.879725835292093,0.5013896370352382,0.8463776932987744
2015-12-31 23:59:52,holdout,0.498908,0.87573,0.5135859238320092,0.8761746133406225,0.5270512634010057,0.8655664208245749
2016-01-01 23:59:52,train,0.498739,0.87573,0.5151255593158381,0.8752172564384635,0.5117078232347403,0.9014089164529301
2016-01-02 23:59:52,train,0.498571,0.875721,0.5117473793424959,0.8742790935759083,0.518996979991094,0.871440734453583
2016-01-03 23:59:52,train,0.498402,0.875712,0.5128242828809377,0.8772020908421974,0.5279119597115198,0.8236960927486797
2016-01-04 23:59:52,train,0.498234,0.875703,0.5142689247319986,0.8821962444064372,0.49576933787362076,0.8634840020120381
2016-01-05 23:59:52,train,0.498065,0.875695,0.5175202011965039,0.8867498656564781,0.5074492929775857,0.8656898052256565
2016-01-06 23:59:52,train,0.497897,0.875686,0.518889397388833,0.8891078303656208,0.5171961087488051,0.8580720681991736
2016-01-07 23:59:52,train,0.497728,0.875677,0.5206330460294121,0.8902263358385938,0.511748292791662,0.8797163037709964
2016-01-08 23:59:52,train,0.49756,0.875668,0.5227481068606727,0.8908466665422596,0.525309238577157,0.9001401811808187
2016-01-09 23:59:52,train,0.497392,0.875659,0.5230358377243,0.8918442478841638,0.5112180379936085,0.8713453132024788
2016-01-10 23:59:52,train,0.497223,0.875651,0.523098409983763,0.8924116023804493,0.5162812632953083,0.8345980176831806
2016-01-11 23:59:52,train,0.497055,0.875642,0.522854801161457,0.8928808114445367,0.5113140651172167,0.8357638368532431
2016-01-12 23:59:52,train,0.496886,0.875633,0.5214551420849757,0.8921062133715192,0.5035456735446632,0.8588799018199604
2016-01-13 23:59:52,train,0.496718,0.875624,0.521601274337523,0.8906907797314785,0.4929854176202834,0.8711009184161768
2016-01-14 23:59:52,train,0.496549,0.875615,0.5189636964080591,0.8868799321932199,0.5080515376706772,0.8587970315280196
2016-01-15 23:59:52,train,0.496381,0.875607,0.5178313469958432,0.8855149680469884,0.5048188874748001,0.8761867955360514
2016-01-16 23:59:52,train,0.496212,0.875598,0.5159363333109893,0.8823727842764901,0.5168953028272756,0.8852711206203527
2016-01-17 23:59:52,train,0.496044,0.875589,0.5151532741278695,0.8806877193463667,0.5118948147303479,0.909124286791073
2016-01-18 23:59:52,train,0.495875,0.87558,0.5150939314426809,0.8810607754253534,0.5021340551224662,0.8544804388859661
2016-01-19 23:59:52,train,0.495707,0.875571,0.517356805025014,0.8830583134398121,0.5184983230018426,0.8809476923823624
2016-01-20 23:59:52,train,0.495538,0.875562,0.515418950656347,0.8831994143859968,0.519248120143429,0.8741054225323304
2016-01-21 23:59:52,train,0.49537,0.875554,0.5170115447523338,0.8885475845462758,0.5255646419034135,0.8711740656334306
2016-01-22 23:59:52,train,0.495201,0.875545,0.5170508743900494,0.8901003958430399,0.4919765578750575,0.8978939740026369
2016-01-23 23:59:52,train,0.495033,0.875536,0.51894320679704,0.8906260720496182,0.4927381171058871,0.8826252507290331
2016-01-24 23:59:52,train,0.494865,0.875527,0.5191267662649709,0.8904075501065465,0.4884930905657137,0.8953385730565194
2016-01-25 23:59:52,train,0.494696,0.875518,0.5169456532376043,0.8864399562631123,0.523805604778884,0.8264529690170163
2016-01-26 23:59:52,train,0.494528,0.87551,0.5161923144611221,0.8841374363361276,0.5164383494581378,0.8711633841926312
2016-01-27 23:59:52,train,0.494359,0.875501,0.5150182522590939,0.8822387942342313,0.5194614458433913,0.8788285253953717
2016-01-28 23:59:52,train,0.494191,0.875492,0.5145889362115745,0.8817285519787098,0.5197945307915821,0.868769215040891
2016-01-29 23:59:52,train,0.494022,0.875483,0.5129573224947002,0.8817714299600388,0.48820407187937287,0.8388154483249614
2016-01-30 23:59:52,train,0.493854,0.875474,0.5114321006324726,0.8822337534402871,0.5065452000376036,0.8531540562806602
2016-01-31 23:59:52,train,0.493685,0.875466,0.512400348416019,0.8834980757960985,0.4877119668354046,0.8581648272882954
2016-02-01 23:59:52,train,0.493517,0.875457,0.5132591525596739,0.8854708169306311,0.5175721880166974,0.8953768426953758
2016-02-02 23:59:52,train,0.493348,0.875448,0.5153084805535013,0.8856110337755955,0.5052821761625604,0.8683519964532403
2016-02-03 23:59:52,train,0.49318,0.875439,0.517793124802062,0.8877401591079902,0.5257743231436164,0.8878525842246041
2016-02-04 23:59:52,train,0.493011,0.87543,0.5191176857432199,0.8892395900937433,0.5123475266555962,0.874716321995154
2016-02-05 23:59:52,train,0.492843,0.875422,0.5202029717490161,0.8907212599564691,0.5094854770229208,0.8919007928523836
2016-02-06 23:59:52,train,0.492674,0.875413,0.5220729726407987,0.894742390772533,0.5215159431698236,0.8589935848585942
2016-02-07 23:59:52,train,0.492506,0.875404,0.5203947232184905,0.8934332270180722,0.509327800627169,0.8778484261505547
2016-02-08 23:59:52,train,0.492337,0.875395,0.5212711361343179,0.8951408615195389,0.5021721878385329,0.8308089146628234
2016-02-09 23:59:52,train,0.492169,0.875386,0.5208934079939409,0.8948137163474227,0.5073162436213345,0.8779239236146529
2016-02-10 23:59:52,train,0.492001,0.875377,0.5187258662733891,0.892397137558308,0.5129806677508317,0.8736035475868399
2016-02-11 23:59:52,train,0.491832,0.875369,0.5169157356554475,0.8879034696825295,0.49081649552693235,0.8886860329305183
2016-02-12 23:59:52,train,0.491664,0.87536,0.5137664427222195,0.8838523215046084,0.5169817997914361,0.8828462812383923
2016-02-13 23:59:52,train,0.491495,0.875351,0.5134869414699545,0.8816893214262231,0.5241207751727588,0.914877197713567
2016-02-14 23:59:52,train,0.491327,0.875342,0.5123902711050895,0.880050796793189,0.5192538195376781,0.8899537376029671
2016-02-15 23:59:52,train,0.491158,0.875333,0.5114510982068579,0.8793019099253979,0.5146023106146418,0.8634209479996405
2016-02-16 23:59:52,train,0.49099,0.875325,0.5078515773286121,0.8760778737199073,0.5174841588121689,0.9120418902022025
2016-02-17 23:59:52,train,0.490821,0.875316,0.5071599145830101,0.8773026583117814,0.5029234976335181,0.8835986318483142
2016-02-18 23:59:52,train,0.490653,0.875307,0.506352456738304,0.87800096900028,0.48744239060621153,0.843222161855144
2016-02-19 23:59:52,train,0.490484,0.875298,0.5071755651756682,0.8790329283104338,0.48078078870575947,0.865951325243769
2016-02-20 23:59:52,train,0.490316,0.875289,0.5084612804823054,0.879309266247482,0.4894574495245234,0.8709491035907915
2016-02-21 23:59:52,train,0.490147,0.875281,0.5068435470695865,0.8773609285402505,0.5100289772434278,0.8678651065842148
2016-02-22 23:59:52,train,0.489979,0.875272,0.5056577074305482,0.8758870781670024,0.49234135955627256,0.8866340416878506
2016-02-23 23:59:52,train,0.48981,0.875263,0.5065380058133947,0.8749879503052027,0.5363055417554277,0.9214456689216349
2016-02-24 23:59:52,train,0.489642,0.875254,0.5040652901783038,0.8749387024859171,0.5024366701998719,0.9002976804308366
2016-02-25 23:59:52,train,0.489474,0.875245,0.5049622914571704,0.8756184069564197,0.5119053019477557,0.8530200278401658
2016-02-26 23:59:52,train,0.489305,0.875237,0.5050569200730508,0.8776700661722439,0.49520401076874726,0.8640178420411249
2016-02-27 23:59:52,train,0.489137,0.875228,0.5052188478964562,0.878215447737646,0.48091250244928235,0.8906760241006448
2016-02-28 23:59:52,train,0.488968,0.875219,0.5057063954358616,0.8794143139455035,0.4935869827554957,0.8915027013961497
2016-02-29 23:59:52,train,0.4888,0.87521,0.5054587865731045,0.8780460929451925,0.4976299014511827,0.8514290963235892
2016-03-01 23:59:52,train,0.488631,0.875201,0.5073799356924245,0.8789454340762384,0.5035383249589204,0.8772472112958035
2016-03-02 23:59:52,train,0.488463,0.875192,0.5076288102963421,0.8796632278293423,0.5103996317109721,0.9158336622325924
2016-03-03 23:59:52,train,0.488294,0.875184,0.5089086702888079,0.8805012964119422,0.519256793402592,0.886518100269421
2016-03-04 23:59:52,train,0.488126,0.875175,0.5076598158317969,0.879927165837521,0.5103324158391306,0.8770809867237357
2016-03-05 23:59:52,train,0.487957,0.875166,0.5076466060085474,0.881322207873023,0.5026303309993659,0.8205294912583385
2016-03-06 23:59:52,train,0.487789,0.875157,0.5077997693587151,0.881616977406508,0.5048746240015043,0.9095376253008556
2016-03-07 23:59:52,train,0.48762,0.875148,0.5075244848171115,0.8813041695257106,0.4904259470015429,0.8140712106397132
2016-03-08 23:59:52,train,0.487452,0.87514,0.506312894439013,0.8803119948223036,0.49367543186034424,0.8732870906680874
2016-03-09 23:59:52,train,0.487283,0.875131,0.5048909395524949,0.8770285139407249,0.5055954768026032,0.8875025356121353
2016-03-10 23:59:52,train,0.487115,0.875122,0.5044105452342972,0.8759881705542697,0.514400533140498,0.8797563288039464
2016-03-11 23:59:52,train,0.486947,0.875113,0.5031846500988841,0.8745031898118667,0.5197673813828295,0.9006335956702612
2016-03-12 23:59:52,train,0.486778,0.875104,0.5027646842177202,0.8742822161456262,0.5143438661884708,0.8799503298015138
2016-03-13 23:59:52,train,0.48661,0.875096,0.5023268740773519,0.8740969514852921,0.5178850167734868,0.8807907898261853
2016-03-14 23:59:52,train,0.486441,0.875087,0.5015600046534529,0.8731149793827382,0.4898061935318618,0.883515234952511
2016-03-15 23:59:52,train,0.486273,0.875078,0.5019873863631198,0.8758681618940034,0.4953345516272434,0.8435917699552661
2016-03-16 23:59:52,train,0.486104,0.875069,0.5026940934485322,0.8751442853046076,0.5041984054122893,0.8687944416030089
2016-03-17 23:59:52,train,0.485936,0.87506,0.5020298818721661,0.8755909328353704,0.51428477093925,0.848636932429248
2016-03-18 23:59:52,train,0.485767,0.875051,0.5020001423214269,0.8745211130747401,0.48636007865253233,0.8412335546512616
2016-03-19 23:59:52,train,0.485599,0.875043,0.5005949379284137,0.8734947741182933,0.5000868133350134,0.8706809776600667
2016-03-20 23:59:52,train,0.48543,0.875034,0.4998012608504827,0.8724635552083349,0.5045732095459118,0.9117731676003136
2016-03-21 23:59:52,train,0.485262,0.875025,0.4996526414600713,0.8729365075767448,0.5111583582691959,0.8720094879067901
2016-03-22 23:59:52,train,0.485093,0.875016,0.4987389659326433,0.8724393233823365,0.5140321085395984,0.8842834521320992
2016-03-23 23:59:52,train,0.484925,0.875007,0.49826207855860455,0.8717782082466755,0.4894824333970935,0.8562729577260083
2016-03-24 23:59:52,train,0.484756,0.874999,0.49860436713037604,0.8725146890107903,0.5105702730124396,0.901269655939616
2016-03-25 23:59:52,train,0.484588,0.87499,0.4993127255796015,0.8729187012510329,0.5044403491569266,0.8604995575827331
2016-03-26 23:59:52,train,0.484419,0.874981,0.4995332291849794,0.8745168812133266,0.48830012406047424,0.8836041815247242
2016-03-27 23:59:52,train,0.484251,0.874972,0.49910742407330233,0.8728608226068798,0.48518317388002696,0.90060143013599
2016-03-28 23:59:52,train,0.484083,0.874963,0.49755640669839835,0.8717721040417457,0.4921271198524116,0.8722736871569254
2016-03-29 23:59:52,train,0.483914,0.874955,0.497002218215257,0.8703706047577893,0.4848237053715441,0.8844908248267301
2016-03-30 23:59:52,train,0.483746,0.874946,0.497193646393347,0.8715828704205641,0.5023813326448363,0.8352141421027952
2016-03-31 23:59:52,train,0.483577,0.874937,0.4970272326128562,0.8709970189128778,0.5104921635828191,0.8621534797684316
2016-04-01 23:59:52,train,0.483409,0.874928,0.4978272085937925,0.8722354984697964,0.5057267039527642,0.8768346298328425
2016-04-02 23:59:52,train,0.48324,0.874919,0.4959162989847206,0.8709665787494961,0.49015623038030826,0.8920207317608122
2016-04-03 23:59:52,train,0.483072,0.87491,0.4963096910309623,0.8704816590328525,0.4961583067776122,0.8535035348550416
2016-04-04 23:59:52,train,0.482903,0.874902,0.4958478627777365,0.8706706958589667,0.4876568849430674,0.8889638013979833
2016-04-05 23:59:52,train,0.482735,0.874893,0.49497737692664723,0.8693649999171787,0.5080135133114573,0.8796694434023778
2016-04-06 23:59:52,train,0.482566,0.874884,0.4939990112975568,0.8669062442124829,0.5068746403691643,0.8905323343728113
2016-04-07 23:59:52,train,0.482398,0.874875,0.4935102638662239,0.8667770106769747,0.5090968452044071,0.885390407637284
2016-04-08 23:59:52,train,0.482229,0.874866,0.49496244063826117,0.866962389332593,0.5026714022209067,0.878783195290598
2016-04-09 23:59:52,train,0.482061,0.874858,0.49526496434886363,0.8688409900924124,0.5037418471516901,0.8713275771908932
2016-04-10 23:59:52,train,0.481892,0.874849,0.4967736718873983,0.8720021590220565,0.5058666237325542,0.8647373226591396
2016-04-11 23:59:52,train,0.481724,0.87484,0.4983750393780098,0.8738093826429264,0.49156531740891857,0.8793841216458195
2016-04-12 23:59:52,train,0.481556,0.874831,0.4983402367011443,0.8757408696436073,0.48581491628060325,0.8657806233610066
2016-04-13 23:59:52,train,0.481387,0.874822,0.4996589931627609,0.8768984097904343,0.475374415424826,0.8625838668238669
2016-04-14 23:59:52,train,0.481219,0.874814,0.49879719216709845,0.8758071380676928,0.4928457570428553,0.884412210894462
2016-04-15 23:59:52,train,0.48105,0.874805,0.5000578727403746,0.8757283193416641,0.4873284565780007,0.891051614471835
2016-04-16 23:59:52,train,0.480882,0.874796,0.4981334462167312,0.8738241917646791,0.5060038519388284,0.8581744398746642
2016-04-17 23:59:52,train,0.480713,0.874787,0.4980317166588887,0.8736108773859488,0.5010591346301352,0.8732298977570236
2016-04-18 23:59:52,train,0.480545,0.874778,0.49569251391058744,0.8718433376048387,0.4967300540997145,0.8810718173567313
2016-04-19 23:59:52,train,0.480376,0.87477,0.4941151019430954,0.8712964361298818,0.4997582836372284,0.8928338774998171
2016-04-20 23:59:52,train,0.480208,0.874761,0.49242752484185603,0.8697446112691384,0.4972413306521611,0.8525314703454133
2016-04-21 23:59:52,train,0.480039,0.874752,0.4922202378382808,0.8693220761441313,0.4916011853940829,0.8831690111971405
2016-04-22 23:59:52,train,0.479871,0.874743,0.4911945025415144,0.8677330485628352,0.49816791951890493,0.8745111883440931
2016-04-23 23:59:52,train,0.479702,0.874734,0.49179188251886563,0.8677465982874077,0.48571136307518237,0.8685697450895397
2016-04-24 23:59:52,train,0.479534,0.874725,0.49164367258360664,0.8677930249668,0.5144454019291773,0.8947500909271119
2016-04-25 23:59:52,train,0.479365,0.874717,0.4916764837561271,0.8678011753664864,0.5055596742695033,0.8930666917997679
2016-04-26 23:59:52,train,0.479197,0.874708,0.49344609665495887,0.8701577803593088,0.5027775671025954,0.8904766684356475
2016-04-27 23:59:52,train,0.479028,0.874699,0.49456484120940525,0.872633124250532,0.486187058013446,0.8833486769596053
2016-04-28 23:59:52,train,0.47886,0.87469,0.49520215765783515,0.8735572457934294,0.494924203203154,0.8712650227663964
2016-04-29 23:59:52,train,0.478692,0.874681,0.4953915318874551,0.8755278544582363,0.5084698042828634,0.8444626764095947
2016-04-30 23:59:52,train,0.478523,0.874673,0.4948542170273694,0.8745200454964703,0.48169730008095735,0.874434653043036
2016-05-01 23:59:52,train,0.480253,0.874664,0.4945552676192173,0.8742457088697435,0.4770378258613748,0.874672104304453
2016-05-02 23:59:52,train,0.480171,0.872084,0.49406471896040494,0.8727203011814915,0.4952307929882331,0.8953297689825942
2016-05-03 23:59:52,train,0.48009,0.872076,0.49337910458028805,0.8711841353403532,0.5082876909297566,0.8958290325575731
2016-05-04 23:59:52,train,0.480008,0.872067,0.49208248943821153,0.8689196545947764,0.4981337448467371,0.8724673351506749
2016-05-05 23:59:52,train,0.479926,0.872058,0.4913548267258452,0.8689941407216257,0.48847038672923215,0.9001480217181177
2016-05-06 23:59:52,train,0.479845,0.872049,0.49197990295101096,0.8705230983206856,0.48665161763006237,0.8432874121262643
2016-05-07 23:59:52,train,0.479763,0.872041,0.4928830446881204,0.8729098662266752,0.5043246930648987,0.8793877218519639
2016-05-08 23:59:52,train,0.479681,0.872032,0.49331889234821596,0.874714417746343,0.4902205143892692,0.8527059118664325
2016-05-09 23:59:52,train,0.4796,0.872023,0.4953626927842666,0.876650269184115,0.48346416540652654,0.8879840221092585
2016-05-10 23:59:52,train,0.479518,0.872015,0.4951530518390381,0.8765580821696848,0.48787793966780196,0.8231292901005702
2016-05-11 23:59:52,train,0.479437,0.872006,0.4948145492856202,0.8757828058351101,0.47800730227535165,0.8641301369435548
2016-05-12 23:59:52,train,0.479355,0.871997,0.49539219984388866,0.8746660730672886,0.49231414176115745,0.8939608108570124
2016-05-13 23:59:52,train,0.479273,0.871988,0.4930978235614964,0.8720008437701262,0.49171823844240187,0.8988478135434915
2016-05-14 23:59:52,train,0.479192,0.87198,0.4945790093078111,0.8721776606179813,0.5067228846992127,0.8821242291316731
2016-05-15 23:59:52,train,0.47911,0.871971,0.4940404213643533,0.8726546760749515,0.5082925590323708,0.8794641967589505
2016-05-16 23:59:52,train,0.479028,0.871962,0.49241499494403507,0.8715009639561214,0.4927931720730348,0.8656980529033949
2016-05-17 23:59:52,train,0.478947,0.871953,0.4911791379139371,0.8728583183544285,0.4986985207657727,0.8583739330094894
2016-05-18 23:59:52,train,0.478865,0.871945,0.4919971434469671,0.873266588331966,0.48840391737945255,0.8626998926574876
2016-05-19 23:59:52,train,0.478783,0.871936,0.49110366078581447,0.8728650723668311,0.4853046552661994,0.8612822763128877
2016-05-20 23:59:52,train,0.478702,0.871927,0.4917823181928239,0.8736788221560877,0.4956133600771308,0.8972692109063622
2016-05-21 23:59:52,train,0.47862,0.871919,0.49232198875514027,0.8741686679257535,0.491325167425401,0.8960431009889861
2016-05-22 23:59:52,train,0.478538,0.87191,0.49225684000114095,0.873169633082992,0.48284524773685306,0.865707224305337
2016-05-23 23:59:52,train,0.478457,0.871901,0.4906641249513042,0.8716277941430693,0.5063850500322624,0.8846333737231588
2016-05-24 23:59:52,train,0.478375,0.871892,0.48920925776894825,0.8692920186799051,0.48741216161127765,0.8494644917349
2016-05-25 23:59:52,train,0.478293,0.871884,0.4893903694982856,0.869291726797501,0.4851386586602868,0.8662904664680152
2016-05-26 23:59:52,train,0.478212,0.871875,0.4865727615124867,0.8671825881102716,0.4860418410457366,0.8892645081668903
2016-05-27 23:59:52,train,0.47813,0.871866,0.48685970291152125,0.8670623542387634,0.4914732679222692,0.8647118069663005
2016-05-28 23:59:52,train,0.478048,0.871858,0.4862501056079791,0.8664722876110164,0.4944710875165686,0.8463937069959324
2016-05-29 23:59:52,train,0.477967,0.871849,0.4862636965037928,0.8658318278731394,0.49623699495647006,0.8900909652922429
2016-05-30 23:59:52,train,0.477885,0.87184,0.4872016307513665,0.8673929089972164,0.49601229820796605,0.8811582266960319
2016-05-31 23:59:52,train,0.477803,0.871831,0.487141278226388,0.8669278439017037,0.49871662700426006,0.872231632167623
2016-06-02 00:05:52,train,0.477722,0.871814,0.4872184511502968,0.8674183120668643,0.5078729013514365,0.8983376128849863
2016-06-02 23:59:52,train,0.47764,0.871814,0.48703152273851225,0.868998113981363,0.5088004446849272,0.8954416461110619
2016-06-03 23:59:52,train,0.477558,0.871805,0.48825241065833724,0.8708513409912061,0.5010757140190368,0.8721407993891019
2016-06-04 23:59:52,train,0.477477,0.871796,0.4879507570919167,0.8713141539122704,0.48750741912070517,0.891780539568316
2016-06-05 23:59:52,train,0.477395,0.871788,0.48828377430933034,0.8723495414306348,0.49458539771829313,0.8703257895381612
2016-06-06 23:59:52,train,0.477313,0.871779,0.4878662485663922,0.87228893620457,0.49185857380668363,0.8466979177165409
2016-06-07 23:59:52,train,0.477232,0.87177,0.4869438746319003,0.870332782210971,0.48468858016798566,0.8661245039914105
2016-06-08 23:59:52,train,0.47715,0.871762,0.486633628826783,0.8687589484583944,0.49493849354062824,0.874629968913041
2016-06-09 23:59:52,train,0.477068,0.871753,0.4845959472328179,0.8670673453911811,0.5111636300979082,0.8926958816045877
2016-06-10 23:59:52,train,0.476987,0.871744,0.48382275966357713,0.8639065804660685,0.5035059774550936,0.852040483665146
2016-06-11 23:59:52,train,0.476905,0.871735,0.4858708702501386,0.865839850180753,0.49493732670250873,0.8384865028453731
2016-06-12 23:59:52,train,0.476823,0.871727,0.48513161261272375,0.8656813785492514,0.48585914570554206,0.8447436295636372
2016-06-13 23:59:52,train,0.476742,0.871718,0.4862465278371963,0.8676380514644841,0.47714049405967035,0.8802079628219879
2016-06-14 23:59:52,train,0.47666,0.871709,0.4871637416850052,0.8700930298676993,0.4949254055079941,0.8664356861392829
2016-06-15 23:59:52,train,0.476579,0.871701,0.48887958294024825,0.8736259404142916,0.4930160066947213,0.8469917886404406
2016-06-16 23:59:52,train,0.476497,0.871692,0.48881613569367505,0.8747886127196515,0.4859477399990625,0.854282744502518
2016-06-17 23:59:52,train,0.476415,0.871683,0.489103207447327,0.8744615119879767,0.49099640120797555,0.8806379343747891
2016-06-18 23:59:52,train,0.476334,0.871674,0.4889416945091249,0.8733575516936113,0.508795874816806,0.855829695393156
2016-06-19 23:59:52,train,0.476252,0.871666,0.4870436538744927,0.8719012646989763,0.5050116314811429,0.8541136284445081
2016-06-20 23:59:52,train,0.47617,0.871657,0.4855633789918888,0.8687212170251132,0.5029144763927914,0.870424611246561
2016-06-21 23:59:52,train,0.476089,0.871648,0.48315426558442404,0.8652731202583989,0.5018403104648671,0.8853825382065127
2016-06-22 23:59:52,train,0.476007,0.87164,0.4810526621940879,0.86227578167056,0.4829150297478936,0.8943802627958697
2016-06-23 23:59:52,train,0.475925,0.871631,0.47989716931964815,0.860952209450435,0.4988041773712561,0.8843898577172171
2016-06-24 23:59:52,train,0.475844,0.871622,0.47947436377065566,0.8598598130002252,0.4769916219330941,0.852803788412642
2016-06-25 23:59:52,train,0.475762,0.871613,0.4782538766073778,0.8588118435198536,0.49655164420265224,0.8869064456846203
2016-06-26 23:59:52,train,0.47568,0.871605,0.47879263061854943,0.8596328977124282,0.5035166939575968,0.8994123352508001
2016-06-27 23:59:52,train,0.475599,0.871596,0.4794700732262996,0.8608280245871388,0.47869989835624305,0.8330581441000209
2016-06-28 23:59:52,train,0.475517,0.871587,0.4794547306614215,0.8609688405216692,0.4744846164939622,0.8719845482433665
2016-06-29 23:59:52,train,0.475435,0.871579,0.48087081000626886,0.8635646883843174,0.49303112086451334,0.8613671681744397
2016-06-30 23:59:52,train,0.475354,0.87157,0.4825231286142267,0.8659549159309547,0.5002643352536633,0.8705213683461144
2016-07-01 23:59:52,train,0.475272,0.871561,0.4822738957657436,0.8670826105185595,0.4913049282407597,0.8775379812384427
2016-07-02 23:59:52,train,0.47519,0.871552,0.48211685684331657,0.8673419120245899,0.47058369236189035,0.8329961009647819
2016-07-03 23:59:52,train,0.475109,0.871544,0.48184263435328245,0.8657706640113487,0.49193078485137115,0.8810116763937388
2016-07-04 23:59:52,train,0.475027,0.871535,0.48125429594039687,0.8658354237973116,0.4885665623822607,0.8399854608294746
2016-07-05 23:59:52,train,0.474945,0.871526,0.48152419252531437,0.8651227782574512,0.48688343048874805,0.9033863360679592
2016-07-06 23:59:52,train,0.474864,0.871517,0.47956148927901104,0.8628117158914195,0.49022065767158773,0.8646407696767123
2016-07-07 23:59:52,train,0.474782,0.871509,0.48161861370694153,0.8645454918303335,0.48496197738698765,0.8562026082071388
2016-07-08 23:59:52,train,0.4747,0.8715,0.4815992994891108,0.8642168530460317,0.48941339995585326,0.8805564612739327
2016-07-09 23:59:52,train,0.474619,0.871491,0.4848590386274778,0.8686768497850648,0.4956507913769248,0.8715952702981531
2016-07-10 23:59:52,train,0.474537,0.871483,0.48624939659095134,0.8721339673893264,0.48006817159561194,0.8599540286834539
2016-07-11 23:59:52,train,0.474455,0.871474,0.48863109981930286,0.8775897837059513,0.4805571941923416,0.8296905182887189
2016-07-12 23:59:52,train,0.474374,0.871465,0.4898774871088048,0.8794118727711941,0.46594202284634084,0.8676772622768543
2016-07-13 23:59:52,train,0.474292,0.871456,0.49094146805281813,0.8815637561631418,0.49111133083698566,0.8590602833807245
2016-07-14 23:59:52,train,0.47421,0.871448,0.4923294216513332,0.8826093801523068,0.4815878470912325,0.8358626280501683
2016-07-15 23:59:52,train,0.474129,0.871439,0.49122385016809356,0.8805881641137359,0.4992660369495219,0.8571300444800398
2016-07-16 23:59:52,train,0.474047,0.87143,0.4879078371518691,0.8760157271272712,0.488389595789423,0.8636194956633474
2016-07-17 23:59:52,train,0.473965,0.871422,0.48763624685040063,0.8744783711763934,0.4905928204261426,0.8621419790762938
2016-07-18 23:59:52,train,0.473884,0.871413,0.4839287333235695,0.8695421427882997,0.4987193819363177,0.8788708753332789
2016-07-19 23:59:52,train,0.473802,0.871404,0.4814389538798046,0.865228472793437,0.4915611428526754,0.8604139434096344
2016-07-20 23:59:52,train,0.473721,0.871395,0.47872693692019974,0.8617562876751035,0.49078577595020767,0.8811488010376528
2016-07-21 23:59:52,train,0.473639,0.871387,0.47581798050988877,0.8574486331891897,0.4861927129277493,0.870149891286132
2016-07-22 23:59:52,train,0.473557,0.871378,0.47466355016479145,0.856340677651127,0.480589953108251,0.8853718459957911
2016-07-23 23:59:52,train,0.473476,0.871369,0.47311867008286723,0.8533492846694677,0.5041846896547847,0.8721142360521317
2016-07-24 23:59:52,train,0.473394,0.87136,0.4724956307994733,0.8545160811752142,0.48799264337922166,0.8708364061052748
2016-07-25 23:59:52,train,0.473312,0.871352,0.47378304405322774,0.8554064834355333,0.5004754812073441,0.8748826165908309
2016-07-26 23:59:52,train,0.473231,0.871343,0.47463932735843967,0.8576495506933736,0.4840907880571947,0.8736752985165399
2016-07-27 23:59:52,train,0.473149,0.871334,0.474971759391595,0.858153593614171,0.49785910343637607,0.8831095346607648
2016-07-28 23:59:52,train,0.473067,0.871326,0.4758241222712019,0.8618055790097475,0.48288639220955804,0.867617786997152
2016-07-29 23:59:52,train,0.472986,0.871308,0.4771157669049769,0.8625518306864913,0.4796278076078741,0.8202652580733882
2016-07-30 23:59:52,train,0.472904,0.871308,0.47633390049266533,0.861917472132303,0.49058942792768784,0.8690365633497313
2016-07-31 23:59:52,train,0.472822,0.871299,0.4765930230932617,0.8617629236131443,0.5001497187224433,0.8525052348801891
2016-08-01 23:59:52,test,0.472741,0.871291,0.4752953250461171,0.85979067982195,0.4722347120766643,0.8933355435720337
2016-08-10 23:59:52,test,0.472006,0.871212,0.48345068733129615,0.8719337366314229,0.4601216539834023,0.8516913570109993
2016-08-11 23:59:52,test,0.471924,0.871203,0.4838293520690652,0.8722576298790666,0.47576890979331726,0.8852146396480549
2016-08-12 23:59:52,test,0.471842,0.871195,0.4824180567085291,0.8726133918070681,0.4838279051681876,0.8591483566175409
2016-08-13 23:59:52,test,0.471761,0.871186,0.48238003541413066,0.8729711825550391,0.472569540046926,0.8568391528980798
2016-08-14 23:59:52,test,0.471679,0.871177,0.48087898686151226,0.8709156383432031,0.4586070917137189,0.8427614953062645
2016-08-15 23:59:52,test,0.471597,0.871169,0.4790420980702687,0.8669564689579901,0.4748423332081366,0.8902274823502658
2016-08-16 23:59:52,test,0.471516,0.87116,0.476402769614211,0.862809205779185,0.48704547004214976,0.8492561683064577
2016-08-17 23:59:52,test,0.471434,0.871151,0.47421412387094314,0.8591205496559184,0.48557142059200065,0.911626721854676
2016-08-19 00:05:52,test,0.471352,0.871142,0.4741540359479108,0.8584445192879269,0.4802672151982897,0.8745428101817719
2016-08-19 23:59:52,test,0.471271,0.871134,0.4715730318213102,0.8561972995859912,0.49041503063513864,0.8682280296557181
2016-08-20 23:59:52,test,0.471189,0.871125,0.47114041001101087,0.8550451625374227,0.49752559407631025,0.8816175644737457
2016-08-21 23:59:52,test,0.471108,0.871116,0.470879233273137,0.8556528561719184,0.4984239426037697,0.8844774354092523
2016-08-22 23:59:52,test,0.471026,0.871108,0.4721504120698278,0.8567293717230284,0.47610198720364666,0.8694401944034255
2016-08-23 23:59:52,test,0.470944,0.871099,0.47382108875771894,0.8586191342994411,0.4810287858272112,0.8918963281819778
2016-08-24 23:59:52,test,0.470863,0.87109,0.4742354230407353,0.8608720505341776,0.488308928799426,0.8496539648178341
2016-08-25 23:59:52,test,0.470781,0.871081,0.47547464093977876,0.8630788204207718,0.4663882356252357,0.8419410470359476
2016-08-26 23:59:52,test,0.470699,0.871073,0.4769963213146308,0.8661188971638382,0.480978439681198,0.8731413766718945
2016-08-27 23:59:52,test,0.470618,0.871064,0.47646126358433655,0.8649743476788421,0.4983843141031428,0.882699017137842
2016-08-28 23:59:52,test,0.470536,0.871055,0.47706718447621493,0.8658321456531998,0.4797321856715562,0.8809047129526764
2016-08-29 23:59:52,test,0.470454,0.871046,0.47602379999660166,0.8635362088759015,0.4888823814874666,0.8567297963665972
2016-08-30 23:59:52,test,0.470373,0.871038,0.4744721454589659,0.8609697177635602,0.48941736332310015,0.8947141477014463
2016-08-31 23:59:52,test,0.470291,0.871029,0.47517520755352677,0.8611911662601179,0.493063999669668,0.8644817826657518
2016-09-01 23:59:52,test,0.470209,0.87102,0.4756373343162502,0.8625544779228531,0.4755574614715231,0.891021825209711
2016-09-02 23:59:52,test,0.470128,0.871012,0.47543336538325076,0.8625864990667771,0.4866141773014315,0.8549351000330772
2016-09-03 23:59:52,test,0.470046,0.871003,0.475159103389926,0.8647588494547327,0.4905539323197884,0.8336905458051035
2016-09-04 23:59:52,test,0.469964,0.870994,0.47706969147838235,0.8671466620376378,0.47303190155713615,0.8179061736565962
2016-09-05 23:59:52,test,0.469883,0.870985,0.4779053200827272,0.8690775245720771,0.47635745333285934,0.8844690960386619
2016-09-06 23:59:52,test,0.469801,0.870977,0.4794858626564124,0.8712619882651608,0.476504843848175,0.8945179005346885
2016-09-07 23:59:52,test,0.469719,0.870968,0.4797372597428621,0.8716378276076561,0.48185769591420335,0.8623000886548974
2016-09-08 23:59:52,test,0.469638,0.870959,0.4793639213989736,0.8704761130448007,0.4711799957490641,0.8852039389513087
2016-09-09 23:59:52,test,0.469556,0.870951,0.47775748037755617,0.8689751977979868,0.46305913400777393,0.856909928367213
2016-09-10 23:59:52,test,0.469474,0.870942,0.47734828932252965,0.8677973517601155,0.4715906093993176,0.8605773014108272
2016-09-11 23:59:52,test,0.469393,0.870933,0.47522737872644644,0.865063665671642,0.48693838056754896,0.811831845840686
2016-09-12 23:53:52,test,0.469393,0.870924,0.4735208962112447,0.862237860498433,0.48086117712228743,0.839877798190119
2016-09-13 23:59:52,test,0.469229,0.870907,0.4711562253060939,0.8580390641853204,0.4725506494379488,0.8816784711646174
2016-09-14 23:59:52,test,0.469148,0.870907,0.46982547406925573,0.8556897782903764,0.484291658791434,0.8812571085660368
2016-09-15 23:59:52,test,0.469066,0.870898,0.469299860401222,0.8543243698130157,0.4922140615487009,0.8649676386517265
2016-09-16 23:59:52,test,0.468984,0.87089,0.4690463116545246,0.854583146506333,0.47248528466561257,0.8681970124769196
2016-09-17 23:59:52,test,0.468903,0.870881,0.46925509749794553,0.8562958613184543,0.478405660627759,0.8699003858018707
2016-09-18 23:59:52,test,0.468821,0.870872,0.4720462897691531,0.8601699585145756,0.4664728414251588,0.8357869118349259
2016-09-19 23:59:52,test,0.468739,0.870863,0.47377556777786944,0.8636206072550765,0.47172069698401936,0.8410847174652836
2016-09-20 23:59:52,test,0.468658,0.870855,0.47505391087274373,0.865866440229631,0.48282279685806206,0.8678942022440698
2016-09-21 23:59:52,test,0.468576,0.870846,0.47379624191321046,0.8649804683295195,0.45716597592956754,0.859831773309617
2016-09-22 23:59:52,test,0.468494,0.870837,0.4738568062484139,0.864229268415358,0.4834244777432627,0.8726585357879065
2016-09-23 23:59:52,test,0.468413,0.870829,0.47445826905062577,0.8643050492020737,0.4895615150662104,0.9097791411593275
2016-09-24 23:59:52,test,0.468331,0.87082,0.4723817042571637,0.8623052825039291,0.4822598987103377,0.8692445458158857
2016-09-25 23:59:52,test,0.468249,0.870811,0.47073069247575194,0.8593859566322856,0.4923898403155345,0.8881643682936695
2016-09-26 23:59:52,test,0.468168,0.870802,0.46977645112951366,0.8577160603475896,0.48999978436500585,0.8780112134236542
2016-09-27 23:59:52,test,0.468086,0.870794,0.46851284149870487,0.8559432773588003,0.4835339326475646,0.8745430658869291
2016-09-28 23:53:52,test,0.468086,0.870785,0.46780833929441545,0.8562178817480482,0.4655590168477911,0.8447028373484341
2016-09-29 23:59:52,test,0.467923,0.870767,0.46749426159995644,0.8571373164065971,0.4816213492691816,0.8980281480320964
2016-09-30 23:59:52,test,0.467841,0.870767,0.467337413987601,0.8573847047462776,0.48457548939501205,0.8556543741644408
2016-10-01 23:59:52,test,0.46776,0.870759,0.46922910668014617,0.8609751299241251,0.4901830427448222,0.8729458059139221
2016-10-02 23:59:52,test,0.467678,0.87075,0.4704891942822433,0.8631849003091911,0.4844953795792206,0.8516783370381352
2016-10-03 23:59:52,test,0.467596,0.870741,0.472277482659716,0.8654547864350426,0.4700945164364323,0.8684813852903015
2016-10-04 23:59:52,test,0.467515,0.870733,0.4730906984337807,0.8660221359127244,0.4592185422319103,0.87166779248031
2016-10-05 23:59:52,test,0.467433,0.870724,0.4752021380255345,0.8693691261643366,0.46763893811651747,0.8573165863820189
2016-10-06 23:59:52,test,0.467351,0.870715,0.4759108845288238,0.8708823844739184,0.4870029828836486,0.8704883336270647
2016-10-07 23:59:52,test,0.46727,0.870706,0.4758578638588944,0.8716879331176457,0.46692215226703493,0.8367616926433177
2016-10-08 23:59:52,test,0.467188,0.870698,0.4742977075025953,0.8696647348244223,0.4698945414492554,0.8569459104482615
2016-10-09 23:53:52,test,0.467188,0.870689,0.4726712638606682,0.8670689376912085,0.47076808814098475,0.8928276938843418
2016-10-10 23:59:52,test,0.467025,0.870672,0.47146071407139617,0.8644612846144455,0.47310993104790033,0.879873104698866
2016-10-11 23:59:52,test,0.466943,0.870672,0.4705293056941389,0.8609268249968522,0.46856348554615157,0.8304751480194386
2016-10-12 23:59:52,test,0.466861,0.870663,0.4685161056375861,0.8587403107046072,0.49141785683218925,0.895872626955402
2016-10-13 23:59:52,test,0.46678,0.870654,0.4672585698176858,0.8570115210971119,0.4774567400082972,0.8563580805561526
2016-10-14 23:59:52,test,0.466698,0.870645,0.4653414778985368,0.8564255953081469,0.4639761617438389,0.8566553287885805
2016-10-15 23:59:52,test,0.466616,0.870637,0.4656717106711557,0.8564914554590467,0.47013310948883547,0.892591987836297
2016-10-16 23:59:52,test,0.466535,0.870628,0.46600325055711084,0.8578908630890633,0.4712813721779626,0.8145487578084192
2016-10-17 23:59:52,test,0.466453,0.870619,0.46680606602847413,0.8599401042234878,0.4574602457148006,0.8626897767304109
2016-10-18 23:53:52,test,0.466453,0.87061,0.46677278576893927,0.8596783240145914,0.4653604991343555,0.8458296802134819
2016-10-19 23:59:52,test,0.46629,0.870593,0.46603684740189855,0.8589998741227413,0.45917146304854867,0.8666216247409377
2016-10-20 23:59:52,test,0.466208,0.870593,0.4657357248845762,0.8580375995994739,0.46413406922522077,0.8501285488102525
2016-10-21 23:59:52,test,0.466126,0.870584,0.4649725834094398,0.8568509819874869,0.46539898175827293,0.8850107106503864
2016-10-22 23:59:52,test,0.466045,0.870576,0.4640956002189723,0.8563562617586725,0.48770147081116844,0.8253302738380807
2016-10-23 23:59:52,test,0.465963,0.870567,0.46323128167014954,0.8546289112670896,0.45075396200441104,0.8717715265330396
2016-10-24 23:59:52,test,0.465881,0.870558,0.4629157380319923,0.8525988752032772,0.4785073450790663,0.8415361290590633
2016-10-26 00:05:52,test,0.4658,0.870549,0.4628910899703018,0.8529629407944377,0.4856732706397607,0.8627377626545887
2016-10-26 23:59:52,test,0.465718,0.870541,0.4621049694472396,0.8537381493759665,0.48107888171105456,0.8667708474875999
2016-10-27 23:59:52,test,0.465636,0.870532,0.46382370812982104,0.8551420521171662,0.46548224698753016,0.8616854591700975
2016-10-28 23:59:52,test,0.465555,0.870523,0.4648559503337134,0.8565135407367852,0.4529645077241756,0.8507177466176713
2016-10-29 23:59:52,test,0.465473,0.870515,0.46568594763367693,0.8585358974487559,0.4725933603571015,0.854537348288464
2016-10-30 23:59:52,test,0.465392,0.870506,0.4658852783155771,0.8589364534710405,0.4673944541937787,0.8879043936602011
2016-10-31 23:59:52,test,0.46531,0.870497,0.4669149737521456,0.8600036351567654,0.48472588540321393,0.8777657108295579
2016-11-01 23:59:52,holdout,0.465228,0.870488,0.46778168568215145,0.8626133284739007,0.4761817273934312,0.8709292334174377
2016-11-02 23:59:52,holdout,0.465147,0.87048,0.4680834568587843,0.8629695594996905,0.4811322975810458,0.8783455283196804
2016-11-03 23:59:52,holdout,0.465065,0.870471,0.4679122232903451,0.8635997217789473,0.4601155630521999,0.8394278646379784
2016-11-04 23:59:52,holdout,0.464983,0.870462,0.46715310728833154,0.8625803279998141,0.4815645426128584,0.8727049948176613
2016-11-05 23:59:52,holdout,0.464902,0.870453,0.4660850608983499,0.8600260126732722,0.4759827521461847,0.8647023143154848
2016-11-06 23:59:52,holdout,0.46482,0.870445,0.4651483442764149,0.859629141355517,0.4791248362766522,0.8689603719830045
2016-11-07 23:59:52,holdout,0.464738,0.870436,0.4645759870739262,0.8580126191547158,0.4829615571369888,0.8625266860824528
2016-11-08 23:53:52,holdout,0.464738,0.870427,0.4638176753143201,0.8570367150907571,0.47454558581468415,0.8766031086167768
2016-11-09 23:59:52,holdout,0.464575,0.87041,0.46322080656059367,0.855970462128564,0.48606038763788045,0.8713063718573482
2016-11-10 23:59:52,holdout,0.464493,0.87041,0.46239654590265894,0.854869436885341,0.4667224044419902,0.8649334205368552
2016-11-11 23:59:52,holdout,0.464412,0.870401,0.4623377255230756,0.8558460216573979,0.47096868493872324,0.8568402433523983
2016-11-12 23:59:52,holdout,0.46433,0.870392,0.46203435579296226,0.8567319336439859,0.46688944874658683,0.8567692150482259
2016-11-13 23:59:52,holdout,0.464248,0.870384,0.4625510317075308,0.857314714727795,0.45818669727198247,0.8734404386744431
2016-11-14 23:59:52,holdout,0.464167,0.870375,0.46228040860673936,0.8572462673451338,0.4502902446023653,0.8692683029738032
2016-11-15 23:59:52,holdout,0.464085,0.870366,0.46279886221500616,0.8590347503121657,0.45840263030414724,0.8431869439867224
2016-11-16 23:59:52,holdout,0.464003,0.870358,0.46263454042369273,0.8589576293644879,0.4626397174895222,0.8405835545668382
2016-11-17 23:59:52,holdout,0.463922,0.870349,0.4636166170666408,0.8594830680371024,0.4622506262107624,0.8813531790085194
2016-11-18 23:59:52,holdout,0.46384,0.87034,0.46331276234757623,0.8591179780980147,0.46760697851480343,0.8246374728705903
2016-11-19 23:59:52,holdout,0.463758,0.870331,0.46254419003103403,0.858265662246562,0.45848170963571155,0.8894231570242166
2016-11-20 23:53:52,holdout,0.463758,0.870323,0.4619223397515613,0.8572008771299303,0.46624262101512154,0.8789187285438322
2016-11-21 23:59:52,holdout,0.463595,0.870305,0.4608849564539218,0.8558244829088797,0.4823214486656596,0.8688441582903482
2016-11-22 23:59:52,holdout,0.463513,0.870305,0.4608801417328415,0.8565603477903627,0.46545136895649075,0.8555615145945173
2016-11-23 23:59:52,holdout,0.463432,0.870297,0.4601032560152423,0.8548467520424874,0.46042134747390445,0.893391108208825
2016-11-24 23:59:52,holdout,0.46335,0.870288,0.461104390501163,0.8567234389661439,0.4723143466325949,0.8794947662940279
2016-11-25 23:59:52,holdout,0.463268,0.870279,0.462540345707031,0.8570753702392498,0.4864910315336382,0.8900134569597437
2016-11-26 23:59:52,holdout,0.463187,0.87027,0.46330260439950277,0.8592676233038031,0.4824388477764628,0.9015721414730097
2016-11-27 23:59:52,holdout,0.463105,0.870262,0.4638761538416234,0.8616794504735061,0.46419385761125936,0.9046045033036483
2016-11-28 23:59:52,holdout,0.463023,0.870253,0.46575466885258066,0.863644608893708,0.46953598600349494,0.897955339641906
2016-11-29 23:59:52,holdout,0.462942,0.870244,0.46628353304848064,0.8649512920153993,0.4615113253752535,0.848947488504413
2016-11-30 23:59:52,holdout,0.46286,0.870235,0.46649724771970763,0.8654662302125659,0.48035558567049486,0.8517780515356038
2016-12-01 23:59:52,holdout,0.462779,0.870227,0.4667996227289548,0.8665991950823174,0.4817168255418782,0.8733630554453465
2016-12-02 23:59:52,holdout,0.462697,0.870218,0.46552523219461417,0.8649731393582274,0.4626859112046303,0.8923277492341818
2016-12-03 23:59:52,holdout,0.462615,0.870209,0.464236288283788,0.8629039171049695,0.4708817581669068,0.838619869569394
2016-12-04 23:59:52,holdout,0.462534,0.870201,0.46375412227801255,0.8615892768072027,0.45661206242925817,0.8570168940785922
2016-12-05 23:59:52,holdout,0.462452,0.870192,0.46151063594110325,0.8587333860738867,0.459602064879509,0.8609701219588932
2016-12-06 23:59:52,holdout,0.46237,0.870183,0.46041254367280704,0.856303347424888,0.47013232157985174,0.8813467393142209
2016-12-07 23:59:52,holdout,0.462289,0.870174,0.4598838640294765,0.855813519330073,0.4759296287273448,0.8348449432692837
2016-12-08 23:59:52,holdout,0.462207,0.870166,0.45841801015287925,0.8537837109976105,0.4591759056249659,0.8514150515578935
2016-12-09 23:59:52,holdout,0.462125,0.870157,0.45774384770141546,0.8527087088515571,0.4771703084831617,0.8353463124988222
2016-12-10 23:59:52,holdout,0.462044,0.870148,0.4578508075496115,0.8535800857957453,0.4636207852422759,0.8321618411829681
2016-12-11 23:59:52,holdout,0.461962,0.87014,0.45823223134953056,0.8535213306114201,0.4696060547741425,0.8335828689413467
2016-12-12 23:59:52,holdout,0.46188,0.870131,0.45818340194949875,0.8540385405443769,0.483245144242675,0.8413085110604189
2016-12-13 23:59:52,holdout,0.461799,0.870122,0.45854834333162375,0.8557183501964337,0.475452192548998,0.8438200113447446
2016-12-14 23:59:52,holdout,0.461717,0.870113,0.4575351427359692,0.8539512636901297,0.4711497357833018,0.8683900578646374
2016-12-15 23:59:52,holdout,0.461635,0.870105,0.4577109255516952,0.8546896308576473,0.478431839537289,0.8874928298315512
2016-12-16 23:59:52,holdout,0.461554,0.870096,0.45716422385502964,0.8538533246868462,0.4605889003661818,0.8745565349528293
2016-12-17 23:59:52,holdout,0.461472,0.870087,0.45741174709017657,0.854100051571628,0.4705492094009256,0.8534325689865467
2016-12-18 23:59:52,holdout,0.46139,0.870079,0.4580525352546299,0.8561632162598458,0.4702979833636448,0.8794481442559404
2016-12-19 23:59:52,holdout,0.461309,0.87007,0.45857222962470184,0.8563174461231791,0.4646740917672694,0.8556027076057956
2016-12-20 23:59:52,holdout,0.461227,0.870061,0.4587521767915558,0.8574997624995263,0.47149387919482166,0.86338842877059
2016-12-21 23:59:52,holdout,0.461145,0.870052,0.4595906253473139,0.8571354412860838,0.4700439504523822,0.8670721921583558
2016-12-22 23:59:52,holdout,0.461064,0.870044,0.45970415335562764,0.857618027440681,0.47082175098217793,0.8777751556328253
2016-12-23 23:59:52,holdout,0.460982,0.870035,0.45905328781684696,0.85630933797714,0.4788228260600147,0.8718966423205702
2016-12-24 23:59:52,holdout,0.4609,0.870026,0.45902867188542845,0.856207611729593,0.45708131038032057,0.8430975853196181
2016-12-25 23:59:52,holdout,0.460819,0.870017,0.45945801410685644,0.8591933012389673,0.45935409430481333,0.8631862682474242
2016-12-26 23:59:52,holdout,0.460737,0.870009,0.46112889903911225,0.8605078238857777,0.46047183711083867,0.8887486440864604
2016-12-27 23:59:52,holdout,0.460655,0.87,0.46049603835520325,0.8600433217449058,0.4721099095394771,0.8780562695056117
2016-12-28 23:59:52,holdout,0.460574,0.869991,0.4604519970809072,0.8595622197102071,0.4586458677916169,0.8296143973423336
2016-12-29 23:59:52,holdout,0.460492,0.869983,0.4601219802161095,0.86012839450617,0.47208157609670315,0.8680516545591191
2016-12-30 23:59:52,holdout,0.46041,0.869974,0.4597667229127331,0.860312241595746,0.4686347730439636,0.8456284375738513
2016-12-31 23:59:52,holdout,0.460329,0.869956,0.45971553011980254,0.8605986808562194,0.46434032338232867,0.8367515940738997
2017-01-01 23:59:51,train,0.460247,0.869956,0.45915175343860865,0.8598041803801928,0.46547672536817924,0.8704074661340476
2017-01-02 23:59:51,train,0.460165,0.869948,0.45863272452030723,0.8583704775150129,0.4597625155110881,0.8576055810830515
2017-01-03 23:59:51,train,0.460084,0.869939,0.4587874247142828,0.8588012862153703,0.46555376808578286,0.8382300566653382
2017-01-04 23:59:51,train,0.460002,0.86993,0.4579838892888115,0.8574922921817647,0.4757386189908469,0.8831937326115671
2017-01-05 23:59:51,train,0.45992,0.869922,0.4571459470027565,0.8560840283383669,0.4736596455165096,0.8595695089812707
2017-01-06 23:59:51,train,0.459839,0.869913,0.45595349101156973,0.8548894508553468,0.46591474252984,0.8856624798622792
2017-01-07 23:59:51,train,0.459757,0.869904,0.45591555170471204,0.8545304105897858,0.4736882972254155,0.848369529669801
2017-01-08 23:59:51,train,0.459676,0.869895,0.4551383965229712,0.8539941012678721,0.4574860734543041,0.8419623070602766
2017-01-09 23:59:51,train,0.459594,0.869887,0.45558956623250235,0.8545176103837577,0.4593648669262313,0.8625882665488415
2017-01-10 23:59:51,train,0.459512,0.869878,0.45477619139293796,0.8535769095010981,0.45504886149037405,0.8280317532879851
2017-01-11 23:59:51,train,0.459431,0.869869,0.4535218452326663,0.852931863498813,0.47021648514087094,0.8427368699919192
2017-01-12 23:59:51,train,0.459349,0.86986,0.4540155002381869,0.8530900862101665,0.4607855598668151,0.8944437887664448
2017-01-13 23:59:51,train,0.459267,0.869852,0.455629648359329,0.8551859153583722,0.47775725746061043,0.8266710227957811
2017-01-14 23:59:51,train,0.459186,0.869843,0.4568544291300501,0.8562022607319091,0.44551885537519104,0.8353053752579501
2017-01-15 23:59:51,train,0.459104,0.869834,0.45753085942166904,0.8573756553768992,0.47775645565578123,0.8547244861401941
2017-01-16 23:59:51,train,0.459022,0.869826,0.45811423873252594,0.8605161029565318,0.47294438218298346,0.8685773266166598
2017-01-17 23:59:51,train,0.458941,0.869817,0.45907494209229255,0.8615550610007908,0.4501092426286675,0.868185801414527
2017-01-18 23:59:51,train,0.458859,0.869808,0.4590953578100426,0.8630521128399392,0.46562472923365655,0.888894731729358
2017-01-19 23:59:51,train,0.458777,0.869799,0.46027602050028327,0.8632795644101648,0.4650565594171762,0.8139798068267062
2017-01-20 23:59:51,train,0.458696,0.869791,0.46057105952467015,0.8638329215527759,0.4621052759996477,0.8714029863115592
2017-01-21 23:59:51,train,0.458614,0.869782,0.4605671459322082,0.8639121275666009,0.4596862759651128,0.8600395263152395
2017-01-22 23:59:51,train,0.458532,0.869773,0.46058216475890223,0.864428043182419,0.478244405429412,0.8893285248491435
2017-01-23 23:59:51,train,0.458451,0.869765,0.4599998805443986,0.8640092907839328,0.47314723000871517,0.8719644852791082
2017-01-24 23:59:51,train,0.458369,0.869756,0.45990473339824944,0.8636343991464729,0.45835478011851777,0.8746526249193722
2017-01-25 23:59:51,train,0.458287,0.869747,0.45849659553795236,0.8631919665355369,0.46123793354016557,0.8442358455851057
2017-01-26 23:59:51,train,0.458206,0.869738,0.4585363501149445,0.8614385139594984,0.46683908197971546,0.8926403469545731
2017-01-27 23:59:51,train,0.458124,0.86973,0.4583404857800178,0.8607204117751873,0.464584220419622,0.8560300001202714
2017-01-28 23:59:51,train,0.458042,0.869721,0.457313995322012,0.8596242714925467,0.452414387339087,0.8700834317103673
2017-01-29 23:59:51,train,0.457961,0.869712,0.4565315268098773,0.859828201973662,0.4525680294075131,0.8498621970425463
2017-01-30 23:59:51,train,0.457879,0.869703,0.4559123797423708,0.8585968767100384,0.4650255580915631,0.8539218961502324
2017-01-31 23:59:51,train,0.457797,0.869695,0.4540544835538013,0.8565078708701913,0.4612149204559442,0.8788674507145948
2017-02-01 23:59:51,train,0.457716,0.869686,0.45361323624836747,0.8555756140717348,0.46895326258971154,0.8916007487390285
2017-02-02 23:59:51,train,0.457634,0.869677,0.4532446415438727,0.8544519664342407,0.46681743756103855,0.8727649824977768
2017-02-03 23:59:51,train,0.457552,0.869669,0.4512775587777355,0.8523338669544576,0.46849412708442456,0.8771393900030217
2017-02-04 23:59:51,train,0.457471,0.86966,0.4503386985521691,0.851728864852397,0.4697164407335976,0.8650056279865547
2017-02-05 23:59:51,train,0.457389,0.869651,0.44979806323217403,0.8507487609145534,0.4620346750666463,0.8634934728655536
2017-02-06 23:59:51,train,0.457307,0.869642,0.44871981106027675,0.8493130333146875,0.45929040839867014,0.8667705704613082
2017-02-07 23:59:51,train,0.457226,0.869634,0.44885626147553304,0.8495719281908415,0.4595675772434248,0.8853452956914485
2017-02-08 23:59:51,train,0.457144,0.869625,0.45028728510160987,0.851164170880321,0.4695922985829975,0.8642780549257035
2017-02-10 00:05:51,train,0.457063,0.869616,0.45085602191516344,0.8532626621767077,0.4691319202979605,0.835676758114661
2017-02-10 23:59:51,train,0.456981,0.869608,0.4510021839727277,0.8542249670216229,0.46136405957270593,0.8422443396448351
2017-02-11 23:59:51,train,0.456899,0.869599,0.4524111224830391,0.8555946997205164,0.46876616349405303,0.8803240639960701
2017-02-12 23:59:51,train,0.456818,0.86959,0.4518409071954637,0.8550661849924484,0.450855209022353,0.8519362102639741
2017-02-13 23:59:51,train,0.456736,0.869581,0.4529108054358865,0.8568275230112286,0.459077786551318,0.8474233772874631
2017-02-14 23:59:51,train,0.456654,0.869573,0.45288411942377677,0.8556347577531177,0.46165642598146595,0.8539046578278934
2017-02-15 23:59:51,train,0.456573,0.869564,0.45222940569429376,0.8566236484537236,0.45011872532662944,0.8555013500479199
2017-02-16 23:59:51,train,0.456491,0.869555,0.4524783497338679,0.8554449247885877,0.4666503393631245,0.8689096570630319
2017-02-17 23:59:51,train,0.456409,0.869547,0.45166155398916924,0.855663983955201,0.4552729524793471,0.8976300405034169
2017-02-18 23:59:51,train,0.456328,0.869538,0.45159558511047254,0.8557636970991501,0.46058354180913225,0.8704773986899179
2017-02-19 23:59:51,train,0.456246,0.869529,0.4525536959593315,0.8563450028516711,0.4690124474679724,0.8686399833511763
2017-02-20 23:59:51,train,0.456164,0.86952,0.45370167884678564,0.8575025203896214,0.47092244171600744,0.8437000403932289
2017-02-21 23:59:51,train,0.456083,0.869512,0.4544196440831163,0.8589156678862326,0.4594871381401454,0.8578899838683663
2017-02-22 23:59:51,train,0.456001,0.869503,0.45478875960771936,0.8602825644419779,0.4801309011427527,0.879108196717197
2017-02-23 23:59:51,train,0.455919,0.869494,0.456001105090779,0.8616089008496493,0.46549337646717864,0.855603921735105
2017-02-24 23:59:51,train,0.455838,0.869485,0.4552168253715405,0.8625583158365873,0.468654054330335,0.8600797397766505
2017-02-25 23:59:51,train,0.455756,0.869477,0.45490760289492244,0.8618150973770285,0.45278912944126776,0.8397618325818591
2017-02-26 23:59:51,train,0.455674,0.869468,0.454812708126916,0.8613306183770204,0.455471425925088,0.9034274473516425
2017-02-27 23:59:51,train,0.455593,0.869459,0.45315154673623737,0.8592163215043825,0.4621057435441365,0.8709608397787079
2017-02-28 23:59:51,train,0.455511,0.869451,0.4521325890404966,0.8570026568274677,0.47213741519778546,0.8735249056891199
2017-03-01 23:59:51,train,0.455429,0.869442,0.4514641256685713,0.856575276572155,0.4544292014551705,0.8420857912860037
2017-03-02 23:59:51,train,0.455348,0.869433,0.45034150130257344,0.855775006507393,0.4705312134869663,0.8394969994218304
2017-03-03 23:59:51,train,0.455266,0.869424,0.4495129594147589,0.854425379985686,0.4589208024628293,0.8612007407140164
2017-03-04 23:59:51,train,0.455184,0.869416,0.44884046331974675,0.8530201890379537,0.44932541880943816,0.8726043409484017
2017-03-05 23:59:51,train,0.455103,0.869407,0.44804320991786284,0.8514083944179089,0.4622675982809619,0.8875122056328396
2017-03-06 23:59:51,train,0.455021,0.869398,0.4470218069251851,0.8501407925829626,0.4622189139353392,0.8972678799554248
2017-03-07 23:59:51,train,0.454939,0.86939,0.4461473940979797,0.8503104839358032,0.4436144041810361,0.8504472157266303
2017-03-08 23:59:51,train,0.454858,0.869381,0.44601871103377766,0.8494118028631742,0.46349002517482857,0.8540703273053574
2017-03-09 23:59:51,train,0.454776,0.869372,0.44598122703091386,0.8500709524456919,0.4561132474268073,0.8457529525093869
2017-03-10 23:59:51,train,0.454694,0.869363,0.4461006891890186,0.849579526556955,0.4634349318300429,0.8509305485661247
2017-03-11 23:59:51,train,0.454613,0.869355,0.44676735127972306,0.850619442183283,0.4801357166531186,0.878194281608224
2017-03-12 23:59:51,train,0.454531,0.869346,0.44563293352020894,0.8504681298875256,0.47248468156725865,0.8833174996900607
2017-03-13 23:59:51,train,0.45445,0.869337,0.44586626473509255,0.8502213732787487,0.4643092059232166,0.8576536662080627
2017-03-14 23:59:51,train,0.454368,0.869328,0.44575276389265994,0.8498936679797463,0.47188035590759536,0.871357557649978
2017-03-15 23:59:51,train,0.454286,0.86932,0.4460090208336757,0.8496310938924342,0.4628508804855612,0.8595974128819203
2017-03-16 23:59:51,train,0.454205,0.869311,0.44560431314023974,0.8509517899665495,0.4699307346573908,0.8761320135716323
2017-03-17 23:59:51,train,0.454123,0.869302,0.4459097838883086,0.850595880669431,0.46029213989426876,0.8841455288779694
2017-03-18 23:59:51,train,0.454041,0.869294,0.4458454368428373,0.8512995744066952,0.4450332950810142,0.8956580954380342
2017-03-19 23:59:51,train,0.45396,0.869285,0.44682218533736967,0.8529005790827718,0.4724187367030726,0.877936550888746
2017-03-20 23:59:51,train,0.453878,0.869276,0.4467272017918229,0.8526345769991658,0.4538867856705426,0.8360033685056169
2017-03-21 23:59:51,train,0.453796,0.869267,0.44730894075958827,0.8536946061624121,0.45615520358651274,0.850004369616718
2017-03-22 23:59:51,train,0.453715,0.869259,0.44747944754846125,0.8547791881628125,0.45644916405315583,0.8848617057981302
2017-03-23 23:59:51,train,0.453633,0.86925,0.4481254776138054,0.855709585677452,0.4670470841803495,0.8548892272937002
2017-03-24 23:59:51,train,0.453551,0.869241,0.4486510702777724,0.8560359526912857,0.4507492718067622,0.8704286795601692
2017-03-25 23:59:51,train,0.45347,0.869233,0.4484519642658246,0.8562498182863786,0.44893144474824304,0.8598962647565709
2017-03-26 23:59:51,train,0.453388,0.869224,0.45022309070378475,0.8566350775806965,0.4729887319763882,0.8830558366014738
2017-03-27 23:59:51,train,0.453306,0.869215,0.4499938158786149,0.8579922614198671,0.4532637086966949,0.8913903241220958
2017-03-28 23:59:51,train,0.453225,0.869206,0.44949722911867523,0.8564681267381601,0.45239980339410774,0.8944206646986446
2017-03-29 23:59:51,train,0.453143,0.869198,0.44871011889038326,0.8560793207711439,0.4617294755216157,0.8731413931837044
2017-03-30 23:59:51,train,0.453061,0.869189,0.4473902165916135,0.855410733399856,0.4616702118909972,0.855267315831707
2017-03-31 23:59:51,train,0.45298,0.86918,0.4478854184989333,0.8563996834231427,0.4593519108886193,0.8596484531716265
2017-04-01 23:59:51,train,0.452898,0.869172,0.44913812170496825,0.8566009137288774,0.46574379536388316,0.8708881198123917
2017-04-02 23:59:51,train,0.452816,0.869163,0.44879996286123564,0.8543088123092036,0.4528596986113054,0.8880706886179965
2017-04-03 23:59:51,train,0.452735,0.869154,0.44640066599713485,0.8521858627814403,0.45101134600624826,0.8795716260634289
2017-04-04 23:59:51,train,0.452653,0.869145,0.4452019645249654,0.8516513462532873,0.4653130667060413,0.8861791385965928
2017-04-05 23:59:51,train,0.452571,0.869137,0.44466151172726104,0.8506650303238739,0.46628426276959734,0.8503524009201384
2017-04-06 23:59:51,train,0.45249,0.869128,0.4441661512204997,0.8515515507785308,0.46133299523301585,0.8409820853371548
2017-04-07 23:59:51,train,0.452408,0.869119,0.4431864275523843,0.8501477673660617,0.4507656022740335,0.8807654587944769
2017-04-08 23:59:51,train,0.452326,0.86911,0.4427264031973438,0.8507810355209631,0.4567631364046482,0.8533840564645794
2017-04-09 23:59:51,train,0.452245,0.869102,0.4436573826214946,0.8509180680273309,0.46483818032310636,0.8398394405352309
2017-04-10 23:59:51,train,0.452163,0.869093,0.44426361760844935,0.8519028049089891,0.4646669652798295,0.8466865639646584
2017-04-11 23:59:51,train,0.452081,0.869084,0.44377810225403846,0.8513222876041082,0.44701003446867393,0.8605712668605335
2017-04-12 23:59:51,train,0.452,0.869076,0.4440712051167414,0.8517905697402269,0.4613687924745647,0.8638989236914384
2017-04-13 23:59:51,train,0.451918,0.869067,0.44456439740577774,0.8527553273238149,0.4637852090196285,0.8602340557057032
2017-04-14 23:59:51,train,0.451836,0.869058,0.4440140562528706,0.8525699814402323,0.45588431405701874,0.8616401068107764
2017-04-15 23:59:51,train,0.451755,0.869049,0.444480432700845,0.8526899076364314,0.455853147862206,0.8800728018076666
2017-04-16 23:59:51,train,0.451673,0.869041,0.4435420213765827,0.8522859398767022,0.4512079346155242,0.8745201802687426
2017-04-17 23:59:51,train,0.451591,0.869032,0.44385000020339915,0.8526373129453926,0.46256114427564893,0.865447950189239
2017-04-18 23:59:51,train,0.45151,0.869023,0.4450117566909961,0.8534567860859363,0.457917387392849,0.8566444523826071
2017-04-19 23:59:51,train,0.451428,0.869015,0.44603902426317205,0.8553314632315813,0.45845334062216,0.8471315009211423
2017-04-20 23:59:51,train,0.451347,0.869006,0.4466562339010382,0.8562731056210313,0.46801353180507216,0.8770050803716934
2017-04-21 23:59:51,train,0.451265,0.868997,0.4477519880717625,0.858895912817595,0.4669959977482326,0.8713168618896097
2017-04-22 23:59:51,train,0.451183,0.868988,0.4495863713336696,0.8606248360150114,0.45951312114431747,0.8921049801838151
2017-04-23 23:59:51,train,0.451102,0.86898,0.4511594874169574,0.8638063776092824,0.46803966115565243,0.8277086888027599
2017-04-24 23:59:51,train,0.45102,0.868971,0.4509928024764019,0.8639812153996176,0.4477106436181209,0.8624431850042262
2017-04-25 23:59:51,train,0.450938,0.868962,0.4498522683972887,0.8635931271997733,0.4516142588360951,0.8797779457437017
2017-04-26 23:59:51,train,0.450857,0.868953,0.4483537209388591,0.8609435819114467,0.47124749539074934,0.832942945787273
2017-04-27 23:59:51,train,0.450775,0.868945,0.4474725325805025,0.859611214159781,0.44847745536039224,0.8692559998362692
2017-04-28 23:59:51,train,0.450693,0.868936,0.4454628341643088,0.8566054250981247,0.4536017392355783,0.8451990700833333
2017-04-29 23:59:51,train,0.450612,0.868927,0.44396421531298164,0.8531876851395552,0.464860636212761,0.8843658744040146
2017-04-30 23:59:51,train,0.45053,0.868919,0.4420604057017786,0.8505422258609999,0.45779422685924603,0.8618855881686175
2017-05-01 23:59:51,train,0.450448,0.86891,0.4392102278537839,0.8480085982454335,0.437860190339944,0.8159075752828093
2017-05-02 23:59:51,train,0.450367,0.868901,0.43922741417566574,0.8471439158132098,0.4569316785847887,0.842532742805839
2017-05-03 23:59:51,train,0.450285,0.868892,0.43860968266664985,0.8479439575098432,0.4508832670456817,0.8741746859800277
2017-05-04 23:59:51,train,0.450203,0.868884,0.43888550554860173,0.8491289082751851,0.4363653833337432,0.8775381126953559
2017-05-05 23:59:51,train,0.450122,0.868875,0.4379588549532933,0.8478332353165337,0.4678012058772757,0.8358139648417672
2017-05-06 23:59:51,train,0.45004,0.868866,0.43827250472384505,0.8477423068688318,0.45700887750103625,0.8625145485317114
2017-05-07 23:59:51,train,0.449958,0.868858,0.4380629443830279,0.8472336150084195,0.4554406986832422,0.8719963013252281
2017-05-08 23:59:51,train,0.449877,0.868849,0.43738081504030846,0.8463136072414175,0.46077999491332905,0.8754495630237132
2017-05-09 23:59:51,train,0.449795,0.86884,0.43669269389879023,0.8461193402195147,0.43188977017527946,0.8391593893692514
2017-05-10 23:59:51,train,0.449713,0.868831,0.4365409873334713,0.8459337236768663,0.44842533124533707,0.8606027614634264
2017-05-11 23:59:51,train,0.449632,0.868823,0.4368776965095541,0.8466276147231064,0.4557526079454759,0.8646830047982782
2017-05-12 23:59:51,train,0.44955,0.868814,0.4373729519359254,0.8471549105501103,0.44544395927024377,0.8628647321858186
2017-05-13 23:59:51,train,0.449468,0.868805,0.4376534779967068,0.8479081837608958,0.4676824351948118,0.8643532161267317
2017-05-14 23:59:51,train,0.449387,0.868797,0.4372272609298916,0.8477347948067767,0.4535032777167959,0.8497972165641644
2017-05-15 23:59:51,train,0.449305,0.868788,0.43816046492396504,0.8485738051907542,0.44588812381525117,0.8914245886989681
2017-05-16 23:59:51,train,0.449223,0.868779,0.4386719586596264,0.8497469225663814,0.4582659867132165,0.8633719252672841
2017-05-17 23:59:51,train,0.449142,0.86877,0.43918827856500775,0.8502153798857546,0.4388191955025484,0.8855266071096289
2017-05-18 23:59:51,train,0.44906,0.868762,0.4416471447091397,0.8540067015733285,0.46735947194644045,0.8494490599779864
2017-05-19 23:59:51,train,0.448978,0.868753,0.44285844789173373,0.8562073385557547,0.45548896974342784,0.8991684349537531
2017-05-20 23:59:51,train,0.448897,0.868744,0.4438912850546753,0.8570685795307398,0.4614950347672235,0.8513651192244988
2017-05-21 23:59:51,train,0.448815,0.868735,0.44419475888800736,0.8593374912656386,0.44576358134771565,0.8508737438301722
2017-05-22 23:59:51,train,0.448734,0.868727,0.4437038456924027,0.8592018535686183,0.44141698194956275,0.8840533888909712
2017-05-23 23:59:51,train,0.448652,0.868718,0.4434080987922068,0.8593912822595036,0.4529383280464875,0.8700178175913069
2017-05-24 23:59:51,train,0.44857,0.868709,0.4423235878267175,0.8567298071803989,0.44134304007516567,0.8918246887362188
2017-05-25 23:59:51,train,0.448489,0.868701,0.44083579245275917,0.8534944791059661,0.45769713344904955,0.8981651622954989
2017-05-26 23:59:51,train,0.448407,0.868692,0.4403614702049021,0.8516399399432166,0.4607137438410677,0.8773470812312244
2017-05-27 23:59:51,train,0.448325,0.868683,0.4385208724366216,0.8493562186592499,0.45769441560033086,0.86864638254188
2017-05-28 23:59:51,train,0.448244,0.868674,0.43618838521351194,0.847532578951669,0.44109794111438133,0.8730065409361384
2017-05-29 23:59:51,train,0.448162,0.868666,0.4355684245363636,0.8465085479872851,0.4556474401816819,0.8744537344080336
2017-05-30 23:59:51,train,0.44808,0.868657,0.4356881198687162,0.8462511348420565,0.4533179810046483,0.8391516088801033
2017-05-31 23:59:51,train,0.447999,0.868648,0.4354470754354282,0.8475355052273982,0.43625289068936446,0.8350081224887376
2017-06-01 23:59:51,train,0.447917,0.86864,0.43602111976780344,0.8475407450224509,0.4344603955722346,0.8659165172341196
2017-06-02 23:59:51,train,0.447835,0.868631,0.4364984252440889,0.848355026174497,0.43583410893610924,0.8755144178424584
2017-06-03 23:59:51,train,0.447754,0.868622,0.43798362987202066,0.8504347233902527,0.46086968409630164,0.864928411891363
2017-06-04 23:59:51,train,0.447672,0.868613,0.437623407064464,0.8500089989400431,0.45471074347961515,0.8291157537270949
2017-06-05 23:59:51,train,0.44759,0.868605,0.43814294458925973,0.851408906223327,0.4369768226939875,0.8687037490908643
2017-06-06 23:59:51,train,0.447509,0.868596,0.4371890762508233,0.8513260092119068,0.448008961223447,0.8493357529412797
2017-06-07 23:59:51,train,0.447427,0.868587,0.43713025187607846,0.8513908821769081,0.4415210438168952,0.8385128820125523
2017-06-08 23:59:51,train,0.447345,0.868578,0.4364217794701331,0.849018034821812,0.4495370105019211,0.8758210369074019
2017-06-09 23:59:51,train,0.447264,0.86857,0.43611388066323464,0.8487490452747287,0.45774217684463403,0.875323184461824
2017-06-10 23:59:51,train,0.447182,0.868561,0.4358636733687137,0.8479244023977022,0.4538007337722166,0.8635256746415578
2017-06-11 23:59:51,train,0.4471,0.868552,0.43464521029062303,0.8459814314612336,0.4407341822997735,0.8408916715444683
2017-06-12 23:59:51,train,0.447019,0.868544,0.43528078330819175,0.8468293689929135,0.4412853027166999,0.8813626886143007
2017-06-13 23:59:51,train,0.446937,0.868535,0.4353153634490281,0.8479026308394089,0.444898513274447,0.8669032465077111
2017-06-14 23:59:51,train,0.446855,0.868526,0.43761391618449713,0.8505972243004423,0.44635079128144906,0.8511638109047385
2017-06-15 23:59:51,train,0.446774,0.868517,0.4379831214812978,0.853097029741998,0.4444329375598542,0.8407976484454162
2017-06-16 23:59:51,train,0.446692,0.868509,0.4398887500493182,0.8562462399055168,0.45752715187239873,0.8645869923291241
2017-06-17 23:59:51,train,0.44661,0.8685,0.43992713772141334,0.8570104291206784,0.4366450340472425,0.8489746253711119
2017-06-18 23:59:51,train,0.446529,0.868491,0.43964053315939366,0.8565427829058191,0.4317958882966334,0.851287685564254
2017-06-19 23:59:51,train,0.446447,0.868483,0.4395163016710169,0.8553796600119735,0.4337955012189182,0.8567669003513396
2017-06-20 23:59:51,train,0.446365,0.868474,0.43832648355236165,0.8529006268568531,0.44209614200848796,0.8564690211504886
2017-06-21 23:59:51,train,0.446284,0.868465,0.43749057225027566,0.8502148135463734,0.4530098857501859,0.8528661449875988
2017-06-22 23:59:51,train,0.446202,0.868456,0.4352575190691492,0.8480845277663192,0.4545662234569939,0.9031362457874679
2017-06-23 23:59:51,train,0.446121,0.868448,0.434317111307866,0.8468756131572628,0.4556925319328892,0.8642781258009711
2017-06-24 23:59:51,train,0.446039,0.868439,0.4339408475744798,0.8467247125003942,0.4386582737240497,0.8480424664462899
2017-06-25 23:59:51,train,0.445957,0.86843,0.4341098096760802,0.8471059153805589,0.4401006639015115,0.8646199365397199
2017-06-26 23:59:51,train,0.445876,0.868421,0.43389792475158806,0.8478180301921394,0.4365927189317007,0.8407301618399102
2017-06-27 23:59:51,train,0.445794,0.868413,0.4334930890564219,0.8466132518604608,0.45173554445266106,0.848933406580031
2017-06-28 23:59:51,train,0.445712,0.868404,0.43271693623317514,0.8456502623508293,0.45436400099046137,0.8702801372257376
2017-06-29 23:59:51,train,0.445631,0.868395,0.43336316836034333,0.8452249586332882,0.46111727812454645,0.8643239396115796
2017-06-30 23:59:51,train,0.445549,0.868387,0.43339708900472296,0.8460058225640869,0.4610581891804741,0.867729002975628
2017-07-01 23:59:51,train,0.445467,0.868378,0.4327090346745776,0.8455046485205495,0.45101581797542534,0.8425238034541207
2017-07-02 23:59:51,train,0.445386,0.868369,0.4325348818578588,0.8464310461225095,0.4241252105651888,0.8453458161688759
2017-07-03 23:59:51,train,0.445304,0.86836,0.43216329750808136,0.84490515858323,0.45072887746100393,0.8650376560779605
2017-07-04 23:59:51,train,0.445222,0.868352,0.431992326126263,0.8452165044384771,0.4462989216876978,0.8467800696794393
2017-07-05 23:59:51,train,0.445141,0.868343,0.4323364500462498,0.845037737418046,0.43362725579773587,0.829961763280887
2017-07-06 23:59:51,train,0.445059,0.868334,0.43222500905059763,0.8449259291717749,0.43813477902337344,0.8953073571306344
2017-07-07 23:59:51,train,0.444977,0.868326,0.43245104696725595,0.84457328288445,0.4500926661695759,0.8508712609601234
2017-07-08 23:59:51,train,0.444896,0.868317,0.43348561634551763,0.846888188837714,0.4515647666132913,0.8667303760739546
2017-07-09 23:59:51,train,0.444814,0.868308,0.43335312993192443,0.8473113184309049,0.45476109090204714,0.8467544796949075
2017-07-10 23:59:51,train,0.444732,0.868299,0.43387792665237956,0.8491892067799912,0.43802233299647236,0.8630946743252627
2017-07-11 23:59:51,train,0.444651,0.868291,0.4359761020061155,0.8519906335478334,0.42237767201823356,0.8480006227227659
2017-07-12 23:59:51,train,0.444569,0.868282,0.4366487501080616,0.8532178063606217,0.44666641026858533,0.8524050103347324
2017-07-13 23:59:51,train,0.444487,0.868273,0.4382010646537186,0.8550975798024378,0.42991011220185416,0.8694382892157183
2017-07-14 23:59:51,train,0.444406,0.868265,0.43758041492379524,0.8535908539914343,0.44698379132477195,0.848970453999228
2017-07-15 23:59:51,train,0.444324,0.868256,0.43645992854563154,0.8535815579515854,0.4570882686177039,0.85788447532113
2017-07-16 23:59:51,train,0.444242,0.868247,0.4346191061195063,0.8501364402227478,0.4432847708188813,0.8638761944438664
2017-07-17 23:59:51,train,0.444161,0.868238,0.4325445969003261,0.8474995635981261,0.420911237001079,0.880564442965541
2017-07-18 23:59:51,train,0.444079,0.86823,0.43198731892160486,0.8459240037003615,0.45387057768169864,0.8534766403948357
2017-07-19 23:59:51,train,0.443997,0.868221,0.43081262771587653,0.8442626261523876,0.4588403420707569,0.8650372492619239
2017-07-20 23:59:51,train,0.443916,0.868212,0.431081448567416,0.8443477063425898,0.46091854717670494,0.8447886628234065
2017-07-21 23:59:51,train,0.443834,0.868203,0.430560532397591,0.844686569615024,0.45635452964182976,0.8574855632765576
2017-07-22 23:59:51,train,0.443752,0.868186,0.4302979078061682,0.8443408415761523,0.4467088206923154,0.8471297847343111
2017-07-23 23:59:51,train,0.443671,0.868186,0.42967688311135604,0.8434350257779197,0.4460300303208199,0.8716284598485375
2017-07-24 23:59:51,train,0.443589,0.868177,0.429954135750037,0.8439961775599281,0.42950167612604834,0.8576700705520599
2017-07-25 23:59:51,train,0.443507,0.868169,0.4298129056624469,0.8432665733153041,0.44992874805087735,0.8686788443731175
2017-07-26 23:59:51,train,0.443426,0.86816,0.4297830054489903,0.8426504902279158,0.4518767747158112,0.8778794896206935
2017-07-27 23:59:51,train,0.443344,0.868151,0.4293530381302453,0.8424384785779809,0.4631485372507553,0.8603075741182048
2017-07-28 23:59:51,train,0.443262,0.868142,0.42944429033416903,0.8429676146665849,0.44973075433083043,0.8254925889441233
2017-07-29 23:59:51,train,0.443181,0.868134,0.42908894509818063,0.8426485223451008,0.4408978331864231,0.8268576564323357
2017-07-30 23:59:51,train,0.443099,0.868125,0.4286016726078697,0.8424728047523798,0.4455436124976419,0.855188758019113
2017-07-31 23:59:51,train,0.443018,0.868116,0.4282315387775618,0.8414455832482588,0.43133804130314135,0.8490813877995893
2017-08-01 23:59:51,test,0.442936,0.868108,0.42791560246559496,0.8405968890428093,0.460201573343049,0.8541196026559679
2017-08-02 23:59:51,test,0.442854,0.868099,0.4290020041619869,0.8420953978195242,0.45350416827468926,0.8846229972209928
2017-08-03 23:59:51,test,0.442773,0.86809,0.4294246334041575,0.8440014563661397,0.443120185428323,0.848006544973466
2017-08-04 23:59:51,test,0.442691,0.868081,0.42986523985454966,0.8449926118887476,0.44529131783543885,0.8868724031475222
2017-08-05 23:59:51,test,0.442609,0.868073,0.43018657597889465,0.8468119321087196,0.4451132537423429,0.8770308073025187
2017-08-06 23:59:51,test,0.442528,0.868064,0.4315100204045415,0.8486675783467471,0.4387894037954568,0.8528719081063743
2017-08-07 23:59:51,test,0.442446,0.868055,0.4322530851676302,0.8509697326382083,0.4384516846988935,0.8419477843987003
2017-08-08 23:59:51,test,0.442364,0.868047,0.4327159681988337,0.8510104251631548,0.440930037827125,0.8584463155291164
2017-08-09 23:59:51,test,0.442283,0.868038,0.4320979275060129,0.8491000480708044,0.42965708856014856,0.8268542836656935
2017-08-10 23:59:51,test,0.442201,0.868029,0.43077442622036993,0.8472754381018307,0.44562475886073327,0.8788978755888782
2017-08-11 23:59:51,test,0.442119,0.868012,0.4306161419592474,0.846006640645627,0.44077545421315173,0.8709971521964738
2017-08-12 23:59:51,test,0.442038,0.868012,0.4294276945101905,0.8447991439489695,0.44491363564852027,0.8661862481233201
2017-08-13 23:59:51,test,0.441956,0.868003,0.42802713197131953,0.8421813049252307,0.44696623572119043,0.8265019338633482
2017-08-14 23:59:51,test,0.441874,0.867994,0.42775229854954966,0.8419997884451982,0.4362509854880474,0.8383924491736777
2017-08-15 23:59:51,test,0.441793,0.867985,0.4280022983396828,0.8423341389999205,0.4271746206051814,0.85823841990852
2017-08-16 23:59:51,test,0.441711,0.867977,0.4285537551654328,0.8432369943385846,0.4373168868982887,0.8558608555673197
2017-08-17 23:59:51,test,0.441629,0.867968,0.4280692516978722,0.8431032462852345,0.4435660110228073,0.8422815202943221
2017-08-18 23:59:51,test,0.441548,0.867959,0.4292429301187542,0.8451912007718341,0.43744044744139887,0.837137223955351
2017-08-19 23:59:51,test,0.441466,0.867951,0.42838218056154365,0.8452335367227638,0.44515550758799427,0.8416663867103925
2017-08-20 23:59:51,test,0.441384,0.867942,0.4297343160301397,0.8463913398097415,0.4429795670351046,0.8256171711999095
2017-08-21 23:59:51,test,0.441303,0.867933,0.4302866032080529,0.8473246846765287,0.4509937797706498,0.837776532983742
2017-08-22 23:59:51,test,0.441221,0.867924,0.4297978117889052,0.8464601184011655,0.4474475180009782,0.8325230139802526
2017-08-23 23:59:51,test,0.441139,0.867916,0.42960976136073853,0.8458328912352816,0.4324550537924889,0.8564776777740505
2017-08-24 23:59:51,test,0.441058,0.867907,0.429004836115709,0.8449907882524819,0.45015339878369875,0.8832006392892459
2017-08-25 23:59:51,test,0.440976,0.867898,0.4286362650849028,0.8450657052737774,0.444702004651255,0.8744020365518805
2017-08-26 23:59:51,test,0.440894,0.86789,0.4278654685730402,0.8439632461901535,0.4401611679825457,0.865551229163432
2017-08-27 23:59:51,test,0.440813,0.867881,0.42715658714253557,0.8434410885740007,0.43494167612007817,0.8276197855328981
2017-08-28 23:59:51,test,0.440731,0.867872,0.4276292191224935,0.8433548733634118,0.4397316921543748,0.8354705038369713
2017-08-29 23:59:51,test,0.440649,0.867863,0.4280730862497499,0.8428774932744377,0.4502709247732258,0.8646052647271556
2017-08-30 23:59:51,test,0.440568,0.867855,0.4278835864707484,0.8428790576571527,0.44860123438547095,0.8613459087997194
2017-08-31 23:59:51,test,0.440486,0.867846,0.4284116246277171,0.8446229077336722,0.4408280147049495,0.865561443513905
2017-09-01 23:59:51,test,0.440405,0.867837,0.4285325474821377,0.8453544512350649,0.43591130418513124,0.8245845598789171
2017-09-02 23:59:51,test,0.440323,0.867828,0.4320784113417977,0.8519662494862528,0.43264635198891693,0.8315451482598109
2017-09-03 23:59:51,test,0.440241,0.86782,0.43515456788320617,0.8556399741647862,0.428738312490366,0.8453926272025805
2017-09-04 23:59:51,test,0.44016,0.867811,0.43719070051739023,0.8575735417026945,0.4357567237063049,0.8385834959059604
2017-09-05 23:59:51,test,0.440078,0.867802,0.4361533697448646,0.8585654948478344,0.426911865277772,0.8821931781496097
2017-09-06 23:59:51,test,0.439996,0.867794,0.4358424650706528,0.8563588116548796,0.43918600301882,0.8517537353924931
2017-09-07 23:59:51,test,0.439915,0.867785,0.4376268403841189,0.8549801860309468,0.43302494260423696,0.8547913473675636
2017-09-08 23:59:51,test,0.439833,0.867776,0.43301654234814585,0.8509931127168949,0.44231148336869075,0.868850348855958
2017-09-09 23:59:51,test,0.439751,0.867767,0.4295508933329479,0.8466967939372995,0.4409273336629421,0.8558644254135156
2017-09-10 23:59:51,test,0.43967,0.867759,0.43135230796298796,0.8442019383938404,0.42407086947247075,0.8726920114400433
2017-09-11 23:59:51,test,0.439588,0.86775,0.4267599919728787,0.8420767061178508,0.4403699372725848,0.8558457524875318
2017-09-12 23:59:51,test,0.439506,0.867741,0.4262810796748552,0.842053182815479,0.4463943326997562,0.846832374759894
2017-09-13 23:59:51,test,0.439425,0.867733,0.4253084245356806,0.8416485590541467,0.43946823228278736,0.8596397613961629
2017-09-14 23:59:51,test,0.439343,0.867724,0.424466719765704,0.84033468157107,0.42825134471668036,0.8451459492510625
2017-09-15 23:59:51,test,0.439261,0.867715,0.42470144633034823,0.8420166762493257,0.4331056820881977,0.8558186801948003
2017-09-16 23:59:51,test,0.43918,0.867706,0.42451614067129473,0.8415442755447571,0.44079146913010653,0.8331331748606307
2017-09-17 23:59:51,test,0.439098,0.867698,0.4248928166920247,0.8417570913864956,0.4219774701124941,0.8630198832952813
2017-09-18 23:59:51,test,0.439016,0.867689,0.424782413160226,0.8409523974615132,0.44512720003237316,0.8823188611464724
2017-09-19 23:59:51,test,0.438935,0.86768,0.42536472682714455,0.8428174123725883,0.442125574697499,0.8779078318055134
2017-09-20 23:59:51,test,0.438853,0.867671,0.4248109219414714,0.8420304439368145,0.42278587896335373,0.8497018113809962
2017-09-21 23:59:51,test,0.438771,0.867663,0.4261412748905607,0.842749084159013,0.4378786930815596,0.8246866584994386
2017-09-22 23:59:51,test,0.43869,0.867654,0.4248753834591081,0.8425279532917818,0.44682005724691587,0.8475645729508824
2017-09-23 23:59:51,test,0.438608,0.867645,0.425211795064834,0.8427458315386137,0.424348902947294,0.8340033527199291
2017-09-24 23:59:51,test,0.438526,0.867637,0.4262126828276354,0.8428352543875887,0.43138835577104834,0.8258624406463833
2017-09-25 23:59:51,test,0.438445,0.867628,0.42749249035479103,0.8447586344737598,0.42708512781520874,0.8444539906496332
2017-09-26 23:59:51,test,0.438363,0.867619,0.4294107202984439,0.8482228466390428,0.43963823553252773,0.8563584039818637
2017-09-27 23:59:51,test,0.438281,0.86761,0.43029621218264535,0.8501408912220534,0.4421383662149446,0.8612986961981703
2017-09-28 23:59:51,test,0.4382,0.867602,0.43067521858425767,0.8522499536565286,0.4397349888626981,0.8713285001326176
2017-09-29 23:59:51,test,0.438118,0.867593,0.43186669912797077,0.8553197366889173,0.43380087784513055,0.855973304596624
2017-09-30 23:59:51,test,0.438036,0.867584,0.43205106904551155,0.8562116660190907,0.4396513229866756,0.8340122326164583
2017-10-01 23:59:51,test,0.437955,0.867576,0.4319980417472655,0.8558018875587748,0.43849482523385214,0.8395418580723494
2017-10-03 00:05:51,test,0.437873,0.867567,0.4308851486237623,0.8535675955609607,0.43759459844034754,0.8618019575202004
2017-10-03 23:59:51,test,0.437791,0.867558,0.4299796281641662,0.85122703819124,0.444138781669088,0.8662653019064028
2017-10-04 23:59:51,test,0.43771,0.867549,0.42878573990110225,0.848882603453681,0.4365261002136766,0.856973923119348
2017-10-05 23:59:51,test,0.437628,0.867541,0.4271924868987079,0.8454718187712648,0.43681660494650526,0.8292570964151867
2017-10-06 23:59:51,test,0.437547,0.867532,0.4246459153128162,0.8423661663952696,0.4396521071775469,0.8490702013188443
2017-10-07 23:59:51,test,0.437465,0.867523,0.4229708711919505,0.8397050666054034,0.4325838022384314,0.857777349161889
2017-10-08 23:59:51,test,0.437383,0.867515,0.4227088959021531,0.8393021404630391,0.4283333344925756,0.8509435170965275
2017-10-09 23:59:51,test,0.437302,0.867506,0.42201613467797133,0.8382815268665808,0.43067973982874974,0.8425890035184019
2017-10-10 23:59:51,test,0.43722,0.867497,0.4221617320507437,0.8379725548903704,0.4508285291420887,0.8969203819841862
2017-10-11 23:59:51,test,0.437138,0.867488,0.4214216511424074,0.8383504300092512,0.4378881475829502,0.879529695682614
2017-10-12 23:59:51,test,0.437057,0.86748,0.42249707187569724,0.8390126720073631,0.43746294173642325,0.8325409410239588
2017-10-13 23:59:51,test,0.436975,0.867471,0.4226169862217221,0.8406045200788321,0.43317401582480236,0.8460549178624972
2017-10-14 23:59:51,test,0.436893,0.867462,0.42281541081842083,0.8409330046324316,0.4305582738116736,0.869587047627925
2017-10-15 23:59:51,test,0.436812,0.867454,0.42214043222334696,0.8403772827914142,0.4387710265415069,0.8471034932624024
2017-10-16 23:59:51,test,0.43673,0.867445,0.42296052035310905,0.8409269043142397,0.4406105674399312,0.8721514260155835
2017-10-17 23:59:51,test,0.436648,0.867436,0.42315103369667145,0.8414429335861219,0.43090380275238926,0.8357752775965536
2017-10-18 23:59:51,test,0.436567,0.867427,0.422020332795671,0.8403024532849295,0.4445903039507876,0.8568929272446596
2017-10-19 23:59:51,test,0.436485,0.867419,0.4216758658280291,0.8401530852807555,0.42272968425228313,0.8863731577999369
2017-10-20 23:59:51,test,0.436403,0.86741,0.421037421736089,0.8393511655993394,0.4465864983324186,0.8384262342039768
2017-10-21 23:59:51,test,0.436322,0.867401,0.4224086052852104,0.8404276871719573,0.43596894156322097,0.8818634662350926
2017-10-22 23:59:51,test,0.43624,0.867392,0.4230031496200011,0.841337478142885,0.435381085218489,0.8521264074875003
2017-10-24 00:05:51,test,0.436158,0.867375,0.42431526396958824,0.8433343190551653,0.42811798962096964,0.8420364938778456
2017-10-24 23:59:51,test,0.436077,0.867375,0.4253765302937197,0.846153453339093,0.4332413477584033,0.8404343482804405
2017-10-25 23:59:51,test,0.435995,0.867366,0.4263752716206895,0.8486529149364858,0.4163972003877289,0.8269790016052664
2017-10-26 23:59:51,test,0.435913,0.867358,0.4269174705202381,0.8498191296225441,0.4250856251365998,0.8270696655844922
2017-10-27 23:59:51,test,0.435832,0.867349,0.42810834456841285,0.8521398390512781,0.4412274304064866,0.8446480089449515
2017-10-28 23:59:51,test,0.43575,0.86734,0.42726719289236476,0.8515914494291573,0.41727936126273985,0.8183756776764096
2017-10-29 23:59:51,test,0.435668,0.867331,0.4268467681451163,0.8503552942187266,0.42728778868785827,0.8502073287389534
2017-10-30 23:59:51,test,0.435587,0.867323,0.42569982309066373,0.8475833638523459,0.42822938038506725,0.8601128060806036
2017-10-31 23:59:51,test,0.435505,0.867314,0.4241444586276282,0.8451879921703258,0.42518824258484056,0.8800664104022757
2017-11-01 23:59:51,holdout,0.435423,0.867305,0.42253711559340584,0.8410354703346067,0.42578657311767926,0.8344932806224729
2017-11-02 23:59:51,holdout,0.435342,0.867297,0.4215844297904052,0.8396304395426476,0.44024771855184514,0.8443971344788542
2017-11-03 23:59:51,holdout,0.43526,0.867288,0.41985372308533886,0.8370237268397468,0.429961581827279,0.8657300093218996
2017-11-04 23:59:51,holdout,0.435178,0.867279,0.4194942114268625,0.8376130039760559,0.44689562764444696,0.8526462207220421
2017-11-05 23:59:51,holdout,0.435097,0.86727,0.4194724247403354,0.8375291591773553,0.442127704842781,0.8566297073848484
2017-11-06 23:59:51,holdout,0.435015,0.867262,0.41943649102972347,0.8377135759763276,0.4218000182050471,0.8247162240295333
2017-11-08 23:59:51,holdout,0.434852,0.867244,0.4196926327308824,0.8393692545507735,0.4322443579565797,0.8700414920465667
2017-11-09 23:59:51,holdout,0.43477,0.867235,0.42005878103170885,0.8386757789783803,0.4243616318554987,0.8581521393074591
2017-11-10 23:59:51,holdout,0.434689,0.867227,0.42001341944342413,0.8396040007201075,0.43434199473615986,0.8924559291438368
2017-11-11 23:59:51,holdout,0.434607,0.867218,0.41978812739979354,0.8382678439329002,0.4434575068891017,0.8795494007279178
2017-11-12 23:59:51,holdout,0.434525,0.867209,0.42006625888946597,0.8394695480921222,0.4338672054911822,0.8490039540404406
2017-11-13 23:59:51,holdout,0.434444,0.867201,0.419919631146258,0.8393978656763043,0.44421501363165816,0.8678743867710191
2017-11-14 23:59:51,holdout,0.434362,0.867192,0.420309578758952,0.8393250157881639,0.43683353270827435,0.824367531055152
2017-11-15 23:59:51,holdout,0.43428,0.867183,0.41990332227318844,0.8397017856970839,0.4202665687772057,0.8623536926515297
2017-11-16 23:59:51,holdout,0.434199,0.867174,0.42090467985410684,0.8402067426362474,0.4247301608751036,0.8526839212529008
2017-11-17 23:59:51,holdout,0.434117,0.867166,0.42126649621371254,0.8419951873472039,0.43397662487887473,0.8641332323881127
2017-11-18 23:59:51,holdout,0.434035,0.867157,0.4222822638953406,0.842496584633227,0.44106221036744647,0.8523971648380064
2017-11-19 23:59:51,holdout,0.433954,0.867148,0.42162722384973705,0.8431141255653318,0.42465552145475377,0.820261669985453
2017-11-20 23:59:51,holdout,0.433872,0.86714,0.4234016904601814,0.8452517515008359,0.4510264602624185,0.8705568845503902
2017-11-21 23:59:51,holdout,0.43379,0.867131,0.4236923306440929,0.8460761992767504,0.4407685302096704,0.8860416531470877
2017-11-22 23:59:51,holdout,0.433709,0.867122,0.4243978767306376,0.8469383998103323,0.4286638957841016,0.8816519964927432
2017-11-23 23:59:51,holdout,0.433627,0.867113,0.4235519364489782,0.8459006549513282,0.42867487413803734,0.8742399506610153
2017-11-24 23:59:51,holdout,0.433545,0.867105,0.4240069155051151,0.8470506094353554,0.43223047833635336,0.8438412791752214
2017-11-25 23:59:51,holdout,0.433464,0.867096,0.4237466028328449,0.846067689308671,0.42239660920349775,0.8481955233427615
2017-11-26 23:59:51,holdout,0.433382,0.867087,0.42182453957865546,0.8434077578559234,0.43738773329852654,0.8769836958972733
2017-11-27 23:59:51,holdout,0.4333,0.867078,0.42041753203581816,0.8413494583391466,0.4297465990535988,0.8824199004527068
2017-11-28 23:59:51,holdout,0.433219,0.86707,0.41930416659568515,0.8393355737276756,0.4430462492940628,0.8629275995194343
2017-11-29 23:59:51,holdout,0.433137,0.867061,0.4186749313855572,0.8378107562211569,0.4358585359499818,0.8402980819921249
2017-11-30 23:59:51,holdout,0.433055,0.867052,0.41765532496588087,0.8361476585476382,0.4365725154684763,0.8269164565885331
2017-12-01 23:59:51,holdout,0.432974,0.867044,0.41747952818477785,0.8361479316988546,0.4233722838102301,0.8565498512433262
2017-12-02 23:59:51,holdout,0.432892,0.867035,0.41703806430785684,0.8356505025099759,0.419847166891628,0.8552334331038014
2017-12-03 23:59:51,holdout,0.43281,0.867026,0.4167368704530708,0.8351424199003493,0.4365778081297208,0.8717054987326474
2017-12-04 23:59:51,holdout,0.432729,0.867017,0.41633032164235767,0.8360926274545315,0.4249901180930633,0.8441951128238994
2017-12-05 23:59:51,holdout,0.432647,0.867009,0.4180942865043763,0.838177605800342,0.4355963363546064,0.8370428288184427
2017-12-06 23:59:51,holdout,0.432565,0.867,0.4181611536813832,0.8367926348441974,0.43236013995818495,0.8255090194071012
2017-12-07 23:59:51,holdout,0.432484,0.866991,0.4174318512336713,0.8376541076613779,0.4155924253558654,0.8325944515656685
2017-12-08 23:59:51,holdout,0.432402,0.866983,0.41737633986230577,0.8377983948350293,0.41439247943676766,0.8690119055781337
2017-12-09 23:59:51,holdout,0.43232,0.866974,0.41783773566621824,0.8372569794988033,0.4326532353850775,0.8610799283988773
2017-12-10 23:59:51,holdout,0.432239,0.866965,0.4180682122340163,0.8381429600128418,0.4338414361858126,0.8686664589071036
2017-12-11 23:59:51,holdout,0.432157,0.866956,0.4183347789106872,0.8386417922261491,0.43350486765068996,0.842017660825609
2017-12-12 23:59:51,holdout,0.432076,0.866948,0.41846883090401804,0.8380628676858111,0.4293459105848509,0.8365100361075679
2017-12-13 23:59:51,holdout,0.431994,0.866939,0.41771803676570973,0.8381894091767483,0.4380211623160506,0.8644724667705419
2017-12-14 23:59:51,holdout,0.431912,0.86693,0.4183084793170761,0.8394928921119501,0.4252591898972944,0.8252915948470253
2017-12-15 23:59:51,holdout,0.431831,0.866921,0.41822287834128924,0.8397689734398547,0.4191724045367167,0.8477987978720917
2017-12-16 23:59:51,holdout,0.431749,0.866913,0.41947471157240923,0.8402342649979944,0.42185529665500376,0.8472217028972856
2017-12-17 23:59:51,holdout,0.431667,0.866904,0.41922774306852145,0.8404785984776022,0.4198588757838223,0.8181949722390182
2017-12-18 23:59:51,holdout,0.431586,0.866895,0.41933128308996814,0.840790359545091,0.42256597432352255,0.8429354076339718
2017-12-19 23:59:51,holdout,0.431504,0.866887,0.4197270690014539,0.8418534846599638,0.4402699166971911,0.8538436975443398
2017-12-20 23:59:51,holdout,0.431422,0.866878,0.4204019688960199,0.8424736292530719,0.4271448294071154,0.8392022990425394
2017-12-21 23:59:51,holdout,0.431341,0.866869,0.42060896791324204,0.8425294368582894,0.4440964295364059,0.8643012814143822
2017-12-22 23:59:51,holdout,0.431259,0.86686,0.42061630097423763,0.8426218903061957,0.43108267198177813,0.8534106308969783
2017-12-23 23:59:51,holdout,0.431177,0.866852,0.4203799072497885,0.8432629352301811,0.430768624152872,0.8543693874503515
2017-12-24 23:59:51,holdout,0.431096,0.866843,0.41865171067064744,0.841083974566284,0.4246755580032176,0.819871825050838
2017-12-25 23:59:51,holdout,0.431014,0.866834,0.41872718560939287,0.8399591063256869,0.4297155867344534,0.8099896072340443
2017-12-26 23:59:51,holdout,0.430932,0.866826,0.4175047192902272,0.8377927452053197,0.41292732954035166,0.8231977186853738
2017-12-27 23:59:51,holdout,0.430851,0.866817,0.4161701320759329,0.8353632373966499,0.43040005631553,0.8693445858208021
2017-12-28 23:59:51,holdout,0.430769,0.866808,0.41581620853299095,0.8356124510270379,0.43475476520328665,0.8413171605061407
2017-12-29 23:59:51,holdout,0.430687,0.866799,0.4154700602046807,0.8348707542928274,0.42245398003047296,0.8467302943755712
2017-12-30 23:59:51,holdout,0.430606,0.866791,0.41603178188140216,0.8359104686980278,0.4316203626579556,0.8372106518606063
2017-12-31 23:59:51,holdout,0.430524,0.866773,0.41463989998646755,0.8352263012897391,0.41755317424158533,0.8447291275615267
2018-01-01 23:59:51,train,0.430442,0.866773,0.4145334900877774,0.8346631156743353,0.4222660433306698,0.8727817385669115
2018-01-02 23:59:51,train,0.430361,0.866765,0.41581318794120325,0.836063474184183,0.42160387811478406,0.840123155399296
2018-01-03 23:59:51,train,0.430279,0.866756,0.4157514155611049,0.835434485135529,0.4291718327388029,0.8704295072730565
2018-01-04 23:59:51,train,0.430197,0.866747,0.4153932369806985,0.8361497071050332,0.4189335808649873,0.8313550642092616
2018-01-05 23:59:51,train,0.430116,0.866738,0.4150806805489184,0.8356779981268756,0.4215710522963679,0.8455001221262735
2018-01-06 23:59:51,train,0.430034,0.86673,0.41534969836035596,0.8363722018112532,0.4261710279174624,0.8366766091323072
2018-01-07 23:59:51,train,0.429952,0.866721,0.4156213349161118,0.8364054176499782,0.43418776449161495,0.8241907198741214
2018-01-08 23:59:51,train,0.429871,0.866712,0.4152985309981118,0.8371638007943678,0.4263904688696175,0.8347756548103415
2018-01-09 23:59:51,train,0.429789,0.866704,0.4159983125052571,0.8364574971362018,0.42728947191261396,0.8659006100474721
2018-01-10 23:59:51,train,0.429707,0.866695,0.41611692490998464,0.8366720666735794,0.4407754447909211,0.8239295508662469
2018-01-11 23:59:51,train,0.429626,0.866686,0.4154582852273239,0.8363170485175739,0.420679775632179,0.8581757130914146
2018-01-12 23:59:51,train,0.429544,0.866677,0.41491340166986806,0.8355381730878361,0.4324912933552653,0.8638868694353325
2018-01-13 23:59:51,train,0.429462,0.866669,0.41537012582544314,0.8355521611837949,0.42583551181992696,0.8554725966643438
2018-01-14 23:59:51,train,0.429381,0.86666,0.4159311146030742,0.83767638831756,0.4230646712365484,0.8146286665681751
2018-01-15 23:59:51,train,0.429299,0.866651,0.4160256969673192,0.8387864465103797,0.422669747906366,0.8251755343491606
2018-01-16 23:59:51,train,0.429218,0.866642,0.4165708351957573,0.8393012965710237,0.41646598278724756,0.8443595593131572
2018-01-17 23:59:51,train,0.429136,0.866634,0.4165524714890272,0.8394747457842926,0.4159738870673634,0.854482452314544
2018-01-18 23:59:51,train,0.429054,0.866625,0.4162829107196792,0.8392241321783102,0.41267959885663824,0.8456689154614759
2018-01-19 23:59:51,train,0.428973,0.866616,0.4156030056717139,0.8374319707205933,0.4163783998697736,0.8278325406322601
2018-01-20 23:59:51,train,0.428891,0.866608,0.41430295504791537,0.8353525697686756,0.4365474051771857,0.8261655725265108
2018-01-21 23:59:51,train,0.428809,0.866599,0.41326678511364373,0.8338380516759974,0.4296511353547297,0.8739799441306815
2018-01-22 23:59:51,train,0.428728,0.86659,0.412848066437539,0.8326723303596585,0.43419496166466115,0.8415495499611539
2018-01-25 00:05:51,train,0.428564,0.866564,0.4119307482901183,0.8321433447446106,0.4145130139373674,0.8579731292016288
2018-01-25 23:59:51,train,0.428483,0.866564,0.4123602211366494,0.831570951841511,0.42918034061023624,0.8682764742175324
2018-01-26 23:59:51,train,0.428401,0.866555,0.4118839278393081,0.8310890230232827,0.42557827300787787,0.8455530996657652
2018-01-27 23:59:51,train,0.428319,0.866547,0.4111754228095035,0.8303196098290692,0.4162193149877508,0.8642839136904497
2018-01-28 23:59:51,train,0.428238,0.866538,0.4106904586544712,0.830642972915178,0.42491541206060474,0.8364541793936977
2018-01-29 23:59:51,train,0.428156,0.866529,0.4110624792453536,0.8312263568886068,0.4191578303280717,0.8506852929135018
2018-01-30 23:59:51,train,0.428074,0.86652,0.4121857793629227,0.8324473624266128,0.433531709932448,0.8432667145931322
2018-01-31 23:59:51,train,0.427993,0.866512,0.41162360896356687,0.8321768230059062,0.41339038664138983,0.8617020744425764
2018-02-01 23:59:51,train,0.427911,0.866503,0.41169273594344463,0.8320300273497653,0.41780139662597765,0.8518558276458199
2018-02-02 23:59:51,train,0.427829,0.866494,0.4121486744692591,0.8326012931723338,0.43474655179801874,0.8307469052292101
2018-02-03 23:59:51,train,0.427748,0.866485,0.4123687597606283,0.8323540157548862,0.4254042963921763,0.8655945095541802
2018-02-04 23:59:51,train,0.427666,0.866477,0.41210518083029685,0.8323890876124568,0.4161841423838218,0.8539684531286929
2018-02-05 23:59:51,train,0.427584,0.866468,0.41213824769818064,0.8322379223337001,0.4491249898035881,0.8594240456944672
2018-02-06 23:59:51,train,0.427503,0.866459,0.4122321924604698,0.832945151524031,0.43612546579842604,0.8713320746805614
2018-02-07 23:59:51,train,0.427421,0.866451,0.41312642265287103,0.8337201092880041,0.42019573880440364,0.8454480485211908
2018-02-08 23:59:51,train,0.427339,0.866442,0.4132580334679908,0.8344619134709079,0.43836092773138946,0.85527030862954
2018-02-09 23:59:51,train,0.427258,0.866433,0.41254438501635177,0.8347379300795749,0.41757479618848126,0.8505950181738205
2018-02-10 23:59:51,train,0.427176,0.866424,0.4142709961916616,0.8362441026956717,0.41960836229456944,0.8541839905504646
2018-02-11 23:59:51,train,0.427094,0.866416,0.4145025324790822,0.8380271595770482,0.4249502310097617,0.8713618393602466
2018-02-12 23:59:51,train,0.427013,0.866407,0.4144469374484207,0.836488602340773,0.42951408422587317,0.8202622857424705
2018-02-13 23:59:51,train,0.426931,0.866398,0.41323029199396155,0.8357793251592074,0.41069389611364526,0.871254374016671
2018-02-14 23:59:51,train,0.426849,0.86639,0.4130712850266828,0.8354064503141474,0.42684073768700914,0.8629389698137254
2018-02-15 23:59:51,train,0.426768,0.866381,0.4123286585669309,0.8330349004941774,0.41499052950542736,0.865316703103314
2018-02-16 23:59:51,train,0.426686,0.866372,0.41060374864898364,0.830519862367607,0.4344933036685384,0.8582475165649732
2018-02-17 23:59:51,train,0.426604,0.866363,0.40902677669898063,0.8291266675386366,0.423419291007872,0.8693402510922358
2018-02-18 23:59:51,train,0.426523,0.866355,0.4083389231172503,0.8278444749469689,0.4341639227909106,0.878516006373681
2018-02-19 23:59:51,train,0.426441,0.866346,0.40846330558258853,0.8272939994658295,0.42565553659503824,0.856802537314559
2018-02-20 23:59:51,train,0.42636,0.866337,0.407913767464201,0.826937534135393,0.42071860511844406,0.8117581751776759
2018-02-21 23:59:51,train,0.426278,0.866328,0.40848043911134063,0.8278986498724639,0.4363297099051845,0.8662530726485292
2018-02-22 23:59:51,train,0.426196,0.86632,0.40804791505001836,0.8278997600041599,0.42195703652122435,0.8338956372728596
2018-02-23 23:59:51,train,0.426115,0.866311,0.4060592553526642,0.8253321213565304,0.42162173513657997,0.8617430375254076
2018-02-24 23:59:51,train,0.426033,0.866302,0.40566691678604205,0.8256097051016711,0.415177033140751,0.8570330501302614
2018-02-25 23:59:51,train,0.425951,0.866294,0.4063422296457956,0.826627918724892,0.4228530029439197,0.8610050070590503
2018-02-26 23:59:51,train,0.42587,0.866285,0.4070582372295039,0.8267987668866738,0.4338603562966965,0.8578398709796726
2018-02-27 23:59:51,train,0.425788,0.866276,0.4063091050720344,0.8262410558977635,0.4083835579720139,0.8716968176960613
2018-02-28 23:59:51,train,0.425706,0.866267,0.40601984947810604,0.8256679674836958,0.42942569686532767,0.8532795515760595
2018-03-01 23:59:51,train,0.425625,0.866259,0.40537808249260465,0.825147791167942,0.42384498694238454,0.8593174303658074
2018-03-02 23:59:51,train,0.425543,0.86625,0.4047446931127236,0.8239989053665793,0.41286086170973785,0.8509684020307638
2018-03-03 23:59:51,train,0.425461,0.866241,0.4052449122409038,0.8243074284381916,0.43094988429989683,0.8277960987853441
2018-03-04 23:59:51,train,0.42538,0.866233,0.40518027431102227,0.82534611723828,0.4259287412892612,0.8514821602942129
2018-03-05 23:59:51,train,0.425818,0.866224,0.4057738960526644,0.8255247614776924,0.43081420022947775,0.8508543512547223
2018-03-06 23:59:51,train,0.425694,0.865568,0.4062369735836761,0.8267611009980779,0.4076241248918745,0.8141949902711932
2018-03-07 23:59:51,train,0.425571,0.865438,0.40607771408055116,0.8278923341761282,0.4189839724289784,0.8168125970205298
2018-03-08 23:59:51,train,0.425447,0.865308,0.406293419727688,0.827056096269745,0.42214720651180015,0.8279567188181143
2018-03-09 23:59:51,train,0.425324,0.865178,0.40679812583405756,0.829185163140195,0.42151397400125223,0.8687910111033438
2018-03-10 23:59:51,train,0.4252,0.865048,0.4062531994959569,0.8282558577375971,0.4184232762268093,0.841660542236425
2018-03-11 23:59:51,train,0.425077,0.864919,0.40667273238304247,0.829086582368219,0.40716369253845924,0.812488412805979
2018-03-12 23:59:51,train,0.424953,0.864789,0.4060798070230675,0.8276375010101746,0.4344132130775601,0.8480364454183892
2018-03-13 23:59:51,train,0.42483,0.864659,0.4059859467157585,0.8270658804809483,0.4215182734114334,0.8747302799378214
2018-03-14 23:59:51,train,0.424706,0.864529,0.4056709614150603,0.826570040851032,0.42616840476648404,0.8466498125593713
2018-03-15 23:59:51,train,0.424583,0.864399,0.404088779227824,0.8238082265383107,0.41737235657131694,0.86238370072337
2018-03-16 23:59:51,train,0.424459,0.864269,0.40380980995846344,0.8230170373003822,0.42111211687753497,0.8494679716231684
2018-03-17 23:59:51,train,0.424336,0.864139,0.4036923976648576,0.8230900010720937,0.4246437099817686,0.868700494913035
2018-03-18 23:59:51,train,0.424212,0.86401,0.40359208705570593,0.8234365714961713,0.43582397541359136,0.8669582134368252
2018-03-19 23:59:51,train,0.424089,0.86388,0.40339060773835406,0.8233517521654597,0.4106817055352839,0.8207397636536808
2018-03-20 23:59:51,train,0.423965,0.86375,0.40339905522391567,0.8228282706603481,0.4128088670353589,0.8530538694524659
2018-03-21 23:59:51,train,0.423842,0.86362,0.4028351671603973,0.8223076135893929,0.42155878316602,0.8498307574471106
2018-03-22 23:59:51,train,0.423718,0.86349,0.403254540289847,0.8224077692065033,0.4306461570793402,0.84167722736139
2018-03-23 23:59:51,train,0.423594,0.86336,0.40304495730989265,0.8235814486940871,0.4262546991648706,0.8488334380628015
2018-03-24 23:59:51,train,0.423471,0.86323,0.40250904922910336,0.8224720167961922,0.43092218851385033,0.8189497470882832
2018-03-25 23:59:51,train,0.423347,0.863101,0.4028413871938333,0.8222643131442718,0.4210528841918043,0.8176323606690258
2018-03-26 23:59:51,train,0.423224,0.862971,0.40270027027371724,0.8222322593959983,0.4166804449064347,0.825288227113659
2018-03-27 23:59:51,train,0.4231,0.862841,0.4017744106925641,0.820505613134687,0.4297382934325785,0.8331161240837187
2018-03-28 23:59:51,train,0.422977,0.862711,0.4013955313395435,0.8196857418025901,0.41911520110683853,0.8678940631755485
2018-03-29 23:59:51,train,0.422853,0.862581,0.40105398959634264,0.819595526724821,0.41447672888161924,0.8584841734833158
2018-03-30 23:59:51,train,0.42273,0.862451,0.4016942527042136,0.819579818584989,0.42641194795945725,0.8459893692340068
2018-03-31 23:59:51,train,0.422606,0.862321,0.40212038166643443,0.8212856765708869,0.42853900858900174,0.8312960695715885
2018-04-01 23:59:51,train,0.422483,0.862192,0.4020587136847916,0.8213976679520502,0.4176659986545458,0.8305998586920579
2018-04-02 23:59:51,train,0.422359,0.862062,0.4020000047153281,0.8220822635796106,0.42192661447350155,0.841449894268715
2018-04-03 23:59:51,train,0.422236,0.861932,0.4025403780089347,0.8225839373214956,0.41490391329932025,0.8551051192315389
2018-04-04 23:59:51,train,0.422112,0.861802,0.40218687577732637,0.8220432188244188,0.4228335142769504,0.857933578957856
2018-04-05 23:59:51,train,0.421989,0.861672,0.4024533289943353,0.8233990613540447,0.4096653845640846,0.8169462715006502
2018-04-06 23:59:51,train,0.421865,0.861542,0.4028707842183,0.8232931020428521,0.4152311406068982,0.8407561802028463
2018-04-07 23:59:51,train,0.421742,0.861412,0.4024804646689379,0.8220789336991629,0.4167440799334245,0.8214711057976393
2018-04-08 23:59:51,train,0.421618,0.861283,0.4018361212657457,0.8216201156404526,0.41747822020111924,0.8632645905872688
2018-04-09 23:59:51,train,0.421495,0.861153,0.40245020882000765,0.8214320249184984,0.41268153498336335,0.8754089936160191
2018-04-10 23:59:51,train,0.421371,0.861023,0.40176232853730526,0.8202431284349256,0.4169669558200622,0.8472186764734178
2018-04-11 23:59:51,train,0.421248,0.860893,0.4002365512631256,0.8189336506837687,0.42877601375932345,0.8539944948603648
2018-04-12 23:59:51,train,0.421124,0.860763,0.40056484425775113,0.8176518559630658,0.43090048276374576,0.876653981352424
2018-04-13 23:59:51,train,0.421001,0.860633,0.40013330653015744,0.8186450876804363,0.4257383679257286,0.8360311557235997
2018-04-14 23:59:51,train,0.420877,0.860503,0.4008919517268599,0.8190902447871395,0.4282224153609861,0.8346950836472601
2018-04-15 23:59:51,train,0.420753,0.860374,0.4003047125825607,0.8182638303559587,0.4202065349068089,0.8447792729891969
2018-04-16 23:59:51,train,0.42063,0.860244,0.3994000937504157,0.8190734195448142,0.40308561434743156,0.8321642212167774
2018-04-17 23:59:51,train,0.420506,0.860114,0.40006392120832923,0.818500102309601,0.4199355490328496,0.8769412605402507
2018-04-18 23:59:51,train,0.420383,0.859984,0.39950529274784247,0.818955409614282,0.4261143307144441,0.8403294466936869
2018-04-19 23:59:51,train,0.420259,0.859854,0.399273366708279,0.8175004577830587,0.43196479256316545,0.8536518646585372
2018-04-20 23:59:51,train,0.420136,0.859724,0.39984051969840545,0.8185474616765611,0.41937765315857944,0.8418689961414786
2018-04-21 23:59:51,train,0.420012,0.859595,0.4006874191903833,0.8191267889223713,0.41493963483256524,0.8152503695298213
2018-04-22 23:59:51,train,0.419889,0.859465,0.4013398460508538,0.8205360805348129,0.4115199827494558,0.8426946409615247
2018-04-23 23:59:51,train,0.419765,0.859335,0.401304502059736,0.8215867792245526,0.4234564239065361,0.8619863271114806
2018-04-24 23:59:51,train,0.419642,0.859205,0.4005512183552346,0.8202055455954997,0.42047132758446604,0.8419529201477479
2018-04-25 23:59:51,train,0.419518,0.859075,0.40031296985295167,0.8217193283984887,0.4127077314669627,0.8392608767273361
2018-04-26 23:59:51,train,0.419395,0.858945,0.4000414560841134,0.8207698325294477,0.414006387659183,0.8168638284552616
2018-04-27 23:59:51,train,0.419271,0.858815,0.4002466623427307,0.8196742654014901,0.41659876101775056,0.8565790680339523
2018-04-28 23:59:51,train,0.419148,0.858686,0.39913253633601786,0.8175996444066178,0.4090885364647357,0.8624953053387068
2018-04-29 23:59:51,train,0.419024,0.858556,0.39915491527960967,0.8176433343036698,0.406698683583802,0.8234523586850776
2018-04-30 23:59:51,train,0.418901,0.858426,0.3982888570958649,0.8173389653721157,0.4237964945150918,0.8344177431192309
2018-05-01 23:59:51,train,0.418777,0.858296,0.397581276775309,0.8172314546028735,0.4089682004455007,0.8021662940282919
2018-05-02 23:59:51,train,0.418654,0.858166,0.39827023536794925,0.8173768238187794,0.4107713653730359,0.862315872975403
2018-05-03 23:59:51,train,0.41853,0.858036,0.39843016360756683,0.8174251603895365,0.4080589640564094,0.8593479134547536
2018-05-04 23:59:51,train,0.418407,0.857906,0.3982843908421707,0.8180274144583176,0.4250230935982766,0.854198334432833
2018-05-05 23:59:51,train,0.418283,0.857777,0.398678088961847,0.818089302434818,0.41166131804356326,0.8027106862702026
2018-05-06 23:59:51,train,0.418159,0.857647,0.39825282964737696,0.8204025308586383,0.41345401695714473,0.8629584941591179
2018-05-07 23:59:51,train,0.418036,0.857517,0.3985831648300022,0.8192834841788373,0.4056687549723034,0.8450307513872996
2018-05-08 23:59:51,train,0.417912,0.857387,0.3986518224248917,0.8204787638377042,0.40624907195379106,0.8293036427686348
2018-05-09 23:59:51,train,0.417789,0.857257,0.39900644534513646,0.819918425338006,0.426181480233114,0.8511310092935555
2018-05-10 23:59:51,train,0.417665,0.857127,0.39928904303495233,0.8210828957488536,0.41596405874585873,0.8691900780710701
2018-05-11 23:59:51,train,0.417542,0.856997,0.3988566273766039,0.8205690787032431,0.4122402346168963,0.8258134510486025
2018-05-12 23:59:51,train,0.417418,0.856868,0.3984211698733336,0.8207482563243499,0.4106437073183097,0.8201014795366464
2018-05-13 23:59:51,train,0.417295,0.856738,0.3985552769863981,0.8208993579760689,0.42108659355067807,0.8385787631477147
2018-05-14 23:59:51,train,0.417171,0.856608,0.39823625208668884,0.8220001632229077,0.4154289963939046,0.8562450242337648
2018-05-15 23:59:51,train,0.417048,0.856478,0.3983928496239255,0.8225624769636544,0.40642277366405993,0.8096843984100405
2018-05-16 23:59:51,train,0.416924,0.856348,0.39741341720051504,0.8208507058586355,0.4112055151857168,0.8139137899886578
2018-05-17 23:59:51,train,0.416801,0.856218,0.3970240518653909,0.8205919335983634,0.4033611991274817,0.8243922420471443
2018-05-18 23:59:51,train,0.416677,0.856088,0.39647138201449034,0.8206223938822733,0.4071041180333398,0.8305888699344132
2018-05-19 23:59:51,train,0.416554,0.855959,0.3963055559515295,0.8196945130577233,0.4169809929595014,0.8270120592513059
2018-05-20 23:59:51,train,0.41643,0.855829,0.3970689820231963,0.8206708611920231,0.4209829180974863,0.8277053953801183
2018-05-21 23:59:51,train,0.416307,0.855699,0.39709131671240344,0.8213402287933046,0.4163705300169942,0.8372978389925255
2018-05-22 23:59:51,train,0.416183,0.855569,0.3965917036698359,0.8206043787464431,0.4163007226149748,0.7984161117287815
2018-05-23 23:59:51,train,0.41606,0.855439,0.3969746646826383,0.8205673064398571,0.4021273965728563,0.8458222555137622
2018-05-24 23:59:51,train,0.415936,0.855309,0.3982485284231144,0.8225045175742273,0.39664675481355854,0.8641358571639771
2018-05-25 23:59:51,train,0.415813,0.855179,0.3981661750926488,0.8218795784426163,0.42851145125585144,0.8529540329568045
2018-05-26 23:59:51,train,0.415689,0.85505,0.3981418346426493,0.8227642533750571,0.40903518184553606,0.8317426609182555
2018-05-27 23:59:51,train,0.415565,0.85492,0.3980344594758184,0.8235291837458931,0.39504242926629723,0.850128675477191
2018-05-28 23:59:51,train,0.415442,0.85479,0.39808578084914714,0.8238979100005609,0.4264142188205943,0.840553497864611
2018-05-29 23:59:51,train,0.415318,0.85466,0.39847027047100536,0.8244698146833221,0.411758323283988,0.8564857962637207
2018-05-30 23:59:51,train,0.415195,0.85453,0.3980716277903592,0.8245590668525171,0.41207806933746777,0.823692873817225
2018-05-31 23:59:51,train,0.415071,0.8544,0.39900407409810684,0.8236728220652879,0.4080942322186297,0.8300523570889775
2018-06-01 23:59:51,train,0.414948,0.85427,0.39768974909399485,0.822240392705454,0.40939024684583514,0.827549795851562
2018-06-02 23:59:51,train,0.414824,0.854141,0.39659757990166944,0.8199208586057859,0.4206990070465417,0.8362915267246361
2018-06-03 23:59:51,train,0.414701,0.854011,0.3958292451158803,0.8189241745018869,0.4103795740873418,0.827709559208978
2018-06-04 23:59:51,train,0.414577,0.853881,0.3954588434821241,0.8178938880416285,0.4065943931198209,0.8475982679331672
2018-06-05 23:59:51,train,0.414454,0.853751,0.3950321278469874,0.8177291263334292,0.4131329412501391,0.8360978594456977
2018-06-06 23:59:51,train,0.41433,0.853621,0.3947639682710979,0.8174780362784261,0.41235923277136055,0.8442788159394321
2018-06-07 23:59:51,train,0.414207,0.853491,0.3950440957287071,0.8182108334174745,0.41107871556895625,0.834109800753536
2018-06-08 23:59:51,train,0.414083,0.853361,0.394744204074032,0.8183416322810207,0.4125852541714611,0.8434441544451642
2018-06-09 23:59:51,train,0.41396,0.853232,0.3945281464245671,0.8179532606478596,0.3996603004830382,0.8383274523586536
2018-06-10 23:59:51,train,0.413836,0.853102,0.3941758396286507,0.8174160243716811,0.40566671675363686,0.8286902805489842
2018-06-11 23:59:51,train,0.413713,0.852972,0.3940442694534759,0.8161968412536789,0.4113514354276181,0.8577725447069134
2018-06-12 23:59:51,train,0.413589,0.852842,0.394344857703992,0.8166784238854212,0.40327326611762443,0.8253780097202794
2018-06-13 23:59:51,train,0.413466,0.852712,0.39446393761951326,0.8167534956094721,0.4126707061199631,0.8569940845933297
2018-06-14 23:59:51,train,0.413342,0.852582,0.3950489080251147,0.8174948340842698,0.4171871214034452,0.8379353214255528
2018-06-15 23:59:51,train,0.413219,0.852453,0.39478261232481615,0.8179910633909839,0.40170472561760273,0.8566483047879739
2018-06-16 23:59:51,train,0.413095,0.852323,0.3955319833588652,0.8191160289265867,0.41049409354965133,0.8356003082339926
2018-06-17 23:59:51,train,0.412971,0.852193,0.39573057471141976,0.819920614047641,0.4114427447480732,0.8178411918306204
2018-06-18 23:59:51,train,0.412848,0.852063,0.39556374889608736,0.8200187570807687,0.4153058635232581,0.8389496330102246
2018-06-19 23:59:51,train,0.412724,0.851933,0.3959670356843128,0.8207261622757153,0.41434209490481444,0.8412907127614746
2018-06-20 23:59:51,train,0.412601,0.851803,0.3960284793632,0.8199839729828905,0.40242334027389043,0.8371119505548391
2018-06-21 23:59:51,train,0.412477,0.851673,0.39633234164518477,0.8203109266499218,0.41160014078320273,0.8492736332389701
2018-06-22 23:59:51,train,0.412354,0.851544,0.39549307486639695,0.8190872273668014,0.40632340918905674,0.8488589729437596
2018-06-23 23:59:51,train,0.41223,0.851414,0.39521242685080293,0.8185638630330219,0.4006901739709785,0.8228921890943557
2018-06-24 23:59:51,train,0.412107,0.851284,0.3952661638469814,0.8199526270566085,0.40006584062939216,0.8350728843648362
2018-06-25 23:59:51,train,0.411983,0.851154,0.3955943726306489,0.8208264386872092,0.4039159027922201,0.8198942260764458
2018-06-26 23:59:51,train,0.41186,0.851024,0.39536721257362495,0.8201375364036049,0.4088330257059171,0.8082532274299286
2018-06-27 23:59:50,train,0.411736,0.850894,0.39399846724970117,0.8184268519487218,0.4168417705276379,0.8331040378994056
2018-06-28 23:59:51,train,0.411613,0.850764,0.3928058640018391,0.8159094948366254,0.40877844335265834,0.8358855810480126
2018-06-29 23:59:51,train,0.411489,0.850635,0.39210481722317,0.814331234202747,0.42164800890211485,0.8596401576590142
2018-06-30 23:59:51,train,0.411366,0.850505,0.39129798416828,0.8127276777031581,0.3975183845114297,0.8397523582636347
2018-07-01 23:59:51,train,0.411242,0.850375,0.3905457064153156,0.8109433905127648,0.4099182116066026,0.8291383915227026
2018-07-02 23:59:51,train,0.411119,0.850245,0.39093148871922284,0.8124709973590613,0.41478564739007245,0.8649543315128785
2018-07-03 23:59:51,train,0.410995,0.850115,0.3902971287220894,0.811675927069378,0.39601407102482894,0.8406707997911154
2018-07-04 23:59:51,train,0.410872,0.849985,0.39106705212283477,0.8126037142498193,0.40451122495786995,0.8339941037421811
2018-07-05 23:59:51,train,0.410748,0.849855,0.3907557314264823,0.812093968122,0.40219801834431346,0.8200790908353364
2018-07-06 23:59:51,train,0.410625,0.849726,0.3910922089214635,0.8122180740776976,0.403274838507531,0.8603198904164424
2018-07-07 23:59:51,train,0.410501,0.849596,0.3913560257163364,0.8124814210447642,0.3961949426673019,0.8168665712872234
2018-07-08 23:59:51,train,0.410378,0.849466,0.39085721598506595,0.8119115590311157,0.4058844660470054,0.8368529962221787
2018-07-09 23:59:51,train,0.410254,0.849336,0.39219086704288136,0.8131142591854564,0.4150372015614637,0.8237507319399382
2018-07-10 23:59:51,train,0.41013,0.849206,0.3930771829090308,0.8157609673310303,0.40551158419905076,0.8429840023013704
2018-07-11 23:59:51,train,0.410007,0.849076,0.3933083131751095,0.8161932817072869,0.412562161526782,0.8239468062685158
2018-07-12 23:59:51,train,0.409883,0.848946,0.3939480279356527,0.817741663481706,0.3932146272786584,0.8373784470587929
2018-07-13 23:59:51,train,0.40976,0.848817,0.3942893883044649,0.8187068203616458,0.40335770381308084,0.831148483621174
2018-07-14 23:59:51,train,0.409636,0.848687,0.3946423716236183,0.8196490575507025,0.3975403205716816,0.8492304960944355
2018-07-15 23:59:51,train,0.409513,0.848557,0.3931145528044223,0.8174699228376057,0.3903426880314675,0.827109393254401
2018-07-16 23:59:51,train,0.409389,0.848427,0.39323080706884456,0.8170297016979933,0.3949836255171603,0.8089975893554756
2018-07-17 23:59:51,train,0.409266,0.848297,0.39313145449382814,0.8158420691209075,0.40003650358231546,0.8354187908561961
2018-07-18 23:59:51,train,0.409142,0.848167,0.3922556829425491,0.8142973726676764,0.4181315737516085,0.8317522196818614
2018-07-19 23:59:51,train,0.409019,0.848037,0.39152380221761496,0.8131315314891159,0.40545018719389836,0.833026837413737
2018-07-20 23:59:51,train,0.408895,0.847908,0.39147947480507655,0.8133644705699311,0.40188032454924044,0.8475690416528353
2018-07-21 23:59:51,train,0.408772,0.847778,0.39165443635078456,0.8146799801729101,0.40538446823877755,0.8263034409136429
2018-07-22 23:59:51,train,0.408648,0.847648,0.39147575375032045,0.8143180881947538,0.4057634213076458,0.8244541980352926
2018-07-23 23:59:51,train,0.408525,0.847518,0.39092197181097876,0.8126336404619012,0.4136282511053631,0.8451011725710246
2018-07-24 23:59:51,train,0.408401,0.847388,0.38969511822319497,0.8108248782400629,0.41467471895042596,0.8516623530624773
2018-07-25 23:59:51,train,0.408278,0.847258,0.3892599267127524,0.8103338246416728,0.40763753358145804,0.823625897532824
2018-07-26 23:59:51,train,0.408154,0.847128,0.3897885680665231,0.8106346487275298,0.40248165409249054,0.847801650833813
2018-07-27 23:59:51,train,0.408031,0.846999,0.3891363073540455,0.8101833527599129,0.41290766366169207,0.8219231126253637
2018-07-28 23:59:51,train,0.407907,0.846869,0.3882342567809884,0.8076422812585327,0.4087773555380293,0.8580697609775746
2018-07-29 23:59:51,train,0.407784,0.846739,0.38525499355377874,0.8026918687677049,0.40665605671907906,0.8050573878437
2018-07-30 23:59:51,train,0.40766,0.846609,0.38550275433758424,0.8037428414314403,0.39909307490491686,0.8184616924870267
2018-07-31 23:59:51,train,0.407537,0.846479,0.38619529702487493,0.8048563340282064,0.4049723055239003,0.8384764478693623
2018-08-01 23:59:51,test,0.407413,0.846349,0.3859564335610631,0.8047170542975136,0.3983732635404159,0.8061274271842599
2018-08-02 23:59:51,test,0.407289,0.846219,0.38529036288292784,0.8033055934959655,0.39988124726702445,0.8422894334033245
2018-08-03 23:59:51,test,0.407166,0.84609,0.3859921002004781,0.80465826101794,0.39325561411141735,0.8159345254683287
2018-08-04 23:59:51,test,0.407042,0.84596,0.38590137243230166,0.8044289424557135,0.40289062710039597,0.8073150286022861
2018-08-05 23:59:51,test,0.406919,0.84583,0.3869272754321174,0.8047293426066708,0.4157248375535131,0.8192055819951858
2018-08-06 23:59:51,test,0.406795,0.8457,0.3865870051506713,0.8055324351873892,0.38987148796608806,0.8514444055355223
2018-08-07 23:59:51,test,0.406672,0.84557,0.3872342232193401,0.8073336909644436,0.39327433248211424,0.8185344715639119
2018-08-08 23:59:51,test,0.406548,0.84544,0.3880362954193639,0.808280537992489,0.3917615909717469,0.8401875475081444
2018-08-09 23:59:51,test,0.406425,0.845311,0.3879108622297926,0.8087227031739209,0.3937327948356956,0.8007718356883674
2018-08-10 23:59:51,test,0.406301,0.845181,0.38757271409719135,0.8083499849775772,0.40548006351586097,0.8117689878423023
2018-08-11 23:59:51,test,0.406178,0.845051,0.38634648511753056,0.8062210310704538,0.3821374767683321,0.8277346013764794
2018-08-12 23:59:51,test,0.406054,0.844921,0.386319075379822,0.805347936692268,0.40297315178158916,0.8079753511812272
2018-08-13 23:59:51,test,0.405931,0.844791,0.38616622295078135,0.805601940472764,0.40741545138420837,0.833409468009127
2018-08-14 23:59:51,test,0.405807,0.844661,0.38621720637987234,0.8044427633507684,0.40812840845664605,0.8381358041135084
2018-08-15 23:59:51,test,0.405684,0.844531,0.38536509131291086,0.8038083103309325,0.4098699337643354,0.7856932493456997
2018-08-16 23:59:51,test,0.40556,0.844402,0.38580965385824467,0.8045142870074515,0.4112370804867633,0.824295515355535
2018-08-17 23:59:51,test,0.405437,0.844272,0.3851076326440764,0.8031917050203831,0.4147964726350958,0.8477155885657206
2018-08-18 23:59:51,test,0.405313,0.844142,0.3851309546571686,0.8036432467175656,0.40814023804995586,0.7948760413978728
2018-08-19 23:59:51,test,0.40519,0.844012,0.38543515127326156,0.8036185809045955,0.4042587248804017,0.838133837524713
2018-08-20 23:59:51,test,0.405066,0.843882,0.3850470245496724,0.804570568821878,0.4057653656825453,0.8202889019920776
2018-08-21 23:59:51,test,0.404943,0.843752,0.3842795644044308,0.8028434548361547,0.4024250500816342,0.8245847303214382
2018-08-22 23:59:51,test,0.404819,0.843622,0.38453685745140925,0.8031170548414729,0.39665359593050203,0.8152955993106636
2018-08-23 23:59:51,test,0.404695,0.843493,0.3850094375455328,0.8035820497697197,0.39729796284032304,0.837505525497783
2018-08-24 23:59:51,test,0.404572,0.843363,0.38517449289641925,0.803240194030992,0.4054958215564035,0.8296541248425258
2018-08-25 23:59:51,test,0.404448,0.843233,0.3835897815058434,0.8015486831661841,0.4084179527263949,0.8316909577527117
2018-08-26 23:59:51,test,0.404325,0.843103,0.3837352445725177,0.8008669511178309,0.4011845214734795,0.8073345198367674
2018-08-27 23:59:51,test,0.404201,0.842973,0.38254228769735976,0.799266033728538,0.396522717925211,0.8212751280392664
2018-08-28 23:59:51,test,0.404078,0.842843,0.3827477015225216,0.7996333240391215,0.3960939586912988,0.8182618135160438
2018-08-29 23:59:51,test,0.403954,0.842713,0.382341583543049,0.7993801933020581,0.39602255057691665,0.8396420645443032
2018-08-30 23:59:51,test,0.403831,0.842584,0.3827487558151815,0.8011866863224383,0.38838627081816157,0.8151605409128617
2018-08-31 23:59:51,test,0.403707,0.842454,0.383263939358671,0.8007540522622945,0.4133446815861244,0.7982772421394919
2018-09-01 23:59:51,test,0.403584,0.842324,0.384112201512493,0.802313277952199,0.40163578378845044,0.7965514474512662
2018-09-02 23:59:51,test,0.40346,0.842194,0.3837313635538847,0.8014458441324106,0.4026364603443127,0.8270323641532266
2018-09-03 23:59:51,test,0.403337,0.842064,0.38442857729358054,0.8027605420815402,0.39536768429755004,0.8344001612433962
2018-09-04 23:59:51,test,0.403213,0.841934,0.3842888816907909,0.8028369968148943,0.3930186357582462,0.8127718882211711
2018-09-05 23:59:51,test,0.40309,0.841804,0.3837961343872087,0.8035917058847335,0.4113519500661682,0.827484767153396
2018-09-06 23:59:51,test,0.402966,0.841675,0.3835957241447678,0.8030881006596163,0.38780648402350665,0.8128872012972215
2018-09-07 23:59:51,test,0.402843,0.841545,0.3835274398281118,0.8026561025996157,0.38935056299039744,0.8228062699698612
2018-09-08 23:59:51,test,0.402719,0.841415,0.384379628269091,0.8028027329076584,0.40071839477969196,0.8135234107553532
2018-09-09 23:59:51,test,0.402596,0.841285,0.3838130339077189,0.8019669842350072,0.3861388199647508,0.8323288967111372
2018-09-10 23:59:51,test,0.402472,0.841155,0.3832460362094245,0.800899822658196,0.3891128687862466,0.8285531071946335
2018-09-11 23:59:51,test,0.402349,0.841025,0.3834102722299281,0.8010490136769916,0.4025565358975943,0.8200431526614955
2018-09-12 23:59:51,test,0.402225,0.840895,0.3828524624194061,0.800749668264555,0.40900588098915025,0.8356967834205327
2018-09-13 23:59:51,test,0.402101,0.840766,0.38334283756635057,0.801208677466084,0.4023834969369553,0.8265441810308155
2018-09-14 23:59:51,test,0.401978,0.840636,0.3829975848221822,0.8016184172621247,0.3938123197574526,0.8224380846370696
2018-09-15 23:59:51,test,0.401854,0.840506,0.3832731810998495,0.800715503162522,0.40690810302351615,0.8380807207467393
2018-09-16 23:59:51,test,0.401731,0.840376,0.3831009063381594,0.8019815303932812,0.39419940760709277,0.8353258401419125
2018-09-17 23:59:51,test,0.401607,0.840246,0.38311563694394263,0.8010267803312913,0.391472221607968,0.8050293757419896
2018-09-18 23:59:51,test,0.401484,0.840116,0.38214632339323695,0.8003275704429127,0.39201764962441593,0.8414039215086366
2018-09-19 23:59:51,test,0.40136,0.839986,0.3820420644303505,0.7996139350816166,0.40448554158171285,0.8330146086179608
2018-09-20 23:59:51,test,0.401237,0.839857,0.3816708768634926,0.7990396998668171,0.40371752465043104,0.8355334192726024
2018-09-21 23:59:51,test,0.401113,0.839727,0.38143999577111687,0.7985741918300399,0.3961652069056782,0.8148618600278739
2018-09-22 23:59:51,test,0.40099,0.839597,0.38130474572742284,0.7979887361258248,0.39585796737541706,0.8151561185517792
2018-09-23 23:59:51,test,0.400866,0.839467,0.3800723252279497,0.797187190381786,0.3924590105572212,0.8368939921672024
2018-09-24 23:59:51,test,0.400743,0.839337,0.3805510260848463,0.7972345482452219,0.39930056906874717,0.8227829622694153
2018-09-25 23:59:51,test,0.400619,0.839207,0.3807950390391697,0.7985024891062025,0.40480644742485283,0.8218692485653902
2018-09-26 23:59:51,test,0.400496,0.839077,0.3806855244789598,0.7981528141275508,0.40754140852354753,0.8281958363452055
2018-09-27 23:59:51,test,0.400372,0.838948,0.3810227957880029,0.7985555368415401,0.39302740768179284,0.8166888543522324
2018-09-28 23:59:51,test,0.400249,0.838818,0.38119891900720315,0.7987644299292449,0.3885815021583321,0.8393211037655105
2018-09-29 23:59:51,test,0.400125,0.838688,0.38197844905222744,0.8002174598080546,0.3944408333817557,0.8252665933886986
2018-09-30 23:59:51,test,0.400002,0.838558,0.3820285900834267,0.8000762816486829,0.3891902414374635,0.7951997006030942
2018-10-01 23:59:51,test,0.399878,0.838428,0.382344804025973,0.8010931793425632,0.40804593806936107,0.8314902170609652
2018-10-02 23:59:51,test,0.399755,0.838298,0.3821646865022417,0.8012590034952389,0.4003218201703885,0.8226209530106687
2018-10-03 23:59:51,test,0.399631,0.838169,0.38125915074741124,0.8007617082250053,0.38988186101396893,0.7973140365058362
2018-10-04 23:59:51,test,0.399507,0.838039,0.3813562773018502,0.7993339080556638,0.39652923151697056,0.8279910036239677
2018-10-06 00:05:51,test,0.399384,0.837779,0.38124909870743406,0.7989665324156354,0.3975428016977418,0.7819744557684939
2018-10-06 23:59:51,test,0.39926,0.837779,0.3809069681505064,0.7984656264459504,0.40501025570771015,0.804134878549005
2018-10-07 23:59:51,test,0.399137,0.837649,0.3811765345867002,0.7977233790287067,0.40371809446779755,0.8289290099392271
2018-10-08 23:59:51,test,0.399013,0.837519,0.38085520008524365,0.7982942589919152,0.3918441950923753,0.8224603903234351
2018-10-09 23:59:51,test,0.39889,0.837389,0.38059922793662937,0.7984893458095084,0.3837781661768851,0.8341295900191724
2018-10-10 23:59:51,test,0.398766,0.83726,0.38083602354940504,0.7984601953970681,0.40461600489775423,0.8232018330159049
2018-10-11 23:59:51,test,0.398643,0.83713,0.3811981928122027,0.7979649349073382,0.39053058055467904,0.8008047172850877
2018-10-12 23:59:51,test,0.398519,0.837,0.3816222046464704,0.7990459324627568,0.39918647817804415,0.8151058738211024
2018-10-13 23:59:51,test,0.398396,0.83687,0.38203281423751934,0.799574723198227,0.3892177507986502,0.8288587384152036
2018-10-15 00:05:51,test,0.398272,0.83674,0.3804252601396384,0.8002923291772035,0.40701771925273356,0.8489675395088799
2018-10-15 23:59:51,test,0.398149,0.83661,0.3801119765618242,0.8006872730722058,0.38167559557160696,0.8260435244566482
2018-10-16 23:59:51,test,0.398025,0.83648,0.38007055221040964,0.8001619276898642,0.39351514718937497,0.8193274386861187
2018-10-17 23:59:51,test,0.397902,0.836351,0.37955960233034375,0.7991199400166724,0.39924502852273525,0.8037621485666798
2018-10-18 23:59:51,test,0.397778,0.836221,0.37960989455689853,0.7982527565771411,0.38558739163367317,0.814642724196974
2018-10-19 23:59:51,test,0.397655,0.836091,0.3786971736041152,0.7970339587874463,0.39878336456321223,0.7992070964062311
2018-10-20 23:59:51,test,0.397531,0.835961,0.3788236590505202,0.7970490964638515,0.38366131099515427,0.8274187449113309
2018-10-21 23:59:51,test,0.397408,0.835831,0.3779476652389577,0.7964286253356841,0.39500569667601576,0.8215793880923749
2018-10-22 23:59:51,test,0.397284,0.835701,0.37783606048867036,0.7955921115638936,0.3991274868615307,0.8176221269466107
2018-10-23 23:59:51,test,0.397161,0.835571,0.37820005439549925,0.7962293836852536,0.3964734448208585,0.8395878944142333
2018-10-24 23:59:51,test,0.397037,0.835442,0.3782141679917347,0.7961496209494149,0.3841526411602854,0.8250680544904678
2018-10-25 23:59:51,test,0.396914,0.835312,0.3779620719952042,0.7955506043522793,0.3911959669285001,0.8103095252038528
2018-10-26 23:59:51,test,0.39679,0.835182,0.3784793621737925,0.7963597173156429,0.39896396321419,0.8365674884118818
2018-10-27 23:59:51,test,0.396666,0.835052,0.37876220672555094,0.7980198036222825,0.39722191767953274,0.788152249444983
2018-10-28 23:59:51,test,0.396543,0.834922,0.3790057848572616,0.7982725667625529,0.3996790410240948,0.8284662581752358
2018-10-29 23:59:51,test,0.396419,0.834792,0.3791107154709013,0.7988421053317686,0.38424880142251683,0.8117531857893376
2018-10-30 23:59:51,test,0.396296,0.834662,0.3789470541190551,0.7984015440252209,0.39298863432096015,0.8374503641801787
2018-10-31 23:59:51,test,0.396172,0.834533,0.3788789493093679,0.7973800890031536,0.4055759549305035,0.8183006689123362
2018-11-01 23:59:51,holdout,0.396049,0.834403,0.3782236804239424,0.7973106859170067,0.4061374385408233,0.8277365112431104
2018-11-02 23:59:51,holdout,0.395925,0.834273,0.37835220895094884,0.7966472190454604,0.39312900093304703,0.7883966638848867
2018-11-03 23:59:51,holdout,0.395802,0.834143,0.3777734928869288,0.7965365150795563,0.39067627796824905,0.8144167992957866
2018-11-04 23:59:51,holdout,0.395678,0.834013,0.37788544564600673,0.7970196757765915,0.38623353538866667,0.8197367391683176
2018-11-05 23:59:51,holdout,0.395555,0.833883,0.3783714466501653,0.7970881546923042,0.383937811486149,0.8287613555978595
2018-11-06 23:59:51,holdout,0.395431,0.833753,0.377895217839936,0.7967868104314714,0.38675601049262276,0.8398990967935537
2018-11-07 23:59:51,holdout,0.395308,0.833624,0.3781081583280243,0.7973579161355926,0.39617795874678885,0.8155321672613169
2018-11-08 23:59:51,holdout,0.395184,0.833494,0.37832239874381374,0.796414120377657,0.38507742466214284,0.8351786794687165
2018-11-09 23:59:51,holdout,0.395061,0.833364,0.3768368028705619,0.7954995554009096,0.39159522495892346,0.8023597282671353
2018-11-10 23:59:51,holdout,0.394937,0.833234,0.37745632808771273,0.7962593205859461,0.39270809749150953,0.8036733058693006
2018-11-11 23:59:51,holdout,0.394814,0.833104,0.3773496611840224,0.7969590974956662,0.3908735969871717,0.8403459039349004
2018-11-12 23:59:51,holdout,0.39469,0.832974,0.3774093579226496,0.796839062831502,0.38536440956066953,0.8433219535184323
2018-11-13 23:59:51,holdout,0.394567,0.832844,0.37691696550179327,0.7962452785275326,0.39833462120058566,0.8207912887739136
2018-11-14 23:59:51,holdout,0.394443,0.832715,0.3776564780431947,0.7966708321955649,0.38456967416250887,0.8150092974921467
2018-11-15 23:59:51,holdout,0.39432,0.832585,0.3778384115718012,0.797148078644961,0.3956669065809656,0.7890962712910315
2018-11-16 23:59:51,holdout,0.394196,0.832455,0.37757158114831746,0.7958015491572211,0.39624066855553336,0.8087300725694581
2018-11-18 00:05:51,holdout,0.394073,0.832195,0.3776735254614281,0.7967067714369308,0.38473472499486605,0.8381144476672616
2018-11-18 23:59:51,holdout,0.393949,0.832195,0.3772991429848157,0.795842305828917,0.38066194322784325,0.787839956389487
2018-11-19 23:59:51,holdout,0.393825,0.832065,0.37699802165490254,0.7954046605567442,0.38668475954498444,0.8163650526732018
2018-11-20 23:59:51,holdout,0.393702,0.831935,0.37696086492812425,0.7948185723096125,0.3762988680886018,0.824341884869257
2018-11-21 23:59:51,holdout,0.393578,0.831806,0.3764480308006644,0.7953483533676915,0.3988039468985542,0.812877676608183
2018-11-22 23:59:51,holdout,0.393455,0.831676,0.3770161835636158,0.7958039224363387,0.3909372041431214,0.8351923054564157
2018-11-23 23:59:51,holdout,0.393331,0.831546,0.3768600280946901,0.7962194568635618,0.402454978527401,0.7961686031057995
2018-11-24 23:59:51,holdout,0.393208,0.831416,0.37746363832189317,0.7964782104026216,0.39936136735719746,0.820291794917031
2018-11-25 23:59:51,holdout,0.393084,0.831286,0.3776823189379645,0.7974059694405249,0.39047070441244786,0.8079923700661711
2018-11-26 23:59:51,holdout,0.392961,0.831156,0.37689080834954286,0.7960478871884837,0.3864999511832716,0.8160031639289612
2018-11-27 23:59:51,holdout,0.392837,0.831026,0.3767125059821968,0.7965838322960376,0.39951315019381656,0.8393370467586859
2018-11-28 23:59:51,holdout,0.392714,0.830897,0.37664593066296354,0.7953230877809967,0.3951628287622165,0.8031290802082577
2018-11-29 23:59:51,holdout,0.39259,0.830767,0.37669040675268556,0.795332129005232,0.3922819269990857,0.856164735984043
2018-11-30 23:59:51,holdout,0.392467,0.830637,0.37628786024956173,0.7949162025287263,0.3968584265410785,0.8370151423065783
2018-12-01 23:59:51,holdout,0.392343,0.830507,0.3759235777695671,0.7934445737355355,0.3883063896595798,0.8205809994795334
2018-12-02 23:59:51,holdout,0.39222,0.830377,0.37610775500454313,0.7951646575302469,0.39655064888558383,0.7951132190087981
2018-12-03 23:59:51,holdout,0.392096,0.830247,0.375305111298303,0.7947280479340453,0.3887016215091301,0.7863196861968657
2018-12-04 23:59:51,holdout,0.391973,0.830118,0.37646639650483177,0.795065666112244,0.40372630572670265,0.8030268893764247
2018-12-05 23:59:51,holdout,0.391849,0.829988,0.3764831719034309,0.7955333259407036,0.38673307433927007,0.8474488538811307
2018-12-06 23:59:51,holdout,0.391726,0.829858,0.3763433415615711,0.7944170915902101,0.3893477509631726,0.7931364714712298
2018-12-07 23:59:51,holdout,0.391602,0.829728,0.37611328190626697,0.7951424725820825,0.39429008720945957,0.8004155461512115
2018-12-08 23:59:51,holdout,0.391479,0.829598,0.3762470728119315,0.7949852553839397,0.3911629049200013,0.8255763728487623
2018-12-09 23:59:51,holdout,0.391355,0.829468,0.3757476821416247,0.7942668477152028,0.39859584157777606,0.8283060749486811
2018-12-10 23:59:51,holdout,0.391231,0.829338,0.37622711385527985,0.7955332348493073,0.39959030499772275,0.7969516876172708
2018-12-11 23:59:51,holdout,0.391108,0.829208,0.37640659294512435,0.7946520501588656,0.3833577066154883,0.832395407116018
2018-12-12 23:59:51,holdout,0.390984,0.829079,0.3765676157127619,0.7956699247858541,0.3944065342344711,0.7695949465203058
2018-12-13 23:59:51,holdout,0.390861,0.828949,0.37598706543930427,0.794842956953895,0.3936102536838602,0.7844753713670305
2018-12-14 23:59:51,holdout,0.390737,0.828819,0.37610780454860915,0.7948435637860165,0.38881281070432777,0.7867330479779098
2018-12-15 23:59:51,holdout,0.390614,0.828689,0.3760810488200089,0.7953591641658418,0.3839397999790517,0.8293371639932803
2018-12-16 23:59:51,holdout,0.39049,0.828559,0.3755948934860302,0.7945516457500895,0.39940302694572083,0.7927658890182755
2018-12-17 23:59:51,holdout,0.390367,0.828429,0.3750950464612012,0.79343305829848,0.3775274424470394,0.7942399455519217
2018-12-18 23:59:51,holdout,0.390243,0.8283,0.3748358050472766,0.7941579923424691,0.38502742530365247,0.8160422769888928
2018-12-19 23:59:51,holdout,0.39012,0.82817,0.3750483628962003,0.7934502478468073,0.38728348554321773,0.7895886870536575
2018-12-20 23:59:51,holdout,0.389996,0.82804,0.3751709962469931,0.7940134059953549,0.38630695854962377,0.8166506056542565
2018-12-21 23:59:51,holdout,0.389873,0.82791,0.37511066393606596,0.7941227149256671,0.39327932007401684,0.8048577648819134
2018-12-22 23:59:51,holdout,0.389749,0.82778,0.3749008182143104,0.793613619772991,0.3785627302856256,0.8013162226926892
2018-12-23 23:59:51,holdout,0.389626,0.82765,0.37472962027003415,0.7935122009261625,0.3956301880621857,0.7732629644182497
2018-12-24 23:59:51,holdout,0.389502,0.82752,0.37440312852956886,0.7933302989412376,0.398281168706049,0.8319081579792302
2018-12-25 23:59:51,holdout,0.389379,0.827391,0.37530762021684166,0.7943987213303024,0.38295791340686497,0.793412304587197
2018-12-26 23:59:51,holdout,0.389255,0.827261,0.3747296555943783,0.7935930420821693,0.38432436886808613,0.7963874762732684
2018-12-27 23:59:51,holdout,0.389132,0.827131,0.3751079144474273,0.7938599749985054,0.38390827309963615,0.8101711711400506
2018-12-28 23:59:51,holdout,0.389008,0.827001,0.37509734096913516,0.7949535428793528,0.39527018377580425,0.8394692465099626
2018-12-29 23:59:51,holdout,0.388885,0.826871,0.37512566052166874,0.7952115411978224,0.3746463787575955,0.8088551854160527
2018-12-30 23:59:51,holdout,0.388761,0.826741,0.3756178359991869,0.7945951806971792,0.3784940341547323,0.8300936542009034
2018-12-31 23:59:51,holdout,0.388637,0.826482,0.37472170217822415,0.7945041583914425,0.3785021039831865,0.7960121733765961
2019-01-01 23:59:51,train,0.388514,0.826482,0.37532049931872724,0.7944730428268707,0.3830881733557908,0.7954923010663764
2019-01-02 23:59:51,train,0.38839,0.826352,0.3755665568116099,0.7938324140383224,0.38274362948841717,0.8158031419202314
2019-01-03 23:59:51,train,0.388267,0.826222,0.3740238807963473,0.7928734617273202,0.3876128052759688,0.8160355081586808
2019-01-04 23:59:51,train,0.388143,0.826092,0.37385463300215865,0.7921330298086706,0.36964131158917085,0.8138396213987484
2019-01-05 23:59:51,train,0.38802,0.825962,0.37377029743291945,0.7922281245138941,0.39189941407629236,0.8246758383045685
2019-01-06 23:59:51,train,0.387896,0.825832,0.3735276850544094,0.7919014748803543,0.3855206086350356,0.812377548677106
2019-01-07 23:59:51,train,0.387773,0.825702,0.3738106063478173,0.7924961603541542,0.38858663488607487,0.8285792009721804
2019-01-08 23:59:51,train,0.387649,0.825573,0.37391031092183546,0.7922982862664674,0.39135315727168,0.7582888043272829
2019-01-09 23:59:51,train,0.387526,0.825443,0.37306698079730183,0.7915665153196612,0.383988982149319,0.8183121417765783
2019-01-10 23:59:51,train,0.387402,0.825313,0.3726680462503074,0.7907968648340228,0.3947023775043509,0.8144499454968587
2019-01-11 23:59:51,train,0.387279,0.825183,0.3731300317740483,0.7913347321752163,0.3763004581776508,0.810499291389273
2019-01-12 23:59:51,train,0.387155,0.825053,0.3721044651058742,0.7904984068687304,0.37787942357025295,0.7853920668901179
2019-01-13 23:59:51,train,0.387032,0.824923,0.372772902456765,0.7916590671047288,0.3988254603112129,0.8046785325665292
2019-01-14 23:59:51,train,0.386908,0.824793,0.37205810160927244,0.7905298462810589,0.38154849742701824,0.8232248372973382
2019-01-15 23:59:51,train,0.386785,0.824664,0.3720072994496108,0.7900761087679706,0.38204615476959414,0.7929785847110257
2019-01-16 23:59:51,train,0.386661,0.824534,0.3719834648067462,0.7901506037240985,0.3843174760485397,0.8165146986234934
2019-01-17 23:59:51,train,0.386538,0.824404,0.3725072635496424,0.7907326504464276,0.3839953914973618,0.8270749943169458
2019-01-18 23:59:51,train,0.386414,0.824274,0.3719935109375684,0.7897875062751012,0.3779045003015207,0.79768016742228
2019-01-19 23:59:51,train,0.386291,0.824144,0.3716322092323375,0.7903036647608461,0.3766825190533082,0.7959651487831376
2019-01-20 23:59:51,train,0.386167,0.824014,0.37198559021825134,0.7901275490403222,0.38660835641964103,0.8029789836082772
2019-01-21 23:59:51,train,0.386043,0.823884,0.3722324060444226,0.791510697568263,0.3708622419226686,0.7835811790204781
2019-01-22 23:59:51,train,0.38592,0.823755,0.37273367870577706,0.79087227955871,0.38606741687326124,0.8111097250010395
2019-01-23 23:59:51,train,0.385796,0.823625,0.3729581501100004,0.7928822383061669,0.3869998107932048,0.8236361177035845
2019-01-24 23:59:51,train,0.385673,0.823495,0.37379361573029163,0.7947672570022833,0.3866571524588824,0.7987546281955766
2019-01-25 23:59:51,train,0.385549,0.823365,0.37471440093970565,0.7947048865775014,0.3820465385478595,0.8020097629154062
2019-01-26 23:59:51,train,0.385426,0.823235,0.3737947755112669,0.7939741481345547,0.37963357215033106,0.776173429089578
2019-01-27 23:59:51,train,0.385302,0.823105,0.3733630488643439,0.7933088621994139,0.3878561049099993,0.8380836042654182
2019-01-28 23:59:51,train,0.385179,0.822976,0.3732302794304925,0.7926158607362873,0.3747757423187014,0.8167046194719418
2019-01-29 23:59:51,train,0.385055,0.822846,0.3720915123317856,0.7906054522628971,0.37689920362656787,0.8265919739171456
2019-01-30 23:59:51,train,0.384932,0.822716,0.37099608387026156,0.7896516667928736,0.38033441223503145,0.8302162605553124
2019-01-31 23:59:51,train,0.384808,0.822586,0.3690689997210285,0.7868374743582391,0.4034763932768631,0.802626655946674
2019-02-01 23:59:51,train,0.384685,0.822456,0.36843907686429417,0.786469391624103,0.3845202835321881,0.817670160563267
2019-02-02 23:59:51,train,0.384561,0.822326,0.36843598445416237,0.7848673328524587,0.3958196453472227,0.7829854824057719
2019-02-03 23:59:51,train,0.384438,0.822196,0.36842173020260083,0.786208715727725,0.3811621773365842,0.7932417152387293
2019-02-04 23:59:51,train,0.384314,0.822067,0.36844927879937595,0.7863276597220032,0.3946645890707377,0.8220593831099495
2019-02-05 23:59:51,train,0.384191,0.821937,0.3682773197837969,0.7864425811583386,0.3858822667835565,0.8079318053210855
2019-02-06 23:59:51,train,0.384067,0.821807,0.3676055406051488,0.785085351221847,0.3791090799991312,0.8068209997459501
2019-02-07 23:59:51,train,0.383944,0.821677,0.3685844884941845,0.7864874568365193,0.3911033196307142,0.8148640325589406
2019-02-08 23:59:51,train,0.38382,0.821547,0.3676693830919227,0.7854346141784797,0.3896458551817031,0.8278117699514606
2019-02-09 23:59:51,train,0.383697,0.821417,0.3672893036683506,0.7846662621170876,0.392801332522663,0.8272077520697823
2019-02-10 23:59:51,train,0.383573,0.821287,0.3673207137094245,0.7841819544244372,0.37981765437893,0.821124902976307
2019-02-11 23:59:51,train,0.38345,0.821158,0.36771542428021925,0.7857000993366948,0.38782843773254305,0.7728568298121956
2019-02-12 23:59:51,train,0.383326,0.821028,0.36742476075450164,0.7846766532823838,0.38967512278465366,0.7946206793783734
2019-02-13 23:59:51,train,0.383202,0.820898,0.367548186929368,0.7858402303273542,0.3863520849136099,0.8240055623945186
2019-02-14 23:59:51,train,0.383079,0.820768,0.36809487591109946,0.7853344339441815,0.3860436168641208,0.7969905721206878
2019-02-15 23:59:51,train,0.382955,0.820638,0.36797225862355815,0.7855160288949282,0.37751607989185343,0.8491302348010913
2019-02-16 23:59:51,train,0.382832,0.820508,0.3677966103488797,0.7863909516891646,0.39105235811784655,0.8335823471792274
2019-02-17 23:59:51,train,0.382708,0.820378,0.3679955393787544,0.7868106967531422,0.39288470062400127,0.8506626367262856
2019-02-18 23:59:51,train,0.382585,0.820249,0.3685204774614618,0.7878990767701041,0.3938059070648017,0.7675019895000676
2019-02-19 23:59:51,train,0.382461,0.820119,0.36848021258897606,0.7883114212750512,0.37283296814415096,0.7953750541195372
2019-02-20 23:59:51,train,0.382338,0.819989,0.36922613447070657,0.7894878597561392,0.38871063790291155,0.8045482249094218
2019-02-21 23:59:51,train,0.382214,0.819859,0.3680639936585579,0.7880401703874439,0.3948458110159356,0.7945240142354001
2019-02-22 23:59:51,train,0.382091,0.819729,0.3680308792424521,0.7872180866508804,0.3844956118539359,0.8377632039257192
2019-02-23 23:59:51,train,0.381967,0.819599,0.36721875338086146,0.7851102017371342,0.39560539519492377,0.8103599292452147
2019-02-24 23:59:51,train,0.381844,0.819469,0.36624146032973676,0.785155582970458,0.39107657026464737,0.8256528867365731
2019-02-25 23:59:51,train,0.38172,0.81934,0.3665450529264895,0.7847602450859127,0.38676153111876777,0.8175765538486652
2019-02-26 23:59:51,train,0.381597,0.81921,0.3661608209476065,0.7836127232142264,0.380132352763582,0.8397454490241923
2019-02-27 23:59:51,train,0.381473,0.81908,0.3656955974287013,0.7825639990540372,0.3935025137367973,0.8156325588044706
2019-02-28 23:59:51,train,0.38135,0.81895,0.36524431487448,0.7821367938616474,0.380952532611819,0.8147104953499564
2019-03-01 23:59:51,train,0.381226,0.81882,0.36497413510132776,0.7818707267593865,0.38672781880843904,0.7928084480612398
2019-03-02 23:59:51,train,0.381103,0.81869,0.36475313696008244,0.7821865579139882,0.3727361310754056,0.8346921236596404
2019-03-03 23:59:51,train,0.380979,0.81856,0.3657198756920137,0.7829569926221186,0.3815965039941635,0.8412269881485864
2019-03-04 23:59:51,train,0.380856,0.818431,0.3652209371420114,0.7825559416039573,0.37887078364474036,0.8195899333751497
2019-03-05 23:59:51,train,0.380732,0.818301,0.3654833564482322,0.783548245636423,0.3833159035739021,0.8268600300789513
2019-03-07 23:59:51,train,0.380485,0.818041,0.3653239521681998,0.7831666291993531,0.38505658045155805,0.7982225586259123
2019-03-08 23:59:51,train,0.380361,0.817911,0.3654905485872166,0.78291568572527,0.3817470382457545,0.7728023414373548
2019-03-09 23:59:51,train,0.380238,0.817781,0.3650800605175467,0.7825707850373447,0.38836551561114807,0.782978871441917
2019-03-10 23:59:51,train,0.380114,0.817651,0.3648913312599752,0.7830908827870817,0.37733714690866105,0.8285799160557471
2019-03-11 23:59:51,train,0.379991,0.817522,0.3638895677513239,0.7811899863167568,0.38891018691480994,0.7823992681866236
2019-03-12 23:59:51,train,0.379867,0.817392,0.3642566954296771,0.780781188668739,0.39338744486468347,0.7599990049316055
2019-03-13 23:59:51,train,0.379744,0.817262,0.3642053199789745,0.781583446806097,0.37840873130930736,0.7896085046937528
2019-03-14 23:59:51,train,0.37962,0.817132,0.3643493556760157,0.7825852356476496,0.38563307996871865,0.787330537812782
2019-03-15 23:59:51,train,0.379497,0.817002,0.36473954023370125,0.7823417350965627,0.3745808548869863,0.8138151653544928
2019-03-16 23:59:51,train,0.379373,0.816872,0.36456172767669653,0.7825408523182636,0.39021568253640343,0.8127485428601697
2019-03-17 23:59:51,train,0.37925,0.816742,0.36536081443835766,0.7836775071968068,0.38301857710243314,0.8383634001150652
2019-03-18 23:59:51,train,0.379126,0.816613,0.3656272501385451,0.7843763816455197,0.37427094616403783,0.8116412183178034
2019-03-19 23:59:51,train,0.379003,0.816483,0.3657134760721184,0.7855805079332252,0.384567870833138,0.7755338337149464
2019-03-20 23:59:51,train,0.378879,0.816353,0.3661786800989693,0.7851944079505452,0.37541207499331164,0.7610335216134638
2019-03-21 23:59:51,train,0.378756,0.816223,0.3660243787944806,0.7845474855514158,0.39230295479797783,0.7820565235628156
2019-03-22 23:59:51,train,0.378632,0.816093,0.36553108815806906,0.7833404231706808,0.38423056091579677,0.8288622654693693
2019-03-23 23:59:51,train,0.378509,0.815963,0.3642366902755389,0.7820534311674682,0.39510987642334144,0.7911128283622556
2019-03-24 23:59:51,train,0.378385,0.815834,0.36315528457191926,0.7805798087639197,0.3741369034372036,0.8306528310014281
2019-03-25 23:59:51,train,0.378262,0.815704,0.36220937198846936,0.7785108489999728,0.37065149585234985,0.8242966704351211
2019-03-26 23:59:51,train,0.378138,0.815574,0.3621533812719606,0.7796904133305773,0.3687512405637143,0.806714552443468
2019-03-27 23:59:51,train,0.378015,0.815444,0.3622969447268973,0.7789944500729005,0.3795852954839753,0.8009376514664367
2019-03-28 23:59:51,train,0.377891,0.815314,0.3619986976963992,0.7798148448853388,0.3783736175757806,0.813784048295167
2019-03-29 23:59:51,train,0.377767,0.815184,0.36219119698089935,0.7801369503290784,0.38783560558616487,0.8160980489706237
2019-03-30 23:59:51,train,0.377644,0.815054,0.3626534375278806,0.7800383956352168,0.37729369873174123,0.8136655895549066
2019-03-31 23:59:51,train,0.37752,0.814925,0.36203889151612156,0.7782873699488875,0.3713766099585271,0.7717371564380554
2019-04-01 23:59:51,train,0.377397,0.814795,0.36257549614885565,0.7800109445823009,0.3797527736082875,0.8045533045637633
2019-04-02 23:59:51,train,0.377273,0.814665,0.3631004637908605,0.7813861614320122,0.37751897151328545,0.7972588697695426
2019-04-03 23:59:51,train,0.37715,0.814535,0.3631846063446216,0.7815253784695081,0.37278443664968075,0.8251584943684811
2019-04-04 23:59:51,train,0.377026,0.814405,0.3622562018448805,0.7801001334352197,0.3910864047141558,0.8302545070574984
2019-04-05 23:59:51,train,0.376903,0.814275,0.36259328374152006,0.7805834941409769,0.3811702744231602,0.8277988996283393
2019-04-06 23:59:51,train,0.376779,0.814145,0.36215202516425327,0.7807571271843693,0.3774248616723868,0.7925039439641288
2019-04-07 23:59:51,train,0.376656,0.814016,0.3623451756891579,0.7795630356386037,0.37716622058452787,0.7906464293628905
2019-04-08 23:59:51,train,0.376532,0.813886,0.36357532042494983,0.7813098249023903,0.4014267824442583,0.802428821974272
2019-04-09 23:59:51,train,0.376409,0.813756,0.3636977403533365,0.7817217545769989,0.3887863255218035,0.8160048105129988
2019-04-10 23:59:51,train,0.376285,0.813626,0.3636025800980786,0.7826930460045658,0.38537668596520586,0.8193190662984274
2019-04-11 23:59:51,train,0.376162,0.813496,0.3648049791999208,0.7850705672647598,0.383099882081544,0.8249393064551184
2019-04-12 23:59:51,train,0.376038,0.813366,0.3638857535672948,0.7848601644010819,0.36530180963533093,0.8088574408876353
2019-04-13 23:59:51,train,0.375915,0.813236,0.3650096691683325,0.7858989128701551,0.3741083079745132,0.770232939566432
2019-04-14 23:59:51,train,0.375791,0.813107,0.36458295767618243,0.7850358157583175,0.3690659452966753,0.8026444036623506
2019-04-15 23:59:51,train,0.375668,0.812977,0.36300941192189423,0.7831538570785056,0.3776910160051953,0.8201518474740627
2019-04-16 23:59:51,train,0.375544,0.812847,0.3626689455662794,0.7821604689227643,0.378858535319137,0.807318733006543
2019-04-17 23:59:51,train,0.375421,0.812717,0.3617221414618634,0.7790434667240765,0.3914365439503487,0.7820783606596265
2019-04-18 23:59:51,train,0.375297,0.812587,0.361309810594834,0.7800113226654016,0.37252174300515384,0.7940472856899454
2019-04-19 23:59:51,train,0.375173,0.812457,0.36041918716983556,0.7778912020981388,0.38543156172758014,0.8106857298369733
2019-04-20 23:59:51,train,0.37505,0.812327,0.35922599044092524,0.7763429702711862,0.38669571576247486,0.8140125072866035
2019-04-21 23:59:51,train,0.374926,0.812198,0.35997601005678803,0.7764836043556759,0.3772948807164322,0.8111076787133236
2019-04-22 23:59:51,train,0.374803,0.812068,0.3595691680488923,0.776999896800266,0.37651635197944683,0.8061157991955941
2019-04-23 23:59:51,train,0.374679,0.811938,0.35931963365327285,0.7768614185518153,0.38693110783587026,0.8258294763132095
2019-04-24 23:59:51,train,0.374556,0.811808,0.35899997261014543,0.7762616015720656,0.3817124417443503,0.8014836951409278
2019-04-25 23:59:51,train,0.374432,0.811678,0.3589998635191259,0.7752955713752565,0.37121010768374646,0.8045367142111833
2019-04-26 23:59:51,train,0.374309,0.811548,0.35805716301738866,0.7742642651861401,0.3740917509856411,0.7871407738464952
2019-04-27 23:59:51,train,0.374185,0.811418,0.35825895358676835,0.775120397305752,0.3853174319697784,0.8070964493819301
2019-04-28 23:59:51,train,0.374062,0.811289,0.3585407926608484,0.7755335806905925,0.381682717856599,0.8041090872550836
2019-04-29 23:59:51,train,0.373938,0.811159,0.35819049553319626,0.7754025637162392,0.375495930650645,0.7832962109893205
2019-04-30 23:59:51,train,0.373815,0.811029,0.3581593914390464,0.7754899262500903,0.3774880840560235,0.8024052173462203
2019-05-01 23:59:51,train,0.373691,0.810899,0.3582284378280333,0.7745125096590918,0.3909239531403146,0.8122498958254172
2019-05-02 23:59:51,train,0.373568,0.810769,0.3586109372497217,0.7751840423190561,0.3829426721252947,0.8105430107199295
2019-05-03 23:59:51,train,0.373444,0.810639,0.35848609683780475,0.7748607338971556,0.381482155752025,0.8232027509710208
2019-05-04 23:59:51,train,0.373321,0.810509,0.359108491574482,0.7759836312047297,0.38651955164057533,0.804697294238706
2019-05-05 23:59:51,train,0.373197,0.81038,0.35986551346305545,0.7761442324414395,0.3740316517345516,0.818011037733599
2019-05-06 23:59:51,train,0.373074,0.81025,0.36034260997410167,0.7785665944497777,0.3764441327932998,0.8194179295261712
2019-05-07 23:59:51,train,0.37295,0.81012,0.3605665612620803,0.7795894358864378,0.38293520885226956,0.8177786482811294
2019-05-08 23:59:51,train,0.372827,0.80999,0.3619408654208507,0.7817586116356846,0.39316256216359174,0.7898920401927694
2019-05-09 23:59:51,train,0.372703,0.80986,0.36221026079382723,0.783444899704041,0.3692652264123256,0.8082007511404783
2019-05-10 23:59:51,train,0.372579,0.80973,0.36215009434876,0.7848634135591139,0.3715259559361475,0.7646878060482499
2019-05-11 23:59:51,train,0.372456,0.8096,0.36245281793497647,0.7844093920987395,0.36782515414446065,0.7863450459073138
2019-05-12 23:59:51,train,0.372332,0.809471,0.36207833684384705,0.783310081373146,0.35649559909088907,0.7902506722957052
2019-05-13 23:59:51,train,0.372209,0.809341,0.36092541298471176,0.7817500578680365,0.370798006857446,0.7684845406839017
2019-05-14 23:59:51,train,0.372085,0.809211,0.3602520900011832,0.77976710658673,0.3645054758245997,0.8272234344437185
2019-05-15 23:59:51,train,0.371962,0.809081,0.35758338016182933,0.7764713596872824,0.37712311674943294,0.8309280407855532
2019-05-16 23:59:51,train,0.371838,0.808951,0.3561397122120323,0.7744780536290713,0.37798946252904225,0.7920710712911344
2019-05-17 23:59:51,train,0.371715,0.808821,0.3555494161490031,0.772411601246922,0.37189416599831393,0.7704592902715625
2019-05-18 23:59:51,train,0.371591,0.808692,0.35507715727158223,0.771402835497072,0.3672190620078526,0.8060309128793177
2019-05-19 23:59:51,train,0.371468,0.808562,0.3545006208475306,0.7711595928831028,0.37270685101214657,0.8314989567967424
2019-05-20 23:59:51,train,0.371344,0.808432,0.35422444736291125,0.7713421331565321,0.37880917439881484,0.8144164749543258
2019-05-21 23:59:51,train,0.371221,0.808302,0.35420515205124187,0.7713375576086369,0.3775931705390775,0.7977364172033539
2019-05-22 23:59:51,train,0.371097,0.808172,0.3543555429331585,0.7711226695301543,0.3886300313962483,0.7912288166476913
2019-05-23 23:59:51,train,0.370974,0.808042,0.3541461575091775,0.7717111054828056,0.37551257022594586,0.8039152047330137
2019-05-24 23:59:51,train,0.37085,0.807912,0.354350598422032,0.7721568698845855,0.35870445865619766,0.8183960452484669
2019-05-25 23:59:51,train,0.370727,0.807783,0.3545770072250144,0.7712114993606061,0.3779431082382473,0.8156234424963777
2019-05-27 00:05:51,train,0.370603,0.807523,0.35423789010289336,0.7714186441816425,0.3632640257573871,0.8001251404602601
2019-05-27 23:59:51,train,0.37048,0.807523,0.353964527815514,0.771200476691776,0.363316713335871,0.78501482968852
2019-05-28 23:59:51,train,0.370356,0.807393,0.3546331853668585,0.772049545495745,0.3660721585189856,0.8064289926603773
2019-05-29 23:59:51,train,0.370233,0.807263,0.3543305513982306,0.7712510040358961,0.3724456922080108,0.8128249191402779
2019-05-30 23:59:51,train,0.370109,0.807133,0.3545926468350757,0.7710134784563566,0.3772614287521384,0.8200199645840001
2019-05-31 23:59:51,train,0.369985,0.807003,0.354649003568644,0.7716331706047858,0.36460383444142513,0.8053194030252381
2019-06-01 23:59:51,train,0.369862,0.806874,0.35481713623851524,0.7718294749580538,0.3708388564310168,0.7822985327449767
2019-06-02 23:59:51,train,0.369738,0.806744,0.3557517514139486,0.7732110193686413,0.373696906016271,0.7983510649058094
2019-06-03 23:59:51,train,0.369615,0.806614,0.3565704126619425,0.7757174198667701,0.37502362801222955,0.7978995612354416
2019-06-04 23:59:51,train,0.369491,0.806484,0.3567131524325318,0.7768128832685862,0.36919929953637476,0.801822601336437
2019-06-05 23:59:51,train,0.369368,0.806354,0.35717086734469455,0.7776060860561905,0.38530667529516527,0.798206737653322
2019-06-06 23:59:51,train,0.369244,0.806224,0.3574738550590719,0.7780985130233217,0.3736565125228696,0.8009572091790057
2019-06-07 23:59:51,train,0.369121,0.806094,0.35749121341919804,0.7785796919023462,0.3656959656821056,0.8140033367169286
2019-06-08 23:59:51,train,0.368997,0.805965,0.3569789777667023,0.7778800418963283,0.3751394584817377,0.8170229470089653
2019-06-09 23:59:51,train,0.368874,0.805835,0.3559131843013666,0.7752701691237228,0.37792435342858005,0.78517989413075
2019-06-10 23:59:51,train,0.36875,0.805705,0.35542895555463344,0.7738632254225674,0.3656040678004801,0.7760060117326463
2019-06-11 23:59:51,train,0.368627,0.805575,0.3537424493195496,0.7712395336827829,0.3846292657437997,0.8307635056752923
2019-06-12 23:59:51,train,0.368503,0.805445,0.35304569534390684,0.7705288655280004,0.35839082509867737,0.7958501017295683
2019-06-13 23:59:51,train,0.36838,0.805315,0.3523404791903316,0.7689474910441833,0.35742237959868645,0.8079097933381305
2019-06-14 23:59:51,train,0.368256,0.805185,0.3521284436002715,0.768688998844706,0.37694861975503136,0.8032435495383956
2019-06-15 23:59:51,train,0.368133,0.805056,0.35141670541350906,0.7677163204170213,0.36817716899700254,0.783431464763323
2019-06-16 23:59:51,train,0.368009,0.804926,0.351643858972771,0.7680916179738928,0.3606515381785536,0.8230212724163283
2019-06-17 23:59:51,train,0.367886,0.804796,0.351446582806053,0.7665861017959091,0.3861885434012716,0.801356151516989
2019-06-18 23:59:51,train,0.367762,0.804666,0.35160770113286405,0.76759099138374,0.3736209650834635,0.8140817071594865
2019-06-19 23:53:51,train,0.367762,0.804536,0.3518189161559872,0.768086352177567,0.3791888940782313,0.8000612867353538
2019-06-20 23:59:51,train,0.367515,0.804276,0.3518366612952788,0.7685366654788552,0.3797360704077367,0.8184044490895269
2019-06-21 23:59:51,train,0.367392,0.804147,0.3516024531290294,0.7681971665210867,0.36151759248589865,0.7845889171614541
2019-06-22 23:59:51,train,0.367268,0.804147,0.3510446916815264,0.7676979239748231,0.373545011155042,0.7852081948388044
2019-06-23 23:59:51,train,0.367144,0.804017,0.35147764798781295,0.7686052048458167,0.3662580341181326,0.7722686597186998
2019-06-24 23:59:51,train,0.367021,0.803887,0.35165174124340925,0.7682800467204552,0.3607764347623489,0.7999880559319278
2019-06-25 23:59:51,train,0.366897,0.803757,0.3512512888836162,0.7677297607820175,0.3681967004496453,0.8109121160045083
2019-06-26 23:59:51,train,0.366774,0.803627,0.3508105849051487,0.7670748261399017,0.36545956790756584,0.7706493424297334
2019-06-27 23:59:51,train,0.36665,0.803497,0.35161940026634414,0.7681890636604294,0.36436559457690515,0.8082621987165296
2019-06-28 23:59:51,train,0.366527,0.803367,0.35187208008000603,0.7689146666394072,0.3675943224941642,0.8109120169644195
2019-06-29 23:59:51,train,0.366403,0.803238,0.35237902857678116,0.7697977069325495,0.36596044693038576,0.7782909421336504
2019-06-30 23:59:51,train,0.36628,0.803108,0.3528718030470519,0.7709234002100984,0.37715226388692297,0.8257746262634432
2019-07-01 23:59:51,train,0.366156,0.802978,0.3535300574400838,0.7719265780950295,0.3787165034984209,0.7771670766050187
2019-07-02 23:59:51,train,0.366033,0.802848,0.3538250251737326,0.7721711464851178,0.37004124445451475,0.8072808293176859
2019-07-03 23:59:51,train,0.365909,0.802718,0.3532376177436609,0.7727020868126757,0.3570952259527526,0.8071530912319701
2019-07-04 23:59:51,train,0.365786,0.802588,0.3533471532167712,0.7722279986737767,0.3732870305654923,0.8191665181366963
2019-07-05 23:59:51,train,0.365662,0.802458,0.3525618280025206,0.7709230353576294,0.3775403571463425,0.7710946442098128
2019-07-06 23:59:51,train,0.365539,0.802329,0.352164717803625,0.769972317358177,0.37653495513150537,0.8047085213208142
2019-07-07 23:59:51,train,0.365415,0.802199,0.35173321133740737,0.7684489854552483,0.3797804533981708,0.7903002795287773
2019-07-08 23:59:51,train,0.365292,0.802069,0.3511306883128563,0.7681505021465099,0.3695659645607544,0.772221576947251
2019-07-09 23:59:51,train,0.365168,0.801939,0.35012805644880574,0.7669763861834425,0.37220337289374306,0.7960669761232508
2019-07-10 23:59:51,train,0.365045,0.801809,0.34997275546029744,0.7664509949733048,0.36965626699394466,0.8083575814723543
2019-07-11 23:59:51,train,0.364921,0.801679,0.350261961923407,0.7664495306135938,0.3714060177945781,0.8026184612409293
2019-07-12 23:59:51,train,0.364798,0.801549,0.34974762462738984,0.7659145211503794,0.37389698647209135,0.7978620393425994
2019-07-13 23:59:51,train,0.364674,0.80142,0.34981005543368426,0.7653504439841555,0.3601165666064211,0.8000459543480194
2019-07-14 23:59:51,train,0.364551,0.80129,0.35020116193457634,0.7663004392184317,0.3754815690258971,0.8032095976463641
2019-07-15 23:59:51,train,0.364427,0.80116,0.3499558003609551,0.7659300068443045,0.3698858310433059,0.8060429405295746
2019-07-16 23:59:51,train,0.364303,0.80103,0.3495311647402583,0.765184921183118,0.35825321306004204,0.7939136628617427
2019-07-17 23:59:51,train,0.36418,0.8009,0.3484335169242689,0.7638277956351045,0.36962517986573096,0.8017909968465327
2019-07-18 23:59:51,train,0.364056,0.80077,0.3490390270772433,0.7637950033686723,0.3697275250949508,0.8168988327209831
2019-07-19 23:59:51,train,0.363933,0.800641,0.3484980002100967,0.764662597431842,0.3633208660993806,0.8033120851870108
2019-07-20 23:59:51,train,0.363809,0.800511,0.348424059826959,0.7640141753637509,0.37174216822949363,0.766794435197401
2019-07-21 23:59:51,train,0.363686,0.800381,0.34900692004951916,0.7648022316735368,0.3576527117364589,0.7923041684456713
2019-07-22 23:59:51,train,0.363562,0.800251,0.3488081439071895,0.7648157820709655,0.36206999622074665,0.7960146495928774
2019-07-23 23:59:51,train,0.363439,0.800121,0.34918862810177675,0.7644557783340219,0.3751211238164128,0.7628704059629464
2019-07-24 23:59:51,train,0.363315,0.799991,0.34945520120735957,0.7651981556776016,0.3703236009937772,0.8087438393672356
2019-07-25 23:59:51,train,0.363192,0.799861,0.3497177178353158,0.7651145758170343,0.3699571744367503,0.7959878166950629
2019-07-26 23:59:51,train,0.363068,0.799731,0.34941305168349235,0.7657931606853132,0.3576486864700912,0.8088723560227326
2019-07-27 23:59:51,train,0.362945,0.799602,0.34950171413175907,0.7662897885853235,0.35896652294882,0.8041290428290204
2019-07-28 23:59:51,train,0.362821,0.799472,0.3503775131706995,0.7677004934291451,0.3682601949896245,0.7943561643992609
2019-07-29 23:59:51,train,0.362698,0.799342,0.3506623351283942,0.7681756598400189,0.36642086697165277,0.7980940628679682
2019-07-30 23:59:51,train,0.362574,0.799212,0.35007426479158615,0.7678654744988076,0.3491213029117056,0.770449097013523
2019-07-31 23:59:51,train,0.362451,0.799082,0.35041036883082083,0.7676715349483091,0.36060488003709157,0.7966811134032769
2019-08-01 23:59:51,test,0.362327,0.798952,0.3501001314909215,0.7678991475319228,0.36484963419448674,0.8167239742279332
2019-08-02 23:59:51,test,0.362204,0.798823,0.34938288343764345,0.7660592182478649,0.36212903751434994,0.7991565261883884
2019-08-03 23:59:51,test,0.36208,0.798693,0.34855453760943234,0.7651331116811964,0.35748766255219816,0.8047978609012642
2019-08-04 23:59:51,test,0.361957,0.798563,0.34808318538446287,0.7641655281074164,0.3676908994425134,0.7720939159392068
2019-08-05 23:59:51,test,0.361833,0.798433,0.34846821169652803,0.7649630400898437,0.363309571127816,0.7898408935967068
2019-08-06 23:59:51,test,0.361709,0.798303,0.3478958140752951,0.7642522600483036,0.36720854680772697,0.7948318118991066
2019-08-07 23:59:51,test,0.361586,0.798173,0.3482605130468685,0.7643746809739408,0.3649790983426512,0.794348458570882
2019-08-08 23:59:51,test,0.361462,0.798043,0.3479423811104767,0.7635423418572186,0.36696195635465023,0.7803071013026821
2019-08-09 23:59:51,test,0.361339,0.797914,0.34774668212032656,0.7639306133471574,0.3750010797393974,0.8064559164787711
2019-08-10 23:59:51,test,0.361215,0.797784,0.3476068546180289,0.7628025433363499,0.37155568016673685,0.8045503273603962
2019-08-11 23:59:51,test,0.361092,0.797654,0.3470730341877224,0.7627942425582235,0.3734671601886057,0.8047317654252123
2019-08-12 23:59:51,test,0.360968,0.797524,0.3464010298536505,0.7613066810361385,0.35119188623652187,0.7643478914515273
2019-08-13 23:59:51,test,0.360845,0.797394,0.34637418612002807,0.7618151612955905,0.3552944416183139,0.789740811931079
2019-08-14 23:59:51,test,0.360721,0.797264,0.3469630066673065,0.7627064239025345,0.36253570783746175,0.7605681211008641
2019-08-15 23:59:51,test,0.360598,0.797134,0.3470933781682747,0.7625114764874622,0.3505275934278817,0.7447330032304682
2019-08-16 23:59:51,test,0.360474,0.797005,0.34660722427365204,0.7618822086898663,0.3628553922172746,0.7972276074584173
2019-08-17 23:59:51,test,0.360351,0.796875,0.34645467682240244,0.761990241006942,0.36347508254781086,0.7952630456248073
2019-08-18 23:59:51,test,0.360227,0.796745,0.3466145361629411,0.7613578466586991,0.3644770108964124,0.8010287123250286
2019-08-19 23:59:51,test,0.360104,0.796615,0.3466282423743113,0.7628006104043662,0.35941915596064633,0.7854298549775172
2019-08-20 23:59:51,test,0.35998,0.796485,0.3465740942902455,0.7627808203554716,0.3572036231545331,0.798169157879195
2019-08-21 23:59:51,test,0.359857,0.796355,0.34676781117582317,0.7619353133962927,0.35671351221025516,0.8178596903153856
2019-08-22 23:59:51,test,0.359733,0.796225,0.3467756057607609,0.7629117927955745,0.3763076871949179,0.7732666218877247
2019-08-23 23:59:51,test,0.35961,0.796096,0.34683187300129875,0.7627000507590609,0.3693909876816817,0.7465929409992259
2019-08-24 23:59:51,test,0.359486,0.795966,0.3470550385976631,0.763266583952163,0.3627058391246331,0.822356948830336
2019-08-25 23:59:51,test,0.359363,0.795836,0.3467394781023934,0.7633338665120014,0.3699487268389196,0.771731629273708
2019-08-26 23:59:51,test,0.359239,0.795706,0.3469254814488119,0.7635235513399767,0.37803530194596935,0.8076284559659219
2019-08-27 23:59:51,test,0.359115,0.795576,0.3468778208076033,0.76348863637518,0.3616064419033427,0.780018750332426
2019-08-28 23:59:51,test,0.358992,0.795446,0.3462520594908244,0.7631691299616579,0.3729741227282201,0.8192666446207213
2019-08-29 23:59:51,test,0.358868,0.795316,0.3463338606023212,0.7626320883574151,0.3624008499813055,0.8261937261192086
2019-08-30 23:59:51,test,0.358745,0.795187,0.34581685160577263,0.7613565682375981,0.3575209952728745,0.8011535389185086
2019-08-31 23:59:51,test,0.358621,0.795057,0.34541983809752663,0.7609058925187016,0.3567868801334095,0.7953202343981727
2019-09-01 23:59:51,test,0.358498,0.794927,0.3451372804895447,0.7609167410843813,0.36714753142835976,0.7946432631267448
2019-09-02 23:59:51,test,0.358374,0.794797,0.34600934947381423,0.7616294877540651,0.3662776102374816,0.8075779343240439
2019-09-03 23:59:51,test,0.358251,0.794667,0.3458060179164035,0.7614349280764665,0.3704942289816194,0.765655222826218
2019-09-04 23:59:51,test,0.358127,0.794537,0.3454039268994748,0.7606572102122771,0.3637911033864795,0.7644165048777579
2019-09-05 23:59:51,test,0.358004,0.794407,0.345417554335342,0.7603618088165534,0.365666602438448,0.7962979762239748
2019-09-06 23:59:51,test,0.35788,0.794278,0.345540552454871,0.7612778870280956,0.3626579756656869,0.7918901698506167
2019-09-07 23:59:51,test,0.357757,0.794148,0.3456915012582596,0.7617893282405775,0.36416191176828244,0.8125547892898255
2019-09-08 23:59:51,test,0.357633,0.794018,0.34506979066361965,0.7598563036650283,0.36511824017381517,0.7993749208551697
2019-09-09 23:59:51,test,0.35751,0.793888,0.3450050610759666,0.7604194933429822,0.35241265652382553,0.7842808617909883
2019-09-10 23:59:51,test,0.357386,0.793758,0.34483007243260344,0.7592016827934649,0.36925761016342684,0.7772628260434015
2019-09-11 23:59:51,test,0.357263,0.793628,0.3447720474585539,0.7599681552041666,0.36456836492524,0.7822178648181843
2019-09-12 23:59:51,test,0.357139,0.793499,0.34468810945369494,0.759872391493117,0.3590048757694667,0.7964875079170638
2019-09-13 23:59:51,test,0.357016,0.793369,0.3443183064800541,0.7597761962627823,0.3535874410046272,0.8028554140672527
2019-09-14 23:59:51,test,0.356892,0.793239,0.3444726348548231,0.7599533899890469,0.36264873981165574,0.787536475374449
2019-09-15 23:59:51,test,0.356769,0.793109,0.34459312442395873,0.7601355071091442,0.35886007408336457,0.7980859434812241
2019-09-16 23:59:51,test,0.356645,0.792979,0.34481201275077683,0.7598598219758607,0.3647195345949563,0.758851601970899
2019-09-17 23:59:51,test,0.356521,0.792849,0.34486293962328957,0.7607890657020474,0.36310273835826523,0.7875896114099576
2019-09-18 23:59:51,test,0.356398,0.792719,0.34435214693053295,0.7597651981787428,0.3651881773146361,0.7826042491422589
2019-09-19 23:59:51,test,0.356274,0.792589,0.3448089401117583,0.76119512665562,0.3532069576203934,0.7985053921993299
2019-09-20 23:59:51,test,0.356151,0.79246,0.3449291683746072,0.7611206330860281,0.3543870795971568,0.7913242678829591
2019-09-21 23:59:51,test,0.356027,0.79233,0.3455018103012318,0.7618504113615057,0.3494677830141515,0.7711074828989534
2019-09-22 23:59:51,test,0.355904,0.7922,0.3450049969748125,0.760654254577778,0.3625061399651927,0.7727039612411972
2019-09-23 23:59:51,test,0.35578,0.79207,0.3445129057585868,0.760223386860387,0.3557467268810448,0.7827566685124401
2019-09-24 23:59:51,test,0.355657,0.79194,0.34418583676062564,0.7600704326723282,0.3597117023777141,0.7962287461120171
2019-09-25 23:59:51,test,0.355533,0.79181,0.3442071884744048,0.7600887150879418,0.36036159700005854,0.7962072245962204
2019-09-26 23:59:51,test,0.35541,0.791681,0.34400328830432403,0.7597655422778709,0.36353998741460575,0.7968481764216665
2019-09-27 23:59:51,test,0.355286,0.791551,0.34366072405673737,0.7597095087119506,0.3453017200319741,0.7807220585815642
2019-09-28 23:59:51,test,0.355163,0.791421,0.3434762464627968,0.7584058703410801,0.3662166721038565,0.7997424748862012
2019-09-29 23:59:51,test,0.355039,0.791291,0.3433876785015855,0.7595150302720557,0.3676784553194375,0.8010560763037512
2019-09-30 23:59:51,test,0.354916,0.791161,0.3435090352311094,0.7587583700513134,0.3630589519724399,0.7581298916159631
2019-10-01 23:59:51,test,0.354792,0.791031,0.3437275211800722,0.7590268083772921,0.35615404137625756,0.8138034763131062
2019-10-02 23:59:51,test,0.354669,0.790901,0.34342059262245206,0.759335211931135,0.3650333439019997,0.8077229580390675
2019-10-03 23:59:51,test,0.354545,0.790772,0.3437795721657398,0.7592996768219019,0.35171779781605855,0.7679734663015287
2019-10-04 23:59:51,test,0.354422,0.790642,0.3438505604368561,0.7593410890145993,0.3605755542856414,0.8008503454981115
2019-10-05 23:59:51,test,0.354298,0.790512,0.34355976798049426,0.7602965761591874,0.37434683156948134,0.7790483376720413
2019-10-06 23:59:51,test,0.354175,0.790382,0.3431007384964526,0.7591479258119731,0.36603297620297237,0.7711117955160695
2019-10-07 23:59:51,test,0.354051,0.790252,0.343414822262256,0.7589227259250848,0.36732812374502677,0.7681918437945625
2019-10-08 23:59:51,test,0.353928,0.790122,0.34290947884819856,0.7588774650065313,0.3733228913857837,0.7890258162747847
2019-10-09 23:59:51,test,0.353804,0.789992,0.3425991555044645,0.758510926412661,0.3661267449169348,0.7924105130023474
2019-10-10 23:59:51,test,0.35368,0.789863,0.34276916035517285,0.7582639859337279,0.3619955168229365,0.7909429647469994
2019-10-11 23:59:51,test,0.353557,0.789733,0.3425408785819969,0.757870726274794,0.35613249074419456,0.8052731463318579
2019-10-12 23:53:51,test,0.353557,0.789603,0.3427535895698092,0.7583437572845019,0.34714016180783713,0.7915301088569249
2019-10-13 23:59:51,test,0.35331,0.789343,0.3426761371724636,0.7577969592988477,0.36832535331896954,0.7840961358551686
2019-10-14 23:59:51,test,0.353186,0.789343,0.34283699957363006,0.7586951774715578,0.3509015602484347,0.7995093033451349
2019-10-15 23:59:51,test,0.353063,0.789213,0.34249679292277596,0.758595511114601,0.35044573350461516,0.7919502763474958
2019-10-16 23:59:51,test,0.352939,0.789083,0.3428640769469948,0.7593443433672091,0.35932281546506234,0.7634159705222302
2019-10-17 23:59:51,test,0.352816,0.788954,0.34284794466823065,0.7589862798905611,0.35795946192213784,0.7769381953024516
2019-10-18 23:59:51,test,0.352692,0.788824,0.3430776152381889,0.76011904963697,0.3724311955378741,0.7810842225583974
2019-10-19 23:59:51,test,0.352569,0.788694,0.3431482339350319,0.7583558537987906,0.37418965081327304,0.7626274510447971
2019-10-20 23:59:51,test,0.352445,0.788564,0.34247374395526065,0.7580385802507673,0.3529598134456955,0.7694004201501747
2019-10-21 23:59:51,test,0.352322,0.788434,0.3431728738740117,0.7586999461128285,0.3588175732364098,0.7965783790399573
2019-10-22 23:59:51,test,0.352198,0.788304,0.3422852564467764,0.7575624924832702,0.36497943706625596,0.8024353124865635
2019-10-23 23:59:51,test,0.352075,0.788174,0.3422971263931911,0.7579771987070861,0.35287248982599756,0.7847881129255906
2019-10-24 23:59:51,test,0.351951,0.788045,0.3422005363780046,0.7576554897221648,0.36466443645957475,0.7691395898803681
2019-10-25 23:59:51,test,0.351828,0.787915,0.342623939121486,0.757597912154448,0.35073498829187455,0.7813313112618822
2019-10-26 23:59:51,test,0.351704,0.787785,0.3420979922849126,0.7573617858676784,0.36644834658125114,0.7957176227711218
2019-10-27 23:59:51,test,0.351581,0.787655,0.34257206713102273,0.7585878569259354,0.3574834802859142,0.7834846164620094
2019-10-28 23:59:51,test,0.351457,0.787525,0.3422723811397976,0.7585653558800464,0.36564828589864273,0.7999456134912641
2019-10-29 23:59:51,test,0.351334,0.787395,0.34235689254533,0.757865068982586,0.3567593526787762,0.7831101587600399
2019-10-30 23:59:51,test,0.35121,0.787265,0.34161479147664014,0.7581070592784985,0.3625204857833774,0.7655384934422937
2019-10-31 23:59:51,test,0.351086,0.787136,0.3417756999830073,0.7574430312316788,0.34929412458186815,0.7891828191626588
2019-11-01 23:59:51,holdout,0.350963,0.787006,0.34213792699746864,0.7579166868588773,0.3467123258366523,0.7970295935159423
2019-11-02 23:59:51,holdout,0.350839,0.786876,0.3424996238269042,0.7585049087948545,0.3603709667924999,0.7558242467455252
2019-11-03 23:59:51,holdout,0.350716,0.786746,0.3421920878014491,0.7582983158375358,0.3537231709604196,0.7945965058128579
2019-11-04 23:59:51,holdout,0.350592,0.786616,0.3416977507659473,0.7573158091958543,0.35761781263953,0.7839249688179745
2019-11-05 23:59:51,holdout,0.350469,0.786486,0.34167455829047977,0.7574031083758643,0.3561632066634938,0.7833092069730252
2019-11-06 23:59:51,holdout,0.350345,0.786357,0.34176632104198684,0.7576687412701194,0.3536384064545534,0.7836641260802636
2019-11-07 23:59:51,holdout,0.350222,0.786227,0.3411362059851348,0.7570662777595456,0.3636044903015708,0.8093415009411622
2019-11-09 00:05:51,holdout,0.350098,0.786097,0.34119771286514156,0.7570994669676542,0.3597190972502684,0.7902662179596797
2019-11-10 00:05:51,holdout,0.349975,0.785837,0.3414162239297071,0.7575936242557941,0.3543166177583851,0.802604234406373
2019-11-10 23:59:51,holdout,0.349851,0.785837,0.3409745282059848,0.7569314118505709,0.36092137638867167,0.7909468727933054
2019-11-11 23:59:51,holdout,0.349728,0.785707,0.34082473793765156,0.757019868245085,0.3520102503426733,0.8031742785274755
2019-11-12 23:59:51,holdout,0.349604,0.785577,0.3417360756935568,0.7583276575049153,0.3610240376197319,0.7886617762160306
2019-11-13 23:59:51,holdout,0.349481,0.785447,0.3415916872559062,0.758357890947782,0.35625677732254957,0.7774594629967515
2019-11-14 23:59:51,holdout,0.349357,0.785318,0.34138103005538123,0.7580142120020599,0.3548270217490547,0.800195916693527
2019-11-15 23:59:51,holdout,0.349234,0.785188,0.34190739026395967,0.7583242407374393,0.35913455910046566,0.7540789580896045
2019-11-16 23:59:51,holdout,0.34911,0.785058,0.3419256738789132,0.7584571679604408,0.35135281847872507,0.7732860553278831
2019-11-17 23:59:51,holdout,0.348987,0.784928,0.34179635117422313,0.7585623700748392,0.3610131831099876,0.7660317775953949
2019-11-18 23:59:51,holdout,0.348863,0.784798,0.3419874880679321,0.7587636282383846,0.36249392980373574,0.789588002501744
2019-11-19 23:59:51,holdout,0.34874,0.784668,0.3414421027090878,0.757347447941026,0.3626902737969524,0.7986836247537707
2019-11-20 23:59:51,holdout,0.348616,0.784539,0.3418239299910708,0.7580114284297023,0.358338401902863,0.793714039218164
2019-11-21 23:59:51,holdout,0.348493,0.784409,0.3410960176244277,0.757083808459159,0.3354782536501357,0.8042314706384032
2019-11-22 23:59:51,holdout,0.348369,0.784279,0.3406510729841267,0.7573604942623472,0.36241637599028725,0.7788470779213659
2019-11-23 23:59:51,holdout,0.348245,0.784149,0.3409234575125139,0.75706516274478,0.34994787480799044,0.8054422490420396
2019-11-24 23:59:51,holdout,0.348122,0.784019,0.3408151137626037,0.7577831210785543,0.3480931402976728,0.7554968702942624
2019-11-25 23:59:51,holdout,0.347998,0.783889,0.34073684003255783,0.7578010977015609,0.361190183581994,0.7995092627272583
2019-11-26 23:59:51,holdout,0.347875,0.783759,0.3408383648329439,0.7575885560612563,0.3517144409147972,0.7973371914874611
2019-11-27 23:59:51,holdout,0.347751,0.78363,0.3406175212056958,0.7570008569586893,0.360061685828722,0.7798578551176865
2019-11-28 23:59:51,holdout,0.347628,0.7835,0.34036988684517394,0.7566744603171142,0.36741570336812057,0.7848220224759651
2019-11-29 23:59:51,holdout,0.347504,0.78337,0.3402144618671007,0.7564541411083052,0.36484760467807065,0.768225407011072
2019-11-30 23:59:51,holdout,0.347381,0.78324,0.33997600825883034,0.7564488801063743,0.3469603618631251,0.7786514933121275
2019-12-01 23:59:51,holdout,0.347257,0.78311,0.34031639346572706,0.7571520224688111,0.36107202200377086,0.7739895984564822
2019-12-02 23:59:51,holdout,0.347134,0.78298,0.34007980868255894,0.756664525712151,0.35513192400456967,0.7786643766814275
2019-12-03 23:59:51,holdout,0.34701,0.78285,0.3400906848108339,0.7560197271234051,0.35899263207957455,0.7704720234638714
2019-12-04 23:59:51,holdout,0.346887,0.782721,0.34001820133436783,0.7565624798313559,0.34941595288347405,0.7600469203758993
2019-12-05 23:59:51,holdout,0.346763,0.782591,0.3399542318550995,0.7554986093961863,0.34426133933658254,0.7793322795497518
2019-12-06 23:59:51,holdout,0.34664,0.782461,0.3398086096588452,0.7567809974825329,0.36521131528678125,0.7733281809364354
2019-12-07 23:59:51,holdout,0.346516,0.782331,0.3397813478912919,0.7564974160173843,0.35084998468295875,0.7946287260322753
2019-12-08 23:59:51,holdout,0.346393,0.782201,0.34003456189165043,0.7570970551368281,0.3560489230753535,0.8012539966464204
2019-12-09 23:59:51,holdout,0.346269,0.782071,0.3398391777317316,0.7567346304054103,0.35907530909738,0.7754639457490652
2019-12-10 23:59:51,holdout,0.346146,0.781941,0.34001555295970515,0.7571000733680567,0.34970543739600596,0.7612518389926969
2019-12-11 23:59:51,holdout,0.346022,0.781812,0.33999898897000413,0.7567841566619657,0.35535740333248556,0.7769259547804519
2019-12-12 23:59:51,holdout,0.345899,0.781682,0.3400603659981646,0.7567448387963207,0.34869563181320284,0.7858642535860679
2019-12-13 23:59:51,holdout,0.345775,0.781552,0.3405380455836683,0.7582207601273816,0.36032976062115063,0.7435011355538669
2019-12-14 23:59:51,holdout,0.345651,0.781422,0.3399629828164379,0.7571702237768656,0.3514980353541019,0.7747286840724297
2019-12-15 23:59:51,holdout,0.345528,0.781292,0.3404052884342146,0.7582725178113568,0.35426207385034386,0.7613294795958206
2019-12-16 23:59:51,holdout,0.345404,0.781162,0.3400276731655658,0.7567870818265103,0.36319539736640555,0.7833422495920385
2019-12-17 23:59:51,holdout,0.345281,0.781032,0.33972194881036,0.7566589770385229,0.35032083166091565,0.7917929529246056
2019-12-18 23:59:51,holdout,0.345157,0.780903,0.3394891050595415,0.7556121437988915,0.361423360429405,0.7789354433779248
2019-12-19 23:59:51,holdout,0.345034,0.780773,0.3396594616423533,0.7562539145018516,0.3462628135555858,0.7679007794032547
2019-12-20 23:59:51,holdout,0.34491,0.780643,0.3392876302133372,0.7559954763018135,0.3579610816223967,0.77745122303744
2019-12-21 23:59:51,holdout,0.344787,0.780513,0.33985723031770276,0.7571614151534343,0.365381970667281,0.7851714368077031
2019-12-22 23:59:51,holdout,0.344663,0.780383,0.33924017964478187,0.7565871477087768,0.3595658457242769,0.7596300387234259
2019-12-23 23:59:51,holdout,0.34454,0.780253,0.33940034514621165,0.7572156329467162,0.3488023084542381,0.7626196720942445
2019-12-24 23:59:51,holdout,0.344416,0.780123,0.33914042022118135,0.7560051664060248,0.3497161161802181,0.7761237097200944
2019-12-25 23:59:51,holdout,0.344293,0.779994,0.33918400151402955,0.7561837687092438,0.3583723177158789,0.8036399751838675
2019-12-26 23:59:51,holdout,0.344169,0.779864,0.33912281595195665,0.7570683958770983,0.3425749159937852,0.779631781333308
2019-12-27 23:59:51,holdout,0.344046,0.779734,0.3390169890219766,0.7563038473371816,0.3586757960644466,0.7764501572863896
2019-12-28 23:59:51,holdout,0.343922,0.779604,0.33898450397664176,0.7555360878531692,0.35581111596376597,0.7664438585790727
2019-12-29 23:59:51,holdout,0.343799,0.779474,0.33830337512229647,0.7562765380877351,0.3598175799378293,0.7460467056203097
2019-12-30 23:59:51,holdout,0.343675,0.779344,0.3379600623658351,0.7557135575762439,0.3593782604159205,0.7565809917961891
2019-12-31 23:59:51,holdout,0.343552,0.779085,0.33833158883483694,0.7560834800732332,0.3597461193807438,0.7628841654176569
2020-01-01 23:59:51,train,0.343428,0.779085,0.337969362606608,0.7544219608044865,0.3479325682757154,0.7579171040320425
2020-01-02 23:59:51,train,0.343305,0.778955,0.3384816852886948,0.75536561725135,0.35227061907818097,0.7584945833374459
2020-01-03 23:59:51,train,0.343181,0.778825,0.3381514658400181,0.7554111337525903,0.35078181674653985,0.7646644713473307
2020-01-04 23:59:51,train,0.343057,0.778695,0.3388488260447189,0.755680518293422,0.35351345533424844,0.7613335782141935
2020-01-05 23:59:51,train,0.342934,0.778565,0.33790235626768766,0.7547526701270484,0.35476756645047486,0.7250333444302183
2020-01-06 23:59:51,train,0.34281,0.778435,0.33827167471299147,0.7559378742372489,0.35198761056783107,0.7796742760517141
2020-01-07 23:59:51,train,0.342687,0.778305,0.3386362241733035,0.7571318454821939,0.3521470644813819,0.7686903531258334
2020-01-08 23:59:51,train,0.342563,0.778176,0.33910391491204916,0.7571592760869795,0.3539977312705831,0.73823069217489
2020-01-09 23:59:51,train,0.34244,0.778046,0.3391285473154876,0.7573585512931122,0.34289685325853725,0.7773365499960948
2020-01-10 23:59:51,train,0.342316,0.777916,0.33888018063415204,0.7563851658984515,0.3550869501527774,0.7963808155393425
2020-01-11 23:59:51,train,0.342193,0.777786,0.33848418167710015,0.7559654632810746,0.3614205643258042,0.7719896019517065
2020-01-12 23:59:51,train,0.342069,0.777656,0.33823618251206367,0.7556442390897858,0.3425164549155133,0.7732615290542625
2020-01-13 23:59:51,train,0.341946,0.777526,0.33811999522591774,0.7567484825570262,0.34943338071925223,0.7837316424493681
2020-01-14 23:59:51,train,0.341822,0.777397,0.3382877193287904,0.7557370448715913,0.35461763451644823,0.7736338396418879
2020-01-15 23:59:51,train,0.341699,0.777267,0.33788203882613577,0.7556836980454907,0.3369472281186325,0.7632035672462053
2020-01-16 23:59:51,train,0.341575,0.777137,0.33736916228412983,0.7547407472985787,0.35590831307030396,0.7641463093589589
2020-01-17 23:59:51,train,0.341452,0.777007,0.33735079167248816,0.7548797578132485,0.3512435031327509,0.7512673927696258
2020-01-18 23:59:51,train,0.341328,0.776877,0.3369881044150472,0.7544381049711162,0.35102030394149425,0.8004029865874709
2020-01-19 23:59:51,train,0.341205,0.776747,0.3366570694730086,0.7534550739276875,0.3499537434895261,0.7631343209073955
2020-01-20 23:59:51,train,0.341081,0.776617,0.3367098299016167,0.7543614753868023,0.35615887615374736,0.7754799549468042
2020-01-21 23:59:51,train,0.340958,0.776488,0.3367058146384498,0.7543802880564371,0.36009253719726475,0.7460417573890828
2020-01-22 23:59:51,train,0.340834,0.776358,0.3360667838357648,0.7540711588275439,0.34459927907678645,0.7413594705205133
2020-01-23 23:59:51,train,0.340711,0.776228,0.3362510211032682,0.7543133975887703,0.342147406981486,0.7596798075903052
2020-01-24 23:59:51,train,0.340587,0.776098,0.33600327826949594,0.7542351277084316,0.35790254406099015,0.8018848395141773
2020-01-25 23:59:51,train,0.340463,0.775968,0.3368419604102325,0.7548432781642764,0.3595085671487644,0.7669624885548313
2020-01-26 23:59:51,train,0.34034,0.775838,0.33704022630710684,0.7545978139796446,0.34844810280321575,0.7738624413813987
2020-01-27 23:59:51,train,0.340216,0.775708,0.33702918689857386,0.7551331613220531,0.3477272860093989,0.7733629975932854
2020-01-28 23:59:51,train,0.340093,0.775579,0.33428285409898734,0.7508250720703583,0.3499516737666887,0.7695824193072086
2020-01-29 23:59:51,train,0.339969,0.775449,0.33397432627202134,0.7508895370150107,0.3580232903261931,0.772492392528633
2020-01-30 23:59:51,train,0.339846,0.775319,0.33345601000333824,0.7503510015819492,0.35578104741068545,0.7787857871645197
2020-01-31 23:59:51,train,0.339722,0.775189,0.33394687337853124,0.7511132281011526,0.3424813761388688,0.7862772539452484
2020-02-01 23:59:51,train,0.339599,0.775059,0.3338923729960159,0.7508472266876547,0.3514931118687207,0.7756249958831292
2020-02-02 23:59:51,train,0.339475,0.774929,0.33356920714483285,0.7507034747203072,0.3631563388824751,0.7708525424400433
2020-02-03 23:59:51,train,0.339352,0.774799,0.332978416503651,0.7504276590777649,0.34769963757928696,0.7911928141905332
2020-02-04 23:59:51,train,0.339228,0.77467,0.3325470973174049,0.7495014732059023,0.3445505390221611,0.7836758809211497
2020-02-05 23:59:51,train,0.339105,0.77454,0.3329551480101039,0.7506547709687261,0.36242240079398674,0.7514476334514605
2020-02-06 23:59:51,train,0.338981,0.77441,0.33280194618207537,0.7499911113112938,0.35756640980495147,0.7745150957665539
2020-02-07 23:59:51,train,0.338858,0.77428,0.3326155173513118,0.7498069594116599,0.35006551670523595,0.7619068390974594
2020-02-08 23:59:51,train,0.338734,0.77415,0.3331071785813741,0.7497059624509593,0.3606503105509745,0.7892260066019425
2020-02-09 23:59:51,train,0.338611,0.77402,0.33257593473967817,0.7502955050304704,0.3605275799808855,0.7749675768159238
2020-02-10 23:59:51,train,0.338487,0.77389,0.33204785605056875,0.749427774738665,0.3519402269985403,0.7989182066720422
2020-02-11 23:59:51,train,0.338364,0.773761,0.3323712091850379,0.7489581272322857,0.35806240337006034,0.7436185819244017
2020-02-12 23:59:51,train,0.33824,0.773631,0.33211357261777114,0.7484471822737315,0.352597451105677,0.7807478911870968
2020-02-13 23:59:51,train,0.338117,0.773501,0.3317172499882922,0.7489937479829691,0.35919468097640556,0.7878562270384745
2020-02-14 23:59:51,train,0.337993,0.773371,0.3313819948091254,0.748014547357231,0.3592943312065504,0.8039417258731596
2020-02-15 23:59:51,train,0.33787,0.773241,0.33147346277805906,0.7476711094542975,0.344838133704872,0.7878076680482639
2020-02-16 23:59:51,train,0.337746,0.773111,0.3312869772205788,0.7486315213049337,0.34555524999291604,0.8078202487045016
2020-02-17 23:59:51,train,0.337622,0.772981,0.33160012980081766,0.748985633757391,0.3572177653638444,0.7658987475355161
2020-02-18 23:59:51,train,0.337499,0.772852,0.3308684004808548,0.7476330059266972,0.34600735244590775,0.7628430716111536
2020-02-19 23:59:51,train,0.337375,0.772722,0.3309232750744418,0.7470948050073745,0.35596057529680725,0.7852967440378874
2020-02-20 23:59:51,train,0.337252,0.772592,0.33058196252447,0.7477864710387311,0.34745234324935587,0.7838200405934644
2020-02-21 23:59:51,train,0.337128,0.772462,0.3311318220287747,0.7476894633150567,0.35179994201984655,0.754371745852959
2020-02-22 23:59:51,train,0.337005,0.772332,0.33105161940657124,0.7481852370221912,0.34748170332322487,0.7816202857117939
2020-02-24 23:59:51,train,0.336758,0.772072,0.3304345905753089,0.7479644957921934,0.34250980956176985,0.8040258187039179
2020-02-25 23:59:51,train,0.336634,0.771943,0.3303349252110732,0.7471166641278364,0.347695807578003,0.772952141550369
2020-02-26 23:59:51,train,0.336511,0.771813,0.33012378825525535,0.7464766386759507,0.36174549501888137,0.7772616060942652
2020-02-27 23:59:51,train,0.336387,0.771683,0.33014396848407357,0.7470663769176727,0.3530807025900874,0.7727968801132545
2020-02-28 23:59:51,train,0.336264,0.771553,0.33009510555786215,0.7468886531016257,0.3495280297477755,0.7494263081675883
2020-02-29 23:59:51,train,0.33614,0.771423,0.33044719197430966,0.7479446037689946,0.34609647889530376,0.7836112349769359
2020-03-01 23:59:51,train,0.336017,0.771293,0.33036984235472,0.7473624093447571,0.34174403148657806,0.8020696904180484
2020-03-02 23:59:51,train,0.335893,0.771163,0.3302713954249865,0.7471383274922814,0.35438309449524835,0.799308167396593
2020-03-03 23:59:51,train,0.33577,0.771034,0.3300688311053639,0.747518674259174,0.3485956478368087,0.8003185451504213
2020-03-04 23:59:51,train,0.335646,0.770904,0.33006088030316755,0.7466843521710368,0.3485917332414547,0.7897544660081298
2020-03-05 23:59:51,train,0.335523,0.770774,0.3296855401038831,0.7468295890152353,0.35171501646322484,0.7609147289860487
2020-03-06 23:59:51,train,0.335399,0.770644,0.3300903058794565,0.7476538546289265,0.33959612111842774,0.7861570027259728
2020-03-07 23:59:51,train,0.335276,0.770514,0.3300049079335688,0.7478828724356522,0.35087133312654895,0.7899163570711257
2020-03-08 23:59:51,train,0.335152,0.770384,0.32979182706763294,0.7467815896131649,0.34121876208019064,0.7610105142188105
2020-03-09 23:59:51,train,0.335028,0.770254,0.3300093113738041,0.7474869195054418,0.33744492845547336,0.7871992677427524
2020-03-10 23:59:51,train,0.334905,0.770125,0.3300270154803169,0.7481001017445352,0.35553937474763087,0.7664943550127254
2020-03-11 23:59:51,train,0.334781,0.769995,0.3293431758314407,0.7465811625851825,0.3458702285230321,0.7736890663119363
2020-03-12 23:59:51,train,0.334658,0.769865,0.3290451159308139,0.7464861734961848,0.3425671386980122,0.7731513740891749
2020-03-13 23:59:51,train,0.334534,0.769735,0.3289185205085116,0.7458396260583178,0.35091238521132373,0.8013081502524237
2020-03-14 23:59:51,train,0.334411,0.769605,0.3286322526621343,0.7455117669741386,0.3483032358236865,0.7673794917938108
2020-03-15 23:59:51,train,0.334287,0.769475,0.32854334633443505,0.7452191989378306,0.3687094439346854,0.7882606970196969
2020-03-16 23:59:51,train,0.334164,0.769346,0.32885699034735794,0.7455916426625775,0.3483136240182527,0.7626851675666357
2020-03-17 23:59:51,train,0.33404,0.769216,0.32900914950025095,0.746768343428105,0.3467595605149207,0.7638226887804485
2020-03-18 23:59:51,train,0.333917,0.769086,0.3288781631699838,0.7460523320923623,0.34731471754033666,0.7695990796758092
2020-03-19 23:59:51,train,0.333793,0.768956,0.3291037314218782,0.7462604261194901,0.3474935456274505,0.7898524742694963
2020-03-20 23:59:51,train,0.33367,0.768826,0.3288514860655618,0.7458511796833899,0.35556426289814064,0.7620516611542545
2020-03-21 23:59:51,train,0.333546,0.768696,0.3285862402503899,0.7455940328939065,0.34224372399867126,0.7706592485321401
2020-03-22 23:59:51,train,0.333423,0.768566,0.32882246340386323,0.747014616301406,0.35013533371631056,0.784313169051331
2020-03-23 23:59:51,train,0.333299,0.768437,0.328230337745505,0.745919865886461,0.35492634232610587,0.795808900430484
2020-03-24 23:59:51,train,0.333176,0.768307,0.32895501065155547,0.7467718906796409,0.34984580590283604,0.7834836645917149
2020-03-25 23:59:51,train,0.333052,0.768177,0.32868962915729605,0.7467982648110641,0.34478653631027495,0.7476176336751705
2020-03-26 23:59:51,train,0.332929,0.768047,0.32757756805454963,0.7456848394712441,0.34226923009596083,0.7759243589363601
2020-03-27 23:59:51,train,0.332805,0.767917,0.32721462504580223,0.7451501656930272,0.34855573367859916,0.7728825856398347
2020-03-28 23:59:51,train,0.332682,0.767787,0.3273547613375926,0.7449213540801273,0.3486441629299933,0.777358184413897
2020-03-29 23:59:51,train,0.332558,0.767657,0.3273928230638126,0.7447196437229711,0.3471919532737859,0.7579899134430175
2020-03-30 23:59:51,train,0.332435,0.767528,0.32787473883636814,0.7455532926784227,0.33580315048939924,0.7690228787970841
2020-03-31 23:59:51,train,0.332311,0.767398,0.3278423514642936,0.7450202702037277,0.34442431952801156,0.7768520215655109
2020-04-01 23:59:51,train,0.332187,0.767268,0.32780887450005675,0.7453913974367055,0.34778524997115345,0.7920075981674395
2020-04-02 23:59:51,train,0.332064,0.767138,0.3272971173842964,0.7452955960120811,0.33263333210888174,0.7816104486762706
2020-04-03 23:59:51,train,0.33194,0.767008,0.3279450076719059,0.7453342787216798,0.3513246775922142,0.7849206868409511
2020-04-04 23:59:51,train,0.331817,0.766878,0.3276269758257189,0.7456918591944289,0.34382185926490705,0.7837244623116054
2020-04-05 23:59:51,train,0.331693,0.766748,0.32781059311022254,0.7456493267602525,0.35027329821492553,0.7996273903859137
2020-04-06 23:59:51,train,0.33157,0.766619,0.3276154441388308,0.7452791314971512,0.3604527557935877,0.7817879511013521
2020-04-07 23:59:51,train,0.331446,0.766489,0.3269292395637205,0.7449061318968553,0.3463560340886527,0.7668734838054115
2020-04-08 23:59:51,train,0.331323,0.766359,0.32691328574235795,0.7440341174696161,0.3497063191692328,0.7826793640934335
2020-04-09 23:59:51,train,0.331199,0.766229,0.32688038031602107,0.744841745051156,0.34099203067580264,0.7795277722417266
2020-04-10 23:59:51,train,0.331076,0.766099,0.32700866226423336,0.7443557357052948,0.35061064177828455,0.7866290384129176
2020-04-11 23:59:51,train,0.330952,0.765969,0.3265442484938615,0.7443867689694279,0.3571975277620447,0.7837699424382196
2020-04-12 23:59:51,train,0.330829,0.765839,0.3258884259362673,0.7436218951425232,0.35741004603834925,0.7880209523828199
2020-04-13 23:59:51,train,0.330705,0.76571,0.3262720295940294,0.7437261591224555,0.34246329484850985,0.7627389276313056
2020-04-14 23:59:51,train,0.330582,0.76558,0.32592349114843605,0.7437825515862369,0.3484846846271922,0.7645644145460019
2020-04-15 23:59:51,train,0.330458,0.76545,0.32574920367117993,0.7423078927091307,0.357309280423376,0.7844743349091478
2020-04-16 23:59:51,train,0.330335,0.76532,0.3257194835305157,0.7433283971630256,0.33493690962655487,0.7748247579618645
2020-04-17 23:59:51,train,0.330211,0.76519,0.3251602833825956,0.742743434727381,0.3580893173514745,0.7915886628844935
2020-04-18 23:59:51,train,0.330088,0.76506,0.3257493242485938,0.7431843537231544,0.3481172611161085,0.7842172423215178
2020-04-19 23:59:51,train,0.329964,0.76493,0.32519524473781597,0.7425084797605764,0.34022098893270253,0.7718475922115283
2020-04-20 23:59:51,train,0.329841,0.764801,0.32523359330363943,0.7420401458344333,0.352744245085615,0.7891590385073421
2020-04-21 23:59:51,train,0.329717,0.764671,0.3251461934286308,0.7426208237688523,0.34955954798107364,0.7914307179076394
2020-04-22 23:59:51,train,0.329593,0.764541,0.32527000368196846,0.7421122985711661,0.343425449407438,0.7702618646648187
2020-04-23 23:59:51,train,0.32947,0.764411,0.325387647736508,0.7426815515189152,0.34795118774775147,0.7909385595463901
2020-04-24 23:59:51,train,0.329346,0.764281,0.3252385957540788,0.7429310525666658,0.35804806097575786,0.7789247207050103
2020-04-25 23:59:51,train,0.329223,0.764151,0.3251941743882848,0.742434860519106,0.3415762699634392,0.7899795549687465
2020-04-26 23:59:51,train,0.329099,0.764022,0.32520933137876984,0.7431095597649363,0.3543089675882783,0.79077354493543
2020-04-27 23:59:51,train,0.328976,0.763892,0.32548178987028425,0.7433643915620177,0.3504677740611117,0.7850580717887328
2020-04-28 23:59:51,train,0.328852,0.763762,0.3255118813996136,0.743999194359277,0.35188630752728256,0.7817565709345704
2020-04-29 23:59:51,train,0.328729,0.763632,0.3257603465110356,0.7440256264349348,0.3524723179773812,0.7613628313946752
2020-04-30 23:59:51,train,0.328605,0.763502,0.3252269409393736,0.7439598546573709,0.33640478915558236,0.7603676146873558
2020-05-01 23:59:51,train,0.328482,0.763372,0.3252139007450003,0.7422365131135363,0.33591221724894366,0.7604079092847179
2020-05-02 23:59:51,train,0.328358,0.763242,0.32485460283616474,0.7426775985166247,0.3401570111715684,0.7966396846568979
2020-05-03 23:59:51,train,0.328235,0.763112,0.3241210034077749,0.7424747416642101,0.3460834622571226,0.7811890054383409
2020-05-04 23:59:51,train,0.328111,0.762983,0.3242451145403679,0.7418686591650472,0.34396965620816955,0.7426921121152065
2020-05-05 23:59:51,train,0.327988,0.762853,0.3241549203273241,0.7420415840184811,0.345248510489262,0.7942999583854121
2020-05-06 23:59:51,train,0.327864,0.762723,0.32406231612401853,0.7412603534456547,0.3509815013091847,0.7851391401409
2020-05-07 23:59:51,train,0.327741,0.762593,0.324045956900916,0.7419253423332883,0.33980430505149556,0.7814385931437964
2020-05-08 23:59:51,train,0.327617,0.762463,0.32370859235934385,0.7418727994982133,0.34396914957619185,0.7649452829608672
2020-05-09 23:59:51,train,0.327494,0.762333,0.32368848918961585,0.7405479836429477,0.33882472442726275,0.7766453499157502
2020-05-10 23:59:51,train,0.32737,0.762204,0.32319417176772697,0.7398540323853185,0.3402420785156875,0.7592003413773811
2020-05-11 23:59:51,train,0.327247,0.762074,0.32329505478214976,0.7407686053127575,0.3425388602847565,0.7798701033167833
2020-05-12 23:59:51,train,0.327123,0.761944,0.32283275014397667,0.7399327803799599,0.3471958086393198,0.7640594220862862
2020-05-13 23:59:51,train,0.326999,0.761814,0.3232156506457953,0.7405834407861857,0.3373004413471369,0.7678842529731671
2020-05-14 23:59:51,train,0.326876,0.761684,0.32295556700428274,0.7401999259635633,0.344717316737185,0.7818831383122645
2020-05-15 23:59:51,train,0.326752,0.761554,0.322839380753915,0.740127978102293,0.347733846338675,0.777607396179963
2020-05-16 23:59:51,train,0.326629,0.761424,0.32296146023450667,0.7404616536388011,0.34217815584974437,0.7653126438609584
2020-05-17 23:59:51,train,0.326505,0.761295,0.3236355589997618,0.7417582477751327,0.3495457224939574,0.7817857875748576
2020-05-18 23:59:51,train,0.326382,0.761165,0.3229939621046225,0.740399074571208,0.34067443064429326,0.7790054786679804
2020-05-19 23:59:51,train,0.326258,0.761035,0.32284762048042187,0.7402648956042065,0.34351498756672033,0.7822339043947942
2020-05-20 23:59:51,train,0.326135,0.760905,0.32344959594047584,0.740741775197489,0.3498277663737625,0.7954504402538423
2020-05-21 23:59:51,train,0.326011,0.760775,0.3238242965240853,0.7414524698177526,0.34349287574361337,0.7565145859516819
2020-05-22 23:59:51,train,0.325888,0.760645,0.32381570502847595,0.7421406235211994,0.3333032170601286,0.7876488195982996
2020-05-23 23:59:51,train,0.325764,0.760515,0.32374744658489113,0.7417922027022522,0.3335270248791533,0.7655620480473931
2020-05-24 23:59:51,train,0.325641,0.760386,0.32306595961896145,0.7419060118521813,0.3444623397616411,0.7989873824257737
2020-05-25 23:59:51,train,0.325517,0.760256,0.3230759245940784,0.7407259015415484,0.3375814359605479,0.7967380114561281
2020-05-26 23:59:51,train,0.325394,0.760126,0.3233252810172868,0.7410467126702822,0.3556049206982874,0.7475394857544465
2020-05-27 23:59:51,train,0.32527,0.759996,0.3225281841833042,0.7403267103210788,0.34321222681718083,0.7802649126919529
2020-05-28 23:59:51,train,0.325147,0.759866,0.3223237844163863,0.7388513732709918,0.3479789924128959,0.7613183672072614
2020-05-29 23:59:51,train,0.325023,0.759736,0.3221539647736062,0.7390710228966152,0.3473276277450422,0.777126691005936
2020-05-30 23:59:51,train,0.3249,0.759606,0.32209317427930023,0.7393982035884917,0.35494801890102173,0.7640573181429788
2020-05-31 23:59:51,train,0.324776,0.759477,0.3218448541081734,0.7398407688186941,0.3266169285436916,0.7764283582705015
2020-06-01 23:59:51,train,0.337238,0.759347,0.3220264348368489,0.7397915574829612,0.32992876752809386,0.7520872057594234
2020-06-02 23:59:51,train,0.337238,0.771802,0.3222875790911726,0.7404182586268668,0.33784895794905967,0.7557851781196941
2020-06-03 23:59:51,train,0.337238,0.771802,0.32240678216988705,0.7400705505609592,0.3535678445291862,0.7802021056717023
2020-06-04 23:59:51,train,0.337238,0.771802,0.32315603195604564,0.7410158311959185,0.35458006402724157,0.7965138236334401
2020-06-05 23:59:51,train,0.337238,0.771802,0.3228528520403761,0.7411094475475714,0.33581816626655225,0.7663331403016341
2020-06-06 23:59:51,train,0.337238,0.771802,0.3224425836415993,0.7413503413826902,0.34970574842513347,0.771862212440825
2020-06-07 23:59:51,train,0.337238,0.771802,0.3227350462029637,0.7414751831483507,0.3388504800752601,0.7798835425992865
2020-06-08 23:59:51,train,0.337238,0.771802,0.32278199846427663,0.7410660259809073,0.34634412342800286,0.7830946781021518
2020-06-09 23:59:51,train,0.337238,0.771802,0.3225903880054922,0.740875548975055,0.3359967129699586,0.7762538659627205
2020-06-10 23:59:51,train,0.337238,0.771802,0.3218313153155219,0.7401817968699494,0.34807014215395005,0.7678481237565936
2020-06-11 23:59:51,train,0.337238,0.771802,0.3216308415461988,0.7396918732600855,0.3339756459691388,0.7752328972794155
2020-06-12 23:59:51,train,0.337238,0.771802,0.32069790987143604,0.7381563813196254,0.34643773085362395,0.7841581116875179
2020-06-13 23:59:51,train,0.337238,0.771802,0.32006347200465757,0.7371849242666508,0.34423960075242654,0.7392530694254191
2020-06-14 23:59:51,train,0.337238,0.771802,0.32040264485697134,0.7375028707027328,0.34744169947800163,0.7893377364404244
2020-06-15 23:59:51,train,0.337238,0.771802,0.319815097324722,0.7361457248977702,0.3418402860024799,0.7864863382328463
2020-06-16 23:59:51,train,0.337238,0.771802,0.32030446282861313,0.7370193385092335,0.34677692920962533,0.7759798174255054
2020-06-17 23:59:51,train,0.337238,0.771802,0.3202922021902579,0.7368426170000913,0.3463256644807757,0.7626055570983251
2020-06-18 23:59:51,train,0.337238,0.771802,0.3198876764664306,0.7371391124414839,0.3270708797054092,0.7804145333021734
2020-06-19 23:59:51,train,0.337238,0.771802,0.3202809091000713,0.7370377029384624,0.3362224607296225,0.765031571934012
2020-06-20 23:59:51,train,0.337238,0.771802,0.3203732653178016,0.7378012033443266,0.3475752683024712,0.764050828239459
2020-06-21 23:59:51,train,0.337238,0.771802,0.32027564216758386,0.737660630566304,0.3361943422040949,0.7623211635904417
2020-06-22 23:59:51,train,0.337238,0.771802,0.3200641467590621,0.7367855715340883,0.34374319784202734,0.7423079052017152
2020-06-23 23:59:51,train,0.337238,0.771802,0.319993594319652,0.7378339620695114,0.3401485557375788,0.7693613811776702
2020-06-24 23:59:51,train,0.337238,0.771802,0.32028757185675755,0.7370579415084276,0.33611592507648375,0.7431085806934217
2020-06-25 23:59:51,train,0.337238,0.771802,0.319510065567242,0.7363861766572981,0.3398698889868672,0.7800496075844312
2020-06-26 23:59:51,train,0.337238,0.771802,0.31926188400306715,0.7355263462169972,0.33426686523099786,0.7631792386685133
2020-06-27 23:59:51,train,0.337238,0.771802,0.31972486375279,0.7373986054816464,0.3372865284639167,0.7667888333914558
2020-06-28 23:59:51,train,0.337238,0.771802,0.3191986253388486,0.7356501596399312,0.3546679216501217,0.7814055066908963
2020-06-29 23:59:51,train,0.337238,0.771802,0.31938700952800925,0.7368968561470712,0.33470066722267977,0.7596224412618571
2020-06-30 23:59:51,train,0.337238,0.771802,0.31925189953276056,0.736580890618572,0.35418699673770565,0.7652242502304973
2020-07-01 23:59:51,train,0.337238,0.771802,0.31973915905032485,0.736296484685938,0.3506471166201185,0.7938221471239368
2020-07-02 23:59:51,train,0.337238,0.771802,0.319473496581002,0.7369393373377461,0.34720647774706387,0.7811936499598969
2020-07-03 23:59:51,train,0.337238,0.771802,0.3201758008878607,0.737001617469896,0.3345224519026781,0.7622447264902831
2020-07-04 23:59:51,train,0.337238,0.771802,0.3198698587153524,0.7378555868083433,0.3390716445029987,0.7794093169682741
2020-07-05 23:59:51,train,0.337238,0.771802,0.31976986150237474,0.7372510604400357,0.34603535206921854,0.7661094737373042
2020-07-06 23:59:51,train,0.337238,0.771802,0.3196086827946163,0.7373539270083118,0.34235322733710133,0.7732898436553308
2020-07-07 23:59:51,train,0.337238,0.771802,0.319387250407748,0.7358394780911891,0.34083277931272743,0.782851577042295
2020-07-08 23:59:51,train,0.337238,0.771802,0.31838632350670654,0.7349282787782366,0.33084779550637256,0.7675683930342482
2020-07-09 23:59:51,train,0.337238,0.771802,0.3187623287522873,0.735744874857613,0.3264363853827856,0.7925494158844595
2020-07-10 23:59:51,train,0.337238,0.771802,0.31853813405128345,0.7348055380884001,0.33513981353935357,0.7479613774816501
2020-07-11 23:59:51,train,0.337238,0.771802,0.3179716807056417,0.7341533480010979,0.3331482703073819,0.7849983113959007
2020-07-12 23:59:51,train,0.337238,0.771802,0.31769793019012627,0.734407472579083,0.339769623979148,0.7777755384252873
2020-07-13 23:59:51,train,0.337238,0.771802,0.3176116533959847,0.7340579086960157,0.34103245761111955,0.7697223645638066
2020-07-14 23:59:51,train,0.337238,0.771802,0.3175626320128823,0.7334828169389153,0.34275970232762704,0.7449891761539432
2020-07-15 23:59:51,train,0.337238,0.771802,0.3183473770094034,0.734698947678284,0.33799717684212877,0.7898591137038159
2020-07-16 23:59:51,train,0.337238,0.771802,0.31830515140120724,0.7349408217340573,0.3487229435298372,0.7687205751632328
2020-07-17 23:59:51,train,0.337238,0.771802,0.3179001788981691,0.7354024993825761,0.3542662968122113,0.7911223068602824
2020-07-18 23:59:51,train,0.337238,0.771802,0.31838193921873414,0.7346207831380427,0.33010624732397104,0.7439732688648272
2020-07-19 23:59:51,train,0.337238,0.771802,0.3182752303113585,0.7339716297575865,0.3382863116911353,0.8008807712927811
2020-07-20 23:59:51,train,0.337238,0.771802,0.3177944181672526,0.7345507495864159,0.3281488692759619,0.7955980099319072
2020-07-21 23:59:51,train,0.337238,0.771802,0.31760216523854423,0.7341827136347625,0.3375340888395897,0.7633603036105225
2020-07-22 23:59:51,train,0.337238,0.771802,0.3175284383485138,0.7332990081957012,0.34071329860492944,0.7729741882150069
2020-07-23 23:59:51,train,0.337238,0.771802,0.3175286632662704,0.7331429842498393,0.3380173026575336,0.7728713976307817
2020-07-24 23:59:51,train,0.337238,0.771802,0.3175058987413661,0.7339689089887251,0.3351591698441119,0.779501913146267
2020-07-25 23:59:51,train,0.337238,0.771802,0.31618036994189225,0.7307799670505378,0.3343869152592381,0.7777525005426807
2020-07-26 23:59:51,train,0.337238,0.771802,0.3164325389339608,0.7311090934379333,0.34608765600022506,0.7750253048210021
2020-07-27 23:59:51,train,0.337238,0.771802,0.31597765566298847,0.7311646293311614,0.3427793985835193,0.7690786123185473
2020-07-28 23:59:51,train,0.337238,0.771802,0.3170184437577375,0.732911640375729,0.3362478234547902,0.7800446658181269
2020-07-29 23:59:51,train,0.337238,0.771802,0.31710274712511405,0.7323009761228886,0.3296720775564413,0.7667797102546695
2020-07-30 23:59:51,train,0.337238,0.771802,0.3174423783552706,0.7325745467918102,0.3457165388430703,0.7416085240072874
2020-07-31 23:59:51,train,0.337238,0.771802,0.31787938267565313,0.7338389770833913,0.34736190982614845,0.7742955162974451
2020-08-01 23:59:51,test,0.337238,0.771802,0.3183784645396638,0.734344514145582,0.32680744326065975,0.7936732351359026
2020-08-02 23:59:51,test,0.337238,0.771802,0.31864650380695975,0.7356955943953863,0.33477767643833073,0.7841067558907833
2020-08-03 23:59:51,test,0.337238,0.771802,0.3187275693455076,0.7360879836640871,0.33331849381811796,0.7865187046344625
2020-08-04 23:59:51,test,0.337238,0.771802,0.318490232184495,0.7356014146221391,0.3287596385128132,0.7558595759231309
2020-08-05 23:59:51,test,0.337238,0.771802,0.31873070177062346,0.7358007965405746,0.345329069248005,0.7501687456654158
2020-08-06 23:59:51,test,0.337238,0.771802,0.31820787459117067,0.7352416692090415,0.33607745923377735,0.7936397157035031
2020-08-07 23:59:51,test,0.337238,0.771802,0.31773172271275635,0.7343630949464959,0.32782820944146174,0.7824082468122141
2020-08-08 23:59:51,test,0.337238,0.771802,0.3171510582082358,0.7329173226526963,0.33378251392632535,0.7663818803251375
2020-08-09 23:59:51,test,0.337238,0.771802,0.31685187275009713,0.731954281595851,0.33006099085594653,0.7733802266011948
2020-08-10 23:59:51,test,0.337238,0.771802,0.3161748882113418,0.7322951499782826,0.32535103154999184,0.7739335500205565
2020-08-11 23:59:51,test,0.337238,0.771802,0.31554905021063356,0.7305703229435672,0.3326482655383562,0.7756086631489062
2020-08-12 23:59:51,test,0.337238,0.771802,0.3158916158115577,0.7304706101902306,0.3355716572221966,0.7576884786490768
2020-08-13 23:59:51,test,0.337238,0.771802,0.31616377400376555,0.7311358288844632,0.33456517422648013,0.7825702452247992
2020-08-14 23:59:51,test,0.337238,0.771802,0.3159882256822472,0.7315529514720348,0.34586226172940504,0.7625163561088634
2020-08-15 23:59:51,test,0.337238,0.771802,0.3152411091942707,0.7298320555568898,0.3315294353572351,0.74418221992395
2020-08-16 23:59:51,test,0.337238,0.771802,0.31553860014138485,0.7302534604373822,0.33527555453365876,0.7572115350567258
2020-08-17 23:59:51,test,0.337238,0.771802,0.3151750599183862,0.7303732966155282,0.3329124173089718,0.7869915406311494
2020-08-18 23:59:51,test,0.337238,0.771802,0.31494836956484584,0.7296299215083791,0.33087627071616615,0.7728676527030144
2020-08-19 23:59:51,test,0.337238,0.771802,0.31522692390801943,0.7297403316254589,0.3377324316181877,0.7454871695527243
2020-08-20 23:59:51,test,0.337238,0.771802,0.31538342446809386,0.7297779747820888,0.33893469611662697,0.7887669570170651
2020-08-21 23:59:51,test,0.337238,0.771802,0.31436780445383017,0.7294725214109917,0.3340732728377577,0.772213842643531
2020-08-22 23:59:51,test,0.337238,0.771802,0.31466961607556465,0.7300882926338934,0.34351851475064055,0.7623158067302546
2020-08-23 23:59:51,test,0.337238,0.771802,0.3143492500780095,0.7291315951765923,0.34296612624276596,0.7883425140489343
2020-08-24 23:59:51,test,0.337238,0.771802,0.31426951122797436,0.7287798960642831,0.32719321801152607,0.7301954523870041
2020-08-25 23:59:51,test,0.337238,0.771802,0.31442648498987974,0.7294905161796443,0.3376311392188304,0.75650082027221
2020-08-26 23:59:51,test,0.337238,0.771802,0.3146233429893032,0.7287539053545785,0.33730227139560054,0.7509040801167962
2020-08-27 23:59:51,test,0.337238,0.771802,0.3145167278487161,0.7290364859434935,0.3296416170235631,0.7588989135478296
2020-08-28 23:59:51,test,0.337238,0.771802,0.31519549942120617,0.7302901918879349,0.3353505156202155,0.7617669873276735
2020-08-29 23:59:51,test,0.337238,0.771802,0.31474202948938523,0.7301189224400655,0.3413032221631306,0.7517321870923833
2020-08-30 23:59:51,test,0.337238,0.771802,0.3148014076574323,0.7300191989588298,0.343264179830838,0.7818888472213962
2020-08-31 23:59:51,test,0.337238,0.771802,0.3149733656607456,0.7309883947441628,0.33189397468120013,0.7737150670057902
2020-09-01 23:59:51,test,0.337238,0.771802,0.31508604224251785,0.7310012276228977,0.32600227542161114,0.769831354912215
2020-09-02 23:59:51,test,0.337238,0.771802,0.3147388372949088,0.7304046703479131,0.3350622828374674,0.7815645157733755
2020-09-03 23:59:51,test,0.337238,0.771802,0.31483070493966375,0.7300416630752125,0.33616614092954483,0.7510162689236921
2020-09-04 23:59:51,test,0.337238,0.771802,0.31420696305122753,0.729084029947885,0.32558534690833413,0.7375566954485728
2020-09-05 23:59:51,test,0.337238,0.771802,0.3144979773059381,0.7285721726565544,0.3237813606887483,0.7750961329114986
2020-09-06 23:59:51,test,0.337238,0.771802,0.3137536499572131,0.7287899151783983,0.3281196561878266,0.7604804402255262
2020-09-07 23:59:51,test,0.337238,0.771802,0.31410159149807965,0.728345149832995,0.339533074411509,0.7897398049556571
2020-09-08 23:59:51,test,0.337238,0.771802,0.3133270031394035,0.7275968385152446,0.3449299297215804,0.7692934198139627
2020-09-09 23:59:51,test,0.337238,0.771802,0.3132197070325306,0.7283056278067719,0.3282305671628134,0.7480148562147304
2020-09-10 23:59:51,test,0.337238,0.771802,0.3133710683596623,0.7281734765227997,0.32261521759138184,0.7570938193443962
2020-09-11 23:59:51,test,0.337238,0.771802,0.31307384134687605,0.7281006212445732,0.3225943002334769,0.7578782240072405
2020-09-12 23:59:51,test,0.337238,0.771802,0.31319532868667105,0.7283116727913617,0.3170548784884274,0.748231356984901
2020-09-13 23:59:51,test,0.337238,0.771802,0.3133042448513415,0.7282772133651791,0.3327251115391091,0.754850212529285
2020-09-14 23:59:51,test,0.337238,0.771802,0.3128211044441945,0.7274257525948324,0.3264254112974995,0.7525972051413681
2020-09-15 23:59:51,test,0.337238,0.771802,0.31283371194123855,0.727094199609575,0.32753998365720133,0.7729335687522232
2020-09-16 23:59:51,test,0.337238,0.771802,0.31277305930844734,0.7275724319690954,0.345356183273267,0.7442131746584033
2020-09-17 23:59:51,test,0.337238,0.771802,0.31268371595356903,0.7262824464618365,0.33716176626816413,0.7644966236156835
2020-09-18 23:59:51,test,0.337238,0.771802,0.31320943186064426,0.7278706520338868,0.33710555467178466,0.7762891530720095
2020-09-19 23:59:51,test,0.337238,0.771802,0.31275137986277546,0.7271212890844058,0.3371740433229611,0.7638171074293731
2020-09-20 23:59:51,test,0.337238,0.771802,0.31242660321476107,0.7269897142664481,0.32796616211961854,0.7840321384638282
2020-09-21 23:59:51,test,0.337238,0.771802,0.3124189767825462,0.7273756102444431,0.32790523256115456,0.7710057478351727
2020-09-22 23:59:51,test,0.337238,0.771802,0.31296989327015934,0.7276423004762516,0.31945019573687716,0.7566691769614864
2020-09-23 23:59:51,test,0.337238,0.771802,0.31319708370595795,0.727775776830432,0.3366351629019542,0.7796053807707538
2020-09-24 23:59:51,test,0.337238,0.771802,0.3131719384897342,0.7281276123919175,0.34225040114641875,0.7636222793425541
2020-09-25 23:59:51,test,0.337238,0.771802,0.3138057084306392,0.7301056843525059,0.3297547670267486,0.760661393876587
2020-09-26 23:59:51,test,0.337238,0.771802,0.3142354700252979,0.730865932477733,0.3371503089815981,0.7976873713478597
2020-09-27 23:59:51,test,0.337238,0.771802,0.31444152736882386,0.7313810511122826,0.3275151472976894,0.7697047829780953
2020-09-28 23:59:51,test,0.337238,0.771802,0.3145738718736517,0.7316942892505037,0.318664375987542,0.7725211295157521
2020-09-29 23:59:51,test,0.337238,0.771802,0.3142222515724234,0.7305519371848804,0.321547532419172,0.7627279736672385
2020-09-30 23:59:51,test,0.337238,0.771802,0.313724288682109,0.7300941123410816,0.32706658346071327,0.7826332780075116
2020-10-01 23:59:51,test,0.337238,0.771802,0.31341216195318256,0.7297147783362579,0.3295967520067934,0.7665703695869537
2020-10-02 23:59:51,test,0.337238,0.771802,0.31358812434793115,0.7288708899889758,0.32959615484043914,0.7490868219650281
2020-10-03 23:59:51,test,0.337238,0.771802,0.312748320393511,0.7272744691763164,0.3377416743863172,0.7747126184350608
2020-10-04 23:59:51,test,0.337238,0.771802,0.31239083157596353,0.7272316005738347,0.33144941734424,0.7753231514595783
2020-10-05 23:59:51,test,0.337238,0.771802,0.31243345486624896,0.727626223100796,0.32670887220852535,0.7695925082395303
2020-10-06 23:59:51,test,0.337238,0.771802,0.31237151805889074,0.7274785086971001,0.3198537654647762,0.7709081351737525
2020-10-07 23:59:51,test,0.337238,0.771802,0.3121102197362952,0.7278626628600938,0.3240080587809406,0.7764423916510345
2020-10-08 23:59:51,test,0.337238,0.771802,0.31207957385377794,0.727473727536522,0.33407598423936263,0.7711517032622359
2020-10-09 23:59:51,test,0.337238,0.771802,0.3126867407971262,0.7280155857401945,0.3312888228671471,0.7752271392371171
2020-10-10 23:59:51,test,0.337238,0.771802,0.3128343081788813,0.7290083111982022,0.3410388956819042,0.753136421543449
2020-10-11 23:59:51,test,0.337238,0.771802,0.3121756956348275,0.727386594059711,0.3227046419303688,0.7475954443132112
2020-10-12 23:59:51,test,0.337238,0.771802,0.31224356318623875,0.7270555145935064,0.32675284156834217,0.7370525656491985
2020-10-13 23:59:51,test,0.337238,0.771802,0.31233098761325756,0.7282584473850575,0.3381871189737014,0.767107207570304
2020-10-14 23:59:51,test,0.337238,0.771802,0.3129994230424024,0.7275748000671777,0.3346364361201786,0.770010232122245
2020-10-15 23:59:51,test,0.337238,0.771802,0.3121199718110448,0.7280572457471641,0.3403314966799593,0.7817258389087869
2020-10-16 23:59:51,test,0.337238,0.771802,0.31274581252314,0.7283420881311278,0.3235695365861479,0.766104473587518
2020-10-17 23:59:51,test,0.337238,0.771802,0.3125368573250645,0.7285871218974366,0.32667143878725596,0.7789197078521011
2020-10-18 23:59:51,test,0.337238,0.771802,0.31285585650705555,0.7291071749602576,0.33887564629109507,0.7555872640475754
2020-10-19 23:59:51,test,0.337238,0.771802,0.31243084123051457,0.7284264488513326,0.3268760062943712,0.7702088515670718
2020-10-20 23:59:51,test,0.337238,0.771802,0.31311343472538994,0.7288229311425265,0.3240235058510912,0.7598575670312734
2020-10-21 23:59:51,test,0.337238,0.771802,0.3123502129173608,0.7283705977561155,0.3333885580131519,0.7803570809139848
2020-10-22 23:59:51,test,0.337238,0.771802,0.3128014293369138,0.7287254563093214,0.33320778813060487,0.7642296896589295
2020-10-23 23:59:51,test,0.337238,0.771802,0.3131441202981414,0.729288890157188,0.33711453152894283,0.7738900351469241
2020-10-24 23:59:51,test,0.337238,0.771802,0.31359655075473203,0.729314466839687,0.3266205246861404,0.7401984265883752
2020-10-25 23:59:51,test,0.337238,0.771802,0.31245122570117173,0.7312918145390513,0.3220093131327156,0.7564556296909666
2020-10-26 23:59:51,test,0.337238,0.771802,0.31346447442788306,0.7323383103351881,0.3139078576086376,0.7437647700217784
2020-10-27 23:59:51,test,0.337238,0.771802,0.31299099709227407,0.7317624255360391,0.3359693119806214,0.7817465798168568
2020-10-28 23:59:51,test,0.337238,0.771802,0.3132634628724512,0.7308048933037037,0.3349392537106352,0.770016537029668
2020-10-29 23:59:51,test,0.337238,0.771802,0.3122181738878954,0.7302929440621018,0.32914776248056576,0.7618095455332393
2020-10-30 23:59:51,test,0.337238,0.771802,0.31157245166443837,0.7283637344775358,0.3182813126904842,0.7616939960053657
2020-10-31 23:59:51,test,0.337238,0.771802,0.31080308753908226,0.7284560868576385,0.32068600882979853,0.765754216513684
2020-11-01 23:59:51,holdout,0.337238,0.771802,0.31072402958328627,0.72770110090597,0.325624432364777,0.7635525284558357
2020-11-02 23:59:51,holdout,0.337238,0.771802,0.3109722869346825,0.7281247232589737,0.32688223182830556,0.7596141252957972
2020-11-03 23:59:51,holdout,0.337238,0.771802,0.3111754280061399,0.7283407229203296,0.31966284844024234,0.777455671116847
2020-11-04 23:59:51,holdout,0.337238,0.771802,0.31215546799970767,0.7300704408391706,0.3238021807428812,0.7783352150768658
2020-11-05 23:59:51,holdout,0.337238,0.771802,0.3123158760433159,0.7305873097450397,0.3206134987692522,0.7729360661005281
2020-11-06 23:59:51,holdout,0.337238,0.771802,0.3133844654841134,0.7334394125587662,0.32494176604092556,0.7581755377491837
2020-11-07 23:59:51,holdout,0.337238,0.771802,0.31383202397778437,0.7340414720961984,0.3285999451127315,0.7543339103838089
2020-11-08 23:59:51,holdout,0.337238,0.771802,0.3136489940074042,0.7340485541409926,0.3269096967892722,0.7795096182815977
2020-11-09 23:59:51,holdout,0.337238,0.771802,0.3136222066545412,0.733821312892931,0.3344979830179596,0.7703339292792613
2020-11-10 23:59:51,holdout,0.337238,0.771802,0.31343189263949855,0.7336224121197517,0.33305109176039804,0.7623348885500931
2020-11-11 23:59:51,holdout,0.337238,0.771802,0.3127057230569763,0.7322526023589166,0.3245561873987766,0.7520502027108664
2020-11-12 23:59:51,holdout,0.337238,0.771802,0.3126318890919817,0.7319407504404375,0.3368088468410818,0.7507479834958856
2020-11-13 23:59:51,holdout,0.337238,0.771802,0.3122315342439657,0.7307965081557958,0.33519885645583425,0.7253539369224159
2020-11-14 23:59:51,holdout,0.337238,0.771802,0.31134388436060656,0.7291154999540914,0.3192336580096409,0.7576902449728611
2020-11-15 23:59:51,holdout,0.337238,0.771802,0.3105015042771674,0.7296497742165378,0.3302827534898751,0.7449034798134161
2020-11-16 23:59:51,holdout,0.337238,0.771802,0.3111059918219479,0.7302700709271843,0.32754746990938016,0.7378633313550064
2020-11-17 23:59:51,holdout,0.337238,0.771802,0.31173433027961495,0.7309458432938889,0.3231864042877866,0.7683415953547438
2020-11-18 23:59:51,holdout,0.337238,0.771802,0.312192573451677,0.7314490515159012,0.32605781309702103,0.7771986553846322
2020-11-19 23:59:51,holdout,0.337238,0.771802,0.3124289572125771,0.7320055251262464,0.3455965500850741,0.7570904175473773
2020-11-20 23:59:51,holdout,0.337238,0.771802,0.3122354232367995,0.7313411137293137,0.327506678678512,0.7507461204260936
2020-11-21 23:59:51,holdout,0.337238,0.771802,0.3121960983218975,0.7320637757384181,0.34192200072468204,0.7587328011553411
2020-11-22 23:59:51,holdout,0.337238,0.771802,0.31251235725271026,0.7323952007104675,0.3348681270778519,0.7702080797168394
2020-11-23 23:59:51,holdout,0.337238,0.771802,0.31338583436831907,0.7330582364048489,0.32559613186537173,0.7762995411575736
2020-11-24 23:59:51,holdout,0.337238,0.771802,0.31462736690306475,0.7343709268309053,0.3277529769218933,0.7704953193427517
2020-11-25 23:59:51,holdout,0.337238,0.771802,0.3142048377354548,0.7348498899547815,0.3379350203334344,0.7731225016093553
2020-11-26 23:59:51,holdout,0.337238,0.771802,0.3145884381223875,0.7356098652541537,0.33602302294783837,0.7716689861139785
2020-11-27 23:59:51,holdout,0.337238,0.771802,0.3154236946098042,0.7377432882774695,0.34320955086721294,0.7615141296559523
2020-11-28 23:59:51,holdout,0.337238,0.771802,0.3165519938066044,0.7403066848498594,0.3316198250579057,0.7489226288739541
2020-11-29 23:59:51,holdout,0.337238,0.771802,0.31547280820020074,0.7399386374750117,0.32297968883374606,0.7394569586948448
2020-11-30 23:59:51,holdout,0.337238,0.771802,0.31698161971675615,0.7419329482594924,0.32070175288730246,0.7445960029284727
2020-12-01 23:59:51,holdout,0.337238,0.771802,0.3168955267534565,0.7415307564154018,0.3286989484188457,0.7570216409585385
2020-12-02 23:59:51,holdout,0.337238,0.771802,0.31643510343428133,0.739608984282227,0.32925875387518455,0.7540970103601643
2020-12-03 23:59:51,holdout,0.337238,0.771802,0.3165988391237146,0.7390887982043108,0.33672504407888215,0.7767907806037591
2020-12-04 23:59:51,holdout,0.337238,0.771802,0.3148717494068468,0.7371805728499218,0.34555845953533615,0.7770689369430201
2020-12-05 23:59:51,holdout,0.337238,0.771802,0.31368448555842954,0.7352842339055404,0.3344927263169915,0.7527826448588358
2020-12-06 23:59:51,holdout,0.337238,0.771802,0.3124439256114185,0.7333931365883152,0.32886887743342247,0.7254624960628818
2020-12-07 23:59:51,holdout,0.337238,0.771802,0.3122308800046539,0.7335522405172255,0.32700122927465314,0.7752081848796291
2020-12-08 23:59:51,holdout,0.337238,0.771802,0.31160143805987955,0.7335156537186386,0.3272164036505919,0.7488590491059693
2020-12-09 23:59:51,holdout,0.337238,0.771802,0.3113605151922038,0.731859241139337,0.3235437005515123,0.7674512673471124
2020-12-10 23:59:51,holdout,0.337238,0.771802,0.3109604916164438,0.730075003450602,0.3295894194678594,0.7499453330717177
2020-12-11 23:59:51,holdout,0.337238,0.771802,0.3102972539565863,0.7291324745243006,0.32921984798264226,0.7553795143869939
2020-12-12 23:59:51,holdout,0.337238,0.771802,0.30983041650574356,0.7281611525943533,0.3177378232474855,0.7239424374403355
2020-12-13 23:59:51,holdout,0.337238,0.771802,0.3101501571259759,0.7287478806870287,0.3234252561397792,0.7732276666975726
2020-12-14 23:59:51,holdout,0.337238,0.771802,0.3098727331855092,0.7294795477100543,0.3418895968497484,0.7395041563059408
2020-12-15 23:59:51,holdout,0.337238,0.771802,0.3103763091139155,0.7300896301083409,0.3313656939313882,0.7646862972183168
2020-12-16 23:59:51,holdout,0.337238,0.771802,0.31117637027166783,0.7320296978547315,0.3305753770459738,0.773580960034015
2020-12-17 23:59:51,holdout,0.337238,0.771802,0.31093059324336,0.7321351590830919,0.3343094932465717,0.7632007327493326
2020-12-18 23:59:51,holdout,0.337238,0.771802,0.31122962419896244,0.7327942758573694,0.33030455369246486,0.7476091086347224
2020-12-19 23:59:51,holdout,0.337238,0.771802,0.31087621655765996,0.7327068315411238,0.32313425194802875,0.7559819262455013
2020-12-20 23:59:51,holdout,0.337238,0.771802,0.3107809002845927,0.7314194165180199,0.3133295413949529,0.7662519600879497
2020-12-21 23:59:51,holdout,0.337238,0.771802,0.3110361890862688,0.7310519560114839,0.32506340408776746,0.7546792209262353
2020-12-22 23:59:51,holdout,0.337238,0.771802,0.31168921432076513,0.7323988770305637,0.3258948299411355,0.7514721915279413
2020-12-23 23:59:51,holdout,0.337238,0.771802,0.3121989754412439,0.7331953590258306,0.3245177872976086,0.7526318121325957
2020-12-24 23:59:51,holdout,0.337238,0.771802,0.3122628997910874,0.7347214170059901,0.3181526419009576,0.7270935144623919
2020-12-25 23:59:51,holdout,0.337238,0.771802,0.31268396744626453,0.7348426667289868,0.31805859566448763,0.735955590919681
2020-12-26 23:59:51,holdout,0.337238,0.771802,0.31285568617500054,0.7369130015877053,0.31328740893451923,0.7406061136564804
2020-12-27 23:59:51,holdout,0.337238,0.771802,0.3132388821060567,0.737261156142634,0.31032303768068287,0.7236867095154309
2020-12-28 23:59:51,holdout,0.337238,0.771802,0.3138040060214487,0.7370493246062721,0.3332321420960481,0.7276803406205982
2020-12-29 23:59:51,holdout,0.337238,0.771802,0.31351845223251557,0.7380853229208271,0.3204384077618092,0.7661038346786672
2020-12-30 23:59:51,holdout,0.337238,0.771802,0.31249904739015844,0.7355121693636508,0.3381208172146827,0.736726894040492
