t_obs,alpha_1600A,alpha_1700A,pred_plain_1600A,pred_plain_1700A,pred_mode_1600A,pred_mode_1700A
2010-05-20 00:00:00,0.8607509,0.66021085,0.84356284,0.6623439,0.8473016,0.71034
2010-05-20 23:53:54,0.4869671,0.6646797,0.47639582,0.6665338,0.4819613,0.7091872
2010-05-22 00:00:00,0.5377026,0.65142643,0.52704525,0.6525593,0.50988233,0.6810311
2010-05-23 00:00:00,0.5617303,0.06521912,0.54944724,0.06525799,0.5430069,0.06658049
2010-05-23 23:53:54,0.41404322,0.22573361,0.40395167,0.22545251,0.3915991,0.23752941
2010-05-27 00:00:00,0.75852793,0.57665217,0.73620725,0.5712086,0.6983215,0.5975961
2010-05-29 00:00:00,0.44007877,0.17759065,0.42736518,0.17608452,0.4281936,0.19001591
2010-05-30 00:00:00,0.9907179,0.72023404,0.95959985,0.71226966,0.9546607,0.74301803
2010-05-30 23:59:48,0.797262,0.77704585,0.7709576,0.7668979,0.7785266,0.78695065
2010-06-01 00:00:00,0.7751034,0.37575185,0.7479412,0.3695613,0.74696237,0.37956116
2010-06-01 23:53:54,0.029204924,0.38593894,0.028121274,0.37926006,0.027982421,0.38602135
2010-06-02 23:59:54,0.8150233,0.20316646,0.7812643,0.19876596,0.7975893,0.1963469
2010-06-03 23:53:54,0.4770601,0.90192205,0.4569135,0.8809297,0.4762427,0.87666565
2010-06-05 00:05:54,0.8971702,0.42385852,0.8557473,0.41299716,0.8743833,0.42982584
2010-06-06 00:05:54,0.21113147,0.27898538,0.20121542,0.27183014,0.20612198,0.28367966
2010-06-07 00:05:54,0.5467715,0.48980907,0.5221112,0.47808287,0.54043686,0.49301237
2010-06-08 00:05:54,0.73415166,0.70205986,0.70247775,0.68674266,0.7063756,0.6953604
2010-06-09 00:05:54,0.40428188,0.4088041,0.38615996,0.39909723,0.39471295,0.42964685
2010-06-10 00:05:54,0.94074076,0.961619,0.8999851,0.9403637,0.8690962,0.9805628
2010-06-10 23:59:54,0.6521668,0.6668187,0.6258861,0.65365,0.65583044,0.6563161
2010-06-11 23:59:54,0.49271214,0.5320558,0.47452652,0.52152437,0.49376267,0.5507628
2010-06-12 23:59:54,0.42566803,0.18566921,0.4101365,0.18219572,0.39825192,0.19431119
2010-06-13 23:59:54,0.6095652,0.5671263,0.58668894,0.5569474,0.6239418,0.5775707
2010-06-14 23:59:54,0.25899395,0.36278212,0.24943319,0.35681316,0.2556525,0.38148138
2010-06-15 23:59:54,0.9245486,0.48906025,0.89335227,0.48271123,0.8998624,0.5018652
2010-06-16 23:59:54,0.37080944,0.56636095,0.359464,0.5604222,0.35056746,0.6080873
2010-06-17 23:59:54,0.12795894,0.94763535,0.124235354,0.93901485,0.12801857,0.9615506
2010-06-18 23:59:54,0.42199886,0.11743594,0.41029525,0.116561145,0.41130522,0.1226976
2010-06-19 23:53:54,0.55010694,0.5934719,0.53596634,0.59004706,0.5497136,0.6174398
2010-06-20 23:59:54,0.3595674,0.8640955,0.35019082,0.8586797,0.3600475,0.9278515
2010-06-21 23:59:54,0.46094048,0.21731801,0.44922557,0.21579938,0.44222796,0.23016542
2010-06-22 23:59:54,0.33936256,0.17593099,0.33155814,0.17488395,0.31293198,0.18856321
2010-06-23 23:59:54,0.53669095,0.17321962,0.524517,0.17231207,0.5216687,0.1712583
2010-06-24 23:59:54,0.7344904,0.7434167,0.7167468,0.73856145,0.75592685,0.7743753
2010-06-25 23:59:54,0.15631367,0.14933127,0.15279143,0.14865375,0.16024582,0.16365528
2010-06-26 23:59:54,0.38605893,0.64424855,0.37760365,0.64219636,0.36988288,0.6745569
2010-06-27 23:59:54,0.53144556,0.42855704,0.5199115,0.42746484,0.52345395,0.42154032
2010-06-28 23:59:54,0.6490875,0.50470704,0.63597864,0.5036718,0.66794235,0.51029265
2010-06-29 23:59:54,0.9284559,0.20128568,0.9109883,0.20097983,0.9399643,0.2153378
2010-06-30 23:59:54,0.4396638,0.42371416,0.43116385,0.42270458,0.42799297,0.44333044
2010-07-01 23:59:54,0.91264,0.28870022,0.8962088,0.28826836,0.89698094,0.29017854
2010-07-02 23:53:54,0.40476996,0.25364286,0.39653984,0.2527773,0.4100723,0.26929966
2010-07-03 23:59:54,0.61414266,0.12140872,0.60130954,0.121028066,0.61164576,0.12811333
2010-07-04 23:59:54,0.28049526,0.88379973,0.27390748,0.87959254,0.2676402,0.95510507
2010-07-05 23:59:54,0.6373597,0.78807104,0.6216982,0.78368145,0.60764086,0.79056704
2010-07-06 23:59:54,0.5136581,0.96078295,0.49954596,0.95271415,0.5122089,1.0255591
2010-07-07 23:59:54,0.5669143,0.6742966,0.5506843,0.6682154,0.5553138,0.68927187
2010-07-08 23:59:54,0.93869746,0.28630704,0.9113291,0.28322628,0.89237255,0.2894384
2010-07-09 23:59:54,0.32322106,0.74674624,0.31507355,0.7397678,0.32755396,0.731627
2010-07-10 23:59:54,0.6059122,0.97178257,0.59161174,0.9643674,0.5983444,0.9870435
2010-07-11 23:59:54,0.0492654,0.036048293,0.04812967,0.035811033,0.048679538,0.03827446
2010-07-12 23:53:54,0.56173146,0.62524796,0.551943,0.62426317,0.5584928,0.6656849
2010-07-13 23:59:54,0.1422347,0.52715486,0.14011876,0.52803314,0.13856938,0.4950489
2010-07-14 23:59:54,0.80354756,0.33245015,0.7911207,0.33307907,0.7475915,0.34530458
2010-07-15 23:59:54,0.96226555,0.45021823,0.94580054,0.45034394,0.95954376,0.46699733
2010-07-16 23:59:54,0.49157697,0.2895431,0.48282745,0.28906506,0.46500322,0.28751528
2010-07-17 23:59:54,0.5734778,0.5128895,0.5624018,0.5106613,0.56104594,0.5373252
2010-07-18 23:59:54,0.9125235,0.6896175,0.8899812,0.68320894,0.9224894,0.73263234
2010-07-19 23:59:54,0.61600655,0.43845913,0.6021986,0.4342755,0.57970834,0.43430507
2010-07-20 23:59:54,0.29373166,0.45482853,0.28640848,0.44992813,0.28513616,0.46820474
2010-07-21 23:59:54,0.8979524,0.9629002,0.8760063,0.95430714,0.9146102,0.98614556
2010-07-22 23:53:54,0.86117053,0.6337304,0.8428831,0.63032144,0.8878996,0.69802445
2010-07-23 23:59:54,0.68995464,0.7514758,0.678123,0.7495893,0.66681397,0.76306945
2010-07-24 23:53:54,0.06638179,0.046651784,0.06545269,0.04670494,0.06553767,0.049554873
2010-07-26 23:59:54,0.36541048,0.9637237,0.36127186,0.9660215,0.36062527,0.9726587
2010-07-28 00:05:54,0.017647717,0.92809486,0.017465943,0.93085754,0.017527701,0.9196992
2010-07-29 00:05:54,0.08673173,0.3570012,0.085941374,0.35813755,0.08560743,0.3513721
2010-07-29 23:59:54,0.2954784,0.70354253,0.29316977,0.7067816,0.2881506,0.70524925
2010-07-30 23:59:54,0.71729636,0.09105395,0.7106839,0.091474384,0.7102138,0.09042013
2010-07-31 23:59:54,0.35421717,0.312822,0.35118404,0.31504852,0.35432178,0.3293919
2011-01-01 23:59:54,0.966627,0.7192845,0.9527626,0.72202617,0.9666076,0.7417463
2011-01-02 23:59:54,0.8749282,0.37338966,0.8652118,0.37593824,0.89803106,0.40105128
2011-01-03 23:59:54,0.36193985,0.6674732,0.35911053,0.67427874,0.35411277,0.7098519
2011-01-04 23:59:54,0.7100522,0.5833161,0.7054358,0.5904595,0.652492,0.5693468
2011-01-05 23:59:54,0.25056902,0.39431003,0.2491013,0.39933145,0.24103077,0.37285173
2011-01-06 23:59:54,0.21286283,0.8475204,0.21079654,0.8556405,0.20254618,0.88039255
2011-01-07 23:59:54,0.59413344,0.3315595,0.587438,0.333856,0.5730273,0.34541407
2011-01-08 23:59:54,0.06933875,0.27957204,0.068331376,0.28067216,0.071460724,0.3029545
2011-01-09 23:59:54,0.9058247,0.074503034,0.88827723,0.07448473,0.91039973,0.076494515
2011-01-10 23:59:54,0.65074456,0.3701447,0.6376844,0.36976346,0.6409278,0.3813786
2011-01-11 23:59:54,0.18831612,0.6888381,0.18415582,0.68745106,0.18839367,0.7242978
2011-01-12 23:59:54,0.90090823,0.11301536,0.8797418,0.11279189,0.8538063,0.115580074
2011-01-13 23:59:54,0.9030992,0.8100108,0.88063526,0.8081467,0.91828483,0.7935542
2011-01-14 23:59:54,0.43901905,0.5283049,0.4284353,0.5272869,0.42645293,0.5685873
2011-01-15 23:59:54,0.21138532,0.3120602,0.20672102,0.31205025,0.2095461,0.3310863
2011-01-16 23:59:54,0.63503575,0.86639833,0.6230169,0.8670641,0.61699116,0.92752993
2011-01-17 23:53:54,0.24301499,0.5860636,0.23880462,0.5873978,0.239405,0.5757304
2011-01-18 23:59:54,0.32217935,0.6719753,0.31703416,0.67415327,0.3163906,0.695709
2011-01-19 23:59:54,0.17794992,0.5337186,0.17433362,0.5338211,0.17408083,0.5371957
2011-01-20 23:59:54,0.5284701,0.7075843,0.5194419,0.70898664,0.5351468,0.7118762
2011-01-21 23:59:54,0.7943598,0.012119278,0.7779255,0.01210603,0.7770421,0.011735376
2011-01-22 23:59:54,0.97373635,0.3889605,0.953399,0.3882945,0.91576666,0.3941216
2011-01-23 23:59:54,0.86510664,0.044341743,0.84256583,0.044098787,0.80203354,0.0456285
2011-01-24 23:59:54,0.56956047,0.10582696,0.5521054,0.10486455,0.55813706,0.10574858
2011-01-25 23:59:54,0.8393873,0.39877042,0.812807,0.3948083,0.8311653,0.40691823
2011-01-26 23:59:54,0.62381476,0.9609197,0.60302204,0.9510824,0.6169251,0.9899058
2011-01-27 23:59:54,0.6629431,0.93023056,0.6197042,0.891988,0.62815773,0.97899467
2011-01-28 23:59:54,0.20258631,0.52488726,0.19117546,0.5072672,0.19314104,0.4983759
2011-01-29 23:59:54,0.3235319,0.32038867,0.3078631,0.3115944,0.30889222,0.3155438
2011-01-30 23:59:54,0.0640401,0.08536363,0.061362468,0.08357858,0.063574776,0.086685926
2011-01-31 23:59:54,0.81892633,0.41731876,0.7905741,0.41115654,0.83258635,0.40999418
2011-02-01 23:59:54,0.48911542,0.67974645,0.4738344,0.6726919,0.4500375,0.6990617
2011-02-02 23:53:54,0.13111304,0.83087605,0.12750247,0.8252233,0.12742932,0.8376515
2011-02-03 23:59:54,0.8825159,0.8160661,0.8622032,0.8129693,0.84306085,0.86286944
2011-02-04 23:59:54,0.8777746,0.5787637,0.85704905,0.57588893,0.882233,0.6126669
2011-02-05 23:59:54,0.07402776,0.8557854,0.07208004,0.84910756,0.07121635,0.87555
2011-02-06 23:53:54,0.70413333,0.21125494,0.6845942,0.20923807,0.7136814,0.22634092
2011-02-07 23:59:54,0.15582065,0.054436654,0.15216888,0.05404545,0.15530132,0.05536612
2011-02-08 23:59:54,0.34262812,0.8571699,0.33476737,0.85128057,0.33052376,0.88579637
2011-02-09 23:59:54,0.09485667,0.4438095,0.09287045,0.44246918,0.09591025,0.47943106
2011-02-10 23:59:54,0.5092486,0.036731098,0.5003986,0.036765993,0.51643986,0.038905367
2011-02-11 23:59:54,0.025891237,0.6463902,0.025586188,0.6500819,0.026048524,0.69594085
2011-02-12 23:59:54,0.4808931,0.2932671,0.4780321,0.2958817,0.48448232,0.31724373
2011-02-13 23:59:54,0.5279317,0.6314718,0.52651715,0.63807124,0.5272397,0.6735453
2011-02-14 23:59:54,0.7509831,0.6912274,0.75077575,0.6998763,0.75486046,0.7448361
2011-02-15 23:59:54,0.347914,0.90624297,0.34811994,0.9171195,0.34714425,0.90594697
2011-02-16 23:59:54,0.40684816,0.51984286,0.4075936,0.52705145,0.38505644,0.54807556
2011-02-17 23:53:54,0.7340856,0.17655562,0.73182267,0.17828642,0.7336564,0.1787112
2011-02-18 23:59:54,0.58005637,0.6066038,0.5784691,0.61226743,0.54893774,0.6024464
2011-02-19 23:59:54,0.39428604,0.9602013,0.39102867,0.9664751,0.3893182,0.95147353
2011-02-20 23:59:54,0.49691468,0.07035631,0.4888492,0.07043406,0.51462156,0.07166589
2011-02-21 23:59:54,0.9103841,0.6170706,0.8935547,0.616027,0.89773554,0.65143883
2011-02-22 23:59:54,0.2162809,0.4536081,0.21112889,0.45119905,0.21416923,0.45354855
2011-02-23 23:59:54,0.15194087,0.10178595,0.14782663,0.10107537,0.154757,0.10677244
2011-02-24 23:59:54,0.77874994,0.26468804,0.7571493,0.26321453,0.75750166,0.26832336
2011-02-25 23:53:54,0.6184094,0.9942805,0.6040156,0.99128383,0.60556555,1.0424448
2011-02-27 23:59:54,0.6448231,0.29300433,0.6383055,0.29511127,0.6490804,0.30804363
2011-02-28 23:59:54,0.3742903,0.5898795,0.3749849,0.5984124,0.36353955,0.6210026
2011-03-01 23:59:54,0.8855561,0.8934912,0.8902953,0.91120607,0.87085855,0.9345279
2011-03-02 23:59:54,0.043983158,0.15697049,0.044441395,0.1606476,0.04382107,0.16004346
2011-03-03 23:59:54,0.5870671,0.49372342,0.5968254,0.5055974,0.60637647,0.5074426
2011-03-04 23:59:54,0.89703286,0.6284809,0.91258425,0.6434504,0.93786114,0.68325937
2011-03-05 23:53:54,0.8884554,0.14632936,0.90555096,0.1497351,0.93491036,0.1539388
2011-03-06 23:59:54,0.47971806,0.7257205,0.48947006,0.74235624,0.4704528,0.73595375
2011-03-07 23:53:54,0.41567844,0.3923729,0.42436072,0.40138954,0.42802706,0.41227567
2011-03-08 23:59:54,0.21795307,0.9055257,0.22171412,0.9265409,0.22206432,0.9107571
2011-03-09 23:59:54,0.86859286,0.47078297,0.8829452,0.48224336,0.8735832,0.47793558
2011-03-10 23:59:54,0.25779063,0.73227644,0.26167482,0.75149417,0.26387632,0.72848064
2011-03-11 23:59:54,0.24065177,0.737708,0.24472158,0.758157,0.22000125,0.73453295
2011-03-12 23:59:54,0.3311294,0.06299673,0.3374648,0.06482076,0.3110304,0.06716406
2011-03-13 23:59:54,0.17050232,0.25144282,0.17368498,0.25871795,0.16471666,0.26043057
2011-03-14 23:59:54,0.8058247,0.5450878,0.8157105,0.5579525,0.8014181,0.5804407
2011-03-15 23:59:54,0.3061784,0.18348385,0.30973628,0.1878203,0.28450298,0.1931744
2011-03-16 23:59:54,0.5643488,0.9311896,0.56762284,0.9497266,0.5639682,0.97904426
2011-03-17 23:59:54,0.37528756,0.39246544,0.3763193,0.39963633,0.37448105,0.4042842
2011-03-18 23:53:54,0.90358114,0.52336466,0.90339535,0.53186613,0.88092756,0.5626538
2011-03-19 23:59:54,0.17797965,0.9501783,0.17697375,0.96197915,0.18783566,1.0189458
2011-03-20 23:59:54,0.24234438,0.35678622,0.24053879,0.3602344,0.24324006,0.38263494
2011-03-21 23:59:54,0.8070129,0.08164085,0.7970367,0.08212806,0.8262954,0.08387144
2011-03-22 23:59:54,0.5664422,0.73292434,0.56094337,0.7378318,0.5659292,0.7035641
2011-03-23 23:59:54,0.65750736,0.525489,0.65274066,0.52956676,0.70764494,0.5623988
2011-03-24 23:59:54,0.29549038,0.3081136,0.2965785,0.31261098,0.28265837,0.32596916
2011-03-25 23:59:54,0.40827546,0.13519038,0.41361174,0.13812222,0.42100203,0.14500736
2011-03-26 23:53:54,0.19686998,0.68334395,0.20096649,0.70394,0.19383924,0.6878764
2011-03-27 23:59:54,0.9298631,0.5092249,0.9577145,0.528753,0.9460717,0.5172193
2011-03-28 23:59:54,0.6194455,0.94120175,0.64219284,0.9830279,0.6088979,0.95485383
2011-03-29 23:59:54,0.03247986,0.6215566,0.03368772,0.6498598,0.031879064,0.64443827
2011-03-30 23:59:54,0.3789184,0.16958795,0.39335066,0.17709666,0.36764565,0.1775656
2011-04-01 00:05:54,0.20578781,0.58053476,0.21330349,0.60446155,0.20149276,0.5802751
2011-04-01 23:59:54,0.72703505,0.22558838,0.75105625,0.23406327,0.70479715,0.2503934
2011-04-02 23:59:54,0.2038661,0.6962007,0.20993349,0.71963704,0.20009306,0.72986656
2011-04-03 23:59:54,0.13989997,0.5655737,0.14362417,0.58318156,0.14154658,0.5628297
2011-04-04 23:59:54,0.60691047,0.3832094,0.6207121,0.39442673,0.5972853,0.38278854
2011-04-05 23:59:54,0.35407403,0.16037801,0.3614433,0.16483901,0.36742166,0.1605995
2011-04-06 23:59:54,0.8539018,0.2360274,0.87068295,0.24216309,0.8710003,0.23054555
2011-04-07 23:59:54,0.065874845,0.28926483,0.066981494,0.29618648,0.06374982,0.30709624
2011-04-08 23:59:54,0.14961113,0.055618297,0.15263632,0.057140257,0.14621717,0.057058286
2011-04-09 23:59:54,0.88595635,0.6262579,0.90354073,0.64362556,0.85654587,0.6243757
2011-04-10 23:59:54,0.22774465,0.6541663,0.23170419,0.67157215,0.23536652,0.66098815
2011-04-11 23:59:54,0.7232307,0.6817084,0.7360019,0.699974,0.74261856,0.67849207
2011-04-12 23:59:54,0.8014327,0.94883275,0.81356186,0.9725204,0.7862869,0.99220353
2011-04-14 23:53:54,0.49132532,0.9129096,0.50035846,0.9346082,0.46319804,0.92400295
2011-04-15 23:59:54,0.6097534,0.63696957,0.6168381,0.64975876,0.59988827,0.6362435
2011-04-16 23:59:54,0.086860515,0.2741243,0.08753633,0.2790387,0.08769262,0.2818418
2011-04-17 23:59:54,0.46345115,0.77954674,0.46530122,0.79203486,0.42470917,0.7785557
2011-04-18 23:59:54,0.45348182,0.69290787,0.45567623,0.70401025,0.44691098,0.68062615
2011-04-19 23:59:54,0.43998608,0.86150914,0.44093117,0.87408215,0.4231207,0.8436513
2011-04-20 23:59:54,0.39523023,0.02880412,0.39681086,0.02924091,0.38111097,0.027892739
2011-04-21 23:59:54,0.28279307,0.8739146,0.28638467,0.8896567,0.2814585,0.93606204
2011-04-22 23:59:54,0.16283183,0.69855523,0.1656495,0.7152128,0.15691826,0.71090114
2011-04-23 23:59:54,0.32512158,0.6380274,0.33188266,0.656328,0.33232352,0.64967334
2011-04-24 23:53:54,0.27503324,0.84539276,0.2810747,0.87203574,0.27532992,0.854196
2011-04-25 23:59:54,0.15954891,0.9999004,0.16401918,1.0358677,0.16097802,1.0303847
2011-04-26 23:59:54,0.023266686,0.112594254,0.023960067,0.116705894,0.023421766,0.124069266
2011-04-27 23:59:54,0.38103047,0.6334614,0.39224812,0.65587485,0.38683233,0.6603135
2011-04-28 23:59:54,0.44319537,0.95469785,0.45421544,0.9839145,0.4636387,0.9668419
2011-04-29 23:59:54,0.9163408,0.7851233,0.93629885,0.80621463,0.8703889,0.84234405
2011-04-30 23:59:54,0.7439294,0.49516758,0.7577412,0.5075097,0.71564573,0.50130343
2011-05-01 23:59:54,0.61448866,0.687492,0.62463075,0.7039383,0.6103188,0.71235514
2011-05-02 23:59:54,0.29828393,0.71746695,0.3037466,0.73548335,0.30365637,0.75668097
2011-05-03 23:59:54,0.2230295,0.67675436,0.22740677,0.69462305,0.21696721,0.69193876
2011-05-04 23:59:54,0.47670633,0.8398067,0.48578703,0.8619862,0.503424,0.8425176
2011-05-05 23:59:54,0.52022547,0.42060468,0.53132313,0.4323656,0.4952411,0.43661866
2011-05-06 23:53:54,0.9460815,0.9212594,0.9637445,0.9460265,0.91765547,0.9461204
2011-05-07 23:59:54,0.16023944,0.18381603,0.16354585,0.18888405,0.1711772,0.18908562
2011-05-08 23:59:54,0.35854894,0.35311732,0.3658718,0.36272216,0.35687992,0.36345106
2011-05-09 23:59:54,0.49907458,0.62111586,0.50844216,0.63724524,0.4800963,0.6437362
2011-05-10 23:59:54,0.03372517,0.2846908,0.034220453,0.291512,0.03251968,0.28301707
2011-05-11 23:59:54,0.58907026,0.03802987,0.5958656,0.038835328,0.6047261,0.039322507
2011-05-12 23:59:54,0.23316085,0.7867611,0.2347177,0.80056316,0.22927578,0.8260857
2011-05-13 23:59:54,0.68794364,0.43477514,0.6902469,0.44108415,0.7020042,0.44799393
2011-05-14 23:59:54,0.9531542,0.80418015,0.9547842,0.8151731,0.96551776,0.8127816
2011-05-16 00:05:54,0.91792643,0.118353605,0.9197215,0.11997089,0.9157242,0.11832888
2011-05-16 23:59:54,0.66444343,0.10982034,0.6651787,0.11128928,0.6360565,0.11346476
2011-05-17 23:53:54,0.96470827,0.38624385,0.96597403,0.39145565,0.9943033,0.40251365
2011-05-18 23:59:54,0.31176358,0.61991143,0.3124412,0.6291288,0.3223818,0.6370352
2011-05-19 23:59:54,0.5269002,0.2273957,0.52928525,0.23127285,0.5405695,0.24318248
2011-05-20 23:59:54,0.94863224,0.05167556,0.9554949,0.05272125,0.89913964,0.05315777
2011-05-21 23:59:54,0.9351619,0.7429342,0.9453105,0.76093477,0.9179238,0.7576538
2011-05-22 23:53:54,0.6358565,0.5699163,0.64440143,0.58458847,0.6429631,0.58808357
2011-05-24 23:59:54,0.31259888,0.3685337,0.31682286,0.37800625,0.31773072,0.38586092
2011-05-25 23:59:54,0.96764624,0.92510587,0.9808872,0.9488035,0.9932461,0.94360346
2011-05-26 23:59:54,0.81514454,0.8389105,0.8268574,0.8602155,0.80560535,0.8652105
2011-05-27 23:59:54,0.22569734,0.98223764,0.22811304,1.0050988,0.23293391,1.0366398
2011-05-28 23:59:54,0.19211066,0.03262775,0.19511744,0.033453427,0.2000086,0.033491228
2011-05-29 23:59:54,0.6184039,0.25286603,0.63200814,0.25986743,0.6487831,0.27126205
2011-05-30 23:59:54,0.5487812,0.70339954,0.5607534,0.72332734,0.551196,0.72331846
2011-05-31 23:59:54,0.5499435,0.87278134,0.56473744,0.9015108,0.59415954,0.9394381
2011-06-01 23:59:54,0.16411085,0.072406456,0.1695724,0.07516246,0.16384895,0.073828086
2011-06-02 23:59:54,0.8402682,0.031016475,0.8687789,0.032250013,0.8281835,0.032726783
2011-06-03 23:53:54,0.85380155,0.50894,0.88255626,0.5293099,0.84697926,0.5365717
2011-06-05 23:59:54,0.94141936,0.53581274,0.97004306,0.55579233,0.94751173,0.56716365
2011-06-06 23:53:54,0.38948596,0.9827917,0.39840692,1.012598,0.3750295,0.96859384
2011-06-08 23:59:54,0.660201,0.3884785,0.6664499,0.39575052,0.63887596,0.39869785
2011-06-09 23:59:54,0.4222078,0.29592317,0.42365998,0.30037537,0.41402242,0.32193676
2011-06-10 23:59:54,0.5890666,0.2539705,0.59063095,0.25784874,0.60898226,0.2671898
2011-06-11 23:59:54,0.2398475,0.40949252,0.24034013,0.41582906,0.23204032,0.42648128
2011-06-12 23:59:54,0.09926014,0.86333346,0.099530466,0.8775393,0.099878095,0.85821056
2011-06-13 23:53:54,0.3695208,0.4762966,0.37094828,0.48486444,0.3717791,0.47965702
2011-06-14 23:59:54,0.47396776,0.6842121,0.47719714,0.6971741,0.4836847,0.73190075
2011-06-15 23:59:54,0.24604428,0.3321929,0.24941908,0.34001565,0.24903202,0.3468517
2011-06-16 23:59:54,0.6379356,0.3237249,0.64996463,0.3325947,0.64028823,0.34121525
2011-06-17 23:59:54,0.5135148,0.6583266,0.5251173,0.6782846,0.5297759,0.7007813
2011-06-18 23:59:54,0.32056805,0.33571136,0.32904595,0.34744912,0.32594746,0.35629264
2011-06-19 23:59:54,0.33512282,0.3763249,0.34508952,0.39093632,0.3359118,0.3825462
2011-06-20 23:59:54,0.55971396,0.09741256,0.5755278,0.10106383,0.53587306,0.10027478
2011-06-21 23:59:54,0.13107167,0.8341165,0.13465984,0.86447924,0.13610116,0.88480455
2011-06-22 23:59:54,0.92722005,0.9035692,0.94962716,0.9336578,0.91868556,0.9566678
2011-06-23 23:59:54,0.9809722,0.58308524,1.0054075,0.60184497,0.97966933,0.63076615
2011-06-24 23:59:54,0.34495163,0.035569776,0.3526569,0.03660454,0.3686061,0.036787175
2011-06-25 23:59:54,0.8934009,0.36086994,0.9075056,0.36948955,0.8894571,0.39577246
2011-06-26 23:59:54,0.18696661,0.6377725,0.18916094,0.6513416,0.20031337,0.6624313
2011-06-27 23:59:54,0.98723423,0.72220945,0.99883735,0.7373901,1.0191821,0.7834067
2011-06-28 23:59:54,0.9319318,0.7903259,0.9434993,0.80787915,0.9692784,0.8134133
2011-06-29 23:59:54,0.7926671,0.4674978,0.8039545,0.47877896,0.8073865,0.47582746
2011-06-30 23:59:54,0.38106418,0.57538474,0.38821793,0.592457,0.3856298,0.5725994
2011-07-01 23:59:54,0.5444499,0.05072782,0.5546747,0.05225893,0.5388573,0.05490982
2011-07-02 23:53:54,0.95778954,0.7815653,0.9750375,0.80454713,0.9730277,0.7859822
2011-07-04 23:59:54,0.4501999,0.78507775,0.45582017,0.8044143,0.453174,0.8124789
2011-07-05 23:59:54,0.62520415,0.49063125,0.6304021,0.50071144,0.62955564,0.4957444
2011-07-06 23:59:54,0.1903656,0.15838479,0.19164595,0.16126893,0.18954417,0.17380619
2011-07-07 23:59:54,0.47098026,0.15254855,0.47312272,0.1549997,0.49091685,0.16141169
2011-07-08 23:59:54,0.9427967,0.6964622,0.948583,0.7086239,0.9382728,0.7503033
2011-07-09 23:53:54,0.26122886,0.21781501,0.2626184,0.22166757,0.26273513,0.22292277
2011-07-11 23:59:54,0.0589138,0.87504935,0.059494972,0.89402175,0.05788655,0.93145615
2011-07-12 23:59:54,0.3810895,0.6147034,0.38773155,0.63045144,0.3923351,0.6474177
2011-07-13 23:59:54,0.06922345,0.18313916,0.070711955,0.18853283,0.07093838,0.19253059
2011-07-14 23:59:54,0.2597119,0.6862511,0.26637417,0.7084795,0.27120605,0.7156893
2011-07-15 23:59:54,0.70697117,0.5906197,0.7288887,0.61289656,0.71535414,0.6289087
2011-07-16 23:59:54,0.25607133,0.6106133,0.26513368,0.6359887,0.2654127,0.6286465
2011-07-17 23:59:54,0.52008665,0.80943906,0.5399778,0.8450968,0.5488742,0.8176243
2011-07-18 23:59:54,0.38735574,0.6276347,0.40209153,0.6542338,0.3922966,0.6520808
2011-07-19 23:59:54,0.9017843,0.99195606,0.93035215,1.0286715,0.8976527,1.0335783
2011-07-20 23:59:54,0.74421364,0.46282038,0.7619029,0.47662002,0.75404984,0.4943057
2011-07-21 23:59:54,0.16803384,0.67079526,0.17136131,0.6883501,0.1731093,0.70582557
2011-07-22 23:59:54,0.4515646,0.3958097,0.45886266,0.40502682,0.4543626,0.4208427
2011-07-23 23:59:54,0.29790258,0.5322645,0.30128327,0.54349357,0.30601376,0.5591597
2011-07-24 23:59:54,0.9617173,0.9762944,0.9704505,0.99602526,0.9931012,0.9985523
2011-07-25 23:59:54,0.09709069,0.044452354,0.09807891,0.04536434,0.09517571,0.044856984
2011-07-26 23:59:54,0.5672379,0.86934334,0.5737903,0.8877011,0.5703886,0.896113
2011-07-27 23:59:54,0.07821837,0.4454354,0.07947495,0.45591468,0.082891114,0.48823372
2011-07-28 23:59:54,0.5945319,0.90518945,0.6077355,0.9295362,0.6058833,0.95550036
2011-07-29 23:59:54,0.66324276,0.45981145,0.67695796,0.47274402,0.69763416,0.47765186
2011-07-30 23:59:54,0.7743429,0.2926891,0.79179347,0.30144343,0.7711046,0.30622324
2011-07-31 23:59:54,0.10860529,0.5725137,0.111758925,0.59073836,0.11319063,0.60414684
2012-01-01 23:59:54,0.28114298,0.60488945,0.28931805,0.62792015,0.2665932,0.6108701
2012-01-02 23:59:54,0.33212152,0.6559687,0.3422158,0.6805929,0.3186696,0.6488754
2012-01-03 23:59:54,0.8368417,0.43782642,0.8658277,0.4546334,0.8275635,0.4367126
2012-01-04 23:59:54,0.20622091,0.30630124,0.2133396,0.31783032,0.19512402,0.30261546
2012-01-05 23:59:54,0.30355293,0.880852,0.3127805,0.9104763,0.29292408,0.8892282
2012-01-06 23:59:54,0.17630073,0.26126376,0.1816231,0.26824304,0.16621032,0.25185132
2012-01-07 23:59:54,0.16612904,0.15334874,0.16943344,0.15697819,0.15954342,0.15044372
2012-01-08 23:59:54,0.023176631,0.9559577,0.023612041,0.97674495,0.021914423,0.94120663
2012-01-09 23:59:54,0.51831245,0.48690757,0.5263389,0.49748,0.4938572,0.47643352
2012-01-10 23:59:54,0.032132264,0.6208464,0.03249114,0.63329947,0.03034202,0.6049068
2012-01-11 23:59:54,0.93479025,0.4761879,0.9435063,0.48504773,0.88460666,0.4642356
2012-01-12 23:59:54,0.7736352,0.73491204,0.78476846,0.7516697,0.75302213,0.71531683
2012-01-13 23:59:54,0.69323766,0.8996924,0.7051348,0.9222962,0.6635375,0.91923964
2012-01-14 23:59:54,0.31959748,0.101957425,0.32526454,0.1046059,0.30480433,0.10280061
2012-01-15 23:59:54,0.7422357,0.40105197,0.7599898,0.41247395,0.7034593,0.39759648
2012-01-16 23:59:54,0.060873054,0.44161737,0.06255913,0.4550746,0.058520187,0.43863255
2012-01-17 23:59:54,0.25621018,0.15628943,0.2636093,0.16117209,0.24582943,0.16090198
2012-01-18 23:59:54,0.25855255,0.7325454,0.26534313,0.7538548,0.24423558,0.73633856
2012-01-19 23:59:54,0.7592421,0.93444735,0.77566737,0.9606138,0.72853583,0.9146362
2012-01-20 23:59:54,0.68763125,0.21628706,0.70178205,0.22255053,0.65171343,0.21029578
2012-01-21 23:59:54,0.36952436,0.9296464,0.37726817,0.9544057,0.35868767,0.9309836
2012-01-22 23:59:54,0.1676063,0.8375424,0.17079848,0.8588317,0.16070057,0.843447
2012-01-23 23:53:54,0.3904342,0.92871773,0.39775315,0.9507208,0.3703577,0.9438295
2012-01-24 23:59:54,0.16564187,0.78694165,0.16781266,0.8018054,0.15749724,0.761916
2012-01-25 23:59:54,0.17242812,0.15098073,0.174495,0.15381344,0.16767488,0.1470102
2012-01-26 23:59:54,0.30360195,0.03299608,0.30692503,0.0336345,0.30330116,0.033401836
2012-01-27 23:53:54,0.26400697,0.05396538,0.26682824,0.055163577,0.25109488,0.054213088
2012-01-28 23:59:54,0.71593624,0.9036244,0.724711,0.92555,0.6886277,0.928481
2012-01-29 23:59:54,0.91589147,0.8796384,0.9301622,0.9038849,0.8682864,0.9289032
2012-01-30 23:59:54,0.5251905,0.7958847,0.53635025,0.8198879,0.49894378,0.8247057
2012-01-31 23:59:54,0.048980933,0.096804,0.049968317,0.09977882,0.046216622,0.09470628
2012-02-01 23:59:54,0.47156766,0.017065993,0.48067203,0.017575476,0.44928524,0.016753852
2012-02-02 23:59:54,0.41182142,0.12823509,0.4176611,0.13154392,0.38723615,0.13161081
2012-02-03 23:59:54,0.39466155,0.16073896,0.39877445,0.16419332,0.39411244,0.16543558
2012-02-04 23:59:54,0.044673212,0.5215184,0.04488399,0.5295813,0.042661592,0.5381681
2012-02-05 23:59:54,0.48379916,0.80128974,0.48541042,0.811575,0.45868346,0.8283594
2012-02-06 23:59:54,0.024701925,0.674104,0.024650171,0.68146694,0.023827462,0.6914417
2012-02-07 23:59:54,0.52897257,0.34011537,0.52572805,0.34303614,0.5040515,0.34168062
2012-02-08 23:59:54,0.56565005,0.44330707,0.56225324,0.4479685,0.5566709,0.43854088
2012-02-09 23:59:54,0.5867917,0.2635628,0.58609664,0.26711705,0.57244104,0.26880953
2012-02-10 23:59:54,0.50190914,0.311973,0.5011276,0.31658164,0.47511664,0.32724383
2012-02-11 23:59:54,0.39397335,0.5060564,0.39356163,0.5134562,0.3763869,0.5074226
2012-02-12 23:59:54,0.35855225,0.28204697,0.3592994,0.28694236,0.3434263,0.28685242
2012-02-13 23:59:54,0.4808152,0.5190224,0.48392275,0.5288265,0.45753306,0.54124975
2012-02-14 23:59:54,0.99238473,0.46131802,0.9979056,0.46948984,0.94803345,0.4722466
2012-02-15 23:59:54,0.40518656,0.40673852,0.40570763,0.4133372,0.39071473,0.42374948
2012-02-16 23:59:54,0.4041753,0.49311984,0.4032928,0.49948847,0.38806129,0.5097331
2012-02-17 23:59:54,0.072071694,0.7806495,0.07201186,0.7913917,0.068994895,0.80624646
2012-02-18 23:59:54,0.12889971,0.97737384,0.12846291,0.98942316,0.12361553,1.0083658
2012-02-19 23:59:54,0.8027713,0.23535831,0.8008106,0.23809807,0.7860528,0.2422713
2012-02-20 23:59:54,0.77227056,0.151058,0.77014476,0.15299931,0.75930953,0.15750144
2012-02-21 23:59:54,0.74138916,0.7202339,0.73609304,0.72864825,0.7124052,0.7024093
2012-02-22 23:59:54,0.12251662,0.38981524,0.12213265,0.39530978,0.11446345,0.40777647
2012-02-23 23:59:54,0.4318868,0.9137395,0.43127897,0.9270094,0.40758777,0.9092661
2012-02-24 23:59:54,0.4558604,0.52085155,0.45595697,0.52934265,0.4400503,0.5140169
2012-02-25 23:59:54,0.8752805,0.31239963,0.88001615,0.3190436,0.8262034,0.32866964
2012-02-26 23:59:54,0.48832053,0.11479417,0.49277738,0.11758066,0.46720994,0.121870555
2012-02-27 23:59:54,0.88454354,0.7823494,0.89505213,0.8038057,0.8495383,0.7963631
2012-02-28 23:59:54,0.20402019,0.4826555,0.20618697,0.4955223,0.19330858,0.48136368
2012-02-29 23:59:54,0.20192677,0.64712733,0.20378439,0.6639272,0.19681892,0.66735256
2012-03-01 23:53:54,0.36980814,0.28179422,0.37166244,0.28828976,0.35416707,0.28271976
2012-03-02 23:59:54,0.5374879,0.966667,0.5375126,0.98435336,0.52053934,0.9866034
2012-03-03 23:59:54,0.09504481,0.83094966,0.09492061,0.8428938,0.09302919,0.8281635
2012-03-04 23:53:54,0.20765458,0.22851457,0.20786807,0.23159753,0.20041348,0.23345926
2012-03-05 23:59:54,0.14711538,0.45288318,0.14707382,0.4587565,0.14085804,0.44286665
2012-03-06 23:59:54,0.33134457,0.14142258,0.3308693,0.1434627,0.32001853,0.14194997
2012-03-07 23:59:54,0.9067554,0.9165651,0.90469205,0.9297846,0.8612604,0.89164925
2012-03-08 23:59:54,0.46252906,0.13074091,0.46186277,0.1329739,0.43828648,0.12964112
2012-03-09 23:59:54,0.52646077,0.20242725,0.5257272,0.20584862,0.51556283,0.199117
2012-03-10 23:59:54,0.2316056,0.47542644,0.23119922,0.48212346,0.22696777,0.48357278
2012-03-11 23:53:54,0.834208,0.55684173,0.83246386,0.56373507,0.78788775,0.54358745
2012-03-12 23:59:54,0.22534859,0.7659569,0.22475511,0.7746174,0.21862598,0.7761371
2012-03-13 23:59:54,0.85812974,0.82927966,0.85349816,0.8382531,0.79558676,0.85576946
2012-03-14 23:59:54,0.18603909,0.43014643,0.18418236,0.43453386,0.17733824,0.4404775
2012-03-15 23:59:54,0.23745114,0.627254,0.23424037,0.63323414,0.23153235,0.6348487
2012-03-16 23:59:54,0.21670814,0.5881464,0.21352154,0.5924435,0.20250961,0.5863946
2012-03-17 23:59:54,0.059241563,0.7915101,0.05826816,0.79612523,0.057283595,0.79538125
2012-03-18 23:59:54,0.48476374,0.16303736,0.47707686,0.16381158,0.47701815,0.16888562
2012-03-19 23:59:54,0.14497551,0.68981135,0.142716,0.69151306,0.13799609,0.7154532
2012-03-20 23:59:54,0.35392505,0.26236087,0.34710836,0.26301116,0.33616754,0.26585764
2012-03-21 23:59:54,0.29540306,0.57756853,0.29016688,0.57937753,0.2774495,0.5780594
2012-03-22 23:59:54,0.6172283,0.7879462,0.60644615,0.79168755,0.5909739,0.7856889
2012-03-23 23:53:54,0.95789605,0.8690082,0.947301,0.8762318,0.9017786,0.90046984
2012-03-24 23:59:54,0.21484561,0.7345658,0.21276882,0.7427334,0.20820776,0.7374785
2012-03-25 23:59:54,0.85175174,0.7617069,0.8465834,0.7713101,0.7997807,0.76608014
2012-03-26 23:59:54,0.73352504,0.75020146,0.7304587,0.7622207,0.69060344,0.76487094
2012-03-27 23:53:54,0.014274416,0.04039377,0.014259177,0.041130647,0.0134011395,0.041215573
2012-03-28 23:59:54,0.22909561,0.37377948,0.2279577,0.37992415,0.21413691,0.3831539
2012-03-29 23:59:54,0.38684675,0.59649134,0.3843889,0.60496217,0.36919606,0.6121514
2012-03-30 23:59:54,0.75897455,0.64428055,0.7547412,0.65160894,0.7368509,0.6590285
2012-03-31 23:59:54,0.48041305,0.740354,0.47684076,0.74765295,0.45493245,0.74155456
2012-04-01 23:59:54,0.70587635,0.708772,0.69807464,0.71525913,0.68532836,0.7086852
2012-04-02 23:59:54,0.9175226,0.21469484,0.9038318,0.21644579,0.8513426,0.2245322
2012-04-03 23:59:54,0.0101173585,0.5550313,0.009932812,0.558569,0.009488389,0.5637571
2012-04-04 23:59:54,0.84442574,0.9523982,0.82735974,0.95755535,0.7786951,0.9125852
2012-04-05 23:59:54,0.7636368,0.6622656,0.7487957,0.6648698,0.72212255,0.6879476
2012-04-06 23:59:54,0.4105605,0.91954243,0.40116557,0.92041564,0.374104,0.90293574
2012-04-07 23:53:54,0.96491194,0.20546347,0.9399974,0.20494579,0.91537684,0.20592126
2012-04-08 23:59:54,0.48529437,0.84196866,0.47117025,0.8378135,0.46323732,0.8554172
2012-04-09 23:59:54,0.48794746,0.61843085,0.49339077,0.6151019,0.47170904,0.6488752
2012-04-10 23:59:54,0.8602863,0.15961,0.8703825,0.16172458,0.82597697,0.1629755
2012-04-11 23:59:54,0.27278626,0.68761176,0.26060015,0.65586525,0.25408235,0.6641981
2012-04-12 23:59:54,0.037121672,0.24242783,0.035883356,0.23511223,0.03424222,0.2348191
2012-04-13 23:53:54,0.24391133,0.6109398,0.2367733,0.5942527,0.22772917,0.59207463
2012-04-14 23:59:54,0.446093,0.052008253,0.4347127,0.05066132,0.41230097,0.05069837
2012-04-15 23:59:54,0.7628055,0.5304295,0.74748737,0.51886934,0.7162971,0.5196597
2012-04-16 23:53:54,0.9930771,0.12467122,0.97924715,0.12241896,0.9305279,0.12318667
2012-04-17 23:59:54,0.31195888,0.7635719,0.30874005,0.75240374,0.290288,0.7620598
2012-04-18 23:59:54,0.31639197,0.05093141,0.31512883,0.05044645,0.2995156,0.05146912
2012-04-19 23:59:54,0.774026,0.29720983,0.7759483,0.2960763,0.7074521,0.28487855
2012-04-20 23:59:54,0.52607566,0.031911198,0.5283984,0.03187988,0.4953174,0.031813376
2012-04-21 23:59:54,0.081945926,0.77128065,0.08270794,0.7744843,0.07494499,0.76629287
2012-04-22 23:59:54,0.14860961,0.6224584,0.14916813,0.6230478,0.14367446,0.622887
2012-04-23 23:59:54,0.6743655,0.7185837,0.67537713,0.71830344,0.6517201,0.7058558
2012-04-24 23:59:54,0.3142923,0.6220981,0.31492737,0.62044424,0.30028945,0.6131314
2012-04-25 23:59:54,0.4270497,0.21146783,0.42717466,0.21022503,0.41491672,0.20797439
2012-04-26 23:59:54,0.5932024,0.6074049,0.5928714,0.6031715,0.5699308,0.60668427
2012-04-27 23:59:54,0.34371823,0.3744632,0.34303063,0.3718745,0.3362532,0.37152612
2012-04-28 23:59:54,0.6743308,0.86587733,0.67302763,0.86043406,0.6394005,0.8675925
2012-04-29 23:59:54,0.80739194,0.052799698,0.8060495,0.05256174,0.7579539,0.053140733
2012-04-30 23:59:54,0.48052865,0.014709503,0.4786386,0.014670846,0.45873374,0.014603018
2012-05-01 23:59:54,0.97478044,0.057067804,0.97997326,0.057443693,0.9594433,0.056288872
2012-05-02 23:59:54,0.3308941,0.23706609,0.3327961,0.23916176,0.3225451,0.24762502
2012-05-03 23:53:54,0.39171746,0.10309145,0.39584872,0.10410594,0.37717643,0.1020978
2012-05-04 23:59:54,0.096354626,0.7347707,0.097300895,0.7404209,0.09490653,0.7187473
2012-05-05 23:53:54,0.26408997,0.33133322,0.2666317,0.33405414,0.25508377,0.3361747
2012-05-06 23:59:54,0.28505677,0.49951306,0.28732368,0.5034376,0.2726873,0.5091973
2012-05-07 23:59:54,0.68912816,0.6264965,0.69834816,0.6342692,0.6632926,0.61095446
2012-05-08 23:59:54,0.75866944,0.42667165,0.7696795,0.43246102,0.74643433,0.4451334
2012-05-09 23:59:54,0.5796849,0.24063675,0.59176266,0.24474634,0.5527201,0.24625073
2012-05-10 23:59:54,0.91720283,0.38367116,0.9354948,0.39089593,0.9018523,0.38247153
2012-05-11 23:59:54,0.10489911,0.15225331,0.1076498,0.15551887,0.10274731,0.15240294
2012-05-12 23:59:54,0.36198223,0.5363536,0.37126243,0.549034,0.3556636,0.5479208
2012-05-13 23:59:54,0.3668646,0.7056565,0.3776793,0.72284454,0.36094445,0.72832435
2012-05-14 23:59:54,0.66550976,0.05287589,0.6883703,0.054317538,0.65660655,0.054114364
2012-05-15 23:59:54,0.9663538,0.96548074,1.0024356,0.99396104,0.9411167,0.9712068
2012-05-16 23:59:54,0.09087431,0.45579624,0.09433877,0.47081125,0.08721579,0.4521383
2012-05-17 23:59:54,0.3770321,0.5654977,0.3916481,0.5859905,0.37520283,0.5706983
2012-05-18 23:59:54,0.243166,0.74825615,0.25214723,0.7749039,0.24270104,0.75374234
2012-05-19 23:59:54,0.0482918,0.66289556,0.05001747,0.6853222,0.048678536,0.6611351
2012-05-20 23:59:54,0.5951115,0.5308389,0.61610353,0.5474281,0.5949656,0.52502716
2012-05-21 23:53:54,0.04557602,0.61311525,0.047217887,0.6320433,0.04531175,0.6385318
2012-05-22 23:59:54,0.3883607,0.42285252,0.40046218,0.4339796,0.3879685,0.4428487
2012-05-23 23:59:54,0.594582,0.7916274,0.60989076,0.810909,0.59360987,0.7898358
2012-05-25 23:59:54,0.8735319,0.54732877,0.89577484,0.56103545,0.8854135,0.54331964
2012-05-26 23:59:54,0.79537344,0.80645376,0.8151014,0.8265247,0.78225017,0.79367745
2012-05-27 23:59:54,0.43708435,0.40017223,0.44698653,0.41014266,0.4225172,0.39272374
2012-05-28 23:53:54,0.34947094,0.8214371,0.35699743,0.84222364,0.33221912,0.8360752
2012-05-30 23:59:54,0.3610181,0.82654476,0.36784688,0.8461927,0.35200116,0.85605323
2012-05-31 23:59:54,0.76675916,0.19016321,0.7834343,0.19461296,0.7553285,0.18754739
2012-06-01 23:59:54,0.08013165,0.6303662,0.082540356,0.64688444,0.07908867,0.6426212
2012-06-02 23:59:54,0.08325569,0.8149513,0.08644025,0.84008944,0.08225362,0.8340551
2012-06-03 23:53:54,0.24546733,0.39922157,0.25486723,0.41343653,0.24876262,0.40738818
2012-06-04 23:59:54,0.8822191,0.9846574,0.91972786,1.0244764,0.8729527,1.001075
2012-06-06 23:59:54,0.6426772,0.4473893,0.6737819,0.46774992,0.63630956,0.45437482
2012-06-07 23:59:54,0.5934865,0.7473501,0.6197734,0.7793942,0.579494,0.7493465
2012-06-08 23:59:54,0.88261586,0.15409933,0.9212513,0.16013195,0.8691179,0.15093903
2012-06-09 23:59:54,0.17354788,0.3819396,0.18100734,0.39518392,0.17205876,0.3963565
2012-06-10 23:59:54,0.5220363,0.8963991,0.54510593,0.9271932,0.51399297,0.9186288
2012-06-11 23:59:54,0.23500533,0.7159549,0.24588536,0.7430461,0.23072335,0.7347517
2012-06-12 23:59:54,0.02684,0.2246313,0.027883705,0.23316865,0.027081799,0.22668652
2012-06-13 23:53:54,0.8591399,0.8708266,0.89157414,0.9055522,0.843246,0.90059334
2012-06-14 23:59:54,0.023865296,0.24722838,0.02483557,0.257693,0.023204528,0.24741876
2012-06-15 23:53:54,0.10967645,0.7839061,0.11367349,0.8150946,0.10685164,0.808008
2012-06-16 23:59:54,0.70645523,0.5829207,0.72852224,0.6021696,0.7046119,0.58882886
2012-06-17 23:59:54,0.32933173,0.16537909,0.3377569,0.16961634,0.3210167,0.17274837
2012-06-18 23:59:54,0.9030329,0.84306073,0.9179893,0.8591632,0.9052368,0.8655486
2012-06-19 23:59:54,0.10993586,0.42806852,0.11100686,0.4345184,0.10763544,0.44313914
2012-06-20 23:59:54,0.6343352,0.18142784,0.6378347,0.184047,0.621324,0.18367139
2012-06-21 23:59:54,0.65667164,0.20510612,0.65957355,0.20785876,0.6485988,0.21127361
2012-06-22 23:59:54,0.5848457,0.07783793,0.5858446,0.07890528,0.5871908,0.07720376
2012-06-23 23:59:54,0.7364081,0.674534,0.73925114,0.6848881,0.7345143,0.7040596
2012-06-24 23:59:54,0.671838,0.5055332,0.67569876,0.51350844,0.68473876,0.5192735
2012-06-25 23:59:54,0.01676693,0.42668027,0.016864067,0.4338687,0.016586585,0.43879703
2012-06-26 23:59:54,0.41748336,0.52859044,0.4222941,0.5393693,0.41536298,0.53164893
2012-06-27 23:59:54,0.8469473,0.46145636,0.86377627,0.47252387,0.8466902,0.46636662
2012-06-28 23:59:54,0.12431027,0.5438391,0.1274045,0.55889374,0.12567571,0.54723686
2012-06-29 23:59:54,0.9749059,0.03220464,1.0058479,0.033277955,0.9581196,0.033213485
2012-06-30 23:59:54,0.67997175,0.90038246,0.704085,0.93381494,0.6919866,0.9161652
2012-07-01 23:53:53,0.32082295,0.2807809,0.33377925,0.2929564,0.3133363,0.28889084
2012-07-02 23:59:53,0.8063334,0.28795883,0.85612774,0.3020414,0.7689788,0.28880942
2012-07-03 23:59:53,0.4208291,0.87262857,0.44072843,0.9133448,0.41868976,0.85602593
2012-07-04 23:59:53,0.15913948,0.81324273,0.16641073,0.84936553,0.1560874,0.8294453
2012-07-05 23:59:53,0.83557546,0.10005647,0.8718982,0.10397278,0.84437263,0.10284618
2012-07-06 23:59:53,0.055591203,0.5375565,0.058486465,0.55930007,0.055445194,0.5617904
2012-07-07 23:59:53,0.38386512,0.48512748,0.40457007,0.50521314,0.389619,0.5065424
2012-07-08 23:59:53,0.05970436,0.9978034,0.062731005,1.0432092,0.061569266,1.0019231
2012-07-09 23:59:53,0.8271238,0.19466779,0.8694157,0.20423828,0.84430546,0.19939984
2012-07-10 23:59:53,0.2440425,0.266152,0.25610563,0.280314,0.24114355,0.2773398
2012-07-11 23:59:53,0.50439,0.942933,0.5289713,0.99294275,0.50577897,0.9633002
2012-07-12 23:59:53,0.95885473,0.41951054,1.0070508,0.44177717,0.9467624,0.43035886
2012-07-13 23:59:53,0.36831948,0.41827518,0.38419917,0.43692815,0.37352073,0.43201417
2012-07-14 23:59:53,0.96090627,0.025823401,0.996089,0.026799483,0.9932583,0.02701615
2012-07-15 23:59:53,0.9813226,0.8219109,1.0105016,0.8448673,0.9810511,0.85063034
2012-07-16 23:53:53,0.12035898,0.5599292,0.12279482,0.57236415,0.118908845,0.5613978
2012-07-17 23:59:53,0.7554379,0.58232933,0.7640478,0.5923177,0.7461447,0.5686981
2012-07-18 23:53:53,0.8651967,0.18165141,0.86655957,0.18420155,0.8499579,0.18920392
2012-07-19 23:59:53,0.70356345,0.81851214,0.7037594,0.83064306,0.69964164,0.8387004
2012-07-20 23:59:53,0.17570013,0.48219472,0.17639059,0.49037156,0.17137112,0.47945103
2012-07-21 23:53:53,0.8890762,0.26938748,0.8929579,0.27392954,0.90655595,0.2797438
2012-07-22 23:59:53,0.7163525,0.60135615,0.7197105,0.6128953,0.7157509,0.60115093
2012-07-23 23:59:53,0.62222075,0.2925393,0.627923,0.29899922,0.6373099,0.30162406
2012-07-24 23:59:53,0.67452025,0.515622,0.6859339,0.5289065,0.66547227,0.5181302
2012-07-25 23:59:53,0.08944741,0.39357936,0.09178222,0.4061298,0.090378694,0.40054107
2012-07-26 23:59:53,0.7375908,0.9959705,0.76259506,1.0320685,0.7342998,1.0424049
2012-07-27 23:59:53,0.27185255,0.07094269,0.2829325,0.074012294,0.27375063,0.07214657
2012-07-28 23:59:53,0.1967954,0.6066311,0.2050409,0.6353924,0.19874485,0.62894493
2012-07-29 23:59:53,0.6012676,0.32652044,0.6292417,0.343506,0.6026622,0.33163658
2012-07-30 23:59:53,0.20922966,0.08309808,0.2195592,0.08754878,0.20022206,0.07943293
2012-07-31 23:59:53,0.1719156,0.21135998,0.18071105,0.22287259,0.17420043,0.21760535
2013-01-01 23:59:53,0.4878162,0.1571021,0.49340078,0.16000326,0.46501684,0.15383425
2013-01-02 23:59:53,0.36308298,0.39471534,0.36927623,0.402538,0.35995325,0.38669625
2013-01-03 23:59:53,0.7701656,0.6106977,0.7849357,0.6234452,0.76179075,0.570694
2013-01-04 23:59:53,0.32364762,0.51334333,0.33032072,0.5249221,0.30990422,0.5024631
2013-01-05 23:59:53,0.68641394,0.78898007,0.70016223,0.80747914,0.65587604,0.81048876
2013-01-06 23:59:53,0.6465522,0.65115136,0.6606606,0.66784376,0.6400509,0.63236874
2013-01-07 23:59:53,0.32425877,0.46293512,0.3330619,0.47672504,0.32030186,0.44668743
2013-01-08 23:59:53,0.046645083,0.88907844,0.048066653,0.9185728,0.045233935,0.8826756
2013-01-09 23:59:53,0.95225394,0.23573856,0.98497057,0.24409297,0.9137491,0.23060733
2013-01-10 23:59:53,0.116828725,0.38762358,0.1213598,0.4017942,0.11430878,0.38802096
2013-01-11 23:59:53,0.5020894,0.9894443,0.52099586,1.0262421,0.4693702,0.96495026
2013-01-12 23:59:53,0.61031127,0.3117118,0.63195306,0.32334358,0.59855646,0.30386558
2013-01-13 23:59:53,0.25266224,0.42475685,0.26106408,0.43990326,0.237911,0.4202837
2013-01-14 23:59:53,0.17114043,0.23445809,0.1757618,0.24176861,0.16512528,0.22942178
2013-01-15 23:59:53,0.11955346,0.39158067,0.12247404,0.4030082,0.11273768,0.36408445
2013-01-16 23:59:53,0.14316611,0.2180388,0.14570072,0.22309062,0.13693184,0.21666548
2013-01-17 23:59:53,0.59374243,0.5796756,0.59911215,0.59008527,0.56263113,0.58039814
2013-01-18 23:59:53,0.7241549,0.18068601,0.72660893,0.18273546,0.6818082,0.1770029
2013-01-19 23:59:53,0.5836785,0.24014565,0.5815231,0.24209169,0.54794115,0.22751054
2013-01-20 23:59:53,0.019295251,0.24498014,0.01917809,0.24614236,0.018460587,0.23752323
2013-01-21 23:59:53,0.40875137,0.033038706,0.40623814,0.033147063,0.3911703,0.031805374
2013-01-22 23:59:53,0.2448566,0.7782523,0.24321268,0.7801202,0.23235285,0.7382505
2013-01-23 23:59:53,0.41305852,0.35332137,0.40879217,0.35352078,0.39755183,0.34913567
2013-01-24 23:59:53,0.14198947,0.944321,0.1407147,0.9465378,0.13629662,0.8715862
2013-01-25 23:59:53,0.9405652,0.017109122,0.93421054,0.017173216,0.8982283,0.017190218
2013-01-26 23:59:53,0.19241828,0.5080596,0.19095138,0.51013756,0.18143682,0.49115184
2013-01-27 23:53:53,0.70206183,0.6685393,0.6967327,0.67310524,0.6819428,0.6452351
2013-01-28 23:59:53,0.48388436,0.13747115,0.47991222,0.1383,0.4450224,0.139206
2013-01-29 23:59:53,0.7592209,0.91447735,0.75361496,0.9204855,0.7183722,0.8805441
2013-01-30 23:59:53,0.3010256,0.31429046,0.29884133,0.31604454,0.28556004,0.3141702
2013-01-31 23:59:53,0.46359667,0.7689682,0.45942673,0.771506,0.4346633,0.7614919
2013-02-01 23:53:53,0.52248305,0.45464402,0.5183059,0.45648408,0.49889112,0.46500272
2013-02-02 23:59:53,0.7263427,0.07394501,0.72175246,0.07436898,0.7062625,0.073860615
2013-02-03 23:59:53,0.40440968,0.41789228,0.4025664,0.4209712,0.39165023,0.4168598
2013-02-04 23:59:53,0.82695806,0.7341752,0.82784516,0.7428742,0.79719734,0.74366856
2013-02-05 23:59:53,0.60505664,0.8140888,0.60786176,0.82594544,0.586039,0.8052365
2013-02-06 23:59:53,0.48801655,0.78495204,0.492066,0.7992428,0.4847014,0.78066576
2013-02-07 23:59:53,0.07283411,0.7819844,0.07381895,0.8001953,0.0695796,0.80412966
2013-02-08 23:59:53,0.23920147,0.9532169,0.24276009,0.97726995,0.22822323,0.96142
2013-02-09 23:59:53,0.45419157,0.26345026,0.46121296,0.2701246,0.4255376,0.26495945
2013-02-10 23:59:53,0.5548796,0.5160929,0.5618408,0.52832246,0.5307758,0.5013529
2013-02-11 23:59:53,0.88546926,0.7274846,0.89568406,0.7434015,0.85658944,0.72525495
2013-02-12 23:59:53,0.88678515,0.52428305,0.89342487,0.53400046,0.82671946,0.5117918
2013-02-13 23:59:53,0.82548237,0.2941805,0.82693344,0.29819596,0.8001556,0.28949055
2013-02-14 23:59:53,0.08381083,0.79024076,0.08361333,0.79844683,0.08072808,0.7932002
2013-02-15 23:59:53,0.60439456,0.17418921,0.6024029,0.17661716,0.5991472,0.179731
2013-02-16 23:59:53,0.56386125,0.058778133,0.5619292,0.059260923,0.5630544,0.057753548
2013-02-17 23:59:53,0.18989989,0.3212045,0.18940824,0.32323477,0.17928897,0.31623432
2013-02-18 23:59:53,0.45057207,0.57106,0.4507207,0.57648605,0.44465646,0.57608145
2013-02-19 23:53:53,0.086850144,0.24997188,0.08668302,0.2522873,0.08472762,0.25324
2013-02-20 23:59:53,0.7414098,0.6143778,0.7394709,0.62060666,0.70839155,0.6320823
2013-02-21 23:59:53,0.094887264,0.77692133,0.09448452,0.78441566,0.09295219,0.77103585
2013-02-22 23:59:53,0.8764306,0.8994639,0.86776406,0.906629,0.86372757,0.8825797
2013-02-23 23:59:53,0.34121308,0.6491217,0.33741388,0.6528238,0.3383409,0.6422052
2013-02-24 23:59:53,0.17327897,0.82821584,0.17098455,0.83087534,0.16733877,0.81388587
2013-02-25 23:59:53,0.67556953,0.44971076,0.6679809,0.45116916,0.6635911,0.45694268
2013-02-26 23:59:53,0.25079745,0.20184165,0.24816394,0.20267919,0.2451165,0.20087309
2013-02-27 23:59:53,0.75902486,0.36612195,0.750687,0.36788654,0.73759717,0.37864038
2013-02-28 23:53:53,0.84290695,0.0530486,0.8343455,0.0533182,0.82016736,0.05350332
2013-03-01 23:59:53,0.38239866,0.5377242,0.3799044,0.542415,0.37044808,0.5427376
2013-03-02 23:59:53,0.25043687,0.47538126,0.25042644,0.48157153,0.2390952,0.4675967
2013-03-03 23:59:53,0.8213578,0.23822586,0.8267709,0.24256872,0.7882177,0.24883458
2013-03-04 23:59:53,0.73388827,0.7379003,0.7441516,0.75483626,0.7141471,0.7426811
2013-03-05 23:59:53,0.63442546,0.32209548,0.64700574,0.33129823,0.61839,0.33724084
2013-03-06 23:59:53,0.36990258,0.75392,0.37793386,0.7779381,0.35782495,0.7758957
2013-03-07 23:59:53,0.28787577,0.014225836,0.29393002,0.014696025,0.2796516,0.0137132425
2013-03-08 23:59:53,0.54023015,0.86647254,0.5524503,0.8970363,0.53129834,0.85119915
2013-03-09 23:59:53,0.98598355,0.76959234,1.0069219,0.7963712,0.9134339,0.778392
2013-03-10 23:59:53,0.36843705,0.9684377,0.37695345,1.0006214,0.37043855,0.9623118
2013-03-11 23:59:53,0.859266,0.30525565,0.87682426,0.3140019,0.8276559,0.31874618
2013-03-12 23:59:53,0.17859305,0.69117373,0.18245074,0.7109194,0.16954021,0.6835272
2013-03-13 23:59:53,0.23674022,0.64005554,0.24072236,0.6566233,0.22800994,0.64630586
2013-03-14 23:59:53,0.34195882,0.68542165,0.34581637,0.70041984,0.330631,0.69157696
2013-03-15 23:59:53,0.80239534,0.508838,0.81103957,0.5195643,0.7548895,0.51954025
2013-03-16 23:59:53,0.32387447,0.2652572,0.32548878,0.26964244,0.3079927,0.26884875
2013-03-17 23:59:53,0.7985718,0.08368505,0.7997538,0.08484815,0.7741915,0.08207162
2013-03-18 23:59:53,0.104329824,0.34123957,0.103592634,0.34428072,0.10298977,0.3421586
2013-03-19 23:59:53,0.25599185,0.2706608,0.25418717,0.27300987,0.2482877,0.2720846
2013-03-20 23:59:53,0.106552914,0.11028443,0.10532409,0.1108869,0.1027465,0.111545585
2013-03-21 23:59:53,0.73667675,0.13075401,0.72619635,0.1313434,0.7209615,0.13372715
2013-03-22 23:59:53,0.6559512,0.61401784,0.64570576,0.6165169,0.6360258,0.61961895
2013-03-23 23:59:53,0.39558175,0.29498136,0.3885371,0.29542816,0.37330082,0.29732856
2013-03-24 23:59:53,0.61316675,0.9636636,0.60289997,0.9660044,0.605562,0.9781488
2013-03-25 23:59:53,0.18502338,0.3627702,0.18196505,0.364248,0.17898315,0.37026614
2013-03-26 23:53:53,0.47400436,0.59063625,0.4662029,0.5938029,0.46167886,0.6025906
2013-03-27 23:59:53,0.46740514,0.053942464,0.4615066,0.05437645,0.45197073,0.0528371
2013-03-28 23:59:53,0.88104427,0.80160594,0.8729468,0.8098275,0.8719742,0.79488003
2013-03-29 23:59:53,0.48458156,0.6493676,0.48205328,0.65771097,0.47178474,0.6479454
2013-03-30 23:53:53,0.6463975,0.10583259,0.64525586,0.10741006,0.61457276,0.106960505
2013-03-31 23:59:53,0.17689452,0.09801299,0.17772615,0.0998932,0.17639366,0.100486964
2013-04-01 23:59:53,0.38286203,0.6406041,0.3872426,0.6563046,0.37692982,0.6385573
2013-04-02 23:59:53,0.16735457,0.43102232,0.1703067,0.44359252,0.16174273,0.43924585
2013-04-03 23:59:53,0.11605434,0.84615904,0.11846548,0.8753548,0.112288915,0.83143544
2013-04-04 23:59:53,0.1867601,0.6964363,0.19092833,0.7233716,0.18010062,0.693256
2013-04-05 23:59:53,0.49882492,0.6262685,0.5117131,0.6512154,0.49166697,0.63559455
2013-04-06 23:59:53,0.67984235,0.011482564,0.699265,0.01196612,0.6628907,0.011738312
2013-04-07 23:59:53,0.66060084,0.54741234,0.68104553,0.57013565,0.6242974,0.55790645
2013-04-08 23:59:53,0.4644808,0.5013012,0.47880834,0.520789,0.44879365,0.514668
2013-04-09 23:59:53,0.65429664,0.81821626,0.670949,0.8473854,0.65711206,0.8333138
2013-04-10 23:59:53,0.26991534,0.27935362,0.27484307,0.28767523,0.24921668,0.27905244
2013-04-11 23:59:53,0.49216348,0.4106362,0.49788496,0.42080605,0.47502595,0.41874692
2013-04-12 23:53:53,0.52300644,0.3902447,0.52477515,0.39857098,0.5007307,0.3861765
2013-04-13 23:59:53,0.34567583,0.7835728,0.3461154,0.79866266,0.3366596,0.783813
2013-04-14 23:59:53,0.17373113,0.8943604,0.1727397,0.90666294,0.16943005,0.9070966
2013-04-15 23:59:53,0.42360926,0.15133502,0.42032307,0.15288872,0.40981266,0.1522139
2013-04-16 23:59:53,0.70605665,0.058449376,0.6977561,0.058933128,0.67513484,0.059662856
2013-04-18 00:05:53,0.24453321,0.3707516,0.23961584,0.37214053,0.23318188,0.35934976
2013-04-18 23:59:53,0.6890678,0.39653397,0.6730598,0.39731473,0.68452835,0.39503047
2013-04-19 23:59:53,0.604055,0.36223614,0.59248734,0.36300814,0.58007836,0.36044034
2013-04-20 23:59:53,0.57154036,0.03741249,0.56218106,0.03755638,0.56256086,0.038027853
2013-04-21 23:59:53,0.15179825,0.8861747,0.14923799,0.8892784,0.14865561,0.87028503
2013-04-22 23:53:53,0.22988465,0.638646,0.22603881,0.64140093,0.22470634,0.6275874
2013-04-23 23:59:53,0.33242056,0.54299384,0.32758188,0.54682183,0.32186618,0.5550835
2013-04-24 23:59:53,0.9398537,0.79788077,0.92982304,0.80606633,0.93126434,0.7889186
2013-04-25 23:59:53,0.5343494,0.63606024,0.53175324,0.64655924,0.50898194,0.6215772
2013-04-26 23:59:53,0.04176879,0.4872998,0.04177053,0.49710175,0.0408131,0.5022286
2013-04-27 23:59:53,0.08124504,0.8839242,0.082051344,0.9082248,0.08033346,0.91388077
2013-04-28 23:53:53,0.18372416,0.67371273,0.18714903,0.6962551,0.17613956,0.6857325
2013-04-29 23:59:53,0.61567044,0.8972202,0.63313895,0.9335192,0.604341,0.9061028
2013-04-30 23:59:53,0.07930592,0.25617754,0.08168384,0.26729316,0.07680519,0.25863436
2013-05-01 23:59:53,0.89742553,0.3306696,0.9499793,0.34559458,0.8985034,0.33353806
2013-05-02 23:59:53,0.4492372,0.78069043,0.46992528,0.8207807,0.43349445,0.7632082
2013-05-03 23:59:53,0.49844724,0.021290762,0.52143705,0.022269852,0.5057587,0.020980593
2013-05-04 23:59:53,0.80268717,0.97833633,0.83650726,1.0186392,0.81317055,0.9914405
2013-05-05 23:59:53,0.46617174,0.502507,0.48478845,0.52250725,0.46286783,0.52430975
2013-05-06 23:59:53,0.58529544,0.21125217,0.60530806,0.21889761,0.58486617,0.21730159
2013-05-07 23:59:53,0.22413081,0.79035646,0.23091283,0.8162481,0.21965256,0.78276503
2013-05-08 23:59:53,0.8402723,0.19047461,0.8599165,0.1959248,0.83029324,0.19334017
2013-05-09 23:59:53,0.14013034,0.26589784,0.14269812,0.27202025,0.13858321,0.2575242
2013-05-10 23:59:53,0.48869282,0.23631924,0.49589905,0.2410838,0.4866947,0.22787786
2013-05-11 23:59:53,0.042236183,0.36662048,0.04303964,0.37449047,0.041532148,0.35839146
2013-05-12 23:59:53,0.12779081,0.1510659,0.13069081,0.15479691,0.1282071,0.15210803
2013-05-13 23:59:53,0.88947815,0.37675002,0.91260076,0.38797075,0.87216944,0.38256603
2013-05-14 23:59:53,0.564233,0.5752963,0.58372754,0.59642833,0.5437348,0.5716087
2013-05-15 23:59:53,0.8253384,0.5111987,0.8579957,0.5331276,0.77751905,0.47751653
2013-05-16 23:59:53,0.57783127,0.70239925,0.60007095,0.7325639,0.5525962,0.68432945
2013-05-17 23:59:53,0.17426145,0.5886484,0.18083204,0.6128892,0.1717651,0.5849005
2013-05-18 23:59:53,0.045951743,0.32896915,0.047424857,0.34019727,0.045376047,0.3336848
2013-05-19 23:59:53,0.56549144,0.5760343,0.57833904,0.590574,0.54606116,0.57761127
2013-05-20 23:59:53,0.5432969,0.013646912,0.55240226,0.013901079,0.53613764,0.013910568
2013-05-21 23:59:53,0.95330125,0.784875,0.97232634,0.7999818,0.94962853,0.7673831
2013-05-22 23:59:53,0.7403465,0.6018567,0.7544193,0.61428195,0.714832,0.6220573
2013-05-23 23:59:53,0.23761469,0.74750346,0.24191225,0.7649771,0.23466015,0.7273701
2013-05-24 23:59:53,0.9785241,0.6054249,0.99787736,0.62211615,0.9545945,0.5776825
2013-05-25 23:59:53,0.6012107,0.5460348,0.6163,0.56353325,0.5797977,0.5532266
2013-05-26 23:59:53,0.018970894,0.6960001,0.019523308,0.7199671,0.01859116,0.653018
2013-05-27 23:59:53,0.33155817,0.5191302,0.34106207,0.5365413,0.329538,0.5162767
2013-05-28 23:59:53,0.4612197,0.3165553,0.47451386,0.32669827,0.4454184,0.30869564
2013-05-29 23:59:53,0.48662597,0.19654293,0.5002735,0.20246424,0.4699441,0.19239125
2013-05-30 23:59:53,0.7967845,0.95834947,0.8154668,0.98524785,0.7702812,0.95573586
2013-05-31 23:59:53,0.31128725,0.24851996,0.31717145,0.25533548,0.30637646,0.24465393
2013-06-01 23:59:53,0.75611573,0.038094252,0.76742166,0.03900962,0.7360163,0.037576243
2013-06-02 23:59:53,0.22575292,0.3908642,0.22865787,0.39908254,0.22221558,0.37836915
2013-06-03 23:59:53,0.12487474,0.7126856,0.12604122,0.7242769,0.12192691,0.7038422
2013-06-04 23:59:53,0.7449776,0.8671107,0.7514002,0.8799076,0.72218716,0.89118445
2013-06-05 23:59:53,0.3525484,0.80705315,0.354233,0.8151134,0.35379592,0.8048681
2013-06-06 23:59:53,0.045571085,0.033338062,0.04567771,0.033644088,0.045038827,0.0344359
2013-06-07 23:59:53,0.3376953,0.9345766,0.33781135,0.9443794,0.3264366,0.9471349
2013-06-08 23:59:53,0.23037675,0.5749563,0.2303972,0.5821213,0.21968782,0.58146834
2013-06-09 23:59:53,0.5569736,0.79383516,0.55990237,0.8069726,0.5548254,0.814349
2013-06-10 23:59:53,0.5439538,0.51699656,0.5468634,0.52663773,0.5184573,0.51271224
2013-06-11 23:59:53,0.16574518,0.54896075,0.16668878,0.55978703,0.164567,0.5586216
2013-06-12 23:59:53,0.18273497,0.3886294,0.18359502,0.395621,0.17742644,0.3865028
2013-06-13 23:59:53,0.5785881,0.66824776,0.5824102,0.6791216,0.55354947,0.67305195
2013-06-14 23:59:53,0.94681656,0.6101467,0.9534634,0.6194984,0.92332906,0.61237067
2013-06-15 23:59:53,0.574262,0.39108047,0.5787394,0.396515,0.57069284,0.3992986
2013-06-16 23:59:53,0.28627023,0.34977803,0.28968573,0.3551518,0.27806842,0.35381827
2013-06-17 23:59:53,0.5366613,0.8091808,0.5440697,0.824938,0.51999587,0.8240006
2013-06-18 23:59:53,0.7372446,0.2170528,0.7489144,0.22224112,0.72793907,0.22088419
2013-06-19 23:59:53,0.4069057,0.4131416,0.41472006,0.42534742,0.3999641,0.41586617
2013-06-21 00:05:53,0.9778221,0.48505405,1.0042245,0.5018268,0.94594055,0.4746558
2013-06-21 23:59:53,0.64056146,0.0488893,0.6575411,0.050552946,0.62346935,0.04755201
2013-06-22 23:59:53,0.73639256,0.124903515,0.756604,0.12895487,0.7435914,0.122936316
2013-06-23 23:59:53,0.9174836,0.3485152,0.9449256,0.35878733,0.8819947,0.3505986
2013-06-24 23:59:53,0.7126029,0.87808937,0.7285561,0.90073115,0.6935198,0.92141217
2013-06-25 23:59:53,0.2612692,0.9788949,0.26562387,1.0015883,0.2588022,0.99506515
2013-06-26 23:59:53,0.35101098,0.14326507,0.35506058,0.14626537,0.3385713,0.146539
2013-06-27 23:59:53,0.5794455,0.2284863,0.5838588,0.23309675,0.5710289,0.22122079
2013-06-28 23:59:53,0.9894296,0.05998203,0.99675137,0.061132953,0.95255595,0.05970321
2013-06-29 23:59:53,0.5658613,0.56977654,0.57042724,0.5796688,0.54757315,0.566664
2013-06-30 23:59:53,0.81245774,0.1919455,0.816454,0.19471247,0.7868199,0.19406635
2013-07-01 23:59:53,0.04427173,0.23719722,0.044452477,0.24014376,0.04210387,0.24482119
2013-07-02 23:59:53,0.16391812,0.9941958,0.16446939,1.0035963,0.16206555,0.99378014
2013-07-03 23:59:53,0.03151952,0.11423635,0.031770602,0.11564471,0.030792298,0.115438655
2013-07-04 23:59:53,0.3354235,0.8480334,0.3395887,0.8629006,0.32585222,0.8563504
2013-07-05 23:59:53,0.030350547,0.3126952,0.03070618,0.3192293,0.028717222,0.3105331
2013-07-06 23:59:53,0.20851238,0.24260849,0.21180844,0.24888682,0.19963081,0.24793366
2013-07-07 23:59:53,0.124186814,0.87068915,0.12634069,0.894419,0.11938562,0.8923168
2013-07-08 23:59:53,0.79088783,0.50297034,0.8039608,0.5169506,0.78057534,0.5004579
2013-07-09 23:59:53,0.4044909,0.27177846,0.4096323,0.2779868,0.38551286,0.26661092
2013-07-10 23:59:53,0.22798346,0.7922735,0.2312381,0.80867577,0.22333543,0.81319124
2013-07-11 23:59:53,0.40539724,0.4459128,0.41098613,0.45335847,0.39531058,0.45028618
2013-07-12 23:59:53,0.6301743,0.91380626,0.6351721,0.9250777,0.6370348,0.9125591
2013-07-13 23:59:53,0.5128215,0.20305125,0.5169813,0.20567997,0.51171166,0.20978223
2013-07-14 23:59:53,0.6342136,0.12324694,0.64095277,0.12528555,0.62958485,0.12614296
2013-07-15 23:59:53,0.9766929,0.29642752,0.99194604,0.303026,0.9396666,0.29133597
2013-07-16 23:59:53,0.73063534,0.9029216,0.743434,0.92612463,0.705058,0.92882735
2013-07-17 23:59:53,0.6083599,0.39091495,0.6212132,0.402308,0.5896626,0.38128746
2013-07-18 23:59:53,0.91919386,0.07894051,0.944218,0.081691,0.88376987,0.082806684
2013-07-19 23:59:53,0.17730746,0.53313166,0.18244404,0.551898,0.1728385,0.5161941
2013-07-20 23:59:53,0.5467163,0.11724446,0.5636187,0.121200405,0.5337979,0.109502316
2013-07-21 23:59:53,0.2534689,0.21123224,0.26013842,0.21798612,0.24540564,0.2055728
2013-07-22 23:59:53,0.044593364,0.075886406,0.04548174,0.07799311,0.044173118,0.07494336
2013-07-23 23:59:53,0.8699185,0.8938353,0.8862484,0.9176599,0.8467667,0.88308054
2013-07-24 23:59:53,0.78616464,0.8364321,0.7978601,0.8558854,0.75587255,0.8290595
2013-07-25 23:59:53,0.14162342,0.68158066,0.14307214,0.6950682,0.13714176,0.6772592
2013-07-26 23:59:53,0.40697384,0.013205116,0.4096393,0.013414387,0.40055314,0.012893466
2013-07-27 23:59:53,0.08190358,0.2434508,0.082158424,0.2464633,0.07958673,0.24233064
2013-07-28 23:59:53,0.77107877,0.9702592,0.7751882,0.9820501,0.76769197,0.96412724
2013-07-29 23:59:53,0.9762501,0.19106409,0.9781452,0.19313873,0.95388067,0.18892246
2013-07-30 23:59:53,0.34441563,0.89835274,0.34571472,0.9092524,0.3370701,0.8757638
2013-07-31 23:59:53,0.51359075,0.6363005,0.5173751,0.646224,0.5092713,0.6276074
2014-01-01 23:59:53,0.089710586,0.9713031,0.09153698,0.9971656,0.08918929,0.9685731
2014-01-02 23:59:53,0.93260664,0.110223085,0.9593031,0.11328787,0.9188762,0.11011297
2014-01-03 23:59:53,0.74794626,0.9437817,0.7695746,0.97110325,0.7413194,0.9434064
2014-01-04 23:59:53,0.5622231,0.9193725,0.5823518,0.949586,0.54522425,0.90354365
2014-01-05 23:59:53,0.5559483,0.47977492,0.57682663,0.49748877,0.54730016,0.46940106
2014-01-06 23:59:53,0.050669134,0.86278695,0.05245336,0.8969226,0.04857788,0.8291229
2014-01-07 23:59:53,0.19968261,0.46921313,0.2073314,0.48903096,0.19099079,0.46523586
2014-01-08 23:59:53,0.816568,0.7626201,0.84891015,0.79590183,0.79213595,0.75904
2014-01-09 23:59:53,0.9179529,0.82384694,0.95913386,0.862023,0.9037111,0.79395425
2014-01-10 23:59:53,0.81650937,0.92121905,0.8538414,0.96204776,0.7884707,0.8919356
2014-01-11 23:59:53,0.47889885,0.061383363,0.50067353,0.06395546,0.47550586,0.06219291
2014-01-12 23:59:53,0.5107419,0.1757903,0.52936167,0.18251438,0.49755216,0.17033643
2014-01-13 23:59:53,0.8759897,0.26619294,0.9010049,0.2747827,0.84835535,0.26395103
2014-01-14 23:59:53,0.21933651,0.2921688,0.22402197,0.29968438,0.2065676,0.29574877
2014-01-15 23:59:53,0.93795174,0.83068436,0.95147836,0.8461393,0.8825646,0.82967156
2014-01-16 23:59:53,0.086758345,0.44415426,0.087812796,0.45031637,0.082372814,0.45144716
2014-01-17 23:59:53,0.9887081,0.75037205,0.99842846,0.7593392,0.97922194,0.7228943
2014-01-18 23:59:53,0.111613706,0.95033824,0.11270014,0.962049,0.10585344,0.94064313
2014-01-19 23:59:53,0.66813046,0.34505096,0.6772194,0.35051906,0.6377629,0.34345776
2014-01-20 23:59:53,0.2295357,0.32060313,0.2341116,0.32735124,0.21924877,0.30790016
2014-01-21 23:59:53,0.6598208,0.19193529,0.67694634,0.19697317,0.6356702,0.1949921
2014-01-22 23:59:53,0.15094472,0.82380253,0.15516351,0.84737694,0.13973469,0.7828348
2014-01-23 23:59:53,0.3664183,0.5411264,0.37688515,0.5578907,0.34208402,0.51165974
2014-01-24 23:59:53,0.1472704,0.593394,0.15186907,0.61308414,0.13959669,0.5716952
2014-01-25 23:59:53,0.26222154,0.734196,0.26854175,0.75350225,0.25738692,0.72660923
2014-01-26 23:59:53,0.9786201,0.7864336,0.99705166,0.8032767,0.9320766,0.78644335
2014-01-27 23:59:53,0.9013031,0.59510696,0.9140429,0.6035498,0.87429565,0.57970876
2014-01-28 23:59:53,0.13098899,0.7641677,0.13398676,0.7745957,0.13095635,0.7484145
2014-01-29 23:59:53,0.032157805,0.630576,0.03285632,0.63826066,0.031891108,0.6258888
2014-01-30 23:59:53,0.63102305,0.99813837,0.6452498,1.0119768,0.6412385,1.0024934
2014-01-31 23:59:53,0.780373,0.21323614,0.7972873,0.21677133,0.7540174,0.21044888
2014-02-01 23:59:53,0.80653244,0.28756022,0.8327339,0.29468587,0.786684,0.28817818
2014-02-02 23:59:53,0.6815863,0.7050271,0.70555866,0.72574663,0.63477516,0.6711965
2014-02-03 23:59:53,0.29390892,0.58299863,0.305941,0.60267746,0.27878562,0.5789344
2014-02-04 23:59:53,0.22803189,0.94003737,0.2387317,0.97463787,0.21557349,0.9045619
2014-02-05 23:59:53,0.45608142,0.9330548,0.4769802,0.96357524,0.43836844,0.9547613
2014-02-06 23:59:53,0.043324348,0.98918885,0.045188587,1.0186943,0.040710468,0.9880006
2014-02-07 23:59:53,0.42983475,0.7496761,0.44737872,0.76901513,0.41600093,0.7522608
2014-02-08 23:59:53,0.12427495,0.6449605,0.1282001,0.65976804,0.120935276,0.63411134
2014-02-09 23:59:53,0.6568062,0.26035848,0.6731536,0.26519397,0.65326375,0.25970736
2014-02-10 23:59:53,0.73915434,0.6221599,0.7543309,0.63237596,0.7310638,0.5997884
2014-02-11 23:53:53,0.32951447,0.30951026,0.33812234,0.31419182,0.3232542,0.31957662
2014-02-12 23:59:53,0.35709375,0.6951766,0.3647312,0.7029236,0.3444631,0.68424845
2014-02-13 23:59:53,0.3689589,0.13484922,0.3760401,0.1362015,0.35382283,0.13361649
2014-02-14 23:59:53,0.7533801,0.674599,0.7638974,0.6802303,0.73018265,0.6789982
2014-02-15 23:59:53,0.7942336,0.15820655,0.80550575,0.15962112,0.7749343,0.1541809
2014-02-16 23:53:53,0.13313054,0.4517499,0.135408,0.45693874,0.13186604,0.4351524
2014-02-18 23:59:53,0.7077229,0.5470289,0.7201305,0.55216676,0.7041091,0.5509924
2014-02-19 23:59:53,0.45489076,0.6015711,0.46428812,0.60841167,0.4465648,0.5896075
2014-02-20 23:59:53,0.61055034,0.8685348,0.6231244,0.8789018,0.6108805,0.8247983
2014-02-21 23:59:53,0.5388415,0.9325918,0.5500962,0.9435053,0.53039,0.8926625
2014-02-22 23:59:53,0.35100096,0.8346906,0.35732126,0.8439558,0.3342776,0.79329175
2014-02-23 23:59:53,0.8209138,0.68625045,0.84004885,0.6951373,0.7588743,0.6457898
2014-02-24 23:59:53,0.03547401,0.41146648,0.03653882,0.4174837,0.03471368,0.41150266
2014-02-25 23:59:53,0.6396472,0.067957394,0.66719496,0.06936234,0.6268751,0.067539126
2014-02-26 23:59:53,0.26204357,0.8218957,0.2747533,0.8430157,0.2645952,0.7980807
2014-02-27 23:53:53,0.22041576,0.6183367,0.23178239,0.6365505,0.21294846,0.6166669
2014-02-28 23:59:53,0.5679192,0.15681711,0.59325486,0.16842397,0.537504,0.1550702
2014-03-01 23:59:53,0.43101373,0.9210995,0.46640015,0.9891432,0.42734504,0.90408665
2014-03-02 23:59:53,0.026792806,0.43844545,0.028976422,0.46929026,0.026945863,0.43547377
2014-03-03 23:59:53,0.80151546,0.5455587,0.86212325,0.58094513,0.82658064,0.5859695
2014-03-04 23:53:53,0.5970435,0.67963535,0.64341867,0.72273153,0.6034825,0.68528324
2014-03-05 23:59:53,0.70200187,0.5276023,0.75301176,0.55756927,0.7359688,0.53909117
2014-03-06 23:53:53,0.7671598,0.8273076,0.819529,0.8718023,0.79494935,0.86592525
2014-03-07 23:59:53,0.2543694,0.22346117,0.27047065,0.23443992,0.24751972,0.23154993
2014-03-08 23:59:53,0.2950882,0.95478135,0.31162232,0.998073,0.29588792,0.95379615
2014-03-09 23:59:53,0.6685594,0.9110749,0.7055343,0.95107937,0.6457341,0.89585584
2014-03-10 23:59:53,0.17934035,0.100804396,0.18962856,0.10548034,0.18106563,0.09949379
2014-03-11 23:59:53,0.45156246,0.29945782,0.4759972,0.31284672,0.44973686,0.30041483
2014-03-12 23:59:53,0.37116322,0.96987534,0.39125797,1.0132549,0.37814036,0.9377541
2014-03-13 23:59:53,0.30663413,0.09572152,0.32282332,0.09993104,0.30443373,0.09467997
2014-03-14 23:59:53,0.65742886,0.062414028,0.6930306,0.06524907,0.6629233,0.06273904
2014-03-15 23:59:53,0.48641363,0.6910785,0.5126827,0.7215916,0.485586,0.68546546
2014-03-16 23:59:53,0.84639686,0.5067607,0.8928473,0.52912575,0.83384496,0.51254994
2014-03-17 23:59:53,0.37124714,0.102725856,0.39258304,0.107499555,0.38179046,0.103203066
2014-03-18 23:59:53,0.45130453,0.34600353,0.48045143,0.36292735,0.4516543,0.3452084
2014-03-19 23:59:53,0.61113846,0.5481073,0.6521673,0.57559437,0.6216362,0.52834004
2014-03-20 23:59:53,0.3951961,0.15789987,0.42156833,0.16603656,0.39280075,0.16063094
2014-03-21 23:59:53,0.41798872,0.9000387,0.44698405,0.94800687,0.43379083,0.9257013
2014-03-22 23:59:53,0.263022,0.39966694,0.28127885,0.42089376,0.26128575,0.4164035
2014-03-23 23:59:53,0.6619917,0.14893678,0.7094578,0.1570422,0.67878336,0.14634404
2014-03-24 23:59:53,0.4913172,0.5609232,0.5257922,0.59096295,0.5012668,0.57385933
2014-03-25 23:59:53,0.1696002,0.1841021,0.18242745,0.19470523,0.17412157,0.1912756
2014-03-26 23:59:53,0.72032785,0.45071396,0.7754116,0.47684932,0.7388055,0.45252958
2014-03-27 23:59:53,0.561781,0.57781506,0.6034465,0.6097015,0.57200956,0.57544583
2014-03-28 23:59:53,0.6239348,0.5344242,0.6722328,0.56478703,0.62285197,0.5123222
2014-03-29 23:59:53,0.83858687,0.37146765,0.8939595,0.38938755,0.862995,0.378198
2014-03-30 23:59:53,0.03371575,0.5694553,0.035882164,0.59498084,0.03457414,0.56301945
2014-03-31 23:59:53,0.104946665,0.6471037,0.11126728,0.67330456,0.10832471,0.6695625
2014-04-01 23:59:53,0.038636416,0.10096646,0.040902466,0.10492101,0.038681205,0.10255057
2014-04-02 23:59:53,0.9722391,0.9112971,1.0320455,0.9492,0.99026364,0.955597
2014-04-03 23:59:53,0.50970525,0.61117595,0.5411256,0.6367007,0.52710235,0.6134857
2014-04-04 23:59:53,0.012071053,0.9809234,0.012850965,1.0238538,0.011915622,1.0039241
2014-04-05 23:59:53,0.33306476,0.8757476,0.35346228,0.9140721,0.32804927,0.8675002
2014-04-06 23:53:53,0.48299894,0.48095438,0.5111298,0.5006743,0.4720689,0.4679504
2014-04-07 23:59:53,0.64801526,0.124466054,0.6816922,0.12890497,0.65094143,0.1191053
2014-04-08 23:59:53,0.4949313,0.5203134,0.51878494,0.53602916,0.4867125,0.5161258
2014-04-09 23:59:53,0.63956463,0.8460913,0.66838956,0.86915725,0.6265277,0.8578675
2014-04-10 23:59:53,0.24410869,0.73162293,0.2542849,0.74937755,0.23938009,0.73984987
2014-04-11 23:59:53,0.18453546,0.39829722,0.19181693,0.40702304,0.18478395,0.40580133
2014-04-12 23:59:53,0.3783945,0.48043102,0.39511648,0.49312472,0.36907393,0.48968878
2014-04-13 23:59:53,0.19177121,0.81032985,0.20110224,0.83436525,0.19078228,0.7871802
2014-04-14 23:59:53,0.5444449,0.62004083,0.5760259,0.64259523,0.55006623,0.63340825
2014-04-15 23:59:53,0.68448144,0.103367046,0.73320794,0.10806014,0.66883135,0.10376345
2014-04-16 23:59:53,0.4767069,0.5364942,0.5117631,0.56271577,0.4814629,0.5386307
2014-04-17 23:59:53,0.43976894,0.20072606,0.47322002,0.21113722,0.45014858,0.19710647
2014-04-18 23:59:53,0.43480307,0.8814168,0.46859422,0.926014,0.43218204,0.88623184
2014-04-19 23:59:53,0.31313646,0.110394314,0.33721858,0.11580905,0.31329143,0.11357532
2014-04-20 23:59:53,0.8877482,0.09776766,0.95386404,0.10226112,0.8905459,0.09817842
2014-04-21 23:59:53,0.52841616,0.9142083,0.5632369,0.95018125,0.53530973,0.88006943
2014-04-22 23:59:53,0.20092946,0.75897336,0.21219057,0.7831664,0.20473373,0.745526
2014-04-23 23:59:53,0.3376692,0.4177116,0.35387796,0.4286675,0.3350207,0.41353482
2014-04-24 23:59:53,0.9114391,0.562961,0.9520972,0.5752548,0.93457824,0.5772806
2014-04-25 23:59:53,0.22648059,0.6102679,0.23542966,0.62169266,0.23091519,0.63050365
2014-04-26 23:59:53,0.6292636,0.15613995,0.65341055,0.15881681,0.64106965,0.16091815
2014-04-27 23:59:53,0.85896,0.33009315,0.8925251,0.3353397,0.885464,0.3288018
2014-04-28 23:59:53,0.84594876,0.6568399,0.8779999,0.66794455,0.86723924,0.64195526
2014-04-29 23:59:53,0.51556885,0.313862,0.5360626,0.31950992,0.51414657,0.31860054
2014-04-30 23:59:53,0.95999086,0.64942676,0.9947474,0.66136456,0.9354491,0.6687275
2014-05-01 23:59:53,0.46103147,0.7895036,0.47880456,0.80305713,0.4651488,0.78499687
2014-05-02 23:59:53,0.5125284,0.53310704,0.5324025,0.5428315,0.51254123,0.5203727
2014-05-03 23:59:53,0.8904674,0.094955444,0.9228202,0.096631065,0.89782554,0.09681864
2014-05-04 23:59:53,0.56115943,0.49372992,0.5812382,0.50172627,0.57832754,0.5116493
2014-05-05 23:59:53,0.7456991,0.14090699,0.7722479,0.14326641,0.73499084,0.14195585
2014-05-06 23:59:53,0.7372696,0.9825152,0.7664906,0.99981433,0.7281019,0.97859675
2014-05-07 23:59:53,0.79592055,0.5421423,0.8316789,0.55357397,0.80879164,0.5283642
2014-05-08 23:53:53,0.31428126,0.5786873,0.32959446,0.59327537,0.3209157,0.5876243
2014-05-09 23:59:53,0.53490376,0.40822744,0.56487423,0.42120063,0.52012664,0.40779123
2014-05-10 23:59:53,0.63623255,0.81759804,0.67656785,0.8498069,0.6573169,0.8250905
2014-05-11 23:59:53,0.0401605,0.028446894,0.04307072,0.029782677,0.040587675,0.028151967
2014-05-12 23:59:53,0.71165377,0.48062393,0.76505667,0.50580984,0.7109115,0.47462383
2014-05-13 23:59:53,0.030113619,0.115624204,0.032468818,0.12167035,0.029207682,0.110486425
2014-05-14 23:59:53,0.56588954,0.44611558,0.61012745,0.46866858,0.5615434,0.45068106
2014-05-15 23:59:53,0.5802979,0.049608514,0.62222385,0.051834494,0.58362514,0.051419638
2014-05-16 23:59:53,0.5196242,0.4152098,0.55358183,0.43146387,0.5266576,0.42174128
2014-05-17 23:59:53,0.34347963,0.42499983,0.36323962,0.43903556,0.35334557,0.4166717
2014-05-18 23:59:53,0.2750186,0.54918164,0.28723246,0.56304634,0.2702386,0.54224294
2014-05-19 23:59:53,0.46757045,0.057502624,0.48552132,0.05868131,0.49096143,0.057534263
2014-05-20 23:59:53,0.63633025,0.97770506,0.6596699,0.9951777,0.656653,0.9948545
2014-05-21 23:59:53,0.593834,0.3059178,0.61208653,0.31007707,0.6064247,0.31025434
2014-05-22 23:59:53,0.5240149,0.5328804,0.5396999,0.5392209,0.51539886,0.53600484
2014-05-23 23:59:53,0.124454685,0.98216325,0.12848143,0.9956029,0.12961859,0.9581955
2014-05-24 23:59:53,0.12342238,0.2320609,0.12776124,0.23552085,0.12305727,0.23286182
2014-05-25 23:59:53,0.94666386,0.911314,0.98165464,0.9265567,0.97369707,0.93432415
2014-05-26 23:53:53,0.7209863,0.71412694,0.7418055,0.7248519,0.73195714,0.72463495
2014-05-27 23:59:53,0.03899295,0.9562442,0.040124465,0.9703766,0.037970457,0.9372568
2014-05-28 23:53:53,0.5938337,0.3678013,0.609589,0.37246892,0.59976715,0.36743125
2014-05-29 23:59:53,0.011480704,0.3633486,0.011770811,0.36675957,0.011417739,0.3713697
2014-05-30 23:53:53,0.44740936,0.38639227,0.45706192,0.38891852,0.4472095,0.4027603
2014-05-31 23:59:53,0.95151615,0.4794464,0.96832955,0.48106635,0.9577854,0.46344608
2014-06-01 23:59:53,0.29809213,0.31552154,0.30382025,0.316247,0.2993178,0.32198763
2014-06-02 23:59:53,0.7445476,0.51271397,0.76136786,0.5152652,0.75593495,0.508562
2014-06-03 23:59:53,0.37109983,0.4708425,0.38224846,0.47638404,0.36977345,0.4656103
2014-06-04 23:59:53,0.3362656,0.8640402,0.3484965,0.8793403,0.34159917,0.86571574
2014-06-05 23:59:53,0.43342724,0.47998148,0.45161307,0.4918171,0.42853263,0.47902885
2014-06-06 23:59:53,0.66949004,0.23747332,0.7042464,0.24537611,0.64856,0.23344123
2014-06-07 23:59:53,0.35337892,0.10635145,0.37379366,0.11059022,0.34773916,0.100920364
2014-06-08 23:59:53,0.68781316,0.24340178,0.7326489,0.2542018,0.66926825,0.24427338
2014-06-09 23:59:53,0.53426737,0.985033,0.56860894,1.025788,0.5294562,0.9654517
2014-06-10 23:59:53,0.5349621,0.30186114,0.5694489,0.3126244,0.54475635,0.2999058
2014-06-11 23:59:53,0.8843883,0.03241682,0.9408966,0.03346287,0.9093792,0.03170118
2014-06-12 23:53:53,0.54687554,0.3844812,0.58197075,0.39563712,0.5543066,0.38578516
2014-06-13 23:59:53,0.80696124,0.20546907,0.84827185,0.20990862,0.81531394,0.19789965
2014-06-14 23:59:53,0.2340905,0.8291581,0.2435068,0.8449743,0.2390721,0.8556474
2014-06-15 23:59:53,0.11687807,0.133007,0.12189696,0.13531594,0.119472355,0.13653903
2014-06-16 23:59:53,0.4950511,0.9375063,0.51142323,0.9513279,0.4958076,0.9288734
2014-06-17 23:53:53,0.16044955,0.30701396,0.1655939,0.311285,0.15919651,0.30437344
2014-06-18 23:59:53,0.104057446,0.82609147,0.10714008,0.8358174,0.10333732,0.81436545
2014-06-19 23:59:53,0.88372976,0.3306946,0.90678096,0.33412957,0.90125275,0.32226703
2014-06-20 23:59:53,0.16913874,0.8247204,0.1726983,0.83049566,0.16904503,0.82486135
2014-06-21 23:53:53,0.7244818,0.8677698,0.738284,0.8722943,0.70125484,0.88623995
2014-06-22 23:59:53,0.7403238,0.6978497,0.75175494,0.69939375,0.72487164,0.7147283
2014-06-23 23:59:53,0.27141827,0.3196754,0.2744779,0.31947944,0.26292273,0.31578413
2014-06-24 23:59:53,0.034204215,0.808948,0.03457472,0.8071689,0.03399693,0.7806107
2014-06-25 23:59:53,0.42407542,0.23412624,0.42874834,0.23383567,0.42454046,0.22738926
2014-06-26 23:59:53,0.4468464,0.054871205,0.4521905,0.054806765,0.455338,0.055090174
2014-06-27 23:59:53,0.3028946,0.750207,0.3070388,0.7515881,0.3002493,0.7748083
2014-06-28 23:59:53,0.93089205,0.40503165,0.9503108,0.4066266,0.937413,0.4068149
2014-06-29 23:59:53,0.89140636,0.7418225,0.9196524,0.7489447,0.91660386,0.7556124
2014-06-30 23:53:53,0.9755895,0.1540925,1.0209002,0.15715629,0.96470827,0.15329489
2014-07-02 23:59:53,0.72225696,0.38361052,0.7728224,0.39947975,0.7103087,0.38947695
2014-07-03 23:59:53,0.6279402,0.76995456,0.6781484,0.80993366,0.6370812,0.76626277
2014-07-04 23:59:53,0.18458304,0.5233984,0.2016716,0.55637836,0.18202654,0.5126705
2014-07-05 23:59:53,0.87893116,0.2467661,0.96206874,0.26251444,0.86144495,0.24133235
2014-07-06 23:59:53,0.35507992,0.81328297,0.38730758,0.8614526,0.3531688,0.792306
2014-07-07 23:59:53,0.5467617,0.11506981,0.5924994,0.12108205,0.5373876,0.11541439
2014-07-08 23:59:53,0.14982642,0.4599225,0.1623403,0.4817904,0.151085,0.45922786
2014-07-09 23:59:53,0.12982695,0.665672,0.13951764,0.69322175,0.12660751,0.6771502
2014-07-10 23:59:53,0.6059055,0.49808562,0.6463132,0.51541936,0.6252573,0.46979728
2014-07-11 23:59:53,0.20319568,0.85567147,0.21453166,0.87949896,0.19943886,0.823504
2014-07-12 23:59:53,0.6095658,0.82779974,0.6372135,0.8468,0.6064472,0.8290683
2014-07-13 23:59:53,0.3790635,0.5750033,0.39347398,0.5858078,0.37050226,0.5743046
2014-07-14 23:59:53,0.35354054,0.5309577,0.3637384,0.53730094,0.3489314,0.5381212
2014-07-15 23:59:53,0.3558937,0.28135386,0.36293006,0.2825241,0.35833284,0.28456938
2014-07-17 00:05:53,0.68086016,0.3008814,0.6900373,0.3006278,0.7005148,0.30439764
2014-07-17 23:53:53,0.23493363,0.5187054,0.23695982,0.51609814,0.23330148,0.51767266
2014-07-18 23:59:53,0.2816355,0.079325765,0.28335193,0.07865851,0.2693836,0.081203
2014-07-19 23:59:53,0.43337104,0.34132963,0.4337446,0.33798763,0.4301542,0.3309942
2014-07-20 23:59:53,0.370734,0.50326663,0.3697951,0.497613,0.3771369,0.49094447
2014-07-21 23:59:53,0.090217166,0.729379,0.09005317,0.7211821,0.09158241,0.73630196
2014-07-22 23:59:53,0.63969594,0.6659494,0.6407122,0.65924895,0.6321464,0.6660231
2014-07-23 23:59:53,0.7989978,0.52088255,0.8020472,0.5164302,0.77876973,0.52556354
2014-07-24 23:59:53,0.27391523,0.6523239,0.27650687,0.65042496,0.27389553,0.6670444
2014-07-25 23:59:53,0.4002814,0.9978534,0.40595594,0.9981514,0.40469357,0.9804388
2014-07-26 23:59:53,0.48395896,0.6502031,0.4962695,0.6557358,0.47375253,0.62809145
2014-07-27 23:59:53,0.94994336,0.8562877,0.987266,0.8717357,0.9269614,0.8622683
2014-07-28 23:59:53,0.9861153,0.505032,1.033679,0.5185982,0.9960639,0.5075782
2014-07-29 23:53:53,0.27349967,0.6972621,0.28989935,0.7215819,0.27226463,0.692873
2014-07-30 23:59:53,0.6536207,0.16439526,0.69928396,0.17123304,0.6672517,0.16789901
2014-07-31 23:59:53,0.4349936,0.22844198,0.46837008,0.23944546,0.43883833,0.22888903
2015-01-01 23:59:53,0.40693393,0.7341216,0.4234018,0.74925894,0.40411052,0.7287092
2015-01-02 23:59:53,0.6337167,0.08727023,0.6597668,0.08917867,0.62129116,0.08531983
2015-01-03 23:59:53,0.89028335,0.7978537,0.9303428,0.8169227,0.89254844,0.7799319
2015-01-04 23:59:53,0.90196824,0.48653105,0.94225127,0.49855396,0.8720229,0.48480722
2015-01-05 23:59:53,0.66862166,0.18693455,0.7035248,0.19231151,0.6676787,0.1829124
2015-01-06 23:59:53,0.61476076,0.7144405,0.64821905,0.7363741,0.5974936,0.73113394
2015-01-07 23:59:53,0.5507648,0.5247907,0.5851305,0.54326916,0.558111,0.5090051
2015-01-08 23:59:53,0.5786239,0.7853112,0.6200172,0.8187549,0.5815198,0.78808707
2015-01-09 23:59:53,0.97047055,0.6554991,1.0438122,0.68662417,0.9386995,0.6558637
2015-01-10 23:59:53,0.7979058,0.36764294,0.8594426,0.3868049,0.77283907,0.3456708
2015-01-11 23:59:53,0.6597352,0.24637231,0.7134889,0.25997588,0.63522667,0.2454544
2015-01-12 23:59:53,0.18028538,0.14777792,0.19501038,0.15612039,0.18104304,0.14499357
2015-01-13 23:59:53,0.65829456,0.18634535,0.710235,0.19633898,0.6486571,0.18409345
2015-01-14 23:59:53,0.91397417,0.6484847,0.9828958,0.6800595,0.9034911,0.6628806
2015-01-15 23:59:53,0.8228584,0.5749554,0.88066494,0.5999664,0.8354846,0.5710071
2015-01-16 23:59:53,0.4190316,0.3742205,0.44381452,0.38788345,0.42610535,0.3710842
2015-01-17 23:59:53,0.2961171,0.8255698,0.31194586,0.85288024,0.29958692,0.8105392
2015-01-18 23:59:53,0.7294254,0.66841304,0.7650202,0.686438,0.714421,0.6678926
2015-01-19 23:59:53,0.5896453,0.5953241,0.6152191,0.6092601,0.5855389,0.56912667
2015-01-20 23:59:53,0.5779024,0.5500117,0.59944546,0.5605845,0.5636001,0.5250494
2015-01-21 23:59:53,0.020124607,0.346259,0.020763777,0.3516417,0.02033921,0.3482539
2015-01-22 23:59:53,0.20773034,0.440291,0.21401112,0.44629863,0.2067554,0.45187724
2015-01-23 23:59:53,0.46969506,0.036666322,0.48345393,0.037083514,0.47238806,0.036277317
2015-01-24 23:59:53,0.1688738,0.7830891,0.17432953,0.79436624,0.1690037,0.78851616
2015-01-25 23:59:53,0.5187601,0.14589639,0.5379565,0.14846702,0.5257268,0.14958379
2015-01-26 23:59:53,0.08973109,0.88815343,0.09331207,0.90771604,0.08828527,0.88995
2015-01-27 23:59:53,0.72343767,0.5271728,0.7602044,0.542308,0.7086867,0.5394429
2015-01-28 23:59:53,0.37173423,0.29582536,0.39212605,0.30543995,0.37335223,0.30178985
2015-01-29 23:59:53,0.36002734,0.5631928,0.3829849,0.5841757,0.3756574,0.5783967
2015-01-30 23:59:53,0.11270824,0.3685298,0.12021795,0.38358143,0.110600315,0.37349388
2015-01-31 23:59:53,0.05769912,0.97957975,0.06160731,1.0207542,0.058310665,0.9678988
2015-02-01 23:59:53,0.45722717,0.8813802,0.48817742,0.9190156,0.44606912,0.8782125
2015-02-02 23:59:53,0.2188964,0.28583476,0.23457931,0.2985936,0.21751235,0.28320366
2015-02-03 23:53:53,0.44768456,0.71933633,0.47989926,0.75205153,0.4453359,0.72403884
2015-02-04 23:59:53,0.32269967,0.33083203,0.3481132,0.3467738,0.32982913,0.32079044
2015-02-05 23:59:53,0.8498003,0.7711898,0.91661346,0.80950415,0.85649115,0.7785263
2015-02-06 23:59:53,0.1118971,0.41332617,0.12062172,0.43384558,0.114628725,0.42525235
2015-02-07 23:59:53,0.068593316,0.6193994,0.0739132,0.6500976,0.0686059,0.62886924
2015-02-08 23:59:53,0.3625285,0.69120663,0.39036608,0.72433066,0.35999915,0.6792562
2015-02-09 23:59:53,0.30939153,0.3714093,0.33455196,0.38955423,0.312279,0.3654998
2015-02-10 23:59:53,0.2878149,0.62525856,0.3085583,0.65346193,0.29995605,0.63205403
2015-02-11 23:59:53,0.13889836,0.88311535,0.14812025,0.91924095,0.142077,0.89586747
2015-02-12 23:59:53,0.34733889,0.42435536,0.36872348,0.44058752,0.36413974,0.4266515
2015-02-13 23:59:53,0.030018095,0.71771467,0.031712003,0.74198586,0.030196482,0.7165067
2015-02-14 23:59:53,0.036363285,0.70329756,0.038129304,0.72280526,0.03640009,0.72869575
2015-02-15 23:59:53,0.2135357,0.8872402,0.22269517,0.90830266,0.20762156,0.89174145
2015-02-16 23:53:53,0.9530794,0.6434148,0.9871781,0.6542598,0.9522033,0.65016484
2015-02-17 23:59:53,0.05041383,0.39715043,0.05207948,0.40196303,0.050477766,0.4026416
2015-02-18 23:59:53,0.17965655,0.06414037,0.18547793,0.06482298,0.18280797,0.06496332
2015-02-19 23:59:53,0.046779584,0.70542663,0.048189126,0.71227,0.0463919,0.705374
2015-02-20 23:59:53,0.9423594,0.13276453,0.97190404,0.13439028,0.93895036,0.13065879
2015-02-21 23:59:53,0.70477146,0.9975366,0.72764033,1.0124103,0.7156716,1.0250306
2015-02-22 23:59:53,0.57630455,0.2670161,0.5968038,0.2720613,0.5722767,0.2630631
2015-02-23 23:59:53,0.84724617,0.5184403,0.87444264,0.5258991,0.8739005,0.5008299
2015-02-24 23:59:53,0.15398794,0.87604016,0.15941639,0.89020187,0.1506812,0.861467
2015-02-25 23:59:53,0.060477793,0.5126782,0.062701605,0.5219148,0.05986081,0.50494176
2015-02-26 23:59:53,0.9540125,0.2902679,0.9935558,0.29654217,0.96685773,0.28404182
2015-02-27 23:59:53,0.9060428,0.34538758,0.94744587,0.35350683,0.8747449,0.34561914
2015-02-28 23:59:53,0.13792059,0.15321203,0.14482695,0.15739705,0.13894585,0.1515141
2015-03-01 23:59:53,0.7151767,0.25727707,0.7515567,0.26471722,0.72610104,0.26356328
2015-03-02 23:53:53,0.29700685,0.89819634,0.31253016,0.92586195,0.28686026,0.85555327
2015-03-05 23:59:53,0.2695884,0.20425592,0.28347465,0.20993765,0.27424347,0.2077809
2015-03-06 23:59:53,0.8941302,0.46366304,0.9390137,0.47562304,0.8999959,0.44177935
2015-03-07 23:53:53,0.45096046,0.7448574,0.47366115,0.7635232,0.4592915,0.75842714
2015-03-08 23:59:53,0.3166022,0.51988304,0.3325097,0.5331813,0.31899905,0.49563143
2015-03-09 23:59:53,0.28187335,0.7022735,0.29792577,0.72076964,0.28952315,0.7249382
2015-03-10 23:59:53,0.12480959,0.15489182,0.13244706,0.15867108,0.13064986,0.15776433
2015-03-11 23:59:53,0.78255,0.80025977,0.8193292,0.8196565,0.80013055,0.78063655
2015-03-12 23:59:53,0.016588977,0.3205254,0.017283473,0.32778206,0.01705015,0.31434897
2015-03-13 23:59:53,0.7321936,0.9736136,0.76024306,0.9936048,0.727311,0.9620717
2015-03-14 23:53:53,0.8768525,0.020960568,0.90569776,0.021273801,0.8640767,0.019923098
2015-03-15 23:59:53,0.78387177,0.9248783,0.80566543,0.9329166,0.79367286,0.92699456
2015-03-16 23:53:53,0.058498967,0.050416898,0.059787117,0.050665222,0.059450127,0.048040703
2015-03-17 23:59:53,0.11889693,0.77627814,0.121383354,0.7768725,0.121778704,0.7914725
2015-03-18 23:59:53,0.5528259,0.4429935,0.56101996,0.44183192,0.5501973,0.4504337
2015-03-19 23:59:53,0.40197507,0.38171104,0.40695435,0.38052213,0.42364287,0.38059983
2015-03-20 23:59:53,0.3333249,0.76388997,0.3389495,0.7644553,0.33984175,0.7223446
2015-03-21 23:59:53,0.17251067,0.70481414,0.17657962,0.70805424,0.17599203,0.7238638
2015-03-22 23:59:53,0.07012812,0.9258083,0.07240225,0.9366238,0.069731005,0.9437031
2015-03-23 23:59:53,0.928226,0.01651569,0.9687094,0.016857035,0.9240017,0.015958708
2015-03-24 23:59:53,0.8779263,0.26617065,0.9236934,0.2735419,0.8758913,0.26435357
2015-03-25 23:59:53,0.6096595,0.5989254,0.6447632,0.61851066,0.6204421,0.5864625
2015-03-26 23:59:53,0.94414794,0.06373557,1.0060732,0.06622588,0.9507312,0.060920116
2015-03-27 23:59:53,0.29941696,0.18339497,0.3188868,0.19044058,0.30194488,0.17369331
2015-03-28 23:59:53,0.24298678,0.88393116,0.2588095,0.91913956,0.23821594,0.84627223
2015-03-29 23:59:53,0.13231125,0.79558796,0.14043124,0.82594264,0.13576381,0.7620951
2015-03-30 23:59:53,0.92346936,0.6034807,0.9778903,0.62410843,0.9206865,0.60566735
2015-03-31 23:59:53,0.071831815,0.6074764,0.07556919,0.6251021,0.074274056,0.59573704
2015-04-01 23:53:53,0.27290943,0.84654564,0.28559926,0.8665003,0.28070462,0.84851927
2015-04-02 23:59:53,0.70690596,0.4378238,0.7363338,0.4461955,0.72886884,0.45011652
2015-04-03 23:59:53,0.25270358,0.4658801,0.26350906,0.4746109,0.26109362,0.4885143
2015-04-04 23:59:53,0.15706189,0.84481806,0.16437528,0.86151767,0.15950847,0.83664185
2015-04-05 23:59:53,0.85997134,0.17047134,0.8954395,0.17389147,0.8477599,0.16282928
2015-04-06 23:59:53,0.81751436,0.047159895,0.84975874,0.048154537,0.81330526,0.04868573
2015-04-07 23:59:53,0.16868408,0.51231164,0.17524245,0.5233925,0.16990277,0.527907
2015-04-08 23:53:53,0.06632127,0.38709018,0.06884907,0.3956289,0.06633116,0.38274223
2015-04-09 23:59:53,0.74075514,0.79253924,0.7689621,0.808613,0.71732956,0.81343096
2015-04-10 23:59:53,0.33031783,0.7973978,0.34026715,0.8071125,0.33382043,0.79791445
2015-04-11 23:59:53,0.53857315,0.04732568,0.5534798,0.04772344,0.5520997,0.047720425
2015-04-12 23:59:53,0.5287971,0.45384586,0.54455537,0.45650074,0.53919166,0.4552344
2015-04-13 23:59:53,0.98496175,0.3850568,1.0123158,0.38745782,0.96375734,0.38735202
2015-04-14 23:59:53,0.7598511,0.6644195,0.7832704,0.6692407,0.76801974,0.6598254
2015-04-15 23:59:53,0.28284734,0.21369551,0.2924775,0.21578366,0.2728692,0.21278597
2015-04-16 23:59:53,0.9927392,0.30675328,1.0295311,0.31153387,1.0327826,0.30168217
2015-04-17 23:59:53,0.2414745,0.5711928,0.252972,0.5846179,0.24647854,0.57873315
2015-04-18 23:59:53,0.9922386,0.065222755,1.0477895,0.06718078,0.99637645,0.06068452
2015-04-19 23:53:53,0.07844688,0.9130907,0.083183065,0.94483536,0.07884312,0.907502
2015-04-20 23:59:53,0.3260428,0.42340922,0.34744763,0.43924528,0.3416569,0.41084197
2015-04-21 23:59:53,0.2751209,0.44804823,0.29476193,0.46470582,0.27663553,0.4386159
2015-04-22 23:59:53,0.1904796,0.46080354,0.20303462,0.47798955,0.19949217,0.45294565
2015-04-23 23:59:53,0.8004791,0.40941992,0.8485558,0.4230511,0.8046044,0.40488875
2015-04-24 23:59:53,0.8500629,0.98122025,0.8973667,1.0114874,0.8831649,0.97494704
2015-04-25 23:59:53,0.81341004,0.29910275,0.8550227,0.30733317,0.796886,0.30665413
2015-04-26 23:59:53,0.9336577,0.84617335,0.9750832,0.86582667,0.923434,0.84437996
2015-04-27 23:59:53,0.87245697,0.03234355,0.90663224,0.032965723,0.89476186,0.030972382
2015-04-28 23:59:53,0.8207355,0.43885317,0.8486215,0.4448264,0.8191545,0.40936533
2015-04-29 23:59:53,0.6835482,0.29096687,0.70226,0.29360694,0.688094,0.2904149
2015-04-30 23:59:53,0.71380985,0.7263456,0.7335612,0.7319577,0.74914944,0.73071104
2015-05-01 23:59:53,0.036324456,0.72469044,0.037345868,0.7336417,0.037974298,0.72648305
2015-05-02 23:59:53,0.6560911,0.4753179,0.6749917,0.48170972,0.6623763,0.48046193
2015-05-03 23:59:53,0.8497169,0.7922873,0.8751508,0.80398643,0.86769277,0.7577376
2015-05-04 23:59:53,0.6411826,0.44387016,0.66208106,0.45239404,0.6606926,0.42872193
2015-05-05 23:59:53,0.6438134,0.6096252,0.66863364,0.62340677,0.6374803,0.60223645
2015-05-06 23:59:53,0.9509762,0.03572877,0.9909138,0.03660048,0.94923365,0.035613034
2015-05-07 23:59:53,0.4924906,0.4984407,0.51467806,0.5110594,0.4991786,0.4916258
2015-05-08 23:59:53,0.9766398,0.20609267,1.0193955,0.2109684,1.0153545,0.20705372
2015-05-09 23:59:53,0.9257644,0.73881525,0.9695432,0.7574957,0.93008196,0.743825
2015-05-10 23:59:53,0.05158832,0.22670689,0.05419009,0.23254646,0.053976264,0.23257254
2015-05-11 23:59:53,0.38197926,0.4077783,0.40208527,0.41955006,0.38141558,0.39754173
2015-05-12 23:59:53,0.22043523,0.71356755,0.23241359,0.73478574,0.21804804,0.7054599
2015-05-13 23:59:53,0.40068582,0.19807646,0.42237046,0.20428298,0.40537852,0.19853105
2015-05-14 23:59:53,0.40334633,0.3892224,0.42695776,0.40291873,0.39650655,0.38456708
2015-05-15 23:59:53,0.4515828,0.47950652,0.4766892,0.49544924,0.4564476,0.45557114
2015-05-16 23:59:53,0.06600955,0.26245534,0.06958788,0.27135044,0.06643944,0.2736975
2015-05-17 23:59:53,0.8616643,0.7749122,0.9031778,0.7975525,0.8710242,0.7501478
2015-05-18 23:59:53,0.15920082,0.14460528,0.1666325,0.14865012,0.16482325,0.14255317
2015-05-19 23:59:53,0.9289211,0.6067396,0.9691068,0.6220308,0.9433858,0.60135156
2015-05-20 23:59:53,0.6858107,0.8495236,0.71456885,0.87042487,0.71453613,0.8576864
2015-05-21 23:59:53,0.8298303,0.79553825,0.86319834,0.8137924,0.84335285,0.8130475
2015-05-22 23:59:53,0.55104446,0.21737589,0.57146895,0.22222787,0.56041473,0.2187295
2015-05-23 23:59:53,0.57580143,0.20146248,0.5950884,0.20528567,0.5754288,0.20222257
2015-05-24 23:59:53,0.25638473,0.039918806,0.2637151,0.04047042,0.25250185,0.039972667
2015-05-25 23:59:53,0.9939532,0.6981216,1.0184776,0.7061873,1.0347481,0.7045481
2015-05-26 23:59:53,0.8033573,0.45158806,0.82077664,0.45520258,0.7902487,0.46315876
2015-05-27 23:59:53,0.08998147,0.69766206,0.09171022,0.7010434,0.0919144,0.6843334
2015-05-28 23:59:53,0.65204686,0.40314674,0.6649329,0.40528122,0.6604053,0.41241527
2015-05-29 23:59:53,0.7410703,0.43737292,0.75360346,0.43930277,0.746389,0.4439139
2015-05-30 23:59:53,0.6344095,0.59748614,0.6461413,0.6019873,0.6476628,0.59294856
2015-05-31 23:59:53,0.47373736,0.39647073,0.48416793,0.40082273,0.4702304,0.39894497
2015-06-01 23:59:53,0.033318058,0.23387653,0.034216452,0.23723903,0.033848833,0.23665853
2015-06-02 23:59:53,0.4620948,0.09065992,0.47719517,0.09227133,0.45995447,0.09140086
2015-06-03 23:59:53,0.7157047,0.77822626,0.742365,0.79415077,0.71996295,0.7790934
2015-06-04 23:59:53,0.8820709,0.28556728,0.9189754,0.29213643,0.8949858,0.29466024
2015-06-05 23:59:53,0.6399375,0.73469955,0.66985667,0.75505257,0.6577909,0.74690783
2015-06-06 23:59:53,0.18910891,0.81926715,0.19985634,0.8481213,0.18755887,0.82349974
2015-06-07 23:59:53,0.41891542,0.32225415,0.44394654,0.3350249,0.4303248,0.31006762
2015-06-08 23:59:53,0.82181585,0.11024255,0.8716746,0.11468923,0.7875575,0.10694982
2015-06-09 23:59:53,0.4944756,0.67529154,0.5243385,0.70264626,0.4795193,0.6774441
2015-06-10 23:59:53,0.3319539,0.71674806,0.35145807,0.74384385,0.31910783,0.68763655
2015-06-11 23:59:53,0.5395671,0.5410023,0.57102305,0.5592594,0.53646564,0.5395487
2015-06-12 23:59:53,0.31214672,0.13949239,0.32890686,0.14355919,0.3122951,0.14103533
2015-06-13 23:59:53,0.45545828,0.3183816,0.4769156,0.32616654,0.47021416,0.31664202
2015-06-14 23:59:53,0.29821238,0.23758957,0.31130624,0.24317612,0.3065662,0.24120428
2015-06-15 23:59:53,0.9512445,0.70063126,0.9890186,0.7152341,0.93173754,0.67380255
2015-06-16 23:59:53,0.15082027,0.32533956,0.15698805,0.33202806,0.15425114,0.33436742
2015-06-17 23:59:53,0.906624,0.6836123,0.94596106,0.69971055,0.9128738,0.67330813
2015-06-18 23:59:53,0.5183016,0.033137806,0.5398769,0.03381914,0.533678,0.032718983
2015-06-19 23:59:53,0.47673178,0.7969115,0.49493173,0.812923,0.48344317,0.78106254
2015-06-20 23:59:53,0.7767503,0.964508,0.8017462,0.9791003,0.7688948,0.95333457
2015-06-21 23:59:53,0.07681871,0.9913287,0.07888877,1.000966,0.077754974,0.982386
2015-06-22 23:59:53,0.5261493,0.48847938,0.5371719,0.49150085,0.5300708,0.49879012
2015-06-23 23:59:53,0.21107976,0.7936634,0.21413735,0.7946404,0.20914082,0.7872375
2015-06-24 23:59:53,0.051419307,0.77877,0.052101374,0.7787585,0.051239766,0.80085605
2015-06-25 23:59:53,0.6101439,0.80267525,0.61530787,0.80007654,0.6170277,0.8053215
2015-06-26 23:59:53,0.89680785,0.8665601,0.9032467,0.86210334,0.9160134,0.86322033
2015-06-27 23:59:53,0.34917963,0.20260926,0.35181335,0.20162632,0.3497871,0.20140868
2015-06-28 23:59:53,0.46284932,0.32277107,0.4671241,0.32177308,0.46951613,0.3213487
2015-06-29 23:59:53,0.65339786,0.8057058,0.665498,0.8072013,0.64755434,0.8250002
2015-06-30 23:59:53,0.8925047,0.5824269,0.91596687,0.58807313,0.9308771,0.5973699
2015-07-01 23:59:52,0.935662,0.59234333,0.9667686,0.60153955,0.95831156,0.6001075
2015-07-02 23:59:52,0.35015085,0.91619873,0.36556453,0.9390041,0.3612536,0.91269964
2015-07-03 23:59:52,0.76675135,0.30017307,0.809113,0.3105067,0.7793681,0.2892124
2015-07-04 23:59:52,0.70154667,0.027202526,0.74068934,0.028209241,0.6992042,0.026145563
2015-07-05 23:59:52,0.8297863,0.20872423,0.8818503,0.21730013,0.8568634,0.2130998
2015-07-06 23:59:52,0.16583395,0.7942122,0.17572519,0.8246796,0.16245148,0.75278664
2015-07-07 23:59:52,0.23263161,0.6363618,0.24596922,0.6584285,0.23461077,0.6372988
2015-07-08 23:59:52,0.12875238,0.19979937,0.1355817,0.20577003,0.13409704,0.19835767
2015-07-09 23:59:52,0.83904624,0.8117811,0.8787139,0.83121186,0.86031467,0.8121275
2015-07-10 23:59:52,0.17996639,0.36210698,0.1875222,0.3687676,0.17460842,0.3634215
2015-07-11 23:59:52,0.23339517,0.70478547,0.24235901,0.71657366,0.23889604,0.68286645
2015-07-12 23:59:52,0.82507986,0.4890474,0.85308754,0.4953103,0.8404776,0.48995152
2015-07-13 23:59:52,0.7675969,0.5961135,0.7942049,0.60558873,0.76085657,0.5773418
2015-07-14 23:59:52,0.34493938,0.06984859,0.3568298,0.07102618,0.348686,0.06909542
2015-07-15 23:59:52,0.5656758,0.74237037,0.58443934,0.7551319,0.56507367,0.75493973
2015-07-16 23:59:52,0.32174534,0.6164167,0.33266437,0.6265054,0.33113298,0.63321036
2015-07-17 23:59:52,0.3870877,0.678235,0.40047067,0.6891426,0.3778764,0.66199297
2015-07-18 23:59:52,0.11879822,0.9868586,0.12248125,1.0000484,0.121900246,0.96223325
2015-07-19 23:59:52,0.2444217,0.88431346,0.25050133,0.89230156,0.24292423,0.88099456
2015-07-20 23:59:52,0.8038142,0.10648236,0.81966645,0.10697949,0.8150333,0.105962776
2015-07-21 23:59:52,0.8275288,0.39686707,0.84037846,0.397342,0.8294922,0.40596235
2015-07-22 23:59:52,0.4591138,0.34733257,0.46330786,0.3458514,0.46559435,0.3518833
2015-07-23 23:59:52,0.34625235,0.23824872,0.34925434,0.23694147,0.34842053,0.23903413
2015-07-24 23:59:52,0.40927166,0.9218082,0.4126236,0.91541207,0.42183226,0.9094287
2015-07-25 23:59:52,0.29301512,0.6887955,0.29587722,0.68550545,0.3022849,0.6682751
2015-07-26 23:59:52,0.050468784,0.12736195,0.05130971,0.12730847,0.050172396,0.13351184
2015-07-27 23:59:52,0.13873555,0.7379591,0.14188467,0.7416924,0.13836676,0.76289076
2015-07-28 23:59:52,0.08027699,0.18656886,0.082750775,0.18907271,0.08258697,0.1868659
2015-07-29 23:59:52,0.4573578,0.07797279,0.474949,0.07942959,0.44687307,0.07678202
2015-07-30 23:59:52,0.7331118,0.7833794,0.7677365,0.8041718,0.7192502,0.7776611
2015-07-31 23:59:52,0.5951817,0.8879608,0.622148,0.91292095,0.6110316,0.8827905
2016-01-01 23:59:52,0.8293273,0.32224515,0.85657567,0.32205647,0.8508925,0.3316943
2016-01-02 23:59:52,0.1841331,0.23477615,0.18899943,0.23438959,0.19167686,0.23362863
2016-01-03 23:59:52,0.295863,0.2781453,0.3044244,0.27861857,0.3133808,0.26162392
2016-01-04 23:59:52,0.10091684,0.21352954,0.1041647,0.21511284,0.10041762,0.21055008
2016-01-05 23:59:52,0.17525671,0.28001145,0.18210252,0.28354636,0.17855881,0.2768122
2016-01-06 23:59:52,0.8654041,0.3961161,0.90189135,0.40218747,0.89894825,0.38814846
2016-01-07 23:59:52,0.771026,0.1888543,0.806508,0.1919921,0.7927447,0.18972544
2016-01-08 23:59:52,0.30486614,0.5904609,0.32029945,0.60069585,0.32186872,0.60696244
2016-01-09 23:59:52,0.31599313,0.51829255,0.33228466,0.5278724,0.3247768,0.5157393
2016-01-10 23:59:52,0.68467486,0.86308473,0.72030526,0.8796048,0.71091807,0.82262087
2016-01-11 23:59:52,0.41761303,0.19395438,0.43928936,0.19777277,0.42959315,0.18512139
2016-01-12 23:59:52,0.0987283,0.47720787,0.103610046,0.48618555,0.10005154,0.46807766
2016-01-13 23:59:52,0.094644755,0.32192618,0.09938602,0.32746553,0.093933545,0.32026327
2016-01-14 23:59:52,0.9426841,0.022184901,0.9852378,0.022470314,0.96452135,0.021758795
2016-01-15 23:59:52,0.6378395,0.6500118,0.66540277,0.65736705,0.648682,0.65044224
2016-01-16 23:59:52,0.10502416,0.7464568,0.10919885,0.7522324,0.109401815,0.7547032
2016-01-17 23:59:52,0.24392045,0.84027994,0.2533171,0.84517306,0.2517148,0.87246287
2016-01-18 23:59:52,0.8609893,0.29124898,0.8943592,0.29307207,0.8718569,0.28423053
2016-01-19 23:59:52,0.646734,0.60014635,0.67497987,0.60527843,0.67646915,0.6038317
2016-01-20 23:59:52,0.39732498,0.46637437,0.41326565,0.4704425,0.41633588,0.46559852
2016-01-21 23:59:52,0.61791223,0.106658645,0.64490736,0.108241506,0.6555763,0.10612509
2016-01-22 23:59:52,0.34906816,0.8923144,0.36447018,0.9071486,0.34679523,0.91509145
2016-01-23 23:59:52,0.5200366,0.05519991,0.5451545,0.056151293,0.5176258,0.055646867
2016-01-24 23:59:52,0.3236307,0.073209986,0.33949736,0.07445427,0.3194636,0.07486659
2016-01-25 23:59:52,0.8368084,0.59516555,0.874445,0.60259014,0.8860491,0.5618118
2016-01-26 23:59:52,0.28768966,0.6278126,0.3002928,0.63399917,0.30043593,0.6246957
2016-01-27 23:59:52,0.19997558,0.31818497,0.20833255,0.3206337,0.21012989,0.3193943
2016-01-28 23:59:52,0.75919765,0.28929776,0.79053384,0.29135856,0.7985309,0.2870763
2016-01-29 23:59:52,0.19266501,0.528336,0.20004965,0.53213096,0.19039606,0.5062079
2016-01-30 23:59:52,0.9804135,0.582034,1.01531,0.586528,1.0056084,0.56719524
2016-01-31 23:59:52,0.95623606,0.5870184,0.9924865,0.59240407,0.9446667,0.5754176
2016-02-01 23:59:52,0.9502441,0.34907922,0.9882567,0.35307214,0.9965612,0.35702205
2016-02-02 23:59:52,0.33079678,0.7435103,0.3455216,0.75214165,0.33879882,0.73748374
2016-02-03 23:59:52,0.34792343,0.29421753,0.36528724,0.2983517,0.37091774,0.2983895
2016-02-04 23:59:52,0.7200418,0.15294597,0.75817055,0.15535864,0.7482828,0.15282129
2016-02-05 23:59:52,0.15384214,0.59398603,0.16238262,0.6043668,0.15903713,0.6051671
2016-02-06 23:59:52,0.3838225,0.33751893,0.40672606,0.34497145,0.4062921,0.33118835
2016-02-07 23:59:52,0.38568756,0.7476191,0.40752757,0.7630166,0.39886093,0.7497067
2016-02-08 23:59:52,0.7198444,0.20351472,0.7621489,0.2081053,0.7342244,0.1931492
2016-02-09 23:59:52,0.15396853,0.13129345,0.16295458,0.1342073,0.15870714,0.1316741
2016-02-10 23:59:52,0.291209,0.40303698,0.3070271,0.41087332,0.3036266,0.40222046
2016-02-11 23:59:52,0.6900897,0.92705154,0.7252847,0.94032604,0.68866485,0.94115484
2016-02-12 23:59:52,0.6211014,0.65093154,0.64902264,0.6572466,0.65308446,0.65649843
2016-02-13 23:59:52,0.6897746,0.21220042,0.7206386,0.21373694,0.7355623,0.22178227
2016-02-14 23:59:52,0.5010468,0.96762156,0.52252674,0.9728268,0.5295261,0.9837737
2016-02-15 23:59:52,0.60340375,0.36893088,0.62833446,0.37060368,0.63220584,0.36391026
2016-02-16 23:59:52,0.60780376,0.19392642,0.62867695,0.19409321,0.6406013,0.20206097
2016-02-17 23:59:52,0.9023399,0.45746553,0.9323779,0.4585038,0.9245895,0.4617943
2016-02-18 23:59:52,0.9865238,0.9228045,1.0180897,0.92564464,0.98006845,0.8889786
2016-02-19 23:59:52,0.6569431,0.03993214,0.6792994,0.04010253,0.6439468,0.039505735
2016-02-20 23:59:52,0.49226326,0.970188,0.5104806,0.9746441,0.4914013,0.96537757
2016-02-21 23:59:52,0.33575857,0.43423116,0.34719598,0.435263,0.34937805,0.4305521
2016-02-22 23:59:52,0.8793362,0.19296326,0.90747386,0.19309886,0.8835758,0.19546814
2016-02-23 23:59:52,0.87569016,0.30154842,0.90559673,0.30145365,0.95881563,0.31745943
2016-02-24 23:59:52,0.03550301,0.45795277,0.036548816,0.4577878,0.036430728,0.4710562
2016-02-25 23:59:52,0.82191014,0.10326855,0.8479176,0.103312604,0.8595761,0.100646265
2016-02-26 23:59:52,0.8709994,0.96582675,0.899039,0.96851164,0.88150007,0.9534464
2016-02-27 23:59:52,0.45996907,0.85209376,0.47509193,0.8550022,0.452235,0.86713344
2016-02-28 23:59:52,0.75050986,0.43113095,0.77620137,0.43319756,0.7575995,0.43915227
2016-02-29 23:59:52,0.100077376,0.5746339,0.10348811,0.576496,0.10188522,0.55902016
2016-03-01 23:59:52,0.71714157,0.279237,0.7446585,0.2804317,0.73902035,0.27988985
2016-03-02 23:59:52,0.5540332,0.5750798,0.5757718,0.5780178,0.5789146,0.601785
2016-03-03 23:59:52,0.76447845,0.15812807,0.796753,0.1590888,0.8129541,0.16017592
2016-03-04 23:59:52,0.67372584,0.05316064,0.700687,0.0534493,0.7043758,0.053276416
2016-03-05 23:59:52,0.75786513,0.62492406,0.78844583,0.62931997,0.78065485,0.58591014
2016-03-06 23:59:52,0.358465,0.76598495,0.37317047,0.77163905,0.37102082,0.7960767
2016-03-07 23:59:52,0.9573095,0.98450184,0.9963865,0.99142724,0.9628182,0.91579324
2016-03-08 23:59:52,0.42495137,0.66911113,0.44139394,0.67306554,0.43037683,0.66769445
2016-03-09 23:59:52,0.8730092,0.2402815,0.9045553,0.2408025,0.90581757,0.2436783
2016-03-10 23:59:52,0.9045661,0.33974773,0.9366837,0.34008402,0.95523494,0.34154692
2016-03-11 23:59:52,0.7828978,0.55692524,0.8090042,0.55653715,0.83566535,0.57316667
2016-03-12 23:59:52,0.54062885,0.61016434,0.5583841,0.60959136,0.57124424,0.61354345
2016-03-13 23:59:52,0.7368107,0.7503956,0.76060873,0.7495389,0.7841664,0.7552789
2016-03-14 23:59:52,0.4148729,0.94476706,0.42776752,0.94263804,0.417743,0.9538664
2016-03-15 23:59:52,0.6515427,0.117776975,0.67259794,0.117883325,0.663684,0.113539234
2016-03-16 23:59:52,0.7182769,0.82826716,0.74279076,0.82833844,0.74501354,0.8223282
2016-03-17 23:59:52,0.50216717,0.117041536,0.5187986,0.11711255,0.53146285,0.11350738
2016-03-18 23:59:52,0.11585402,0.057228647,0.11972558,0.05719399,0.11599547,0.055016976
2016-03-19 23:59:52,0.9069299,0.021916367,0.9349371,0.02187759,0.9339881,0.021807116
2016-03-20 23:59:52,0.3772639,0.2602049,0.3884329,0.25944054,0.39214152,0.27112985
2016-03-21 23:59:52,0.2930991,0.1392464,0.30179107,0.13891405,0.30874056,0.13876653
2016-03-22 23:59:52,0.03276033,0.828063,0.0336819,0.8256246,0.034714706,0.8368332
2016-03-23 23:59:52,0.11857324,0.15214327,0.121834405,0.15158185,0.11968762,0.14888586
2016-03-24 23:59:52,0.18085071,0.32013732,0.1860172,0.31922838,0.1904814,0.32974902
2016-03-25 23:59:52,0.68076384,0.84014463,0.7014496,0.8381558,0.70865303,0.82623124
2016-03-26 23:59:52,0.5965517,0.2999885,0.6151646,0.29982936,0.60133123,0.30294496
2016-03-27 23:59:52,0.5431841,0.29703447,0.55984855,0.29631776,0.54422975,0.3057351
2016-03-28 23:59:52,0.43253154,0.08610682,0.44457012,0.085792795,0.43971902,0.08584216
2016-03-29 23:59:52,0.7186365,0.08388849,0.73807317,0.08344895,0.71998745,0.08480276
2016-03-30 23:59:52,0.08653951,0.67708,0.08894522,0.67447746,0.08987327,0.64633334
2016-03-31 23:59:52,0.37654847,0.3283002,0.3870218,0.3268218,0.3975066,0.32350346
2016-04-01 23:59:52,0.6464339,0.8561072,0.6657145,0.8534726,0.67627805,0.8579728
2016-04-02 23:59:52,0.03973734,0.22804646,0.040779725,0.22701627,0.04030607,0.23250401
2016-04-03 23:59:52,0.33673775,0.844805,0.34596542,0.840529,0.3458599,0.8241351
2016-04-04 23:59:52,0.82769716,0.7619638,0.8498847,0.7582787,0.83584535,0.7742104
2016-04-05 23:59:52,0.97821873,0.91201705,1.0030268,0.9062545,1.0294434,0.9169962
2016-04-06 23:59:52,0.25756595,0.45391276,0.26366824,0.4497737,0.2705405,0.4620315
2016-04-07 23:59:52,0.43924904,0.697174,0.44936734,0.69072086,0.46355975,0.70555353
2016-04-08 23:59:52,0.21315163,0.7663182,0.21877998,0.75939524,0.22218744,0.7697494
2016-04-09 23:59:52,0.15970746,0.7711928,0.16408195,0.76588875,0.16689035,0.7680807
2016-04-10 23:59:52,0.94039893,0.84785277,0.9694401,0.8450938,0.98718476,0.8380531
2016-04-11 23:59:52,0.17061836,0.7676737,0.17651588,0.76676935,0.17410399,0.77166116
2016-04-12 23:59:52,0.4861484,0.33868805,0.5030927,0.3390403,0.49044794,0.33518422
2016-04-13 23:59:52,0.43713352,0.2761857,0.45372579,0.27684122,0.43167368,0.27232206
2016-04-14 23:59:52,0.030097127,0.9680845,0.031196529,0.9691835,0.030824305,0.97870606
2016-04-15 23:59:52,0.87222314,0.92599356,0.90668756,0.9269709,0.88360703,0.9431908
2016-04-16 23:59:52,0.37041244,0.23957,0.38370085,0.23930386,0.38976324,0.23501804
2016-04-17 23:59:52,0.52451915,0.6892924,0.5434161,0.6883657,0.5467194,0.68806547
2016-04-18 23:59:52,0.8795078,0.16337036,0.9072312,0.16282229,0.90913016,0.16454577
2016-04-19 23:59:52,0.6436372,0.14176044,0.6620457,0.14119753,0.66960675,0.14468777
2016-04-20 23:59:52,0.44326738,0.72043,0.4545469,0.71629864,0.4589904,0.70212233
2016-04-21 23:59:52,0.1874603,0.61826974,0.1922172,0.6144319,0.19197546,0.6242188
2016-04-22 23:59:52,0.23734152,0.4633892,0.24294207,0.45967573,0.24639107,0.4632664
2016-04-23 23:59:52,0.8086915,0.012313824,0.8290729,0.012215461,0.8188222,0.012227048
2016-04-24 23:59:52,0.42036006,0.2265404,0.4309754,0.22474512,0.45096344,0.23172659
2016-04-25 23:59:52,0.34638113,0.6549871,0.3552772,0.6498085,0.36530897,0.66872734
2016-04-26 23:59:52,0.64210516,0.38234833,0.6611984,0.38035935,0.6737022,0.38924107
2016-04-27 23:59:52,0.6007681,0.7001169,0.62025344,0.6984634,0.6097466,0.7070402
2016-04-28 23:59:52,0.088789865,0.5430618,0.09182002,0.5423585,0.09176848,0.54093534
2016-04-29 23:59:52,0.60074085,0.110232055,0.62169814,0.11033878,0.6381109,0.10642378
2016-04-30 23:59:52,0.7730813,0.60740936,0.7994653,0.60730314,0.77820957,0.60724384
2016-05-01 23:59:52,0.9977571,0.74039024,1.027471,0.7400362,0.99107736,0.7403971
2016-05-02 23:59:52,0.85258555,0.7596046,0.8772551,0.76015884,0.8793255,0.7798522
2016-05-03 23:59:52,0.9401688,0.05711488,0.9661931,0.057056468,0.99538887,0.058670536
2016-05-04 23:59:52,0.014801818,0.5513023,0.015174154,0.5493126,0.015360755,0.5515554
2016-05-05 23:59:52,0.76017046,0.62536263,0.7782729,0.6231655,0.7737042,0.6455063
2016-05-06 23:59:52,0.46182892,0.42232674,0.4735082,0.42158777,0.46837997,0.40839773
2016-05-07 23:59:52,0.86858445,0.89265245,0.89233756,0.8935419,0.913052,0.9001728
2016-05-08 23:59:52,0.68098927,0.27712882,0.7003506,0.27798128,0.69595194,0.27098706
2016-05-09 23:59:52,0.9974604,0.39069587,1.0302433,0.39276904,1.005497,0.39784694
2016-05-10 23:59:52,0.85029846,0.8457369,0.8780231,0.8501431,0.8651226,0.79832435
2016-05-11 23:59:52,0.32701978,0.56531847,0.33750868,0.56776696,0.3260446,0.56021255
2016-05-12 23:59:52,0.63086045,0.4793082,0.6519664,0.4807753,0.6479155,0.491381
2016-05-13 23:59:52,0.799228,0.82221144,0.8222821,0.82222354,0.81998146,0.847538
2016-05-14 23:59:52,0.5745446,0.2921049,0.59299344,0.29217112,0.6075538,0.2955031
2016-05-15 23:59:52,0.40191394,0.4698264,0.41443872,0.47019476,0.4263945,0.4738638
2016-05-16 23:59:52,0.24849421,0.12428796,0.25543866,0.12422224,0.25563484,0.12339511
2016-05-17 23:59:52,0.9047911,0.3293392,0.9278991,0.32968113,0.9421042,0.32421035
2016-05-18 23:59:52,0.118379444,0.44667897,0.12162582,0.447356,0.120737545,0.4419429
2016-05-19 23:59:52,0.33751187,0.6766341,0.34619716,0.67735505,0.34210923,0.6683667
2016-05-20 23:59:52,0.0653086,0.7953271,0.06709313,0.796925,0.06761579,0.81844294
2016-05-21 23:59:52,0.14165725,0.43071932,0.14571263,0.43183064,0.1454176,0.4426364
2016-05-22 23:59:52,0.18180376,0.22995457,0.18701576,0.23028678,0.18344015,0.22831868
2016-05-23 23:59:52,0.5050112,0.8231214,0.5178958,0.82286346,0.5344893,0.8351414
2016-05-24 23:59:52,0.3484822,0.5284325,0.35637465,0.5268567,0.3550655,0.5148397
2016-05-25 23:59:52,0.7155559,0.15638329,0.73215824,0.15591833,0.7257974,0.15538003
2016-05-26 23:59:52,0.36119834,0.3076289,0.3675133,0.30597326,0.3671123,0.31376454
2016-05-27 23:59:52,0.5723614,0.13079293,0.5828116,0.13007231,0.5883344,0.12971969
2016-05-28 23:59:52,0.039055657,0.7158239,0.039725754,0.71140206,0.040397394,0.6949169
2016-05-29 23:59:52,0.25912282,0.63279945,0.26362076,0.6284321,0.26902762,0.6460397
2016-05-30 23:59:52,0.9754584,0.6793632,0.9944755,0.6758979,1.0124599,0.6866242
2016-05-31 23:59:52,0.222541,0.877309,0.22689039,0.872375,0.23228171,0.87771213
2016-06-02 00:05:52,0.41726893,0.07608978,0.42556366,0.07570613,0.4436044,0.078404695
2016-06-02 23:59:52,0.15049574,0.5529257,0.15345484,0.5511398,0.16031383,0.5679109
2016-06-03 23:59:52,0.49728858,0.52003545,0.5084248,0.5194666,0.5217779,0.5202358
2016-06-04 23:59:52,0.19119194,0.83440197,0.19538586,0.8339408,0.19520833,0.85352933
2016-06-05 23:59:52,0.40853235,0.86985904,0.41785046,0.8704193,0.42324308,0.86840004
2016-06-06 23:59:52,0.88688415,0.58565265,0.9064929,0.5859952,0.9139109,0.5688034
2016-06-07 23:59:52,0.5439195,0.9432735,0.5549885,0.9417184,0.55241805,0.93716496
2016-06-08 23:59:52,0.34307298,0.50758713,0.34989175,0.5058386,0.35586298,0.509257
2016-06-09 23:59:52,0.83601654,0.07293757,0.84920853,0.07254553,0.8957659,0.07468981
2016-06-10 23:59:52,0.07887234,0.7290744,0.08000267,0.72251964,0.08325739,0.7125956
2016-06-11 23:59:52,0.64254034,0.7475062,0.6546202,0.74245113,0.66683555,0.71899587
2016-06-12 23:59:52,0.85468704,0.99603796,0.8695799,0.9891302,0.870884,0.9652067
2016-06-13 23:59:52,0.30141616,0.86145383,0.30742532,0.85742193,0.3016681,0.86984384
2016-06-14 23:59:52,0.43793467,0.8995319,0.44758505,0.89786434,0.45471615,0.8940903
2016-06-15 23:59:52,0.08866495,0.2520466,0.09095341,0.25260317,0.091722965,0.24490209
2016-06-16 23:59:52,0.7259046,0.59668106,0.7446718,0.5988007,0.740302,0.58476424
2016-06-17 23:59:52,0.38694555,0.53511834,0.39725095,0.53682405,0.3987886,0.5406157
2016-06-18 23:59:52,0.87444276,0.069925986,0.89758766,0.07006104,0.9340355,0.06865495
2016-06-19 23:59:52,0.7800143,0.4698544,0.7976891,0.46998122,0.8271174,0.46039313
2016-06-20 23:59:52,0.33195594,0.73091966,0.3385044,0.72845787,0.3506005,0.72988623
2016-06-21 23:59:52,0.34218392,0.8117792,0.347262,0.80584216,0.3606924,0.82457036
2016-06-22 23:59:52,0.54321223,0.036778547,0.5489703,0.036383428,0.55109555,0.037738066
2016-06-23 23:59:52,0.7289602,0.8327481,0.73504424,0.8225457,0.7640036,0.8449378
2016-06-24 23:59:52,0.14807276,0.6635589,0.14920245,0.65460443,0.14842987,0.64923275
2016-06-25 23:59:52,0.31796935,0.5636583,0.31963477,0.55538,0.33186385,0.5735483
2016-06-26 23:59:52,0.14029007,0.017143195,0.14120807,0.016907722,0.14849982,0.017690124
2016-06-27 23:59:52,0.77041286,0.55774695,0.7766835,0.55085635,0.7754359,0.533086
2016-06-28 23:59:52,0.9133351,0.53983015,0.9208984,0.5332536,0.91135216,0.5400764
2016-06-29 23:59:52,0.7397249,0.8431722,0.7481824,0.8354191,0.76710254,0.8332932
2016-06-30 23:59:52,0.44888878,0.18788856,0.45565876,0.18667808,0.47241223,0.1876625
2016-07-01 23:59:52,0.1258741,0.32851756,0.12772852,0.32682952,0.13012037,0.33077046
2016-07-02 23:59:52,0.5663085,0.5299196,0.5745636,0.5273598,0.5608189,0.5064769
2016-07-03 23:59:52,0.9022968,0.17480779,0.9150849,0.17364982,0.9342437,0.17670675
2016-07-04 23:59:52,0.6380956,0.685283,0.6464606,0.68080145,0.6562831,0.6604758
2016-07-05 23:59:52,0.30915046,0.07366149,0.313433,0.07312029,0.3169214,0.07635433
2016-07-06 23:59:52,0.7754577,0.6870004,0.78312874,0.6801382,0.80053526,0.68158
2016-07-07 23:59:52,0.20740625,0.46464282,0.21039279,0.46093026,0.21185333,0.45648226
2016-07-08 23:59:52,0.25006148,0.12143897,0.25369588,0.1204241,0.25781217,0.12270094
2016-07-09 23:59:52,0.98231554,0.18863994,1.0035093,0.1880308,1.0258449,0.18866251
2016-07-10 23:59:52,0.28755292,0.73509663,0.29465023,0.7356457,0.2909046,0.72537196
2016-07-11 23:59:52,0.51158804,0.52032655,0.52687365,0.52397805,0.5181678,0.4953791
2016-07-12 23:59:52,0.5424551,0.25125462,0.5601836,0.25354582,0.532813,0.25016257
2016-07-13 23:59:52,0.8892672,0.80685306,0.9204839,0.8162115,0.92080235,0.79537624
2016-07-14 23:59:52,0.12121549,0.13640471,0.1258471,0.13815176,0.12310138,0.13083465
2016-07-15 23:59:52,0.2492504,0.64637053,0.25823718,0.6531567,0.26246497,0.6357572
2016-07-16 23:59:52,0.8894892,0.32537243,0.9154973,0.32708463,0.91640127,0.32245615
2016-07-17 23:59:52,0.28672162,0.39177927,0.29499194,0.39315337,0.2967805,0.3876071
2016-07-18 23:59:52,0.9106727,0.48694485,0.92997587,0.48589942,0.95839936,0.4911123
2016-07-19 23:59:52,0.9281642,0.61604,0.9431248,0.6116742,0.96295387,0.6082706
2016-07-20 23:59:52,0.2031879,0.9864111,0.20533504,0.97550017,0.2105073,0.9974523
2016-07-21 23:59:52,0.18095395,0.19414693,0.18178643,0.19104142,0.1857501,0.1938713
2016-07-22 23:59:52,0.5312613,0.76566917,0.5325027,0.75245607,0.53915125,0.77796537
2016-07-23 23:59:52,0.18439741,0.33737892,0.18425825,0.330402,0.19635706,0.33766747
2016-07-24 23:59:52,0.8254973,0.67121035,0.82393074,0.65823543,0.8509542,0.670807
2016-07-25 23:59:52,0.20938738,0.35364565,0.20959577,0.34717402,0.22140417,0.35507858
2016-07-26 23:59:52,0.08855867,0.11482327,0.088822216,0.11301878,0.09059093,0.11513061
2016-07-27 23:59:52,0.09733942,0.6220773,0.09771441,0.6126673,0.10242295,0.6304843
2016-07-28 23:59:52,0.7813245,0.7930791,0.7858782,0.78441364,0.79754233,0.7897039
2016-07-29 23:59:52,0.8451601,0.56621677,0.8525394,0.5605266,0.85702807,0.5330468
2016-07-30 23:59:52,0.69606775,0.7124185,0.7011162,0.7047404,0.72209895,0.7105613
2016-07-31 23:59:52,0.70495373,0.23725224,0.7105761,0.23465559,0.745698,0.23213474
2017-01-01 23:59:51,0.44718593,0.6019181,0.44612175,0.5948941,0.45226723,0.6022305
2017-01-02 23:59:51,0.32295346,0.1869367,0.32187808,0.1844489,0.322671,0.18428452
2017-01-03 23:59:51,0.596462,0.23229232,0.5947811,0.2293183,0.6035531,0.22382535
2017-01-04 23:59:51,0.36354822,0.6182143,0.36195326,0.6093755,0.37598518,0.6276401
2017-01-05 23:59:51,0.9739983,0.67457795,0.96812356,0.6638473,1.0030955,0.66655016
2017-01-06 23:59:51,0.3827128,0.4509114,0.379479,0.4431241,0.3877695,0.459075
2017-01-07 23:59:51,0.42130786,0.8820449,0.41778767,0.86645675,0.4340741,0.8602099
2017-01-08 23:59:51,0.7274676,0.75758356,0.72028655,0.7437356,0.7240019,0.73325723
2017-01-09 23:59:51,0.34153947,0.83017075,0.33856365,0.81550306,0.34136918,0.82320523
2017-01-10 23:59:51,0.10296233,0.6746337,0.10190118,0.6619914,0.10196228,0.64217985
2017-01-11 23:59:51,0.29372707,0.46755075,0.28994918,0.45844713,0.30062252,0.45296735
2017-01-12 23:59:51,0.9223498,0.24863444,0.9116404,0.24384105,0.9252343,0.25566128
2017-01-13 23:59:51,0.9365144,0.7582028,0.9290973,0.74541914,0.9742188,0.7205643
2017-01-14 23:59:51,0.22305804,0.99002826,0.22192544,0.9745028,0.21641897,0.9507186
2017-01-15 23:59:51,0.09473388,0.894976,0.09440927,0.88215756,0.09858272,0.87942976
2017-01-16 23:59:51,0.0252023,0.9870718,0.02515246,0.976507,0.025966698,0.98565483
2017-01-17 23:59:51,0.94675136,0.33392677,0.9470277,0.33075497,0.9285323,0.33330053
2017-01-18 23:59:51,0.46674085,0.47535917,0.46698126,0.47166702,0.4736228,0.48579028
2017-01-19 23:59:51,0.58501947,0.29869497,0.586931,0.29645616,0.593027,0.27952626
2017-01-20 23:59:51,0.80274284,0.42215118,0.8060243,0.41925943,0.80870926,0.42293355
2017-01-21 23:59:51,0.3128559,0.92492396,0.3141883,0.918682,0.31358737,0.91456383
2017-01-22 23:59:51,0.63732743,0.015420274,0.640177,0.015325513,0.6647263,0.015766975
2017-01-23 23:59:51,0.85667646,0.18783179,0.85957074,0.18658881,0.8841383,0.18830678
2017-01-24 23:59:51,0.53294086,0.8874423,0.53472644,0.8811962,0.53292435,0.8924385
2017-01-25 23:59:51,0.99043584,0.89691514,0.99088883,0.8901554,0.9968133,0.8706071
2017-01-26 23:59:51,0.017947426,0.24778004,0.017960366,0.2454156,0.018285574,0.2543047
2017-01-27 23:59:51,0.6440525,0.14399119,0.64435685,0.14249958,0.6531346,0.14172304
2017-01-28 23:59:51,0.64003724,0.082094856,0.63901997,0.08114181,0.6321736,0.08212907
2017-01-29 23:59:51,0.39935297,0.4017249,0.39810643,0.39715952,0.39465016,0.39255616
2017-01-30 23:59:51,0.15396118,0.31436986,0.15329991,0.31035537,0.1563642,0.30866548
2017-01-31 23:59:51,0.5308322,0.27344412,0.5264926,0.2692979,0.5347954,0.27632806
2017-02-01 23:59:51,0.46387124,0.14080527,0.4597133,0.13852075,0.47525963,0.14435335
2017-02-02 23:59:51,0.27381107,0.8027091,0.27118483,0.7886564,0.2793057,0.8055593
2017-02-03 23:59:51,0.67538446,0.1681871,0.66612285,0.16483462,0.69153595,0.16963181
2017-02-04 23:59:51,0.042072985,0.44567046,0.041417036,0.4364814,0.04319918,0.44328526
2017-02-05 23:59:51,0.69467527,0.6777188,0.6831463,0.6629883,0.701731,0.6729202
2017-02-06 23:59:51,0.80699563,0.8433712,0.7918421,0.8236563,0.8104957,0.8405865
2017-02-07 23:59:51,0.6699405,0.33682123,0.65767694,0.3290509,0.67337143,0.34290645
2017-02-08 23:59:51,0.74866056,0.34138054,0.7374314,0.33413354,0.769047,0.33928153
2017-02-10 00:05:51,0.25966513,0.21662775,0.25613883,0.21255401,0.2665217,0.20817323
2017-02-10 23:59:51,0.93791986,0.24541211,0.9256488,0.24107087,0.94691575,0.23768981
2017-02-11 23:59:51,0.04725744,0.89959466,0.046793256,0.8851073,0.04848487,0.91068965
2017-02-12 23:59:51,0.37336487,0.8894856,0.369297,0.8746295,0.36849138,0.8714279
2017-02-13 23:59:51,0.40060616,0.745706,0.39725107,0.7347693,0.40266016,0.72670484
2017-02-14 23:59:51,0.094959825,0.5847123,0.09417589,0.57534003,0.09600007,0.5741767
2017-02-15 23:59:51,0.087237336,0.5450282,0.08640741,0.5369174,0.086004116,0.536214
2017-02-16 23:59:51,0.82915676,0.85980505,0.8218683,0.8458532,0.8476099,0.8591669
2017-02-17 23:59:51,0.5530342,0.33583686,0.5472817,0.33047494,0.5516576,0.3466831
2017-02-18 23:59:51,0.9365502,0.4270508,0.92683756,0.4202859,0.9452841,0.42751217
2017-02-19 23:59:51,0.13164991,0.9648777,0.1305845,0.950248,0.13533367,0.9638912
2017-02-20 23:59:51,0.4799135,0.9480851,0.477323,0.93498176,0.4954403,0.9199322
2017-02-21 23:59:51,0.59006417,0.7436949,0.5879122,0.73463184,0.5944683,0.7337546
2017-02-22 23:59:51,0.034371223,0.49683973,0.03427985,0.4915711,0.03619002,0.5023282
2017-02-23 23:59:51,0.6407334,0.6649975,0.6408488,0.6589669,0.65418893,0.65437424
2017-02-24 23:59:51,0.22305647,0.15594639,0.22275251,0.15470405,0.22932778,0.15425952
2017-02-25 23:59:51,0.43502307,0.5431708,0.43421328,0.5383843,0.43219116,0.5246074
2017-02-26 23:59:51,0.17107229,0.92062163,0.17074893,0.9120055,0.17099623,0.956579
2017-02-27 23:59:51,0.6142209,0.94083655,0.61092937,0.929753,0.6230012,0.94246167
2017-02-28 23:59:51,0.05104928,0.7108929,0.05067066,0.7007147,0.052912608,0.71422386
2017-03-01 23:59:51,0.50506437,0.7251897,0.5006674,0.71445775,0.5039556,0.70237225
2017-03-02 23:59:51,0.9464489,0.32112938,0.9360428,0.31608474,0.9780075,0.31007236
2017-03-03 23:59:51,0.66342264,0.6472475,0.6550392,0.6360817,0.6687485,0.6411256
2017-03-04 23:59:51,0.86366206,0.0131157,0.8516259,0.012868359,0.85254604,0.0131637985
2017-03-05 23:59:51,0.15871577,0.104191504,0.1562537,0.10203452,0.1612144,0.10636127
2017-03-06 23:59:51,0.123843,0.19735305,0.12166586,0.19298168,0.12580206,0.2036795
2017-03-07 23:59:51,0.31792372,0.8743127,0.31177992,0.8551251,0.31000978,0.85526264
2017-03-08 23:59:51,0.6328751,0.9587957,0.6205764,0.9367727,0.6448854,0.9419103
2017-03-09 23:59:51,0.09267331,0.549912,0.09088113,0.53770334,0.092945814,0.534972
2017-03-10 23:59:51,0.81736314,0.45354554,0.8019157,0.44322452,0.83307594,0.44392934
2017-03-11 23:59:51,0.5446397,0.99932003,0.5352404,0.97778356,0.57521665,1.0094807
2017-03-12 23:59:51,0.80962676,0.64361495,0.7937772,0.62963885,0.8416065,0.6539587
2017-03-13 23:59:51,0.38221627,0.9446233,0.3749969,0.9238522,0.39050838,0.93192816
2017-03-14 23:59:51,0.54035974,0.9398664,0.530114,0.91885513,0.56118643,0.94206065
2017-03-15 23:59:51,0.7360372,0.7927966,0.7226268,0.77484083,0.74991405,0.7839299
2017-03-16 23:59:51,0.15382068,0.5782198,0.15090798,0.5660082,0.15914634,0.58275676
2017-03-17 23:59:51,0.86460066,0.84856063,0.8489636,0.8303008,0.87634605,0.86305
2017-03-18 23:59:51,0.09390289,0.32029593,0.092207916,0.31366578,0.09203995,0.3300099
2017-03-19 23:59:51,0.32953164,0.2620782,0.32435027,0.25713852,0.3429309,0.26468652
2017-03-20 23:59:51,0.5398111,0.17516093,0.53130645,0.17180765,0.53982157,0.16845642
2017-03-21 23:59:51,0.11796124,0.14947452,0.116274975,0.14679678,0.1185745,0.14616223
2017-03-22 23:59:51,0.090792395,0.9209857,0.08954461,0.90564424,0.09133953,0.93751687
2017-03-23 23:59:51,0.67607117,0.26937544,0.6678631,0.26517934,0.6960628,0.26492512
2017-03-24 23:59:51,0.32929,0.99755,0.32573253,0.98239577,0.32725587,0.998913
2017-03-25 23:59:51,0.06575725,0.3025767,0.06502959,0.29805732,0.06509912,0.29932663
2017-03-26 23:59:51,0.41323018,0.105248064,0.41034558,0.103723764,0.43109483,0.106922865
2017-03-27 23:59:51,0.54992837,0.65467095,0.5459102,0.64621824,0.54987705,0.67137283
2017-03-28 23:59:51,0.7971376,0.69929683,0.79058117,0.6890489,0.79568624,0.7195826
2017-03-29 23:59:51,0.5333245,0.51042783,0.5281072,0.502724,0.5434303,0.51274353
2017-03-30 23:59:51,0.2769442,0.17917468,0.2734778,0.17633443,0.28220677,0.17630486
2017-03-31 23:59:51,0.24630262,0.2258992,0.2435325,0.2225776,0.24976727,0.22342196
2017-04-01 23:59:51,0.19650155,0.42825347,0.19487023,0.4220595,0.20207503,0.42909902
2017-04-02 23:59:51,0.71661806,0.8720298,0.71026236,0.8571266,0.7166872,0.89099985
2017-04-03 23:59:51,0.8108644,0.49533102,0.79951936,0.48566088,0.8077773,0.501268
2017-04-04 23:59:51,0.7111001,0.20593104,0.6993948,0.20178618,0.73098856,0.20996703
2017-04-05 23:59:51,0.23137346,0.16099477,0.22732979,0.1575731,0.23838426,0.1575152
2017-04-06 23:59:51,0.5165379,0.33423844,0.50703585,0.3274791,0.5266326,0.32341444
2017-04-07 23:59:51,0.71021473,0.25295976,0.6957382,0.24743812,0.7076364,0.2563495
2017-04-08 23:59:51,0.21829464,0.9829034,0.21366183,0.9621746,0.22043602,0.96511847
2017-04-09 23:59:51,0.69438374,0.9195321,0.6811982,0.90029305,0.7137195,0.88857156
2017-04-10 23:59:51,0.3652574,0.54527146,0.3588763,0.5344863,0.3753581,0.5312136
2017-04-11 23:59:51,0.049040902,0.84494025,0.04814022,0.82767195,0.048490815,0.836664
2017-04-12 23:59:51,0.97648066,0.41273713,0.95935166,0.40452802,0.99672055,0.41027847
2017-04-13 23:59:51,0.4246351,0.6694548,0.41772544,0.6568897,0.43578586,0.66265064
2017-04-14 23:59:51,0.3658345,0.47496736,0.35950136,0.46595615,0.36911225,0.47091326
2017-04-15 23:59:51,0.27946457,0.9956476,0.2749644,0.9769054,0.28199977,1.0082773
2017-04-16 23:59:51,0.052550904,0.72589225,0.051604886,0.7118971,0.052496795,0.73046887
2017-04-17 23:59:51,0.9093744,0.65307325,0.89378625,0.64075273,0.9314651,0.65037984
2017-04-18 23:59:51,0.0934432,0.17525987,0.09209834,0.17212056,0.094769254,0.17276344
2017-04-19 23:59:51,0.5185765,0.3696745,0.5123859,0.3638536,0.52664685,0.36036536
2017-04-20 23:59:51,0.36419168,0.6041984,0.3604067,0.59534556,0.3776399,0.60976
2017-04-21 23:59:51,0.08982081,0.41487917,0.08912157,0.41005668,0.092951946,0.41598672
2017-04-22 23:59:51,0.3259012,0.21310264,0.32474792,0.21105173,0.33191827,0.21877164
2017-04-23 23:59:51,0.95907533,0.43446374,0.9591976,0.43187708,0.995086,0.41382933
2017-04-24 23:59:51,0.4627913,0.90799755,0.4627634,0.9027837,0.45939556,0.9011766
2017-04-25 23:59:51,0.61855024,0.024609849,0.61706096,0.024457797,0.61947787,0.024916166
2017-04-26 23:59:51,0.36998868,0.21964179,0.3679344,0.21761729,0.38672182,0.21053967
2017-04-27 23:59:51,0.2733017,0.87483346,0.27129945,0.86543643,0.2719087,0.87514657
2017-04-28 23:59:51,0.38449392,0.46656394,0.38003197,0.4599432,0.3869754,0.4538187
2017-04-29 23:59:51,0.120974034,0.38311008,0.11918933,0.3761706,0.12479931,0.38991708
2017-04-30 23:59:51,0.21598163,0.40243608,0.21192135,0.39392495,0.21946406,0.3991786
2017-05-01 23:59:51,0.16438305,0.9889267,0.16028203,0.9651383,0.15978935,0.9286034
2017-05-02 23:59:51,0.3964804,0.43724686,0.38667366,0.4262983,0.40225962,0.42397788
2017-05-03 23:59:51,0.59047997,0.9791344,0.57516956,0.95552856,0.5912645,0.98508734
2017-05-04 23:59:51,0.7004834,0.10284601,0.6828742,0.100507684,0.67895305,0.10387036
2017-05-05 23:59:51,0.85283387,0.25529015,0.8297887,0.24910772,0.8863302,0.24557626
2017-05-06 23:59:51,0.6893109,0.820462,0.671287,0.8005151,0.6999849,0.8144644
2017-05-07 23:59:51,0.2340844,0.49507937,0.22789617,0.4827577,0.2369367,0.4968676
2017-05-08 23:59:51,0.80470276,0.97533906,0.7823506,0.95004165,0.82420516,0.9827486
2017-05-09 23:59:51,0.5258174,0.4731098,0.5105006,0.4607377,0.5048859,0.4569478
2017-05-10 23:59:51,0.8600874,0.65627974,0.8348956,0.6389841,0.8576247,0.65006447
2017-05-11 23:59:51,0.204984,0.50176597,0.1991694,0.4889476,0.20777434,0.49937502
2017-05-12 23:59:51,0.47021186,0.48831058,0.45747513,0.47613725,0.4659171,0.48496684
2017-05-13 23:59:51,0.98437035,0.41953784,0.9584956,0.40944695,1.0242614,0.4173881
2017-05-14 23:59:51,0.978044,0.21356492,0.9515796,0.20838748,0.9870027,0.20889445
2017-05-15 23:59:51,0.6079647,0.81721354,0.5928848,0.79819936,0.6033412,0.83850634
2017-05-16 23:59:51,0.89555556,0.87228066,0.8745214,0.8531719,0.91358334,0.8668518
2017-05-17 23:59:51,0.62077534,0.4539852,0.60701793,0.44428927,0.60650784,0.46274155
2017-05-18 23:59:51,0.39806446,0.34172738,0.3914934,0.33592337,0.41428584,0.33413064
2017-05-19 23:59:51,0.5642149,0.38829508,0.5565247,0.38268772,0.572397,0.40188947
2017-05-20 23:59:51,0.27542558,0.22943945,0.27235427,0.22635591,0.28315523,0.22484961
2017-05-21 23:59:51,0.28559515,0.23041455,0.28265515,0.22792205,0.28365344,0.2256772
2017-05-22 23:59:51,0.67647433,0.393603,0.6688913,0.38928735,0.6654438,0.4005471
2017-05-23 23:59:51,0.22167316,0.2870737,0.21908222,0.28399163,0.22379097,0.28750324
2017-05-24 23:59:51,0.522491,0.59843916,0.5152152,0.5901869,0.5140731,0.6143632
2017-05-25 23:59:51,0.31521028,0.94622755,0.3098314,0.92966396,0.321682,0.9783212
2017-05-26 23:59:51,0.97938186,0.62125784,0.96180934,0.6090628,1.0062615,0.62744766
2017-05-27 23:59:51,0.79716444,0.09457695,0.77973175,0.09247277,0.8138242,0.09457296
2017-05-28 23:59:51,0.3090407,0.77662194,0.30072898,0.7577208,0.30411386,0.78049535
2017-05-29 23:59:51,0.9603124,0.20201455,0.93332714,0.19686167,0.97635204,0.20336053
2017-05-30 23:59:51,0.79365796,0.16045369,0.77170897,0.156315,0.8029357,0.1550036
2017-05-31 23:59:51,0.18549363,0.013353893,0.18029651,0.013029327,0.18063016,0.01283674
2017-06-01 23:59:51,0.69622177,0.93916947,0.67773134,0.91635704,0.6753054,0.9362249
2017-06-02 23:59:51,0.04180999,0.77079844,0.040751606,0.7528061,0.040689584,0.7769066
2017-06-03 23:59:51,0.47826406,0.97329247,0.46782795,0.9529136,0.49227345,0.9691538
2017-06-04 23:59:51,0.12958117,0.808197,0.12667255,0.790887,0.13161857,0.77144694
2017-06-05 23:59:51,0.62047744,0.34471133,0.60738134,0.33788696,0.6057648,0.34475052
2017-06-06 23:59:51,0.93254524,0.64922595,0.91104,0.6363176,0.9335871,0.63483
2017-06-07 23:59:51,0.5351328,0.4414666,0.5228177,0.43272653,0.52806914,0.42618117
2017-06-08 23:59:51,0.76731247,0.25614545,0.74857634,0.25037718,0.7710723,0.25828144
2017-06-09 23:59:51,0.950375,0.26581863,0.92668253,0.2597526,0.9726397,0.2678854
2017-06-10 23:59:51,0.6139179,0.071839176,0.59837943,0.07013231,0.6230045,0.0714227
2017-06-11 23:59:51,0.8217076,0.27141562,0.79881746,0.26436248,0.8100081,0.262772
2017-06-12 23:59:51,0.98251617,0.6964412,0.9567164,0.67902935,0.9699139,0.7067199
2017-06-13 23:59:51,0.32341257,0.71347797,0.31500292,0.69652903,0.32193747,0.7121375
2017-06-14 23:59:51,0.2903549,0.5834455,0.28435028,0.5714016,0.2900273,0.5717822
2017-06-15 23:59:51,0.4507221,0.70914936,0.44185352,0.69655883,0.44836035,0.68651634
2017-06-16 23:59:51,0.6955885,0.12601958,0.68499446,0.12424027,0.712461,0.1254505
2017-06-17 23:59:51,0.7770756,0.11568005,0.7654478,0.1141497,0.75973713,0.11307936
2017-06-18 23:59:51,0.07764207,0.5466423,0.07644431,0.5391219,0.07508029,0.5358142
2017-06-19 23:59:51,0.44679397,0.5695163,0.4398579,0.56092364,0.43413264,0.5618334
2017-06-20 23:59:51,0.40597904,0.23826699,0.39866784,0.23399441,0.40209642,0.2349734
2017-06-21 23:59:51,0.5782778,0.2140119,0.5668836,0.20951459,0.5869929,0.21016794
2017-06-22 23:59:51,0.72756666,0.3311107,0.70972085,0.32334378,0.74120516,0.34433302
2017-06-23 23:59:51,0.08005189,0.15373409,0.0779338,0.14991531,0.08176941,0.15299593
2017-06-24 23:59:51,0.7931143,0.19176608,0.7716022,0.1869712,0.77999043,0.18726218
2017-06-25 23:59:51,0.73568624,0.77934015,0.7161422,0.76020366,0.72602516,0.7759209
2017-06-26 23:59:51,0.9908827,0.66303766,0.9642635,0.64730734,0.9702522,0.6418958
2017-06-27 23:59:51,0.7372797,0.7645312,0.71693575,0.7453392,0.7471062,0.7473818
2017-06-28 23:59:51,0.20851883,0.7070543,0.20243931,0.68852824,0.21256652,0.70858186
2017-06-29 23:59:51,0.9209373,0.10094322,0.8955847,0.098249905,0.9529411,0.10047
2017-06-30 23:59:51,0.5885038,0.05958616,0.57245296,0.05805043,0.6089891,0.05954101
2017-07-01 23:59:51,0.948963,0.5086499,0.9217852,0.4952519,0.9607835,0.49350587
2017-07-02 23:59:51,0.75928867,0.81133187,0.73738027,0.79083484,0.72304356,0.7898209
2017-07-03 23:59:51,0.72053176,0.21403958,0.69926924,0.20825826,0.72930956,0.21322067
2017-07-04 23:59:51,0.70873636,0.22048925,0.6876764,0.21461476,0.7104507,0.21501178
2017-07-05 23:59:51,0.5090791,0.6501161,0.49443537,0.6326678,0.49591157,0.6213806
2017-07-06 23:59:51,0.075772434,0.5476394,0.07358742,0.53287643,0.07459357,0.5646509
2017-07-07 23:59:51,0.96549493,0.952854,0.9383166,0.92678905,0.97659475,0.9337001
2017-07-08 23:59:51,0.36056823,0.08817474,0.35132062,0.085998714,0.36597297,0.08801363
2017-07-09 23:59:51,0.4445482,0.4964779,0.43309417,0.48447248,0.45448935,0.4841541
2017-07-10 23:59:51,0.5361973,0.26125732,0.5231109,0.2555075,0.5281077,0.25969142
2017-07-11 23:59:51,0.8042977,0.6248551,0.7886063,0.6131247,0.76400906,0.6102534
2017-07-12 23:59:51,0.8624415,0.10944647,0.8470766,0.10754763,0.8665104,0.10744519
2017-07-13 23:59:51,0.37417784,0.758804,0.3688862,0.7472897,0.36190674,0.75982237
2017-07-14 23:59:51,0.072147295,0.07256145,0.07103919,0.07133512,0.07256579,0.070948996
2017-07-15 23:59:51,0.15437031,0.05214195,0.15163812,0.051260695,0.15880497,0.051519103
2017-07-16 23:59:51,0.64070505,0.68435127,0.6268265,0.67007655,0.6393245,0.6809062
2017-07-17 23:59:51,0.6542514,0.5089969,0.6371404,0.49683917,0.62000436,0.5162232
2017-07-18 23:59:51,0.22215788,0.3186661,0.21610881,0.31047913,0.22705628,0.31325117
2017-07-19 23:59:51,0.62824863,0.2040798,0.609593,0.19844826,0.6492517,0.20333144
2017-07-20 23:59:51,0.32905227,0.5485317,0.31953868,0.53345436,0.3416554,0.53373295
2017-07-21 23:59:51,0.07715392,0.5900306,0.07484653,0.5740488,0.07933043,0.58274704
2017-07-22 23:59:51,0.5391354,0.74874455,0.52278936,0.72817993,0.54272777,0.73058516
2017-07-23 23:59:51,0.87382275,0.32016015,0.84626096,0.31103274,0.87846893,0.3214296
2017-07-24 23:59:51,0.33003765,0.07778307,0.3198931,0.07561662,0.31955644,0.07684172
2017-07-25 23:59:51,0.9423875,0.83159024,0.91328955,0.80773705,0.95603275,0.8320786
2017-07-26 23:59:51,0.6769424,0.8120914,0.65611476,0.7882294,0.68984354,0.82118315
2017-07-27 23:59:51,0.35958883,0.3106875,0.348241,0.3014857,0.37565196,0.30788055
2017-07-28 23:59:51,0.53656125,0.94606596,0.5198351,0.9186319,0.5443916,0.89958835
2017-07-29 23:59:51,0.18317415,0.23319593,0.17734967,0.22635008,0.18223047,0.22210838
2017-07-30 23:59:51,0.6724996,0.45647386,0.6504967,0.44298553,0.6762098,0.44967178
2017-07-31 23:59:51,0.47514766,0.64933413,0.4592888,0.6293852,0.46262062,0.6350966
2018-01-01 23:59:51,0.38539326,0.37803003,0.3711497,0.36402577,0.37807298,0.38065064
2018-01-02 23:59:51,0.17257763,0.5993154,0.16674386,0.57808715,0.16906597,0.5808942
2018-01-03 23:59:51,0.058014438,0.061791793,0.056055687,0.059558854,0.057865158,0.06205368
2018-01-04 23:59:51,0.391297,0.2639638,0.37783185,0.25464553,0.38105205,0.25318536
2018-01-05 23:59:51,0.36531425,0.031772412,0.35254416,0.030633831,0.3580567,0.030993886
2018-01-06 23:59:51,0.66054314,0.84480923,0.6379877,0.8152192,0.6546095,0.81551594
2018-01-07 23:59:51,0.20710017,0.8004761,0.20019734,0.77247757,0.20914046,0.7611965
2018-01-08 23:59:51,0.7131148,0.33996373,0.68894047,0.32837358,0.70734096,0.32743683
2018-01-09 23:59:51,0.37806675,0.72593534,0.36593568,0.7006014,0.37586802,0.72526246
2018-01-10 23:59:51,0.45619535,0.75476336,0.44176754,0.72861785,0.46794608,0.71752095
2018-01-11 23:59:51,0.8146301,0.47797078,0.78776616,0.46122253,0.79766685,0.47327742
2018-01-12 23:59:51,0.7140561,0.7501758,0.6897348,0.72322273,0.7189556,0.7477607
2018-01-13 23:59:51,0.729769,0.8357073,0.7058232,0.8057021,0.72360665,0.8249109
2018-01-14 23:59:51,0.42956597,0.99595034,0.41611028,0.9626429,0.42324692,0.93615687
2018-01-15 23:59:51,0.6471585,0.40105328,0.6271493,0.38815862,0.63716507,0.38186002
2018-01-16 23:59:51,0.9355902,0.10672276,0.90802246,0.103355885,0.90779394,0.10397878
2018-01-17 23:59:51,0.7866459,0.9439963,0.76357913,0.9144126,0.7625185,0.93076
2018-01-18 23:59:51,0.04158377,0.5560537,0.040346,0.5384725,0.03999677,0.5426076
2018-01-19 23:59:51,0.7158282,0.8352756,0.6935177,0.80714697,0.6948116,0.7978947
2018-01-20 23:59:51,0.8385577,0.7404007,0.81003547,0.71369714,0.8535273,0.70584804
2018-01-21 23:59:51,0.7478375,0.29094112,0.7207321,0.27994236,0.7493062,0.2934191
2018-01-22 23:59:51,0.014130234,0.93718565,0.013606855,0.90050495,0.014310417,0.9101053
2018-01-25 00:05:51,0.01892124,0.7824777,0.018186877,0.751397,0.018300883,0.77472043
2018-01-25 23:59:51,0.7677092,0.6079304,0.73882216,0.58338135,0.7689586,0.60913175
2018-01-26 23:59:51,0.58108723,0.741379,0.55868334,0.71103615,0.57725847,0.7234109
2018-01-27 23:59:51,0.7369491,0.84745246,0.70745254,0.81202334,0.71613085,0.8452392
2018-01-28 23:59:51,0.14115286,0.9788526,0.13536896,0.93830514,0.1400577,0.9448695
2018-01-29 23:59:51,0.62313616,0.09631032,0.5982583,0.09238661,0.61004025,0.09454937
2018-01-30 23:59:51,0.31892404,0.72830033,0.30708697,0.6996627,0.32299015,0.7087562
2018-01-31 23:59:51,0.686979,0.77310246,0.6607042,0.7424686,0.66354007,0.76881105
2018-02-01 23:59:51,0.5563292,0.2196254,0.53524375,0.21088782,0.54318565,0.21591291
2018-02-02 23:59:51,0.6940314,0.35159034,0.66859454,0.33783796,0.7052532,0.33708552
2018-02-03 23:59:51,0.8605835,0.65735054,0.8296421,0.6314574,0.8558682,0.656675
2018-02-04 23:59:51,0.061772294,0.26202115,0.05952468,0.25171304,0.060113847,0.25823858
2018-02-05 23:59:51,0.21928887,0.77489746,0.21136743,0.7442849,0.2303363,0.7685979
2018-02-06 23:59:51,0.25674638,0.4653438,0.24757516,0.44734472,0.2619248,0.46796095
2018-02-07 23:59:51,0.43980366,0.202167,0.42509496,0.19452998,0.43236908,0.19726643
2018-02-08 23:59:51,0.4483859,0.85485995,0.43361142,0.82330734,0.45995066,0.8438376
2018-02-09 23:59:51,0.40062353,0.28172755,0.38682714,0.27142164,0.39154395,0.2765777
2018-02-10 23:59:51,0.75360614,0.30861256,0.73083967,0.29786274,0.74025565,0.30425277
2018-02-11 23:59:51,0.8580793,0.869921,0.8327817,0.8414173,0.8537722,0.8748869
2018-02-12 23:59:51,0.49361667,0.067054644,0.4790906,0.06473914,0.49650785,0.06348332
2018-02-13 23:59:51,0.49774778,0.71648157,0.48177448,0.691161,0.47881737,0.7204976
2018-02-14 23:59:51,0.09048426,0.9400675,0.087563634,0.90644914,0.09048251,0.936323
2018-02-15 23:59:51,0.17970581,0.10083119,0.17362562,0.0969503,0.17474648,0.10070732
2018-02-16 23:59:51,0.62443644,0.2650183,0.60090077,0.25405133,0.6358621,0.26253307
2018-02-17 23:59:51,0.049187884,0.56347096,0.04716121,0.53925294,0.048820686,0.56540734
2018-02-18 23:59:51,0.47356626,0.8063364,0.45337656,0.77049375,0.48204994,0.8176549
2018-02-19 23:59:51,0.95122594,0.86835337,0.9111246,0.8292109,0.94947386,0.8587878
2018-02-20 23:59:51,0.97908807,0.029347809,0.93672836,0.028013123,0.96613324,0.02749891
2018-02-21 23:59:51,0.3636875,0.35453397,0.34850317,0.33880723,0.3722633,0.3545033
2018-02-22 23:59:51,0.5437178,0.123850904,0.52056545,0.11835827,0.53830993,0.11921545
2018-02-23 23:59:51,0.7940109,0.7033198,0.7566396,0.67005086,0.7856383,0.69961125
2018-02-24 23:59:51,0.51234174,0.37805003,0.48784974,0.3602921,0.4992865,0.3740051
2018-02-25 23:59:51,0.5624737,0.21998402,0.5365801,0.20991133,0.55838275,0.21864095
2018-02-26 23:59:51,0.38883373,0.078288026,0.37165797,0.07471957,0.3961292,0.07752482
2018-02-27 23:59:51,0.7503382,0.47821492,0.7160118,0.45611423,0.7196675,0.4812074
2018-02-28 23:59:51,0.1955923,0.9579202,0.18654741,0.9130257,0.19730133,0.94355863
2018-03-01 23:59:51,0.82987756,0.40924302,0.7904004,0.38982102,0.8264069,0.40596363
2018-03-02 23:59:51,0.1662858,0.105179384,0.15815863,0.10004929,0.1613301,0.10332391
2018-03-03 23:59:51,0.70104885,0.793426,0.667738,0.7550173,0.7100931,0.75821275
2018-03-04 23:59:51,0.28297326,0.96845585,0.2695359,0.922744,0.2833383,0.95196426
2018-03-05 23:59:51,0.7049068,0.14011972,0.67172545,0.13353625,0.7131776,0.13763353
2018-03-06 23:59:51,0.06429695,0.72919637,0.061358154,0.6965036,0.06156767,0.68591726
2018-03-07 23:59:51,0.9466141,0.20156954,0.90325445,0.19282477,0.9319623,0.19024418
2018-03-08 23:59:51,0.516238,0.7340486,0.49299702,0.7015992,0.51223403,0.7023632
2018-03-09 23:59:51,0.93755144,0.21668784,0.89671445,0.20767327,0.9291529,0.21759273
2018-03-10 23:59:51,0.6544012,0.16223426,0.6252413,0.15533413,0.6439715,0.15784809
2018-03-11 23:59:51,0.99750644,0.7690987,0.9543181,0.73723596,0.9554702,0.72247666
2018-03-12 23:59:51,0.01168806,0.8221306,0.011168965,0.7868117,0.011948257,0.80620444
2018-03-13 23:59:51,0.02838654,0.28619477,0.027127407,0.27375177,0.028165255,0.28952828
2018-03-14 23:59:51,0.3894537,0.0806598,0.37199864,0.07711826,0.39079472,0.07899169
2018-03-15 23:59:51,0.26017326,0.7902424,0.24761494,0.7531339,0.25575477,0.7884
2018-03-16 23:59:51,0.06830138,0.7830428,0.06497864,0.7456678,0.06776282,0.7696328
2018-03-17 23:59:51,0.047653433,0.118824586,0.045335133,0.113180086,0.04768799,0.11945182
2018-03-18 23:59:51,0.72867393,0.8506246,0.6932549,0.81067973,0.74862,0.8535271
2018-03-19 23:59:51,0.71942073,0.7615314,0.6843082,0.72580475,0.69667673,0.7235022
2018-03-20 23:59:51,0.9820973,0.8814002,0.9344571,0.8396423,0.9562546,0.8704855
2018-03-21 23:59:51,0.6188742,0.4660165,0.588201,0.443724,0.6155403,0.4585757
2018-03-22 23:59:51,0.51508665,0.99266,0.49021053,0.94543225,0.5235088,0.96758425
2018-03-23 23:59:51,0.8396298,0.4371486,0.7988984,0.41700736,0.8449037,0.4297933
2018-03-24 23:59:51,0.74129033,0.22286789,0.7045962,0.21234503,0.75433373,0.21143566
2018-03-25 23:59:51,0.76408523,0.67488897,0.72707534,0.6429573,0.7599447,0.63933545
2018-03-26 23:59:51,0.17098528,0.84154636,0.16269356,0.801819,0.16834164,0.80479914
2018-03-27 23:59:51,0.5343968,0.64242953,0.5074615,0.6109086,0.5427813,0.62029785
2018-03-28 23:59:51,0.54035324,0.39536256,0.51278293,0.37564498,0.53541976,0.39773786
2018-03-29 23:59:51,0.0549455,0.9935506,0.052112937,0.94403845,0.053857088,0.98883176
2018-03-30 23:59:51,0.38760284,0.25383368,0.36831507,0.24121597,0.39097884,0.24898875
2018-03-31 23:59:51,0.64035636,0.4342281,0.6093154,0.41356447,0.6493464,0.41860527
2018-04-01 23:59:51,0.8653757,0.34572926,0.82354045,0.32937118,0.855509,0.33306116
2018-04-02 23:59:51,0.467759,0.75463665,0.4452116,0.71963894,0.46728015,0.7365931
2018-04-03 23:59:51,0.34724113,0.5108308,0.33104372,0.48751086,0.34121132,0.5067848
2018-04-04 23:59:51,0.23522493,0.92386246,0.22412151,0.88124055,0.235627,0.91971546
2018-04-05 23:59:51,0.51609904,0.82776916,0.4922066,0.7910021,0.50102705,0.7848032
2018-04-06 23:59:51,0.20357537,0.42802116,0.19440952,0.40901878,0.20037413,0.4176946
2018-04-07 23:59:51,0.048853293,0.19094895,0.046622097,0.18223,0.04827435,0.18209526
2018-04-08 23:59:51,0.022803752,0.58762246,0.021733824,0.5605619,0.022579847,0.5889744
2018-04-09 23:59:51,0.5095021,0.87256455,0.4864808,0.83231723,0.4988484,0.88700944
2018-04-10 23:59:51,0.74342877,0.08415973,0.708833,0.080173746,0.73565865,0.08281044
2018-04-11 23:59:51,0.9274261,0.18997663,0.881167,0.18071729,0.9439999,0.18845432
2018-04-12 23:59:51,0.17963743,0.8495373,0.17086758,0.8069884,0.18380775,0.865221
2018-04-13 23:59:51,0.6748483,0.9536042,0.6413982,0.9070805,0.6824421,0.9263447
2018-04-14 23:59:51,0.8791645,0.39218402,0.837418,0.37330967,0.89450824,0.38042176
2018-04-15 23:59:51,0.98936284,0.093121424,0.94128054,0.08856369,0.9880779,0.09143355
2018-04-16 23:59:51,0.55643237,0.7629388,0.52834827,0.7264252,0.5332237,0.7380352
2018-04-17 23:59:51,0.4421912,0.7494164,0.42069495,0.71315825,0.44159132,0.76407796
2018-04-18 23:59:51,0.1972411,0.14023909,0.1874454,0.13354848,0.1999302,0.13703398
2018-04-19 23:59:51,0.13177602,0.35271794,0.12519579,0.33534423,0.13544647,0.35017377
2018-04-20 23:59:51,0.3438899,0.4853248,0.32727763,0.46208015,0.34326917,0.47524542
2018-04-21 23:59:51,0.7468253,0.6176532,0.71246415,0.5885752,0.7378061,0.5857898
2018-04-22 23:59:51,0.093052156,0.7300732,0.088941455,0.697005,0.09119749,0.7158276
2018-04-23 23:59:51,0.19706182,0.14706303,0.1883954,0.14060296,0.19879478,0.14751677
2018-04-24 23:59:51,0.73974156,0.32776952,0.7060885,0.31289202,0.7412035,0.3211882
2018-04-25 23:59:51,0.037856713,0.03930489,0.036123678,0.03759577,0.037242163,0.038398344
2018-04-26 23:59:51,0.5839763,0.8523881,0.55702794,0.8145043,0.57647306,0.8106282
2018-04-27 23:59:51,0.98420817,0.27831712,0.9395499,0.26563275,0.97793525,0.2775925
2018-04-28 23:59:51,0.33915892,0.49394506,0.32296315,0.4703108,0.33101916,0.4961363
2018-04-29 23:59:51,0.85228276,0.0500226,0.8118696,0.04763888,0.8272134,0.047977336
2018-04-30 23:59:51,0.02944639,0.72097874,0.027997471,0.6864704,0.029790515,0.7008146
2018-05-01 23:59:51,0.042635195,0.25386146,0.040477283,0.24171564,0.04163657,0.23725976
2018-05-02 23:59:51,0.3322973,0.62827325,0.31611815,0.598411,0.32604063,0.6313114
2018-05-03 23:59:51,0.53802913,0.84844077,0.51219034,0.80828404,0.5245684,0.849738
2018-05-04 23:59:51,0.59433,0.7126795,0.56574667,0.67955154,0.6037279,0.7095995
2018-05-05 23:59:51,0.61628026,0.657505,0.58739525,0.6270835,0.60652417,0.61529547
2018-05-06 23:59:51,0.27613395,0.8735936,0.26298878,0.83565664,0.27302697,0.8790039
2018-05-07 23:59:51,0.20419705,0.101283,0.19469497,0.096767165,0.19815604,0.09980822
2018-05-08 23:59:51,0.77454805,0.24308762,0.7388517,0.23262334,0.75293225,0.2351254
2018-05-09 23:59:51,0.7483174,0.42796847,0.71467525,0.40932792,0.7633495,0.4249102
2018-05-10 23:59:51,0.108696565,0.4640906,0.10391425,0.44457456,0.108253896,0.47062215
2018-05-11 23:59:51,0.95393443,0.28844434,0.91124505,0.27618358,0.9418218,0.2779487
2018-05-12 23:59:51,0.68066597,0.9906669,0.64968866,0.9489071,0.66961944,0.94815934
2018-05-13 23:59:51,0.27860147,0.50709814,0.26609015,0.48588547,0.28113288,0.49634978
2018-05-14 23:59:51,0.1430779,0.23288679,0.13658382,0.22347793,0.14248045,0.2327881
2018-05-15 23:59:51,0.010755034,0.31869134,0.010273946,0.30607155,0.010481026,0.30127966
2018-05-16 23:59:51,0.08218654,0.6251079,0.0783405,0.59919596,0.08105928,0.59413224
2018-05-17 23:59:51,0.70419145,0.51072085,0.670778,0.48947045,0.6814847,0.49173728
2018-05-18 23:59:51,0.5366895,0.22128765,0.5106642,0.21212025,0.5243594,0.21469645
2018-05-19 23:59:51,0.48196155,0.76477957,0.45853367,0.73237807,0.48245558,0.73891616
2018-05-20 23:59:51,0.31938693,0.5151091,0.3045377,0.493948,0.32287887,0.49818197
2018-05-21 23:59:51,0.06160929,0.32486048,0.05876556,0.3118164,0.061618693,0.3178746
2018-05-22 23:59:51,0.3712037,0.08275154,0.35372975,0.079369724,0.3713087,0.07722365
2018-05-23 23:59:51,0.08823349,0.81576514,0.08418608,0.78251076,0.08527882,0.80659443
2018-05-24 23:59:51,0.19334382,0.698661,0.18512197,0.67186457,0.1843774,0.7058712
2018-05-25 23:59:51,0.8619126,0.66796273,0.8253336,0.64195323,0.88823444,0.66622484
2018-05-26 23:59:51,0.7035761,0.6382852,0.6738766,0.61418426,0.69231415,0.6208865
2018-05-27 23:59:51,0.46838477,0.95947075,0.44862604,0.92424107,0.4452537,0.95409346
2018-05-28 23:59:51,0.17908245,0.75467366,0.17160079,0.72739977,0.18381219,0.7421046
2018-05-29 23:59:51,0.3216865,0.5919654,0.30863702,0.5710547,0.31892934,0.59323
2018-05-30 23:59:51,0.19881272,0.9802454,0.19061333,0.9458653,0.19732021,0.9448716
2018-05-31 23:59:51,0.0511118,0.8975413,0.04913332,0.8652626,0.05025268,0.8719643
2018-06-01 23:59:51,0.8027737,0.7903758,0.7693853,0.76074183,0.79202145,0.7656541
2018-06-02 23:59:51,0.8894105,0.12907939,0.85033184,0.123907976,0.9020069,0.12638195
2018-06-03 23:59:51,0.54597336,0.70695287,0.5211278,0.6779079,0.540284,0.6851805
2018-06-04 23:59:51,0.4416912,0.118941955,0.42132267,0.11392911,0.4331865,0.118066795
2018-06-05 23:59:51,0.019965354,0.29657018,0.019029751,0.28405714,0.019901715,0.29043797
2018-06-06 23:59:51,0.78804266,0.66245276,0.7508287,0.634404,0.7842943,0.65520275
2018-06-07 23:59:51,0.62815076,0.20494658,0.5990899,0.19647485,0.62340665,0.20029262
2018-06-08 23:59:51,0.104468405,0.8976226,0.099589445,0.86078686,0.10409054,0.8871914
2018-06-09 23:59:51,0.5742814,0.22125077,0.5473238,0.21210268,0.5544436,0.21738589
2018-06-10 23:59:51,0.7391639,0.80847466,0.70404834,0.77465546,0.72457254,0.78533995
2018-06-11 23:59:51,0.23777145,0.5726347,0.22646733,0.54794604,0.2364142,0.5758575
2018-06-12 23:59:51,0.50998086,0.625423,0.48625165,0.5989028,0.49726093,0.60528255
2018-06-13 23:59:51,0.7974137,0.7531945,0.76076615,0.7214326,0.7958799,0.75697684
2018-06-14 23:59:51,0.054242,0.61339563,0.051841438,0.58815193,0.054746587,0.602858
2018-06-15 23:59:51,0.5451536,0.24775623,0.52083075,0.23774025,0.529963,0.24897555
2018-06-16 23:59:51,0.37237206,0.99827707,0.3565404,0.95938367,0.37002754,0.97869074
2018-06-17 23:59:51,0.59723705,0.20532824,0.572304,0.1975525,0.5950269,0.19705148
2018-06-18 23:59:51,0.4261003,0.78316194,0.40826124,0.7537089,0.42863706,0.771109
2018-06-19 23:59:51,0.076263174,0.08546076,0.07316682,0.08233028,0.076562166,0.08439319
2018-06-20 23:59:51,0.8739609,0.42432886,0.8388574,0.40847808,0.85240287,0.41701046
2018-06-21 23:59:51,0.7598567,0.0744707,0.73011535,0.071728386,0.75824136,0.0742609
2018-06-22 23:59:51,0.8591975,0.18580455,0.8240654,0.17872258,0.84663194,0.18521869
2018-06-23 23:59:51,0.3205436,0.5333033,0.307311,0.51272684,0.3115704,0.51543796
2018-06-24 23:59:51,0.31285274,0.8172926,0.30006796,0.78721225,0.30371165,0.8017288
2018-06-25 23:59:51,0.44781408,0.0121627385,0.4300001,0.011729367,0.43904537,0.011716045
2018-06-26 23:59:51,0.8793216,0.42511606,0.8441095,0.4096872,0.872859,0.40375057
2018-06-27 23:59:50,0.07441906,0.42460167,0.0712131,0.40840036,0.0753419,0.41572437
2018-06-28 23:59:51,0.18057418,0.43242788,0.17232351,0.41471198,0.17933066,0.42486545
2018-06-29 23:59:51,0.0960673,0.02722224,0.09154182,0.026060438,0.098439045,0.027510425
2018-06-30 23:59:51,0.8585532,0.6453051,0.81666964,0.61664224,0.82965213,0.6371467
2018-07-01 23:59:51,0.45896733,0.051169023,0.4358692,0.048796333,0.4574899,0.049891166
2018-07-02 23:59:51,0.546394,0.4720513,0.519564,0.4510794,0.55126715,0.48021784
2018-07-03 23:59:51,0.28688446,0.23295031,0.27243686,0.22241716,0.27642742,0.23036239
2018-07-04 23:59:51,0.56112605,0.4623316,0.53407854,0.44199884,0.55243915,0.4536337
2018-07-05 23:59:51,0.1689279,0.74973494,0.1607057,0.7164225,0.16541156,0.7234669
2018-07-06 23:59:51,0.9663738,0.9753613,0.9204049,0.93230766,0.94907576,0.9875215
2018-07-07 23:59:51,0.8408131,0.16000739,0.8015992,0.15301748,0.81151056,0.15384334
2018-07-08 23:59:51,0.77773076,0.12715359,0.7407358,0.121532194,0.7692148,0.1252656
2018-07-09 23:59:51,0.8094141,0.7358607,0.7737763,0.7044784,0.8188512,0.71369374
2018-07-10 23:59:51,0.42225358,0.74275285,0.40469667,0.7135004,0.41749865,0.7373108
2018-07-11 23:59:51,0.5974975,0.96055096,0.57316273,0.92335105,0.6012211,0.9321226
2018-07-12 23:59:51,0.20405999,0.04089902,0.19612677,0.039395712,0.19576165,0.04034174
2018-07-13 23:59:51,0.7235107,0.5378807,0.69619435,0.5188004,0.7122062,0.52668446
2018-07-14 23:59:51,0.4372936,0.82827944,0.42128763,0.79993975,0.42438126,0.82880986
2018-07-15 23:59:51,0.1786774,0.34807348,0.17152248,0.33532172,0.17031308,0.33927578
2018-07-16 23:59:51,0.6617466,0.5068299,0.6356281,0.48807392,0.6384614,0.4832757
2018-07-17 23:59:51,0.585263,0.76287425,0.5621901,0.7336875,0.5720645,0.7512929
2018-07-18 23:59:51,0.18195473,0.21992263,0.174445,0.21114051,0.1859526,0.21566641
2018-07-19 23:59:51,0.049806044,0.055523697,0.04767566,0.053238325,0.04937147,0.054540932
2018-07-20 23:59:51,0.834923,0.57782453,0.79936224,0.5542841,0.82059973,0.57759356
2018-07-21 23:59:51,0.68416864,0.010775545,0.6555187,0.010354858,0.67849886,0.010502596
2018-07-22 23:59:51,0.7238808,0.19977365,0.69346184,0.19191846,0.71877104,0.19430734
2018-07-23 23:59:51,0.51310617,0.5568665,0.4909968,0.53394556,0.5195158,0.55527854
2018-07-24 23:59:51,0.6259953,0.65915257,0.597323,0.63071144,0.63561165,0.66247743
2018-07-25 23:59:51,0.7694036,0.767,0.73356384,0.73357356,0.76819664,0.7456065
2018-07-26 23:59:51,0.83886695,0.9789347,0.801121,0.9367633,0.82720876,0.97971314
2018-07-27 23:59:51,0.790367,0.40481535,0.7537675,0.38721964,0.7998132,0.39283055
2018-07-28 23:59:51,0.074685775,0.65175134,0.07108379,0.6215624,0.074845135,0.6603715
2018-07-29 23:59:51,0.09140319,0.059570726,0.0863534,0.056471873,0.091150366,0.056638293
2018-07-30 23:59:51,0.7189082,0.84767586,0.6798339,0.8047557,0.70380044,0.81949306
2018-07-31 23:59:51,0.012775166,0.6659438,0.0121061625,0.6331983,0.01269477,0.659648
2019-01-01 23:59:51,0.361246,0.5417991,0.3489785,0.5208157,0.356201,0.52148384
2019-01-02 23:59:51,0.09278681,0.10478585,0.089723274,0.100662194,0.09143788,0.1034482
2019-01-03 23:59:51,0.8829172,0.41236854,0.8505284,0.39572424,0.88142955,0.40728444
2019-01-04 23:59:51,0.4725982,0.30761674,0.45520085,0.29497123,0.45007077,0.30305424
2019-01-05 23:59:51,0.027303437,0.22894092,0.026300741,0.21959053,0.027576417,0.22858442
2019-01-06 23:59:51,0.3215878,0.51690936,0.30967566,0.4956714,0.31961846,0.5084879
2019-01-07 23:59:51,0.31900653,0.87501246,0.30752018,0.8398236,0.31967586,0.8780615
2019-01-08 23:59:51,0.6259613,0.7637836,0.6037766,0.7329993,0.63194263,0.7015352
2019-01-09 23:59:51,0.97100735,0.18503487,0.934778,0.17744097,0.9621448,0.18343638
2019-01-10 23:59:51,0.8765622,0.8221349,0.84322417,0.7877517,0.89308053,0.8113137
2019-01-11 23:59:51,0.7395524,0.78956157,0.71253335,0.75717443,0.71858764,0.77551174
2019-01-12 23:59:51,0.99970835,0.765062,0.960845,0.73301995,0.97575706,0.7282849
2019-01-13 23:59:51,0.71695423,0.49519533,0.6905401,0.47522724,0.73880094,0.48304272
2019-01-14 23:59:51,0.36764434,0.9933904,0.3535338,0.95212346,0.3625517,0.9915017
2019-01-15 23:59:51,0.5927678,0.7839675,0.5701202,0.7510865,0.5855053,0.75384575
2019-01-16 23:59:51,0.47718117,0.49291253,0.45906752,0.47235787,0.474289,0.48811853
2019-01-17 23:59:51,0.14488164,0.027031587,0.13962266,0.025927529,0.14392862,0.027119167
2019-01-18 23:59:51,0.2674647,0.9768183,0.25748324,0.93594956,0.26157466,0.9453029
2019-01-19 23:59:51,0.04020627,0.9667558,0.038680542,0.92705965,0.039206192,0.9337008
2019-01-20 23:59:51,0.2530432,0.39228806,0.24375056,0.37615576,0.2533324,0.3822739
2019-01-21 23:59:51,0.7975544,0.7290443,0.7690221,0.7003976,0.76619136,0.69338083
2019-01-22 23:59:51,0.80969036,0.565181,0.78202444,0.54262006,0.80999964,0.556505
2019-01-23 23:59:51,0.63778865,0.85239786,0.6165654,0.82058114,0.63977873,0.85240936
2019-01-24 23:59:51,0.5712861,0.23766568,0.55368954,0.22937468,0.5727439,0.23052546
2019-01-25 23:59:51,0.12746897,0.11297304,0.12388687,0.10904062,0.126311,0.11004291
2019-01-26 23:59:51,0.75089604,0.84725213,0.72823584,0.8171376,0.7396111,0.7988176
2019-01-27 23:59:51,0.3653718,0.8217509,0.3540504,0.79200375,0.3677938,0.83670485
2019-01-28 23:59:51,0.36040354,0.3172643,0.34922338,0.3055602,0.35066944,0.31484663
2019-01-29 23:59:51,0.3592897,0.73677015,0.34719363,0.7079022,0.35167962,0.7401243
2019-01-30 23:59:51,0.2630799,0.5962065,0.25355548,0.5722454,0.2599377,0.6016418
2019-01-31 23:59:51,0.33311442,0.61425483,0.31948975,0.5875601,0.34927496,0.59935045
2019-02-01 23:59:51,0.5699956,0.6583799,0.5459237,0.62957245,0.56975156,0.6545488
2019-02-02 23:59:51,0.51373124,0.74272233,0.49219,0.7088898,0.5287716,0.7071901
2019-02-03 23:59:51,0.8233541,0.07178059,0.78905195,0.06863877,0.81633824,0.06925278
2019-02-04 23:59:51,0.027129823,0.9474702,0.026009887,0.90627897,0.0278605,0.9474614
2019-02-05 23:59:51,0.29115334,0.023899646,0.27909338,0.022867566,0.29243505,0.023492415
2019-02-06 23:59:51,0.5363127,0.8851388,0.51332587,0.84558725,0.52938944,0.86899793
2019-02-07 23:59:51,0.76619405,0.9799541,0.7355428,0.9379861,0.7804811,0.97182876
2019-02-08 23:59:51,0.7332517,0.46953225,0.70239747,0.44889322,0.7443814,0.4731127
2019-02-09 23:59:51,0.5740601,0.13756764,0.5495121,0.13141277,0.58768135,0.13853745
2019-02-10 23:59:51,0.13187581,0.8656445,0.12628813,0.8265354,0.13058469,0.8654736
2019-02-11 23:59:51,0.82975006,0.087855674,0.7957019,0.08406203,0.8392246,0.08268794
2019-02-12 23:59:51,0.41086683,0.10937503,0.39382315,0.104532406,0.41767213,0.10585712
2019-02-13 23:59:51,0.87181073,0.36912873,0.83619726,0.3533645,0.8789774,0.3705261
2019-02-14 23:59:51,0.92864186,0.910847,0.89231807,0.87152463,0.93582857,0.88446003
2019-02-15 23:59:51,0.55373174,0.20336807,0.53206754,0.19466425,0.5458674,0.21042894
2019-02-16 23:59:51,0.12684251,0.5145216,0.121860884,0.49312758,0.12956613,0.5227202
2019-02-17 23:59:51,0.8801738,0.122003496,0.84633726,0.117011495,0.90357876,0.12650731
2019-02-18 23:59:51,0.106731534,0.27065557,0.10280789,0.25998116,0.10986188,0.25325078
2019-02-19 23:59:51,0.34899122,0.8883432,0.3362339,0.8538896,0.34020576,0.86154085
2019-02-20 23:59:51,0.36556152,0.23714079,0.353025,0.22831987,0.37165454,0.23267531
2019-02-21 23:59:51,0.07921375,0.12850931,0.07628117,0.12352185,0.081831686,0.12453816
2019-02-22 23:59:51,0.7844809,0.03248889,0.7556137,0.031200362,0.78941786,0.033203654
2019-02-23 23:59:51,0.23067543,0.31252795,0.22176875,0.29937676,0.23891185,0.30900493
2019-02-24 23:59:51,0.5820129,0.5251374,0.55823123,0.50314844,0.5960853,0.5291002
2019-02-25 23:59:51,0.8238725,0.92973566,0.7911202,0.89049673,0.8347537,0.9277346
2019-02-26 23:59:51,0.18141422,0.24362327,0.17407574,0.23303707,0.18071792,0.24973027
2019-02-27 23:59:51,0.025388712,0.88115245,0.024338657,0.8418692,0.02618933,0.87744373
2019-02-28 23:59:51,0.3670291,0.5009799,0.35152823,0.47845998,0.36664656,0.49838644
2019-03-01 23:59:51,0.77122,0.25060278,0.73834246,0.23929432,0.7823502,0.24264185
2019-03-02 23:59:51,0.5905199,0.28350255,0.5651857,0.27086183,0.5775554,0.2890439
2019-03-03 23:59:51,0.58008105,0.62817484,0.5568474,0.60085255,0.58102125,0.6455698
2019-03-04 23:59:51,0.4275225,0.96589285,0.40997165,0.92355394,0.42529404,0.9672606
2019-03-05 23:59:51,0.9099364,0.6719907,0.87349266,0.64345163,0.9161118,0.6790194
2019-03-07 23:59:51,0.82885134,0.17166601,0.7958244,0.16434762,0.8388101,0.16750711
2019-03-08 23:59:51,0.70646536,0.83777106,0.67884564,0.801926,0.70903975,0.7915671
2019-03-09 23:59:51,0.57155126,0.61776155,0.54876673,0.59116334,0.58376807,0.5914716
2019-03-10 23:59:51,0.5746989,0.62962526,0.55168355,0.60301256,0.57050055,0.63804096
2019-03-11 23:59:51,0.5768433,0.7813958,0.5524006,0.7466693,0.59038305,0.74782515
2019-03-12 23:59:51,0.7514892,0.5378352,0.7206074,0.51374567,0.7782366,0.5000712
2019-03-13 23:59:51,0.7140099,0.36838666,0.6847935,0.3523043,0.7114993,0.35592166
2019-03-14 23:59:51,0.24890935,0.9114423,0.23889668,0.8729083,0.25285202,0.87820125
2019-03-15 23:59:51,0.24184842,0.05722088,0.23244369,0.054793358,0.23871543,0.056997683
2019-03-16 23:59:51,0.79909706,0.4382364,0.76789916,0.4198184,0.82193565,0.43602425
2019-03-17 23:59:51,0.8327934,0.33315745,0.8022942,0.3196701,0.8410688,0.34197703
2019-03-18 23:59:51,0.6654309,0.5184208,0.6417383,0.49795562,0.65690947,0.5152645
2019-03-19 23:59:51,0.23216967,0.09617753,0.22402877,0.09253737,0.2355786,0.09135393
2019-03-20 23:59:51,0.2887284,0.54926115,0.27905,0.52829695,0.2860864,0.5120409
2019-03-21 23:59:51,0.28667128,0.108410805,0.27703503,0.104203664,0.29692465,0.10387281
2019-03-22 23:59:51,0.43527585,0.8986128,0.420215,0.8625484,0.44171196,0.91267323
2019-03-23 23:59:51,0.20419875,0.28192914,0.1964991,0.2702128,0.21315463,0.27334297
2019-03-24 23:59:51,0.99273527,0.4513169,0.9527784,0.4318144,0.9815899,0.45951462
2019-03-25 23:59:51,0.8830089,0.42018634,0.8455359,0.40102735,0.8652431,0.4246126
2019-03-26 23:59:51,0.68584895,0.5480928,0.6568568,0.5239778,0.66882366,0.54213893
2019-03-27 23:59:51,0.37951002,0.5500727,0.3637298,0.525485,0.38108653,0.5402872
2019-03-28 23:59:51,0.8221895,0.2331538,0.78761214,0.22300218,0.82323956,0.23271628
2019-03-29 23:59:51,0.6224366,0.011178552,0.5967728,0.010697954,0.63902634,0.011191086
2019-03-30 23:59:51,0.14162168,0.9560919,0.136,0.9150171,0.14149031,0.95446324
2019-03-31 23:59:51,0.66683924,0.59635055,0.6394939,0.56953967,0.65598774,0.5647463
2019-04-01 23:59:51,0.9846306,0.6534771,0.94596124,0.6255798,0.99077684,0.64526314
2019-04-02 23:59:51,0.27313018,0.5107396,0.26286983,0.48987603,0.27330825,0.49982715
2019-04-03 23:59:51,0.5556114,0.817438,0.5350378,0.78431076,0.54918015,0.82809937
2019-04-04 23:59:51,0.9994078,0.5552241,0.9602565,0.5318366,1.0366787,0.56602955
2019-04-05 23:59:51,0.05950168,0.22629876,0.057242606,0.21693541,0.060175356,0.23005724
2019-04-06 23:59:51,0.50339776,0.6469884,0.4838553,0.62045556,0.50426066,0.6297906
2019-04-07 23:59:51,0.85824776,0.5953327,0.8256391,0.5701354,0.85941035,0.5782413
2019-04-08 23:59:51,0.19509727,0.8456029,0.18838386,0.81175727,0.20799632,0.8336992
2019-04-09 23:59:51,0.033202615,0.94545925,0.03208137,0.9082404,0.034294404,0.948072
2019-04-10 23:59:51,0.3982782,0.24140419,0.38485453,0.23222633,0.4079013,0.24309333
2019-04-11 23:59:51,0.089529745,0.3852232,0.086826675,0.3717626,0.09118102,0.39064208
2019-04-12 23:59:51,0.22261614,0.64435637,0.21542196,0.6217738,0.21626027,0.6407846
2019-04-13 23:59:51,0.38550648,0.04822471,0.3743229,0.046603628,0.3836537,0.045674637
2019-04-14 23:59:51,0.44334257,0.12400563,0.43011978,0.11972454,0.43540862,0.12241
2019-04-15 23:59:51,0.94442964,0.970281,0.91260594,0.9346873,0.9495155,0.9788441
2019-04-16 23:59:51,0.38765296,0.64324766,0.37436277,0.61896384,0.39107436,0.63887286
2019-04-17 23:59:51,0.936806,0.7587802,0.9026226,0.7273415,0.97677034,0.7301749
2019-04-18 23:59:51,0.36929336,0.38527295,0.35552993,0.3698278,0.3665625,0.3764827
2019-04-19 23:59:51,0.6107457,0.82121056,0.5867279,0.78627235,0.62744564,0.8194202
2019-04-20 23:59:51,0.9524755,0.8738778,0.9122889,0.8351672,0.9820509,0.875691
2019-04-21 23:59:51,0.79902655,0.23059356,0.7671658,0.22045378,0.804075,0.230284
2019-04-22 23:59:51,0.5012063,0.73378927,0.4808348,0.7021015,0.5034975,0.72841084
2019-04-23 23:59:51,0.8808363,0.60074645,0.8447278,0.5747936,0.9096399,0.6110246
2019-04-24 23:59:51,0.5647972,0.31409317,0.5413401,0.30034006,0.57558846,0.31009865
2019-04-25 23:59:51,0.061952252,0.2249078,0.059398904,0.2148266,0.06141917,0.22292902
2019-04-26 23:59:51,0.62301224,0.087128736,0.59596217,0.08312591,0.6226506,0.084508345
2019-04-27 23:59:51,0.44441867,0.73552465,0.42550334,0.702622,0.45764065,0.7316073
2019-04-28 23:59:51,0.5373878,0.6146027,0.51508963,0.5875157,0.5483359,0.60916346
2019-04-29 23:59:51,0.7723782,0.44329518,0.73985136,0.42375442,0.77559614,0.42806828
2019-04-30 23:59:51,0.069126174,0.4919943,0.066231124,0.47043523,0.069805406,0.48676285
2019-05-01 23:59:51,0.5490846,0.30443817,0.5263646,0.29077747,0.5744059,0.30494535
2019-05-02 23:59:51,0.8028791,0.016969455,0.7707331,0.01622466,0.8230273,0.016964724
2019-05-03 23:59:51,0.97978073,0.80598015,0.9405367,0.7704075,1.0008699,0.81847167
2019-05-04 23:59:51,0.8198147,0.70576704,0.78860396,0.6757034,0.8487988,0.70070636
2019-05-05 23:59:51,0.412828,0.8323697,0.3980808,0.797205,0.41375127,0.8402078
2019-05-06 23:59:51,0.94428045,0.42739984,0.91205627,0.41068712,0.9528105,0.43223584
2019-05-07 23:59:51,0.05787355,0.47824234,0.055951916,0.4602191,0.059423033,0.4827635
2019-05-08 23:59:51,0.07086708,0.28403762,0.06879784,0.27413777,0.07473247,0.2769899
2019-05-09 23:59:51,0.7855214,0.79408395,0.7634066,0.7681834,0.77827585,0.79245704
2019-05-10 23:59:51,0.03809224,0.99541384,0.037025996,0.96484494,0.037984576,0.94004273
2019-05-11 23:59:51,0.13679771,0.4878658,0.13312368,0.4726859,0.13509686,0.47385234
2019-05-12 23:59:51,0.99800164,0.6621957,0.97051764,0.6407945,0.95555365,0.64647233
2019-05-13 23:59:51,0.64571637,0.13776691,0.62614137,0.13307035,0.6432685,0.13081227
2019-05-14 23:59:51,0.7720384,0.03963644,0.7474863,0.03819423,0.75631166,0.040518716
2019-05-15 23:59:51,0.17331746,0.34467834,0.16661768,0.33078623,0.1757223,0.35398546
2019-05-16 23:59:51,0.7116655,0.3240188,0.68162036,0.31021094,0.72343886,0.31725767
2019-05-17 23:59:51,0.4659998,0.78555846,0.44573385,0.7501962,0.4662244,0.7483001
2019-05-18 23:59:51,0.5768982,0.19667685,0.5512603,0.18760799,0.57011074,0.19602966
2019-05-19 23:59:51,0.1381408,0.638298,0.131831,0.6087717,0.1386015,0.656405
2019-05-20 23:59:51,0.35363507,0.7386988,0.33733192,0.70480824,0.36074424,0.7441671
2019-05-21 23:59:51,0.018075272,0.4695756,0.017246747,0.44810146,0.018385543,0.46343762
2019-05-22 23:59:51,0.8921631,0.61503184,0.8519146,0.5868367,0.93431467,0.6021378
2019-05-23 23:59:51,0.93490034,0.14855148,0.8924921,0.14187236,0.9463381,0.1477928
2019-05-24 23:59:51,0.88433987,0.06638415,0.8449949,0.06344624,0.85537726,0.067245595
2019-05-25 23:59:51,0.95084053,0.7845547,0.90941906,0.7490348,0.96934843,0.7921697
2019-05-27 00:05:51,0.88453496,0.14151146,0.8454756,0.13518448,0.8670187,0.14021505
2019-05-27 23:59:51,0.049611617,0.74042803,0.0474,0.70712346,0.04865237,0.71979
2019-05-28 23:59:51,0.9400718,0.3766402,0.9001627,0.36015287,0.92919815,0.3761905
2019-05-29 23:59:51,0.7056121,0.10176844,0.6753043,0.09722855,0.70982915,0.10246961
2019-05-30 23:59:51,0.48285112,0.6582373,0.4626082,0.6287809,0.4921823,0.66874695
2019-05-31 23:59:51,0.39195412,0.5579445,0.3757075,0.53349054,0.38625342,0.5567805
2019-06-01 23:59:51,0.073535755,0.6646301,0.07054454,0.6357636,0.07372997,0.64438707
2019-06-02 23:59:51,0.13732234,0.22274747,0.13212779,0.21348879,0.1387927,0.22043012
2019-06-03 23:59:51,0.463745,0.6625814,0.44737834,0.63720185,0.47053105,0.65542305
2019-06-04 23:59:51,0.63865095,0.97612,0.6165649,0.94020784,0.63814676,0.9704781
2019-06-05 23:59:51,0.16051665,0.12054205,0.15521613,0.11624452,0.16744314,0.11932411
2019-06-06 23:59:51,0.25250965,0.78450334,0.24446057,0.75713557,0.25552717,0.7793784
2019-06-07 23:59:51,0.23922987,0.8526434,0.23169252,0.8235402,0.23701008,0.8610095
2019-06-08 23:59:51,0.8352072,0.7476754,0.808005,0.72162163,0.84911036,0.7579336
2019-06-09 23:59:51,0.1216321,0.83867306,0.11735842,0.8068627,0.124616355,0.8171762
2019-06-10 23:59:51,0.8839419,0.8831349,0.8520096,0.84823304,0.8764007,0.85058177
2019-06-11 23:59:51,0.6858283,0.7614163,0.6581357,0.72896296,0.71560043,0.7852241
2019-06-12 23:59:51,0.5482999,0.3547196,0.5253008,0.33934247,0.53325385,0.350494
2019-06-13 23:59:51,0.20498392,0.93480504,0.19605878,0.89258987,0.19888659,0.93781704
2019-06-14 23:59:51,0.13862242,0.17021278,0.13255154,0.16249767,0.14189458,0.16980237
2019-06-15 23:59:51,0.8321626,0.10602207,0.7943755,0.10110461,0.83226246,0.103174224
2019-06-16 23:59:51,0.6648539,0.9841539,0.63528824,0.93911785,0.65156174,1.0062783
2019-06-17 23:59:51,0.45057926,0.947881,0.4304446,0.90287775,0.47299585,0.9438296
2019-06-18 23:59:51,0.65293705,0.791718,0.62425613,0.75523955,0.66333926,0.8009822
2019-06-19 23:53:51,0.33850917,0.7849967,0.32383424,0.74943227,0.34902713,0.78063065
2019-06-20 23:59:51,0.16838777,0.52327204,0.16120428,0.5000196,0.17398721,0.5324642
2019-06-21 23:59:51,0.52687925,0.3579571,0.5042354,0.34195444,0.51845473,0.34925103
2019-06-22 23:59:51,0.69943166,0.88408196,0.6685357,0.8440097,0.7113857,0.86326057
2019-06-23 23:59:51,0.9169832,0.3899353,0.8778547,0.37276116,0.9147704,0.37453786
2019-06-24 23:59:51,0.026749821,0.26570788,0.025629655,0.25393876,0.026294695,0.26441917
2019-06-25 23:59:51,0.77377254,0.72433263,0.7407763,0.69186544,0.7765136,0.7307807
2019-06-26 23:59:51,0.27050912,0.21716344,0.25873554,0.20728597,0.26953968,0.20825191
2019-06-27 23:59:51,0.74811417,0.405863,0.7174457,0.38802823,0.7434531,0.40827
2019-06-28 23:59:51,0.9499832,0.26995423,0.9119998,0.25837725,0.95274955,0.27248958
2019-06-29 23:59:51,0.25790426,0.47006702,0.24803305,0.45049727,0.25759277,0.4554676
2019-06-30 23:59:51,0.6396139,0.18057448,0.6161999,0.17333795,0.6585995,0.18567094
2019-07-01 23:59:51,0.475905,0.9879691,0.45949465,0.949764,0.4922303,0.9562118
2019-07-02 23:59:51,0.51205075,0.99133414,0.49497277,0.9534552,0.51765794,0.9968077
2019-07-03 23:59:51,0.82434326,0.84158444,0.79579633,0.8101152,0.80448705,0.84623426
2019-07-04 23:59:51,0.5135569,0.36588877,0.49609298,0.35204807,0.5240882,0.37344667
2019-07-05 23:59:51,0.8348953,0.4286607,0.8049844,0.4118152,0.8620165,0.41190687
2019-07-06 23:59:51,0.049433243,0.25276753,0.047624588,0.24257381,0.050920267,0.25351718
2019-07-07 23:59:51,0.07150889,0.22687928,0.068831466,0.21733405,0.0743201,0.22351407
2019-07-08 23:59:51,0.9638744,0.41252473,0.9265078,0.39507958,0.97515184,0.39717343
2019-07-09 23:59:51,0.040667083,0.15937832,0.038992155,0.1524298,0.04145058,0.1582113
2019-07-10 23:59:51,0.858098,0.102790855,0.8226682,0.098258,0.86893755,0.10363037
2019-07-11 23:59:51,0.85531074,0.39568272,0.82095253,0.3782946,0.87051046,0.39614642
2019-07-12 23:59:51,0.79063874,0.70075333,0.75801957,0.66959995,0.8103593,0.69753003
2019-07-13 23:59:51,0.93774325,0.41706353,0.8995213,0.39829272,0.926024,0.41634846
2019-07-14 23:59:51,0.6356323,0.83295125,0.61061186,0.7965791,0.65469086,0.8349467
2019-07-15 23:59:51,0.7470057,0.06611659,0.7173425,0.0632092,0.7581953,0.06651956
2019-07-16 23:59:51,0.85614705,0.6263323,0.8214318,0.59830475,0.8419295,0.62076795
2019-07-17 23:59:51,0.29529312,0.6945205,0.28252518,0.6623724,0.2997083,0.6952931
2019-07-18 23:59:51,0.81060964,0.64957255,0.77717274,0.619579,0.8232379,0.662656
2019-07-19 23:59:51,0.8608817,0.060103513,0.82437027,0.05740264,0.8594337,0.06030403
2019-07-20 23:59:51,0.6432393,0.34797326,0.61603767,0.3321085,0.65726566,0.33331704
2019-07-21 23:59:51,0.6453091,0.7041771,0.6192632,0.6728748,0.63460386,0.6970711
2019-07-22 23:59:51,0.4338733,0.06535083,0.4162661,0.06245709,0.43209276,0.06500488
2019-07-23 23:59:51,0.9758419,0.52151304,0.93757933,0.4982667,1.0072087,0.49723336
2019-07-24 23:59:51,0.6069283,0.6167921,0.5837751,0.58996683,0.61863637,0.6235405
2019-07-25 23:59:51,0.85665464,0.28662065,0.8248731,0.27416968,0.8726115,0.28523275
2019-07-26 23:59:51,0.16289115,0.77397394,0.15676484,0.74112916,0.16045977,0.7828209
2019-07-27 23:59:51,0.6408758,0.64444,0.6171381,0.617592,0.63385075,0.6480886
2019-07-28 23:59:51,0.22308105,0.058033932,0.21543016,0.055727627,0.22642535,0.057662573
2019-07-29 23:59:51,0.39969248,0.43292865,0.3864292,0.41604877,0.40379506,0.43225276
2019-07-30 23:59:51,0.5142304,0.12128171,0.4965023,0.11652482,0.49515074,0.116916895
2019-07-31 23:59:51,0.62487894,0.263807,0.60412043,0.25343722,0.6216962,0.26301438
2020-01-01 23:59:51,0.5014926,0.3523983,0.4935216,0.34124264,0.5080704,0.34282357
2020-01-02 23:59:51,0.6090177,0.7813112,0.60046124,0.75765043,0.6249226,0.7607889
2020-01-03 23:59:51,0.34492433,0.4291121,0.33986926,0.41621166,0.35256377,0.42131
2020-01-04 23:59:51,0.41346833,0.99851185,0.40839645,0.96900064,0.42607093,0.9762495
2020-01-05 23:59:51,0.9791451,0.58082485,0.9647788,0.5630604,1.0129323,0.5408892
2020-01-06 23:59:51,0.775421,0.22883111,0.7651555,0.22221778,0.79618037,0.22919542
2020-01-07 23:59:51,0.8919805,0.4544171,0.8814367,0.44205505,0.9166041,0.44880354
2020-01-08 23:59:51,0.11534521,0.46447283,0.11418049,0.4519285,0.119195424,0.44063053
2020-01-09 23:59:51,0.8639967,0.24932452,0.8556417,0.24269524,0.8651494,0.24909718
2020-01-10 23:59:51,0.71556365,0.98855543,0.70838153,0.96119463,0.74225956,1.01202
2020-01-11 23:59:51,0.99643105,0.41636032,0.98563135,0.40467948,1.0524198,0.41325742
2020-01-12 23:59:51,0.22266711,0.70048136,0.22017217,0.68065405,0.22295837,0.696523
2020-01-13 23:59:51,0.31825984,0.9251823,0.31469885,0.90045905,0.32522857,0.9325664
2020-01-14 23:59:51,0.8303589,0.3552093,0.82177335,0.34531242,0.86144227,0.35348985
2020-01-15 23:59:51,0.74495727,0.7004233,0.7366357,0.6809738,0.7345977,0.6877502
2020-01-16 23:59:51,0.688623,0.9570974,0.68014395,0.9295149,0.7175193,0.94109845
2020-01-17 23:59:51,0.115702145,0.8136344,0.11431244,0.7904641,0.11902003,0.7866815
2020-01-18 23:59:51,0.144564,0.53570443,0.1427259,0.5202314,0.14866902,0.55192703
2020-01-19 23:59:51,0.07618258,0.78554493,0.07516714,0.7619892,0.07813596,0.77177805
2020-01-20 23:59:51,0.58548766,0.49887738,0.5779843,0.48458105,0.6113698,0.49814698
2020-01-21 23:59:51,0.8422757,0.06939503,0.83177143,0.06741925,0.8895441,0.06667404
2020-01-22 23:59:51,0.90641004,0.9934306,0.89373213,0.9649123,0.9164234,0.94864637
2020-01-23 23:59:51,0.16494858,0.6937003,0.16278937,0.67411566,0.16564399,0.6789115
2020-01-24 23:59:51,0.19948255,0.20393749,0.19679785,0.19819252,0.2096243,0.21071357
2020-01-25 23:59:51,0.9238889,0.41708645,0.91406274,0.40573183,0.97557145,0.41224596
2020-01-26 23:59:51,0.47687715,0.114536665,0.4722536,0.111400984,0.48823804,0.11424501
2020-01-27 23:59:51,0.3380333,0.99916655,0.33486694,0.9726647,0.3454964,0.996146
2020-01-28 23:59:51,0.24384032,0.2639475,0.23967455,0.25552318,0.2509088,0.2619067
2020-01-29 23:59:51,0.06364478,0.60343206,0.06252253,0.5843206,0.06702468,0.6011313
2020-01-30 23:59:51,0.42418525,0.9769643,0.41620946,0.94550264,0.44407487,0.9813327
2020-01-31 23:59:51,0.7055678,0.31786972,0.6935735,0.30799735,0.71129876,0.3224165
2020-02-01 23:59:51,0.85723096,0.51287395,0.842826,0.4968525,0.8872546,0.5132485
2020-02-02 23:59:51,0.5150969,0.45144695,0.5061358,0.437334,0.5510294,0.44907215
2020-02-03 23:59:51,0.045469932,0.42106646,0.04461593,0.4078218,0.046588436,0.42997572
2020-02-04 23:59:51,0.67807466,0.6005101,0.66472036,0.5809999,0.6887137,0.6074913
2020-02-05 23:59:51,0.5129257,0.7910982,0.50362355,0.76670235,0.5481953,0.76751214
2020-02-06 23:59:51,0.9595327,0.5133751,0.94204205,0.49718723,1.0121412,0.5134448
2020-02-07 23:59:51,0.45967275,0.2684798,0.4512046,0.25999382,0.47487614,0.26418942
2020-02-08 23:59:51,0.337077,0.9898594,0.3314777,0.9586043,0.3588861,1.0091362
2020-02-09 23:59:51,0.5912671,0.8920155,0.58072895,0.8646743,0.6295368,0.89310753
2020-02-10 23:59:51,0.77791584,0.16034152,0.7631173,0.15527321,0.80883425,0.16552709
2020-02-11 23:59:51,0.12772506,0.74141735,0.1254629,0.71765125,0.13516077,0.7125349
2020-02-12 23:59:51,0.34001058,0.4947744,0.33385208,0.47866812,0.3544432,0.499326
2020-02-13 23:59:51,0.78201586,0.82858384,0.7672142,0.8023314,0.8307655,0.84396136
2020-02-14 23:59:51,0.25343573,0.25333074,0.24847864,0.2450248,0.26940802,0.2633447
2020-02-15 23:59:51,0.024105383,0.33477342,0.023649022,0.323703,0.024602525,0.34108004
2020-02-16 23:59:51,0.34657198,0.62504965,0.33994418,0.60525835,0.3545853,0.6531116
2020-02-17 23:59:51,0.03775424,0.7882905,0.03708085,0.7638199,0.039945517,0.78106797
2020-02-18 23:59:51,0.43358526,0.62381774,0.42506692,0.6034619,0.44451594,0.6157389
2020-02-19 23:59:51,0.7723152,0.35983294,0.757546,0.34789914,0.8148611,0.36568862
2020-02-20 23:59:51,0.79660714,0.78723866,0.78085214,0.7619629,0.8207009,0.79867953
2020-02-21 23:59:51,0.9695212,0.7430988,0.95227724,0.7192679,1.0117152,0.7256962
2020-02-22 23:59:51,0.9672926,0.7496624,0.95020485,0.7262244,0.9973635,0.7586781
2020-02-24 23:59:51,0.44300157,0.26025048,0.4346832,0.2521243,0.45056802,0.2710215
2020-02-25 23:59:51,0.894216,0.11923191,0.8774835,0.11539731,0.92359996,0.119387776
2020-02-26 23:59:51,0.37735274,0.35833445,0.37019032,0.3465714,0.4056499,0.3608641
2020-02-27 23:59:51,0.29023612,0.36187157,0.2848496,0.3503279,0.30463952,0.36239392
2020-02-28 23:59:51,0.7212956,0.2060099,0.7080631,0.19942436,0.74974734,0.20010193
2020-02-29 23:59:51,0.07414289,0.6581277,0.07288722,0.63809747,0.07633901,0.66852593
2020-03-01 23:59:51,0.16587086,0.2568408,0.16308321,0.24887191,0.16869794,0.26708946
2020-03-02 23:59:51,0.53260493,0.1945157,0.5236911,0.18845579,0.56192356,0.20161495
2020-03-03 23:59:51,0.27621347,0.9540753,0.27152354,0.9249775,0.2867642,0.9903119
2020-03-04 23:59:51,0.7571973,0.30687267,0.7445976,0.29723158,0.7864021,0.31437644
2020-03-05 23:59:51,0.19680831,0.8617815,0.19338422,0.83500993,0.20630608,0.85075814
2020-03-06 23:59:51,0.44165686,0.22713415,0.4346663,0.2203582,0.44718367,0.23170634
2020-03-07 23:59:51,0.32345784,0.21704943,0.31837255,0.21067438,0.33850345,0.22251496
2020-03-08 23:59:51,0.60276765,0.550113,0.5931274,0.5332591,0.61367863,0.5434196
2020-03-09 23:59:51,0.34016526,0.4716554,0.33506963,0.45771426,0.34261924,0.4820316
2020-03-10 23:59:51,0.9210143,0.14210695,0.90759945,0.13804282,0.97776043,0.14143701
2020-03-11 23:59:51,0.3336438,0.85731846,0.32822445,0.8312493,0.34469536,0.8614315
2020-03-12 23:59:51,0.25125632,0.9506416,0.24704225,0.9217731,0.2571944,0.9546997
2020-03-13 23:59:51,0.28550458,0.46097755,0.2807121,0.44666713,0.29948255,0.47988603
2020-03-14 23:59:51,0.07201622,0.036876086,0.070771754,0.035721645,0.075007945,0.03676945
2020-03-15 23:59:51,0.100647666,0.7593395,0.098918356,0.7354032,0.11101163,0.77787775
2020-03-16 23:59:51,0.17108323,0.54666835,0.16836618,0.5297894,0.17832747,0.5419354
2020-03-17 23:59:51,0.550924,0.58802223,0.54262674,0.57086223,0.57190204,0.5838993
2020-03-18 23:59:51,0.58552706,0.108310275,0.5766914,0.10506645,0.6090201,0.10838253
2020-03-19 23:59:51,0.057248686,0.79655343,0.056444433,0.77304333,0.05959846,0.8181999
2020-03-20 23:59:51,0.67885023,0.8996754,0.669047,0.8727904,0.72339404,0.89174813
2020-03-21 23:59:51,0.040367138,0.579962,0.039766885,0.5625321,0.041419774,0.58144325
2020-03-22 23:59:51,0.6452599,0.35200512,0.63635665,0.34213454,0.6776026,0.35921738
2020-03-23 23:59:51,0.5540238,0.22455493,0.54559845,0.2179749,0.5899737,0.23255363
2020-03-24 23:59:51,0.2666691,0.11282304,0.26329067,0.10966069,0.28001136,0.11505168
2020-03-25 23:59:51,0.89763343,0.63127136,0.88587606,0.6137028,0.9292601,0.6143761
2020-03-26 23:59:51,0.8857286,0.16522956,0.8714916,0.1604188,0.9105775,0.16692421
2020-03-27 23:59:51,0.38908467,0.82769316,0.38254893,0.8031541,0.40749896,0.8330453
2020-03-28 23:59:51,0.08939938,0.60770434,0.08796783,0.58960617,0.093688786,0.61528
2020-03-29 23:59:51,0.18914576,0.6433781,0.18620801,0.62415415,0.19746897,0.6352761
2020-03-30 23:59:51,0.8395048,0.35657093,0.8279887,0.3463621,0.8480105,0.3572654
2020-03-31 23:59:51,0.22603613,0.09206004,0.22299658,0.08937552,0.23427555,0.09319418
2020-04-01 23:59:51,0.0346126,0.017028168,0.034156416,0.016542654,0.036237877,0.01757722
2020-04-02 23:59:51,0.46678838,0.29811996,0.46008748,0.28963172,0.4675887,0.30374414
2020-04-03 23:59:51,0.71228623,0.46436155,0.70371366,0.45123985,0.7538824,0.47520623
2020-04-04 23:59:51,0.8251516,0.31481615,0.814732,0.30611888,0.8550049,0.3217319
2020-04-05 23:59:51,0.22793762,0.8429979,0.22526965,0.81980103,0.24070589,0.879147
2020-04-06 23:59:51,0.55913955,0.864117,0.5524708,0.84006315,0.60784566,0.88121516
2020-04-07 23:59:51,0.34705374,0.12632504,0.3423243,0.12276797,0.3626659,0.1263884
2020-04-08 23:59:51,0.5474915,0.4071523,0.5402047,0.3952915,0.5778688,0.415823
2020-04-09 23:59:51,0.24896072,0.51019025,0.24571444,0.49594963,0.2563221,0.5190452
2020-04-10 23:59:51,0.7770405,0.697593,0.7674944,0.67779404,0.8228886,0.7162872
2020-04-11 23:59:51,0.4759223,0.71368736,0.46958378,0.69357824,0.5136644,0.7302733
2020-04-12 23:59:51,0.52543336,0.9889258,0.5175866,0.9602369,0.56765026,1.0175693
2020-04-13 23:59:51,0.36057734,0.87850785,0.35574394,0.85328555,0.37339777,0.8750991
2020-04-14 23:59:51,0.74971706,0.7404761,0.7391522,0.71939343,0.790318,0.7394938
2020-04-15 23:59:51,0.16429546,0.31569248,0.16195436,0.30614805,0.17764525,0.32353863
2020-04-16 23:59:51,0.92198175,0.5113495,0.90909964,0.4966558,0.9348259,0.51770014
2020-04-17 23:59:51,0.41037986,0.77134275,0.40410292,0.7487157,0.4450265,0.79795367
2020-04-18 23:59:51,0.93228966,0.10466603,0.92003566,0.101673275,0.9832109,0.107286885
2020-04-19 23:59:51,0.5644892,0.6797275,0.556331,0.65980345,0.58203644,0.6858746
2020-04-20 23:59:51,0.031130716,0.1612597,0.030695865,0.15646054,0.033292346,0.16639563
2020-04-21 23:59:51,0.5013622,0.72827685,0.49441192,0.70727617,0.53153443,0.75376296
2020-04-22 23:59:51,0.13497168,0.4808738,0.13320138,0.4667668,0.1406362,0.48447207
2020-04-23 23:59:51,0.9744727,0.603067,0.96239835,0.58592397,1.0291345,0.6239954
2020-04-24 23:59:51,0.52349013,0.15110211,0.51696146,0.14688112,0.5691116,0.15399724
2020-04-25 23:59:51,0.1959734,0.15527019,0.1935752,0.15085763,0.2033268,0.16051838
2020-04-26 23:59:51,0.25044984,0.11920321,0.24748974,0.11594044,0.26963505,0.123377
2020-04-27 23:59:51,0.26148129,0.4707715,0.25870398,0.45812073,0.27856368,0.48381573
2020-04-28 23:59:51,0.9071616,0.5081596,0.89794767,0.49501067,0.97070336,0.52013206
2020-04-29 23:59:51,0.45695046,0.39894685,0.45282388,0.38870382,0.48995492,0.39776137
2020-04-30 23:59:51,0.933204,0.617955,0.9236107,0.60213816,0.9553546,0.61541814
2020-05-01 23:59:51,0.9856511,0.56496036,0.97584474,0.5493183,1.0079464,0.5627667
2020-05-02 23:59:51,0.743237,0.59941965,0.7353071,0.5832692,0.769944,0.62564886
2020-05-03 23:59:51,0.5885362,0.96612144,0.58115965,0.9399941,0.62053907,0.9890074
2020-05-04 23:59:51,0.6566772,0.9877228,0.6489401,0.96038914,0.68841654,0.96145517
2020-05-05 23:59:51,0.35478178,0.17827292,0.35063556,0.17340945,0.37345234,0.18562183
2020-05-06 23:59:51,0.09916683,0.86334205,0.09801696,0.839048,0.106159024,0.8887153
2020-05-07 23:59:51,0.4919731,0.9183761,0.48642647,0.89348644,0.51008135,0.9410715
2020-05-08 23:59:51,0.35552818,0.3934167,0.3512868,0.38279253,0.37327343,0.39469752
2020-05-09 23:59:51,0.669211,0.841439,0.6614347,0.81739336,0.6923645,0.8572365
2020-05-10 23:59:51,0.51627636,0.8780627,0.5096909,0.8523154,0.53657615,0.8746025
2020-05-11 23:59:51,0.073243484,0.20350596,0.07235897,0.19781652,0.076666065,0.20825827
2020-05-12 23:59:51,0.14966266,0.86826617,0.14769982,0.8431835,0.15884621,0.87067676
2020-05-13 23:59:51,0.39190808,0.47723064,0.38737375,0.46393096,0.40425435,0.4810333
2020-05-14 23:59:51,0.35336939,0.13327223,0.3491312,0.12951314,0.37265676,0.13680649
2020-05-15 23:59:51,0.44286627,0.95139897,0.43756327,0.9246317,0.4713042,0.97145426
2020-05-16 23:59:51,0.14228125,0.6516849,0.14068365,0.6337437,0.14905454,0.6550131
2020-05-17 23:59:51,0.23064737,0.9900348,0.22862037,0.964628,0.24692364,1.0166823
2020-05-18 23:59:51,0.79488534,0.35575238,0.78663397,0.34604684,0.8296938,0.36409065
2020-05-19 23:59:51,0.399409,0.7125202,0.39523396,0.69307417,0.4205352,0.7323677
2020-05-20 23:59:51,0.80164593,0.50744927,0.79504514,0.49400237,0.8598832,0.5304877
2020-05-21 23:59:51,0.7263085,0.7943711,0.7214368,0.77419525,0.76525575,0.78992254
2020-05-22 23:59:51,0.06919933,0.049713552,0.0687593,0.04850416,0.070773885,0.05147844
2020-05-23 23:59:51,0.42452055,0.117127396,0.42189267,0.11424389,0.43463695,0.11790469
2020-05-24 23:59:51,0.660934,0.9530844,0.6557076,0.92992115,0.6991345,1.0014682
2020-05-25 23:59:51,0.017524276,0.7459556,0.01739286,0.7267929,0.018173767,0.7817514
2020-05-26 23:59:51,0.2968072,0.65981275,0.29492024,0.64325136,0.324364,0.6488873
2020-05-27 23:59:51,0.92840034,0.6661168,0.92057455,0.6488772,0.9796119,0.683882
2020-05-28 23:59:51,0.3851817,0.14409196,0.38183722,0.14010699,0.41222936,0.14436737
2020-05-29 23:59:51,0.7593413,0.32453552,0.75263846,0.3157081,0.8114509,0.33196428
2020-05-30 23:59:51,0.996496,0.8373682,0.9878872,0.81509167,1.0886558,0.8422752
2020-05-31 23:59:51,0.5387135,0.8534697,0.53385156,0.8314033,0.5417671,0.87251896
2020-06-01 23:59:51,0.8848035,0.29837883,0.8448933,0.29069468,0.86562645,0.29552615
2020-06-02 23:59:51,0.09162562,0.033092126,0.08756368,0.031746503,0.091791615,0.03240538
2020-06-03 23:59:51,0.8276724,0.20733333,0.79127264,0.19880915,0.8677502,0.2095899
2020-06-04 23:59:51,0.31120694,0.23488781,0.29821193,0.22551845,0.3272104,0.24240853
2020-06-05 23:59:51,0.5975018,0.19661474,0.5720149,0.18879588,0.5949862,0.19522156
2020-06-06 23:59:51,0.30781466,0.8437731,0.29431012,0.8104818,0.3191946,0.84383893
2020-06-07 23:59:51,0.731403,0.7821951,0.69994897,0.7514599,0.7349002,0.7903855
2020-06-08 23:59:51,0.9166816,0.03801092,0.8773872,0.036497187,0.9414339,0.03856708
2020-06-09 23:59:51,0.32280636,0.503229,0.30878556,0.48306438,0.3216182,0.5061317
2020-06-10 23:59:51,0.4831482,0.9878053,0.46107563,0.9473356,0.498667,0.9827449
2020-06-11 23:59:51,0.2177365,0.027460974,0.2076598,0.026318485,0.21563017,0.027583046
2020-06-12 23:59:51,0.48920026,0.20369904,0.46520707,0.19481906,0.5025455,0.20696014
2020-06-13 23:59:51,0.8256767,0.28673565,0.78362745,0.2738749,0.8428191,0.27464324
2020-06-14 23:59:51,0.3257877,0.02837459,0.30952397,0.027113615,0.33564496,0.029019276
2020-06-15 23:59:51,0.19794,0.7538458,0.18771373,0.71901906,0.20064129,0.7681885
2020-06-16 23:59:51,0.18129987,0.69038385,0.17219636,0.65927047,0.18642803,0.69412094
2020-06-17 23:59:51,0.9565682,0.42930347,0.9085018,0.40985784,0.98234516,0.42418808
2020-06-18 23:59:51,0.6792589,0.49358848,0.6443122,0.47142062,0.65878046,0.49909642
2020-06-19 23:59:51,0.7486526,0.6304612,0.71100867,0.6020633,0.74639815,0.6249306
2020-06-20 23:59:51,0.6131138,0.5229297,0.58245295,0.49989268,0.6319074,0.51767796
2020-06-21 23:59:51,0.5710149,0.98710495,0.5422941,0.9434395,0.5692478,0.97497934
2020-06-22 23:59:51,0.9335926,0.47367248,0.8860494,0.4521821,0.95160127,0.4555713
2020-06-23 23:59:51,0.5284263,0.70578325,0.50140566,0.67472076,0.53298694,0.7035514
2020-06-24 23:59:51,0.95889986,0.090037666,0.9107031,0.08598446,0.95570934,0.08669032
2020-06-25 23:59:51,0.8727444,0.99868333,0.826866,0.95285654,0.8795555,1.0093554
2020-06-26 23:59:51,0.47301838,0.25184044,0.44780463,0.24000363,0.468851,0.24902682
2020-06-27 23:59:51,0.6708116,0.69177115,0.6359756,0.66093516,0.67090815,0.6872778
2020-06-28 23:59:51,0.084461726,0.6230501,0.07994374,0.59386593,0.08882707,0.6308027
2020-06-29 23:59:51,0.33793336,0.07147643,0.32004556,0.06824387,0.3353908,0.07034849
2020-06-30 23:59:51,0.035913087,0.21691048,0.033997715,0.20701179,0.037718017,0.21506184
2020-07-01 23:59:51,0.45504665,0.14928587,0.43143487,0.1424182,0.47314003,0.15354513
2020-07-02 23:59:51,0.8271685,0.46470177,0.7835962,0.44371098,0.85161895,0.4703565
2020-07-03 23:59:51,0.8583875,0.9576426,0.8149583,0.9144627,0.8514755,0.94578403
2020-07-04 23:59:51,0.98821616,0.032356165,0.9373219,0.030933034,0.99358934,0.032675087
2020-07-05 23:59:51,0.7924552,0.51738703,0.75140786,0.49422538,0.8131276,0.51357096
2020-07-06 23:59:51,0.70224404,0.849651,0.66553384,0.8117283,0.7128957,0.8512889
2020-07-07 23:59:51,0.578696,0.15880087,0.54806435,0.15140146,0.5848646,0.16107436
2020-07-08 23:59:51,0.12319402,0.21298507,0.116307445,0.20280947,0.12085966,0.21181677
2020-07-09 23:59:51,0.82487965,0.68183845,0.7796884,0.64998424,0.79845905,0.7001675
2020-07-10 23:59:51,0.631879,0.4292799,0.5968413,0.40870228,0.6279476,0.41601965
2020-07-11 23:59:51,0.35902768,0.67257684,0.33851653,0.6397684,0.3546737,0.6840766
2020-07-12 23:59:51,0.03128509,0.9105657,0.029472385,0.8664479,0.031519946,0.9176132
2020-07-13 23:59:51,0.017641796,0.49851695,0.01661509,0.47413754,0.017840294,0.4971737
2020-07-14 23:59:51,0.53792393,0.7174439,0.50654,0.68182355,0.54673153,0.6925195
2020-07-15 23:59:51,0.73994344,0.9370557,0.698495,0.89200836,0.74160916,0.95897907
2020-07-16 23:59:51,0.40106642,0.34453052,0.37855017,0.32807577,0.4147251,0.34315497
2020-07-17 23:59:51,0.4876371,0.7343923,0.45967513,0.6997571,0.51225954,0.75277615
2020-07-18 23:59:51,0.7823725,0.81500655,0.73862755,0.77574396,0.76582724,0.78562
2020-07-19 23:59:51,0.11426351,0.6611771,0.10783851,0.6287691,0.1146187,0.6860879
2020-07-20 23:59:51,0.13334866,0.91248983,0.12566039,0.86844826,0.12975469,0.9406235
2020-07-21 23:59:51,0.48818362,0.6774277,0.4597589,0.6444084,0.48861223,0.67001826
2020-07-22 23:59:51,0.3390133,0.06017018,0.31919998,0.05716846,0.3425069,0.060261566
2020-07-23 23:59:51,0.33129954,0.82634914,0.31193727,0.7849579,0.3320651,0.82749414
2020-07-24 23:59:51,0.96165526,0.96499896,0.90538794,0.9176955,0.95572734,0.9746263
2020-07-25 23:59:51,0.8130748,0.78341794,0.7623052,0.7417785,0.80620086,0.789458
2020-07-26 23:59:51,0.71601146,0.3988284,0.67183805,0.37780035,0.73480076,0.40049404
2020-07-27 23:59:51,0.27570516,0.667537,0.258324,0.6323894,0.28023547,0.6651815
2020-07-28 23:59:51,0.71085703,0.87680525,0.6682367,0.8326239,0.70876986,0.8861693
2020-07-29 23:59:51,0.54003274,0.33035278,0.5077894,0.31344524,0.52791715,0.3282031
2020-07-30 23:59:51,0.21615389,0.6006412,0.20346582,0.5701131,0.22158824,0.57714367
2020-07-31 23:59:51,0.77580947,0.28352332,0.7312753,0.2695775,0.7990993,0.28443933
