t_obs,mean_1600A,mode_1600A,deg_cor_1600A,mean_1700A,mode_1700A,deg_cor_1700A,split
2010-05-20 00:00:00,70.71487295340836,4.250093142831292,0.9908,886.7161836909386,6.916676654399253,1.0023,train
2010-05-20 23:53:54,70.58934213102539,4.255508840746775,0.9908,886.326009473865,6.908306429578218,1.0023,train
2010-05-22 00:00:00,70.72558748496009,4.212715950447304,0.99048,885.3975599671769,6.887935716121996,1.00238,train
2010-05-23 00:00:00,70.57793356635817,4.231941729285377,0.99032,884.3872202023214,6.864151074833998,1.00242,train
2010-05-23 23:53:54,70.3970656449579,4.210109779259901,0.99032,882.7598838005051,6.89442801090318,1.00242,train
2010-05-27 00:00:00,70.03245031583305,4.183141636732393,0.98968,875.5169131257264,6.8791679842779265,1.00258,train
2010-05-29 00:00:00,70.07119465978816,4.238463284219914,0.98936,876.3645714168347,6.911118820343127,1.00266,train
2010-05-30 00:00:00,69.88934368508849,4.228767761608927,0.9892,874.0867528149504,6.874636259992588,1.0027,train
2010-05-30 23:59:48,69.77506082228187,4.242061407251579,0.98904,872.3175795347436,6.856158302329518,1.00274,train
2010-06-01 00:00:00,69.62715250289332,4.2288599940627245,0.98888,869.2988556877292,6.853578929658972,1.00278,train
2010-06-01 23:53:54,69.47838780545273,4.223080798066858,0.98888,868.5648396470035,6.843705689045733,1.00278,train
2010-06-02 23:59:54,69.16697152564889,4.244218681796441,0.98856,864.7164787806156,6.8093494621017845,1.00286,train
2010-06-03 23:53:54,69.10853870658151,4.2641267196375985,0.98856,863.2885402588652,6.815089726181606,1.00286,train
2010-06-05 00:05:54,68.82425112601105,4.2401148076173625,0.98824,861.2115860645653,6.857472546593787,1.00294,train
2010-06-06 00:05:54,68.76684207462303,4.2418287051668875,0.98808,861.1917673717613,6.860178423788494,1.00298,train
2010-06-07 00:05:54,68.90138495786205,4.254188383380719,0.98792,862.700578429096,6.850010754484658,1.00302,train
2010-06-08 00:05:54,69.04267384748931,4.227273062908706,0.98776,864.5768981065492,6.833903767923029,1.00306,train
2010-06-09 00:05:54,68.92135086025584,4.241888047011046,0.9876,862.8736548756953,6.893219698843092,1.0031,train
2010-06-10 00:05:54,69.02972608288084,4.186627838281553,0.98744,864.323956950196,6.863000546539159,1.00314,train
2010-06-10 23:59:54,69.24802633082577,4.271443499996007,0.98728,866.4055483268086,6.827616482624329,1.00318,train
2010-06-11 23:59:54,69.49251595468364,4.2679714477440545,0.98712,866.3654565936178,6.8780479701106225,1.00322,train
2010-06-12 23:59:54,69.52295041694218,4.199266609970861,0.98696,867.3253175974105,6.8889864166661745,1.00326,train
2010-06-13 23:59:54,69.44780785366522,4.289152692952105,0.9868,867.9968375387698,6.861740925989632,1.0033,train
2010-06-14 23:59:54,69.4920998201034,4.2528558867301065,0.98664,869.3180965148297,6.893751762726922,1.00334,train
2010-06-15 23:59:54,69.7210323781143,4.238777867553342,0.98648,872.38615144038,6.86933798641429,1.00338,train
2010-06-16 23:59:54,69.94801880825685,4.209706461504836,0.98632,874.5924510123151,6.9145790519217645,1.00342,train
2010-06-17 23:59:54,70.05600783842218,4.266307524119345,0.98616,875.8201224390326,6.858069554025228,1.00346,train
2010-06-18 23:59:54,70.15457766132226,4.240174509177457,0.986,877.2764853455266,6.887321960820562,1.0035,train
2010-06-19 23:53:54,70.30095158367344,4.265126278453641,0.986,878.7599038503637,6.883083896196309,1.0035,train
2010-06-20 23:59:54,70.27409118420752,4.267175887884804,0.98568,878.3208238762633,6.914680579649544,1.00358,train
2010-06-21 23:59:54,70.3218742022612,4.224398163296387,0.98552,877.6840216767869,6.900928673483254,1.00362,train
2010-06-22 23:59:54,70.49634053164863,4.184758462295729,0.98536,878.6002865121674,6.912833678291007,1.00366,train
2010-06-23 23:59:54,70.51899525408255,4.237451821021546,0.9852,879.2296487750693,6.832104843669795,1.0037,train
2010-06-24 23:59:54,70.41261004812924,4.294609297106272,0.98504,878.0879978666904,6.884292105565613,1.00374,train
2010-06-25 23:59:54,70.52983032821076,4.290685954717418,0.98488,879.8503538231001,6.935087300471592,1.00378,train
2010-06-26 23:59:54,70.5754039314574,4.22303797950676,0.98472,881.0450368985369,6.889463616597489,1.00382,train
2010-06-27 23:59:54,70.58972320821246,4.250689842557268,0.98456,881.6079233452854,6.826983729681807,1.00386,train
2010-06-28 23:59:54,70.69847972972318,4.294475886793261,0.9844,882.0475572690689,6.854498377206542,1.0039,train
2010-06-29 23:59:54,70.79821353458154,4.278160621162574,0.98424,882.51747040362,6.9109748859681,1.00394,train
2010-06-30 23:59:54,70.76075115922421,4.238937982175376,0.98408,881.7545092547381,6.888748455765407,1.00398,train
2010-07-01 23:59:54,70.85663299340851,4.24853473257457,0.98392,882.5383673667058,6.848599706449063,1.00402,train
2010-07-02 23:53:54,70.68859727597804,4.278856159251579,0.98392,880.8443038588916,6.9033896138249595,1.00402,train
2010-07-03 23:59:54,70.64796334197841,4.261767648274331,0.9836,881.0892926235911,6.897244655065251,1.0041,train
2010-07-04 23:59:54,70.46106040327547,4.218928317695243,0.98344,879.6530133092375,6.921083014699527,1.00414,train
2010-07-05 23:59:54,70.38268342933931,4.218091451993636,0.98328,878.937370223096,6.846654406612444,1.00418,train
2010-07-06 23:59:54,70.17333538622988,4.2630161961554105,0.98312,876.4377095272359,6.908736833724818,1.00422,train
2010-07-07 23:59:54,70.0900047813737,4.24516686332572,0.98296,875.8893179566378,6.865457883464864,1.00426,train
2010-07-08 23:59:54,70.05197959500323,4.215232075677926,0.9828,874.3498992016863,6.854369872286318,1.0043,train
2010-07-09 23:59:54,70.3368814839075,4.279157910045547,0.98264,875.6007178967974,6.823037527917405,1.00434,train
2010-07-10 23:59:54,70.45274470588915,4.253272954898927,0.98248,877.11621562564,6.859074204166925,1.00438,train
2010-07-11 23:59:54,70.49229989622907,4.253878337942715,0.98232,878.0431554123571,6.903415476214976,1.00442,train
2010-07-12 23:53:54,70.89837715476163,4.260059395339867,0.98232,882.4683660871582,6.906160225767822,1.00442,train
2010-07-13 23:59:54,71.08231387490973,4.239734230389433,0.982,885.3330594432161,6.7806543573621045,1.0045,train
2010-07-14 23:59:54,71.0398392101364,4.193661903709191,0.98184,885.5325454016655,6.88142913393788,1.00454,train
2010-07-15 23:59:54,70.92109489805055,4.263009064122731,0.98168,884.1073004407132,6.88008325066351,1.00458,train
2010-07-16 23:59:54,70.87143717944599,4.2102674113893235,0.98152,882.401248152632,6.836464002635974,1.00462,train
2010-07-17 23:59:54,70.76212957164205,4.243925170375969,0.98136,880.0206297478392,6.890035242640769,1.00466,train
2010-07-18 23:59:54,70.37324749368952,4.27670367409208,0.9812,875.6468483661595,6.9039990483742395,1.0047,train
2010-07-19 23:59:54,70.53833464658547,4.205109138227786,0.98104,875.4269890821024,6.8339727710378995,1.00474,train
2010-07-20 23:59:54,70.3567788768728,4.236141833612835,0.98088,874.3376280406026,6.8724773466611175,1.00478,train
2010-07-21 23:59:54,70.39222783727988,4.2842225175668105,0.98072,875.9727943355351,6.867346365898275,1.00482,train
2010-07-22 23:53:54,70.62346198568821,4.296407672474742,0.98072,879.1060180615511,6.940122644678055,1.00482,train
2010-07-23 23:59:54,70.91837138062718,4.231726827895566,0.9804,881.6416971683199,6.858802164490318,1.0049,train
2010-07-24 23:53:54,71.1458108493416,4.2530438735957015,0.9804,884.8676073138187,6.903861579469397,1.0049,train
2010-07-26 23:59:54,71.33849398683498,4.252659628663597,0.97992,885.9678626024679,6.852720740873159,1.00502,train
2010-07-28 00:05:54,71.41251114996635,4.25901777967434,0.97976,886.4914859889709,6.834404894421827,1.00506,train
2010-07-29 00:05:54,71.49819948370711,4.252793926595469,0.9796,886.673854184087,6.827598732637047,1.0051,train
2010-07-29 23:59:54,71.59195822402238,4.240729134280586,0.97944,887.929756632588,6.845915103985451,1.00514,train
2010-07-30 23:59:54,71.49055032771372,4.255918522906414,0.97928,887.941651453419,6.83650683879851,1.00518,train
2010-07-31 23:59:54,71.53786373193049,4.2661368846422585,0.97912,890.1513574713588,6.89510605186685,1.00522,train
2010-08-01 23:59:54,71.37572021661589,4.251220758790671,0.97896,889.5552870245613,6.8443153697966475,1.00526,test
2010-08-02 23:59:54,71.49535734386136,4.22909562262551,0.9788,891.2734984846626,6.848956347925497,1.0053,test
2010-08-03 23:59:54,71.57696447843387,4.298075047917943,0.97864,891.24647131618,6.792838481832701,1.00534,test
2010-08-04 23:59:54,71.71007907064389,4.227606031192271,0.97848,890.6551267593071,6.878447089561981,1.00538,test
2010-08-05 23:59:54,71.79433591593096,4.240174273256533,0.97832,890.5236122813012,6.91995460526818,1.00542,test
2010-08-06 23:59:54,71.91846338907878,4.275300506391234,0.97816,892.2218957031685,6.953019256785774,1.00546,test
2010-08-07 23:59:54,72.10886204241189,4.292486846518912,0.978,894.9185989008948,6.893894835635607,1.0055,test
2010-08-08 23:53:54,72.20885042108257,4.255741800068594,0.978,897.6596654244047,6.865700698385004,1.0055,test
2010-08-09 23:59:54,72.58977713359742,4.2751669408435236,0.97768,900.7532241586299,6.834413126265508,1.00558,test
2010-08-10 23:53:54,72.5291176097181,4.231130561722417,0.97768,900.9628451078983,6.878466461696957,1.00558,test
2010-08-11 23:59:54,72.59435897500396,4.2701259337077015,0.97736,900.8677289092967,6.84140250223884,1.00566,test
2010-08-12 23:53:54,72.56331129269516,4.308022574815369,0.97736,900.3574996303478,6.8531074775974234,1.00566,test
2010-08-13 23:59:54,72.32410519696896,4.283645647547335,0.97704,896.350898286291,6.915352642681343,1.00574,test
2010-08-14 23:59:54,72.07056030693651,4.2195444924524015,0.97688,894.5023396547717,6.842899329749034,1.00578,test
2010-08-15 23:59:54,71.79480507763132,4.264777653812771,0.97672,891.9674044494124,6.8500376186057315,1.00582,test
2010-08-16 23:59:54,71.59243218085838,4.2425559854697985,0.97656,890.3201725471713,6.875964706756909,1.00586,test
2010-08-17 23:59:54,71.67151609941249,4.2488588106661584,0.9764,890.6519114885285,6.887241502630221,1.0059,test
2010-08-18 23:59:54,71.54281436958522,4.227179136273459,0.97624,889.7738126240357,6.853444639054411,1.00594,test
2010-08-19 23:53:54,71.45649161052958,4.2861907318724,0.97624,889.0130834318503,6.920643998287187,1.00594,test
2010-08-20 23:59:54,71.40285329344134,4.303328151390115,0.97592,888.899496788558,6.843960565531225,1.00602,test
2010-08-21 23:59:54,71.39271001644651,4.265231584477975,0.97576,889.0285740643949,6.881026670406395,1.00606,test
2010-08-22 23:53:54,71.16104333989718,4.242414465948956,0.97576,887.6536704014014,6.851591214337726,1.00606,test
2010-08-23 23:59:54,71.37917128795125,4.251919062167874,0.97544,889.4089427713494,6.878253668445368,1.00614,test
2010-08-24 23:59:54,71.41932291758187,4.296377797628787,0.97528,889.2300572870523,6.94073926005107,1.00618,test
2010-08-25 23:59:54,71.52386541398135,4.3017607117953345,0.97512,890.2015005002211,6.851895304158004,1.00622,test
2010-08-26 23:59:54,71.42211608236127,4.270048671879957,0.97496,889.8073244622847,6.833984024220075,1.00626,test
2010-08-27 23:59:54,71.33885152943492,4.245892926945512,0.9748,890.7610302119518,6.848190575994844,1.0063,test
2010-08-28 23:59:54,71.54149269368853,4.276020681533294,0.97464,892.9348336814909,6.867325897111246,1.00634,test
2010-08-29 23:59:54,71.67289673057664,4.291445369919467,0.97448,894.3800424665869,6.808831402771368,1.00638,test
2010-08-30 23:59:54,71.76805398954878,4.221844525037964,0.97432,895.6665441088963,6.851211817309346,1.00642,test
2010-08-31 23:59:54,72.0775810549152,4.296516727947575,0.97416,897.5494235556924,6.900818538796257,1.00646,test
2010-09-01 23:59:54,72.13694958615822,4.270838061644631,0.974,897.7354214194775,6.833551916361574,1.0065,test
2010-09-02 23:59:54,72.42978106859577,4.302027792438313,0.97384,899.4904287735651,6.888119117891215,1.00654,test
2010-09-03 23:59:54,72.3922376761959,4.227829482614298,0.97368,899.9378997260899,6.896680611926136,1.00658,test
2010-09-04 23:59:54,72.47729172645307,4.237483762015209,0.97352,900.9488857561082,6.853558837935919,1.00662,test
2010-09-05 23:59:54,72.40542022384152,4.220053427404097,0.97336,901.1179685054942,6.874254592575237,1.00666,test
2010-09-06 23:53:54,72.2751001053007,4.284483906394971,0.97336,900.2681106843156,6.864329934836846,1.00666,test
2010-09-07 23:59:54,72.28338666573362,4.264559341780504,0.97304,899.8683894049261,6.881007587320378,1.00674,test
2010-09-08 23:59:54,72.08903764928891,4.28472316344208,0.97288,898.2241593834643,6.898181486827582,1.00678,test
2010-09-09 23:53:54,71.86148604883012,4.2270316162131,0.97288,896.06883113512,6.920096004750584,1.00678,test
2010-09-10 23:59:54,71.95028275400837,4.280660120224284,0.97256,896.7583499639957,6.8585470794321575,1.00686,test
2010-09-11 23:59:54,72.25681866036126,4.248220083165937,0.9724,898.8991533390845,6.904721754331934,1.0069,test
2010-09-12 23:59:54,72.23952565837091,4.308918869406148,0.97224,898.3485229902934,6.8614566940875195,1.00694,test
2010-09-13 23:59:54,72.30417310012666,4.250634101158012,0.97208,899.2248012566515,6.892696785935028,1.00698,test
2010-09-14 23:59:54,72.28614341871298,4.265660745017049,0.97192,899.5671181675738,6.92402157051688,1.00702,test
2010-09-15 23:59:54,72.33652009414142,4.305654336624882,0.97176,900.6404034135237,6.9618823921465385,1.00706,test
2010-09-16 23:59:54,72.56869654893966,4.246374797176316,0.9716,902.2669804366593,6.883504419555257,1.0071,test
2010-09-17 23:59:54,72.58892526950669,4.315987215930355,0.97144,902.4214849046006,6.935225618686318,1.00714,test
2010-09-18 23:59:54,72.50899049837322,4.339960259770527,0.97128,901.3824967676497,6.928390202202313,1.00718,test
2010-09-19 23:59:54,72.57354681561948,4.250651981011616,0.97112,900.8671624085459,6.942521162246956,1.00722,test
2010-09-20 23:59:54,72.4253251531644,4.236272087975092,0.97096,899.1071873728337,6.968881991188597,1.00726,test
2010-09-21 23:59:54,72.22070116266671,4.2977762752850275,0.9708,896.5289865634331,6.897163483300834,1.0073,test
2010-09-22 23:53:54,72.13922202922437,4.290887390899913,0.9708,896.6080181184458,6.787315365815604,1.0073,test
2010-09-23 23:59:54,72.21023670559214,4.271468716916382,0.97048,898.0208785154292,6.881749185835137,1.00738,test
2010-09-24 23:59:54,72.2735424698408,4.303169428041817,0.97032,899.5996042863094,6.8583482794160195,1.00742,test
2010-09-25 23:59:54,72.47686634473982,4.2646250724412065,0.97016,901.338125982645,6.866618419804225,1.00746,test
2010-09-26 23:59:54,72.4387607706766,4.244502857094063,0.97,901.6457455467446,6.919363771248103,1.0075,test
2010-09-27 23:59:54,72.50165234987284,4.242404355168402,0.96984,902.6187844894854,6.898288935474267,1.00754,test
2010-09-28 23:53:54,72.55725739520213,4.289004351177302,0.96984,902.7471415143561,6.810731324907921,1.00754,test
2010-09-29 23:59:54,72.33417916076397,4.238788897624602,0.96952,900.7686494985306,6.788193155794853,1.00762,test
2010-09-30 23:59:54,72.24678932790525,4.280508334169574,0.96936,899.7785172003045,6.934532952517732,1.00766,test
2010-10-01 23:59:54,72.06570632005293,4.23658919552554,0.9692,897.5019071209259,6.981652788072192,1.0077,test
2010-10-02 23:59:54,71.98783317461289,4.264341486538891,0.96904,897.7275150386951,6.85269415030844,1.00774,test
2010-10-03 23:59:54,71.78744064009157,4.307218372703057,0.96888,896.1543355162277,6.90311732491895,1.00778,test
2010-10-04 23:59:54,71.58325629569927,4.225980422442069,0.96872,894.1744015220165,6.848258530223677,1.00782,test
2010-10-05 23:59:54,71.40375763790077,4.299197225014971,0.96856,892.7419457083002,6.844389463866864,1.00786,test
2010-10-06 23:53:54,71.30285338953705,4.234964364772913,0.96856,891.9057780903412,6.9030237910439345,1.00786,test
2010-10-07 23:59:54,71.23863072053643,4.27609167843178,0.96824,891.2604395053277,6.839713801363359,1.00794,test
2010-10-08 23:59:54,71.33323393709198,4.269763085242323,0.96808,891.8094911015761,6.881460849940624,1.00798,test
2010-10-09 23:59:54,71.31349701442623,4.276373258424439,0.96792,891.5593496795767,6.8728959191244074,1.00802,test
2010-10-10 23:59:54,71.54235642821457,4.229771793837511,0.96776,893.6495699548109,6.883822109267007,1.00806,test
2010-10-11 23:59:54,71.65984446817005,4.264781454369219,0.9676,895.480805295925,6.862622859403102,1.0081,test
2010-10-13 23:59:54,72.08762944046589,4.311618795748478,0.96728,899.613214029373,6.928739138940604,1.00818,test
2010-10-14 23:59:54,72.38541243369758,4.297797680971439,0.96712,901.6975441979166,6.951267749358322,1.00822,test
2010-10-15 23:59:54,72.58147439056033,4.251079788983077,0.96696,902.6607828716809,6.894809745411828,1.00826,test
2010-10-19 23:59:54,71.66784678959613,4.260616078857641,0.96632,891.1001648890149,6.863934777815828,1.00842,test
2010-10-20 23:59:54,71.56350999171609,4.248410501298778,0.96616,891.6455555765687,6.878928710389847,1.00846,test
2010-10-21 23:59:54,71.72384716224258,4.270835335513683,0.966,893.6699043838095,6.8590231480443995,1.0085,test
2010-10-22 23:59:54,71.70658960763592,4.272003088186036,0.96584,894.8567702201269,6.936786713482859,1.00854,test
2010-10-23 23:59:54,71.99742674241922,4.22538594071659,0.96568,896.7139399012522,6.828423194729052,1.00858,test
2010-10-24 23:59:54,71.93667419966933,4.2300700851425646,0.96552,897.0151947291431,6.824508415092794,1.00862,test
2010-10-25 23:59:54,72.06008575665703,4.307925677420846,0.96536,896.9646992090475,6.894268655916856,1.00866,test
2010-10-26 23:59:54,71.53281760188449,4.25172621266755,0.9652,893.0435278942161,6.8832344021566,1.0087,test
2010-10-27 23:59:54,71.4001541104923,4.247775190749774,0.96504,892.2932664944772,6.831031821419504,1.00874,test
2010-10-28 23:59:54,71.29738556357063,4.230610270650101,0.96488,891.013370590142,6.930928397347099,1.00878,test
2010-10-29 23:59:54,71.25976845076237,4.267076604165175,0.96472,890.7950712885886,6.9078975695858595,1.00882,test
2010-10-30 23:59:54,71.10439421272739,4.296188431207283,0.96456,889.2474937628316,6.843625323094109,1.00886,test
2010-10-31 23:59:54,70.95659903629114,4.250631868158893,0.9644,888.2668218254603,6.8350657281760325,1.0089,test
2010-11-01 23:53:54,70.86917542767947,4.315447126594194,0.9644,888.198015801215,6.911157417632432,1.0089,holdout
2010-11-02 23:59:54,70.8670923726559,4.246016151958082,0.96408,887.3335713681122,6.881770526431893,1.00898,holdout
2010-11-03 23:59:54,70.8270058309029,4.264580608744497,0.96392,887.5731711079939,6.90318420257072,1.00902,holdout
2010-11-04 23:59:54,70.90562549055541,4.259097522111349,0.96376,886.9780407721447,6.924792888953393,1.00906,holdout
2010-11-05 23:53:54,71.19181747571254,4.280049746127121,0.96376,889.0927543606151,6.822191886480567,1.00906,holdout
2010-11-06 23:59:54,71.53862093622878,4.292395121176906,0.96344,890.6357105415833,6.925056869469744,1.00914,holdout
2010-11-07 23:59:54,71.5406963314524,4.269911597636561,0.96328,892.5488153802115,6.899188359123332,1.00918,holdout
2010-11-08 23:59:54,71.74219794047005,4.261703611507284,0.96312,894.7936389336107,6.933972866997966,1.00922,holdout
2010-11-09 23:59:54,71.7923476401367,4.2804946346329205,0.96296,895.8826026183375,6.850641050310145,1.00926,holdout
2010-11-10 23:53:54,72.00260003850829,4.264420642661862,0.96296,898.1858043032202,6.872464555082655,1.00926,holdout
2010-11-11 23:59:54,71.84912677907877,4.274546357035943,0.96264,896.381656522922,6.8610338824197195,1.00934,holdout
2010-11-12 23:59:54,71.92403121162678,4.254273859712728,0.96248,897.1898451721728,6.830864334076007,1.00938,holdout
2010-11-13 23:59:54,71.81051041052149,4.275434911327512,0.96232,894.5792259545489,6.879715632265003,1.00942,holdout
2010-11-14 23:59:54,71.79953564580379,4.248000620889564,0.96216,893.4638018895155,6.870229532362384,1.00946,holdout
2010-11-15 23:59:54,71.90110010461709,4.267501007671338,0.962,894.7221362893326,6.859740821728595,1.0095,holdout
2010-11-16 23:59:54,71.93686590975169,4.283469587194142,0.96184,895.1918456713722,6.870810453037417,1.00954,holdout
2010-11-17 23:59:54,71.80170203711796,4.2682308044751345,0.96168,894.9663225426176,6.839677701224312,1.00958,holdout
2010-11-18 23:59:54,71.80401586469719,4.2339491067977555,0.96152,895.6862749330594,6.845987661161781,1.00962,holdout
2010-11-19 23:59:54,71.67391951915279,4.231399378244786,0.96136,895.8613085460918,6.921113524066598,1.00966,holdout
2010-11-20 23:59:54,71.59381016219892,4.30907868209656,0.9612,895.6659019725596,6.840136966226519,1.0097,holdout
2010-11-21 23:59:54,71.75876952856267,4.199955800689266,0.96104,897.3397093873997,6.9254957781507915,1.00974,holdout
2010-11-22 23:59:54,71.81263266675448,4.276518550161266,0.96088,897.5051357467863,6.883643689423722,1.00978,holdout
2010-11-23 23:59:54,71.4738608369758,4.219143324001933,0.96072,894.2152915178735,6.91408536575287,1.00982,holdout
2010-11-24 23:59:54,71.3293104557738,4.233279085476691,0.96056,892.4776829616007,6.882260955346976,1.00986,holdout
2010-11-25 23:59:54,71.11394968186988,4.222902645936462,0.9604,889.9829181468682,6.909810977081474,1.0099,holdout
2010-11-26 23:59:54,70.85262135529588,4.255860852870183,0.96024,888.1176229056715,6.949707183435178,1.00994,holdout
2010-11-27 23:59:54,70.83904829215834,4.252474002212544,0.96008,887.2789069893433,6.91455785742233,1.00998,holdout
2010-11-28 23:59:54,70.74713240650541,4.232981910095788,0.95992,887.2795567735243,6.874771858077444,1.01002,holdout
2010-11-29 23:59:54,70.60823072579369,4.218155577321234,0.95976,886.3160810962165,6.896001988828775,1.01006,holdout
2010-11-30 23:59:54,70.71675843744616,4.271409086446595,0.9596,887.3616208269106,6.883293276449418,1.0101,holdout
2010-12-01 23:59:54,70.68793744198524,4.291661437038352,0.95944,886.5284700552684,6.943512237923874,1.01014,holdout
2010-12-02 23:59:54,70.86940613414428,4.302377694849317,0.95928,886.7085358249606,6.927859936901813,1.01018,holdout
2010-12-04 00:05:54,71.02428035467837,4.274472382827403,0.95912,887.2882773972383,6.924665773154031,1.01022,holdout
2010-12-04 23:59:54,71.18328217967284,4.300029434854128,0.95896,889.6245793947907,6.844829423981605,1.01026,holdout
2010-12-05 23:59:54,71.3781829238378,4.2533036263662645,0.9588,892.3966964987742,6.912607517777964,1.0103,holdout
2010-12-06 23:59:54,71.70694945692121,4.290388658787954,0.95864,895.407910840633,6.8470397612915805,1.01034,holdout
2010-12-07 23:59:54,71.83094150934781,4.286596144215454,0.95848,897.5763284416922,6.932801682499387,1.01038,holdout
2010-12-08 23:59:54,71.77755758734139,4.261564539641039,0.95832,897.9277185316499,6.827263633664886,1.01042,holdout
2010-12-09 23:59:54,71.71366292264787,4.307977023987644,0.95816,897.2067014605121,6.827827100451383,1.01046,holdout
2010-12-10 23:59:54,71.56153869574285,4.240508465976328,0.958,895.053593829644,6.826201357066453,1.0105,holdout
2010-12-11 23:59:54,71.32008969481853,4.268078040887843,0.95784,891.8610300693073,6.856620647215197,1.01054,holdout
2010-12-12 23:59:54,71.61643460489675,4.256840186059066,0.95768,892.6545513578388,6.90875021357603,1.01058,holdout
2010-12-13 23:59:54,71.30458670274226,4.287512541819991,0.95752,889.6397590673621,6.922423658977719,1.01062,holdout
2010-12-14 23:59:54,71.32191327875377,4.240936531923378,0.95736,889.9638590958945,6.856552439092071,1.01066,holdout
2010-12-15 23:59:54,71.3158509514328,4.2811329896860615,0.9572,891.0695150326086,6.853837371893256,1.0107,holdout
2010-12-16 23:59:54,71.28474623516375,4.285170149577816,0.95704,892.2145483991155,6.9082170025460155,1.01074,holdout
2010-12-17 23:59:54,71.28091741636902,4.257610809856958,0.95688,892.3783446587845,6.845867357200531,1.01078,holdout
2010-12-18 23:59:54,71.49625774823907,4.27025454661975,0.95672,894.7881671788508,6.838322121310887,1.01082,holdout
2010-12-19 23:59:54,71.51847156538253,4.30435365672152,0.95656,894.5586399613893,6.847769716092276,1.01086,holdout
2010-12-20 23:59:54,71.40776769274653,4.245566569345914,0.9564,892.9427386168928,6.901023579983632,1.0109,holdout
2010-12-21 23:59:54,71.31737432283225,4.300394736096908,0.95624,892.2189984044244,6.874380486254718,1.01094,holdout
2010-12-22 23:59:54,71.20243698551984,4.268168576797305,0.95608,890.5992033517708,6.8768481400043475,1.01098,holdout
2010-12-23 23:59:54,70.91781925812195,4.270676675750095,0.95592,887.6352498521935,6.87175862220965,1.01102,holdout
2010-12-24 23:59:54,70.67442070122391,4.261372561821896,0.95576,885.6023995767374,6.882859132198314,1.01106,holdout
2010-12-25 23:59:54,70.4260961931444,4.213191597065203,0.9556,883.2347762525515,6.8534577267112535,1.0111,holdout
2010-12-26 23:59:54,70.36192943886884,4.264788709860437,0.95544,883.268071674096,6.869816019122261,1.01114,holdout
2010-12-27 23:59:54,70.47188682090058,4.265087723766269,0.95528,884.1396253366605,6.859329150913871,1.01118,holdout
2010-12-28 23:59:54,70.31246191068234,4.259400493142202,0.95512,881.9274089444726,6.901934995467586,1.01122,holdout
2010-12-29 23:53:54,70.33012330126972,4.229619373452922,0.95512,882.0159848953485,6.895779193909966,1.01122,holdout
2010-12-30 23:59:54,70.41753793469789,4.259990020572802,0.9548,881.6650694033503,6.920728479497755,1.0113,holdout
2010-12-31 23:59:54,70.86288877077892,4.238636025311221,0.95464,885.0952971634313,6.904398067603456,1.01134,holdout
2011-01-01 23:59:54,71.12079446813722,4.265821517391739,0.95448,887.2295088261249,6.874242476348932,1.01138,train
2011-01-02 23:59:54,71.35440876144966,4.291904385900828,0.95432,889.8932745497661,6.914958902689314,1.01142,train
2011-01-03 23:59:54,71.59168218750072,4.243978996506437,0.95416,892.8722823993751,6.9050493004690185,1.01146,train
2011-01-04 23:59:54,71.68660556746603,4.181301949536524,0.954,894.6844707002041,6.819252588257244,1.0115,train
2011-01-05 23:59:54,71.733070511543,4.227031755792399,0.95384,895.1161737066956,6.787535474035567,1.01154,train
2011-01-06 23:59:54,71.45530060968038,4.216161557143574,0.95368,892.3287630283879,6.881545113692664,1.01158,train
2011-01-07 23:59:54,71.34258107348862,4.229671070700346,0.95352,889.9823595182698,6.884428758198943,1.01162,train
2011-01-08 23:59:54,71.10742980875222,4.295985623309368,0.95336,887.3384680343187,6.923814719383023,1.01166,train
2011-01-09 23:59:54,70.75793780493981,4.270879569114604,0.9532,883.6432964562368,6.869871317784207,1.0117,train
2011-01-10 23:59:54,70.70759669857746,4.25064124609581,0.95304,882.9501261002874,6.873390734970845,1.01174,train
2011-01-11 23:59:54,70.56165616366947,4.2662532765287855,0.95288,882.0807677865316,6.893688540484629,1.01178,train
2011-01-12 23:59:54,70.46045852614766,4.212142538583901,0.95272,882.1127795723994,6.865931993592544,1.01182,train
2011-01-13 23:59:54,70.36090675880546,4.282516799008957,0.95256,881.8264651187461,6.8229663687646624,1.01186,train
2011-01-14 23:59:54,70.41621688815098,4.236800759819693,0.9524,882.1573020038796,6.91697346930156,1.0119,train
2011-01-15 23:59:54,70.56358445429599,4.257102760622038,0.95224,883.8323481189426,6.902675107483998,1.01194,train
2011-01-16 23:59:54,70.79008651213654,4.2370149816189455,0.95208,884.5397255164272,6.911672447132326,1.01198,train
2011-01-17 23:53:54,70.9055900720599,4.250875154594358,0.95208,885.8726472261071,6.825703321977333,1.01198,train
2011-01-18 23:59:54,71.00340396987431,4.247710747765572,0.95176,886.7252433663244,6.878202062748465,1.01206,train
2011-01-19 23:59:54,70.68937739473847,4.243859176112498,0.9516,884.0302320390283,6.849985857607593,1.0121,train
2011-01-20 23:59:54,70.92304783212148,4.2783964138540185,0.95144,885.6122282979081,6.849539463972752,1.01214,train
2011-01-21 23:59:54,70.66291448434862,4.243799640160547,0.95128,882.8943055181902,6.811302602443432,1.01218,train
2011-01-22 23:59:54,70.64868894678742,4.20446262798152,0.95112,882.347088677716,6.856673792826621,1.01222,train
2011-01-23 23:59:54,70.27566977853279,4.190139249793147,0.95096,879.0176465909749,6.872098184514601,1.01226,train
2011-01-24 23:59:54,69.94440632205102,4.245581147727745,0.9508,875.8225174576511,6.842751250039825,1.0123,train
2011-01-25 23:59:54,69.87082195166673,4.255998103228952,0.95064,875.0785702402785,6.863718547496361,1.01234,train
2011-01-26 23:59:54,69.75066110713648,4.254735752117586,0.95048,874.8120990873097,6.873211044879412,1.01238,train
2011-01-27 23:59:54,67.44953788933566,4.211943695745725,0.966113,847.5242103857288,6.894585890407229,1.02736,train
2011-01-28 23:59:54,68.09149163403826,4.218096268690898,0.965639,854.1899465566011,6.791663266428875,1.02706,train
2011-01-29 23:59:54,68.66118795507295,4.219536253031396,0.965166,859.5996224373158,6.828254850757813,1.02676,train
2011-01-30 23:59:54,69.13876713853126,4.258548972968194,0.964692,865.3779544721082,6.858863595354613,1.02646,train
2011-01-31 23:59:54,69.65760349301841,4.282384369981634,0.964218,870.8091953370322,6.825784812966822,1.02616,train
2011-02-01 23:59:54,69.90142821968247,4.182574008295914,0.963745,874.6875889901822,6.871511332009605,1.02587,train
2011-02-02 23:53:54,70.16871204536442,4.237343553571701,0.963745,877.8472879552289,6.851613662695566,1.02587,train
2011-02-03 23:59:54,70.49492860954045,4.2201039527622575,0.962798,880.5064601706415,6.899260220423038,1.02527,train
2011-02-04 23:59:54,70.45202516784221,4.270907962503086,0.962324,879.4702550599908,6.9004193176863895,1.02497,train
2011-02-05 23:59:54,70.25726117756405,4.227123879326013,0.96185,876.9635919563883,6.866324730534538,1.02467,train
2011-02-06 23:53:54,70.15346517225433,4.279310547866791,0.96185,875.4222110623514,6.912468885309928,1.02467,train
2011-02-07 23:59:54,70.46470657420004,4.262503104368497,0.960903,877.5087427947909,6.860422289182824,1.02408,train
2011-02-08 23:59:54,70.50029624629691,4.2298744555070655,0.96043,877.7877789672525,6.876343070902898,1.02378,train
2011-02-09 23:59:54,70.64484904554944,4.276887422856622,0.959956,881.191224804024,6.92069686081645,1.02348,train
2011-02-10 23:59:54,70.90176261434789,4.279864100619798,0.959482,884.7001985324405,6.901000651282143,1.02318,train
2011-02-11 23:59:54,71.30559285239013,4.271898169957003,0.959009,888.9083878647148,6.917353527752468,1.02289,train
2011-02-12 23:59:54,71.72645014455425,4.2732775415212885,0.958535,891.7404291726591,6.9220786517213435,1.02259,train
2011-02-13 23:59:54,71.96238999077272,4.264529963862779,0.958062,893.0976492440077,6.907994115490691,1.02229,train
2011-02-14 23:59:54,72.13580568792317,4.270991360782687,0.957588,894.9196974220388,6.9181874614111525,1.02199,train
2011-02-15 23:59:54,72.1984393762635,4.263626674760436,0.957114,894.4684287012117,6.843165479737326,1.02169,train
2011-02-16 23:59:54,72.28793335094454,4.210791427467114,0.956641,896.116844543325,6.896378774247069,1.0214,train
2011-02-17 23:53:54,71.93329767587912,4.2652567954086065,0.956641,892.5251278964045,6.8556272921444075,1.0214,train
2011-02-18 23:59:54,71.95828068910308,4.210701359317027,0.955694,892.1127906771156,6.836614939978759,1.0208,train
2011-02-19 23:59:54,71.55962018443532,4.25316193906034,0.95522,889.6355019717844,6.834361099494123,1.0205,train
2011-02-20 23:59:54,70.98455707908845,4.300855089769776,0.954746,884.8372768185075,6.86193454642467,1.0202,train
2011-02-21 23:59:54,70.82185041787622,4.2518505200927805,0.954273,882.3656566489269,6.897692240567089,1.01991,train
2011-02-22 23:59:54,70.43691231886729,4.256030084552507,0.953799,879.1664401886192,6.843360873945968,1.01961,train
2011-02-23 23:59:54,70.20190167399753,4.284206296551484,0.953326,877.6902070649331,6.891319872440967,1.01931,train
2011-02-24 23:59:54,70.15429825210474,4.238177332143548,0.952852,878.940050978416,6.857133090704283,1.01901,train
2011-02-25 23:53:54,70.47626545436209,4.244853701228784,0.952852,881.196637874495,6.8907968415324685,1.01901,train
2011-02-27 23:59:54,71.42640265851617,4.272422132611142,0.951431,890.2161698168404,6.893546193102016,1.01812,train
2011-02-28 23:59:54,72.28962765611492,4.2366980015680085,0.950958,896.6459592557278,6.8949091282031265,1.01782,train
2011-03-01 23:59:54,72.54188080642368,4.249105347445123,0.950484,901.3844091020438,6.888397130863684,1.01752,train
2011-03-02 23:59:54,72.90747584267338,4.262149561726337,0.95001,904.5653825691672,6.862879772617239,1.01722,train
2011-03-03 23:59:54,73.35510888305407,4.2982035221399375,0.949537,905.1172848289153,6.87090025532591,1.01693,train
2011-03-04 23:59:54,73.40665155939736,4.310351004171371,0.949063,904.9127153069126,6.927061085610612,1.01663,train
2011-03-05 23:53:54,73.5441417433734,4.316807761280092,0.949063,904.4318464424101,6.894187321354109,1.01663,train
2011-03-06 23:59:54,73.62255162763067,4.246338622317193,0.948116,904.1212591763837,6.857494456759669,1.01603,train
2011-03-07 23:53:54,73.66284712219384,4.2951160227890055,0.948116,904.1714019119944,6.89297170110788,1.01603,train
2011-03-08 23:59:54,73.40086614920223,4.28452888353782,0.947169,904.3728795905475,6.849252742526676,1.01544,train
2011-03-09 23:59:54,73.34800156597814,4.271570447900739,0.946695,905.3765582919378,6.8585709359394595,1.01514,train
2011-03-10 23:59:54,73.24291772467346,4.289174331527008,0.946222,907.0563480745703,6.838295149770403,1.01484,train
2011-03-11 23:59:54,73.37599564278355,4.176123904278529,0.945748,908.3607919728679,6.839178894526149,1.01454,train
2011-03-12 23:59:54,73.5362658439982,4.20322298728766,0.945274,909.452077900315,6.9075476299468885,1.01424,train
2011-03-13 23:59:54,73.50261222556057,4.2313195127458405,0.944801,909.4336828110676,6.878612898351546,1.01395,train
2011-03-14 23:59:54,73.040926522785,4.260358209018463,0.944327,904.7206226565902,6.906332938618235,1.01365,train
2011-03-15 23:59:54,72.99419665600608,4.192417381490577,0.943854,904.7495945443387,6.89495892069246,1.01335,train
2011-03-16 23:59:54,72.57433193883354,4.265166916013147,0.94338,901.4553121766077,6.893606076975209,1.01305,train
2011-03-17 23:59:54,72.35409522290234,4.26369024531561,0.942906,900.0098818574711,6.8731617636385565,1.01275,train
2011-03-18 23:53:54,72.14089218817914,4.2404510865808485,0.942906,898.217860754595,6.915878201184854,1.01275,train
2011-03-19 23:59:54,71.7479197891884,4.319739851479697,0.941959,894.8377028498408,6.913366317330652,1.01216,train
2011-03-20 23:59:54,71.61813007712561,4.269530647317604,0.941486,892.4026219252793,6.913436727600452,1.01186,train
2011-03-21 23:59:54,71.26374901908339,4.289454254933125,0.941012,889.1351423837672,6.870447525312079,1.01156,train
2011-03-22 23:59:54,71.4552621280053,4.2649355166427485,0.940538,889.778532273141,6.802608669157125,1.01126,train
2011-03-23 23:59:54,71.632619672139,4.339328064172176,0.940065,890.7191983995295,6.911374142328931,1.01096,train
2011-03-24 23:59:54,72.42143462810927,4.221444333834039,0.939591,896.7617884720041,6.899826418148198,1.01067,train
2011-03-25 23:59:54,73.09882222202666,4.296537162687118,0.939118,903.0284914500055,6.913592609372976,1.01037,train
2011-03-26 23:53:54,73.65715837229811,4.250327215535392,0.939118,910.5000773242098,6.850102989657727,1.01037,train
2011-03-27 23:59:54,74.3169465672504,4.283122554158324,0.93817,917.7553755527267,6.8590693947500725,1.00977,train
2011-03-28 23:59:54,74.8054388681562,4.24866752803042,0.937697,923.1384508905633,6.85789293701168,1.00947,train
2011-03-29 23:59:54,74.83904835885606,4.2471709229213115,0.937223,924.1079200063936,6.879644203147587,1.00918,train
2011-03-30 23:59:54,74.90400055994192,4.235640283300635,0.93675,922.9945228278553,6.889460664917139,1.00888,train
2011-04-01 00:05:54,74.79096339260848,4.24474945247165,0.936276,920.2888714233336,6.8430448595116165,1.00858,train
2011-04-01 23:59:54,74.53975189079594,4.23477691906006,0.935803,917.0652905037283,6.9478133641076605,1.00828,train
2011-04-02 23:59:54,74.30319922793014,4.247160722480455,0.935329,913.6140492184253,6.890715903885358,1.00798,train
2011-04-03 23:59:54,74.07654761042139,4.277542744251371,0.934855,911.3775027686439,6.83862856269799,1.00769,train
2011-04-04 23:59:54,73.79660412954802,4.249855182657112,0.934382,909.7328968152482,6.842393303518425,1.00739,train
2011-04-05 23:59:54,73.65749053595796,4.3028456636032315,0.933908,908.4455394057868,6.84487222497634,1.00709,train
2011-04-06 23:59:54,73.57375575550279,4.2856676700452,0.933434,906.8370699164551,6.81999269304359,1.00679,train
2011-04-07 23:59:54,73.3678929379412,4.233051342265915,0.932961,905.0098510073146,6.903310674740155,1.00649,train
2011-04-08 23:59:54,73.61473845980376,4.242895126813903,0.932487,908.0468124529477,6.869053217167134,1.0062,train
2011-04-09 23:59:54,73.58786525825849,4.232081777293963,0.932014,908.3720628190499,6.840482171164703,1.0059,train
2011-04-10 23:59:54,73.41021636486114,4.298760537395964,0.93154,907.3779537457766,6.853866493779196,1.0056,train
2011-04-11 23:59:54,73.42989563441267,4.292295849185215,0.931067,907.5425549488085,6.8387629908314365,1.0053,train
2011-04-12 23:59:54,73.24775840011098,4.246762283639404,0.930593,905.9261223151057,6.888187903122923,1.005,train
2011-04-14 23:53:54,73.48232752642316,4.206889783381558,0.930119,904.8686399582432,6.855570538788486,1.00471,train
2011-04-15 23:59:54,72.99410461241528,4.249530387310104,0.929172,901.6068299652678,6.842351679435542,1.00411,train
2011-04-16 23:59:54,72.71713066258867,4.275375777157894,0.928699,899.7059691095225,6.871256442911502,1.00381,train
2011-04-17 23:59:54,72.44376669704451,4.178545271577043,0.928225,898.0197063396037,6.8422200148304135,1.00351,train
2011-04-18 23:59:54,72.50488946782855,4.251245799595127,0.927751,898.0225175641732,6.825608312045967,1.00322,train
2011-04-19 23:59:54,72.31071944071073,4.226756011931545,0.927278,896.7597013572798,6.8225457613661415,1.00292,train
2011-04-20 23:59:54,72.44429744399048,4.2294637045201195,0.926804,897.2635135007326,6.811340133447802,1.00262,train
2011-04-21 23:59:54,73.07214055432154,4.261111150809128,0.926331,899.7817576824594,6.912191275003365,1.00232,train
2011-04-22 23:59:54,73.40432061222927,4.228848645524085,0.925857,904.9368648866487,6.861011271041213,1.00202,train
2011-04-23 23:59:54,73.65624642514751,4.287751356360632,0.925383,909.2123592556835,6.8615805963053225,1.00173,train
2011-04-24 23:53:54,73.74072228665113,4.2669197046343275,0.925383,911.7158248064338,6.853851504451008,1.00173,train
2011-04-25 23:59:54,74.17739844901789,4.274758855902721,0.924436,915.653737270515,6.873523962757021,1.00113,train
2011-04-26 23:59:54,74.30607383694527,4.272484801987664,0.923963,916.1367024929906,6.940541471674788,1.00083,train
2011-04-27 23:59:54,74.28001375836817,4.280953545104769,0.923489,915.1336932784958,6.8850078238265215,1.00053,train
2011-04-28 23:59:54,73.94988340279734,4.310936491434779,0.923015,910.909277407741,6.856132193813716,1.00024,train
2011-04-29 23:59:54,73.72729263467097,4.214393366641098,0.922542,907.6042493961232,6.913839904980382,0.999939,train
2011-04-30 23:59:54,73.49537222595089,4.227080686700848,0.922068,905.890870359755,6.855807473866024,0.999641,train
2011-05-01 23:59:54,73.34664949728086,4.259032526820744,0.921595,905.0043798686743,6.879018557599731,0.999343,train
2011-05-02 23:59:54,73.47716779345939,4.283692503857986,0.921121,906.0552031420048,6.896706988441832,0.999045,train
2011-05-03 23:59:54,73.57188499260604,4.238283802857392,0.920647,907.1975374837193,6.865681218849139,0.998747,train
2011-05-04 23:59:54,73.53021171315415,4.320373667251099,0.920174,907.2034994015883,6.846714990780925,0.998449,train
2011-05-05 23:59:54,73.69498670909853,4.216624010524253,0.9197,908.574924235461,6.880858912868232,0.998151,train
2011-05-06 23:53:54,73.50284816849485,4.235334905970422,0.9197,907.6221905737808,6.8701203399417725,0.998151,train
2011-05-07 23:59:54,73.64459891790833,4.331871599914111,0.918753,908.2295616050857,6.871756644025891,0.997555,train
2011-05-08 23:59:54,73.62940355243613,4.261175753111346,0.918279,907.9016202285998,6.872336447534616,0.997257,train
2011-05-09 23:59:54,73.51008523164458,4.227072774334779,0.917806,906.812917928561,6.879263544605499,0.996959,train
2011-05-10 23:59:54,73.21539688365247,4.229442554751478,0.917332,905.0378982963431,6.837595711596973,0.996661,train
2011-05-11 23:59:54,72.98809372227171,4.292071684080369,0.916859,902.5802975334526,6.876917321674799,0.996363,train
2011-05-12 23:59:54,72.63752048865551,4.249038586052021,0.916385,899.3659380145302,6.89226602579238,0.996065,train
2011-05-13 23:59:54,72.39730365940584,4.286074024571974,0.915911,896.6861732951918,6.873442839783854,0.995767,train
2011-05-14 23:59:54,72.27912183522237,4.278729369600463,0.915438,895.9426167854541,6.854131280840426,0.995469,train
2011-05-16 00:05:54,72.29683123652043,4.263439591212762,0.914964,895.9383240950173,6.843283195367807,0.995171,train
2011-05-16 23:59:54,72.23557588898439,4.222179204059063,0.914491,895.6828308998818,6.876138695310067,0.994873,train
2011-05-17 23:53:54,72.25039936638339,4.296058152133194,0.914491,895.7868914959221,6.884752264057633,0.994873,train
2011-05-18 23:59:54,72.31256014186796,4.299332988166903,0.913543,897.0024638361067,6.870740429055277,0.994277,train
2011-05-19 23:59:54,72.48234551532799,4.291453580775442,0.91307,898.9305180698553,6.910612605039717,0.993979,train
2011-05-20 23:59:54,72.67772044731306,4.21225874056521,0.912596,901.7460320846443,6.871771498736443,0.993681,train
2011-05-21 23:59:54,72.93877742465585,4.247236311042183,0.912123,905.2755454579154,6.863111219698363,0.993383,train
2011-05-22 23:53:54,73.12539083392957,4.276956077660327,0.912123,906.614988105874,6.874871691318741,0.993383,train
2011-05-24 23:59:54,73.13072749047208,4.282125042691538,0.910702,906.5786822516757,6.889436983502379,0.992489,train
2011-05-25 23:59:54,73.14307923108791,4.291953458525779,0.910228,906.5015904515303,6.863290008991297,0.99219,train
2011-05-26 23:59:54,73.19253713689841,4.2540701039730635,0.909755,906.3070124858843,6.874360897844241,0.991892,train
2011-05-27 23:59:54,72.92802774898573,4.297401467800446,0.909281,904.4320112521888,6.897398675756795,0.991594,train
2011-05-28 23:59:54,73.2850595257946,4.306130407419185,0.908807,906.2274542166803,6.869612560661417,0.991296,train
2011-05-29 23:59:54,73.74307387072697,4.313798228611444,0.908334,908.3329949769201,6.913717690011345,0.990998,train
2011-05-30 23:59:54,73.72987634394936,4.270232243196837,0.90786,908.9008848013823,6.871416701783712,0.9907,train
2011-05-31 23:59:54,74.0967783936414,4.343173944848075,0.907387,912.9546456974822,6.917089025388477,0.990402,train
2011-06-01 23:59:54,74.55704100932786,4.264244466688953,0.906913,917.5028485898619,6.862935932768695,0.990104,train
2011-06-02 23:59:54,74.6040040278717,4.25135520167735,0.906439,919.0120238102285,6.897167450957988,0.989806,train
2011-06-03 23:53:54,74.58582228450234,4.257818980015013,0.906439,919.2363406619878,6.896362146121265,0.989806,train
2011-06-05 23:59:54,74.34960848067999,4.272292235132911,0.905019,916.8182734794951,6.900355305062042,0.988912,train
2011-06-06 23:53:54,73.80841329374795,4.22801846144085,0.905019,910.6664141664314,6.828940323784846,0.988912,train
2011-06-08 23:59:54,72.83868974739319,4.233007574650651,0.903598,900.4057122718838,6.8694581938789145,0.988018,train
2011-06-09 23:59:54,72.40390507525822,4.246264084428204,0.903124,897.1583203178212,6.927747450030252,0.98772,train
2011-06-10 23:59:54,72.34734387025739,4.2990914460260345,0.902651,897.3574020232319,6.89423328985372,0.987422,train
2011-06-11 23:59:54,72.30393042581991,4.232749405083042,0.902177,897.5374494719872,6.88414199803017,0.987124,train
2011-06-12 23:59:54,72.3522391290144,4.27204791119028,0.901703,898.404096626941,6.837540651623054,0.986826,train
2011-06-13 23:53:54,72.43447144862667,4.271934492532327,0.901703,899.7597686983147,6.8505227224405045,0.986826,train
2011-06-14 23:59:54,72.64736200638274,4.286135518411741,0.900756,900.6046820921314,6.910869086671409,0.98623,train
2011-06-15 23:59:54,73.14543120066325,4.277911555213224,0.900283,904.6743972776378,6.886673646051095,0.985932,train
2011-06-16 23:59:54,73.51630807192981,4.269522658620137,0.899809,908.0775433356213,6.896111575403296,0.985634,train
2011-06-17 23:59:54,73.78602852517295,4.297016871531215,0.899335,910.6558247464629,6.905986871559563,0.985336,train
2011-06-18 23:59:54,74.06399649288328,4.28248327177217,0.898862,914.7636575309226,6.902992792863747,0.985038,train
2011-06-19 23:59:54,74.30167019499217,4.268193165688214,0.898388,918.1777881322752,6.8598887052087445,0.98474,train
2011-06-20 23:59:54,74.19437411396774,4.222312970549448,0.897915,916.9898462061271,6.872451172804513,0.984442,train
2011-06-21 23:59:54,74.13103544570964,4.303495677865175,0.897441,916.0339460359573,6.902485823565445,0.984144,train
2011-06-22 23:59:54,73.89943643913206,4.256594566089198,0.896967,913.2928115710724,6.900595664402624,0.983846,train
2011-06-23 23:59:54,73.95307086669293,4.264512556281867,0.896494,912.2971128022168,6.922093981588117,0.983548,train
2011-06-24 23:59:54,73.76748993846772,4.332165947344009,0.89602,909.572970925965,6.877145175033678,0.98325,train
2011-06-25 23:59:54,73.29489404875707,4.261417470366986,0.895547,904.9720764009646,6.935813984104426,0.982952,train
2011-06-26 23:59:54,73.00258274777512,4.334794561950928,0.895073,902.6653638268998,6.881427342808246,0.982654,train
2011-06-27 23:59:54,73.00378517026101,4.297689929623067,0.894599,902.43902768988,6.924828907752792,0.982356,train
2011-06-28 23:59:54,73.05135344148091,4.305133840768887,0.894126,903.4911363846142,6.872286143000441,0.982058,train
2011-06-29 23:59:54,73.18320756142447,4.284240771248982,0.893652,905.1888600636245,6.861152807511278,0.98176,train
2011-06-30 23:59:54,73.51031004230956,4.277751598920636,0.893179,910.085519308775,6.838639618212137,0.981462,train
2011-07-01 23:59:54,73.51081523443735,4.2555163626387476,0.892705,910.5379410003666,6.9227099418224265,0.981164,train
2011-07-02 23:53:54,73.4551136571062,4.281626103524149,0.892705,909.8503264856503,6.84912757340465,0.981164,train
2011-07-04 23:59:54,73.05651608329094,4.272426060251574,0.891284,905.6300273175244,6.877799308866768,0.98027,train
2011-07-05 23:59:54,72.755625736809,4.272777582560101,0.890811,902.019741272462,6.8538598135802555,0.979972,train
2011-07-06 23:59:54,72.64102534269489,4.26151727088764,0.890337,899.955356542066,6.936405523967134,0.979674,train
2011-07-07 23:59:54,72.48396034575728,4.307300140006974,0.889863,898.0624236439087,6.89996744010651,0.979376,train
2011-07-08 23:59:54,72.5985733854933,4.261031652565011,0.88939,899.2945708655607,6.917956218114593,0.979078,train
2011-07-09 23:53:54,72.5395425269967,4.271591117858795,0.88939,899.4936460213639,6.866671455263001,0.979078,train
2011-07-11 23:59:54,72.86753034840501,4.248251262300493,0.887969,903.0239490656145,6.9059609782261475,0.978184,train
2011-07-12 23:59:54,73.41333973333401,4.294923586007122,0.887495,906.5040289335188,6.895343961356374,0.977886,train
2011-07-13 23:59:54,73.70728631563976,4.290313509127176,0.887022,909.8912219260809,6.89350092802882,0.977588,train
2011-07-14 23:59:54,74.00670807631974,4.3091474862952595,0.886548,912.4896781856328,6.885494690968486,0.97729,train
2011-07-15 23:59:54,74.3926981229492,4.277629412439723,0.886075,917.1977470090133,6.90630588672881,0.976992,train
2011-07-16 23:59:54,74.70931491242484,4.301671507509672,0.885601,920.5913162959719,6.872597419488111,0.976694,train
2011-07-17 23:59:54,74.91538420393522,4.31971541790056,0.885127,922.7967274439947,6.853553600588966,0.976396,train
2011-07-18 23:59:54,74.90067521794782,4.278516301331225,0.884654,921.3184270937661,6.881702245756909,0.976098,train
2011-07-19 23:59:54,74.44156427433188,4.261249461282158,0.88418,916.5749702943984,6.884595491984219,0.9758,train
2011-07-20 23:59:54,73.8708024955333,4.278971913847154,0.883707,910.2140401767625,6.909307290615759,0.975502,train
2011-07-21 23:59:54,73.58458203402763,4.295599388889487,0.883233,906.9912724717665,6.894396333930729,0.975204,train
2011-07-22 23:59:54,73.32188654607438,4.272018698507782,0.88276,904.4427087314563,6.904817743489195,0.974906,train
2011-07-23 23:59:54,72.97457029110332,4.292705178947101,0.882286,902.5071478570951,6.892786723004716,0.974608,train
2011-07-24 23:59:54,72.81096508030492,4.297953631537441,0.881812,901.7232623445603,6.866034525435615,0.97431,train
2011-07-25 23:59:54,72.89014946026127,4.24592091946579,0.881339,901.9937558207513,6.852553536165732,0.974012,train
2011-07-26 23:59:54,72.98922640072324,4.271380752349477,0.880865,902.5248207683643,6.873820528105203,0.973714,train
2011-07-27 23:59:54,73.31490782980126,4.323864941645286,0.880391,904.6541151979186,6.935234167044909,0.973416,train
2011-07-28 23:59:54,73.75819267910431,4.284754566783559,0.879918,907.633559657278,6.89758305412924,0.973118,train
2011-07-29 23:59:54,73.64783723405623,4.316395321039321,0.879444,908.7197730923876,6.881557806964453,0.97282,train
2011-07-30 23:59:54,73.78182862316878,4.261650798036773,0.878971,910.2967966790264,6.88869560495346,0.972522,train
2011-07-31 23:59:54,74.25095537362154,4.307194845617312,0.878497,911.9961873161682,6.897272795157039,0.972224,train
2011-08-01 23:59:54,73.87901883400228,4.2604466757517985,0.878024,910.200934082979,6.859817731803374,0.971926,test
2011-08-02 23:59:54,73.60511563002373,4.270937639125261,0.87755,907.1586731392053,6.874550738181065,0.971628,test
2011-08-03 23:59:54,73.52994920819926,4.288273324977644,0.877076,904.9513079636088,6.926529470021755,0.97133,test
2011-08-04 23:59:54,73.52142616815507,4.2913689438759794,0.876603,904.5134282461086,6.899843856528006,0.971032,test
2011-08-05 23:53:54,73.12086829566252,4.294343190680424,0.876603,902.0636308346448,6.932153756801312,0.971032,test
2011-08-06 23:59:54,73.13202567031946,4.263522201232607,0.875656,902.3160084562628,6.872118329854876,0.970436,test
2011-08-07 23:59:54,73.16600749218632,4.262778859972902,0.875182,902.6690506366459,6.927037064865111,0.970138,test
2011-08-08 23:59:54,73.39898941858861,4.24193884881757,0.874708,904.4406721147399,6.897975925901672,0.96984,test
2011-08-09 23:59:54,73.32286518579284,4.302317098352004,0.874235,906.501598672283,6.864698363479283,0.969542,test
2011-08-10 23:59:54,73.40731167104448,4.285167624968811,0.873761,906.9321477190143,6.9021826166550895,0.969244,test
2011-08-11 23:59:54,73.40112476062423,4.294282785774744,0.873287,906.8696379562637,6.866377822088476,0.968946,test
2011-08-12 23:59:54,73.46406783695907,4.278861752928431,0.872814,907.6377446739154,6.902251428260337,0.968648,test
2011-08-13 23:59:54,73.36479455131725,4.219228384221401,0.87234,907.4224368970904,6.883494224840211,0.96835,test
2011-08-14 23:59:54,73.23770139434949,4.29959252619188,0.871867,906.9189236895704,6.869900437833144,0.968052,test
2011-08-15 23:59:54,73.3027466962367,4.286926182578195,0.871393,906.5129171922277,6.839940417586939,0.967754,test
2011-08-16 23:59:54,73.43286399445613,4.248139046690855,0.87092,906.0018633774132,6.909940919230434,0.967456,test
2011-08-17 23:59:54,73.63212755015596,4.304701786584589,0.870446,907.1195797812807,6.939673940939509,0.967158,test
2011-08-18 23:59:54,73.86974829603002,4.277401870246945,0.869972,909.5967804640626,6.907593447197495,0.96686,test
2011-08-19 23:59:54,73.69166571878212,4.218458399467107,0.869499,909.765223573634,6.909051292356839,0.966562,test
2011-08-20 23:59:54,73.81543996143814,4.26272397963883,0.869025,911.9575156403267,6.889996259544792,0.966264,test
2011-08-21 23:59:54,74.04195997486501,4.254874362217911,0.868552,913.8394649836251,6.897085080718249,0.965966,test
2011-08-22 23:53:54,74.18199063451961,4.269024889842448,0.868552,914.5931016034232,6.851101162097505,0.965966,test
2011-08-23 23:59:54,74.18816970440668,4.2941965410524965,0.867604,914.2655185215403,6.9030563518435955,0.96537,test
2011-08-24 23:59:54,74.2791686694677,4.290472498027261,0.867131,913.8386713547213,6.89076985978273,0.965072,test
2011-08-25 23:59:54,74.37968588391227,4.30405361611743,0.866657,913.800980269704,6.90893588248041,0.964774,test
2011-08-26 23:59:54,74.485293120362,4.297642500712524,0.866184,914.8561301336377,6.903886427582573,0.964476,test
2011-08-27 23:59:54,73.86231243918381,4.249463080770754,0.86571,911.1477917951224,6.82965699118649,0.964178,test
2011-08-28 23:59:54,73.78644283609535,4.263273395142426,0.865236,910.6308556947906,6.867167819275479,0.96388,test
2011-08-29 23:59:54,73.93019921005538,4.260456781792092,0.864763,911.7418297321815,6.847999529120552,0.963582,test
2011-08-30 23:59:54,73.83655273500132,4.256773087357782,0.864289,909.6335781122174,6.848022837842219,0.963284,test
2011-08-31 23:59:54,74.10410075838881,4.31102310300811,0.863816,910.8678798920722,6.91037881467931,0.962986,test
2011-09-01 23:59:54,74.19149303903588,4.305985912958783,0.863342,911.0244548497074,6.921097359078516,0.962688,test
2011-09-02 23:53:54,74.16439229379678,4.247657514677772,0.863342,910.756263930515,6.944172619406315,0.962688,test
2011-09-03 23:59:54,74.37576676610621,4.270172884684025,0.862395,912.5667244172117,6.900846085908491,0.962092,test
2011-09-04 23:59:54,74.1359088722798,4.284996347649786,0.861921,912.0369522412254,6.897872068975118,0.961794,test
2011-09-05 23:59:54,74.28293525643123,4.298302163985663,0.861448,913.367042913409,6.889458967575398,0.961496,test
2011-09-06 23:59:54,74.13216455944382,4.29632686764533,0.860974,911.8293494180488,6.856629666489886,0.961198,test
2011-09-07 23:59:54,74.31859488685699,4.280791946675273,0.8605,912.3088533484755,6.9371110125621485,0.9609,test
2011-09-08 23:59:54,74.2970608944533,4.276174416077527,0.860027,911.4705837764888,6.92332485770562,0.960602,test
2011-09-09 23:59:54,74.03644975317758,4.275891401064732,0.859553,909.6470097496534,6.919890527823482,0.960304,test
2011-09-10 23:59:54,73.86971068876882,4.258228070454354,0.85908,908.4802528367753,6.897789359269438,0.960006,test
2011-09-11 23:59:54,73.99031804914888,4.30831267249048,0.858606,910.0965539078471,6.9283622816585915,0.959708,test
2011-09-12 23:59:54,74.65545502378995,4.300614821535418,0.858132,914.0153227994592,6.8484819594702095,0.95941,test
2011-09-13 23:59:54,75.07236470067957,4.295326286119198,0.857659,917.9201749471728,6.8278410511513785,0.959112,test
2011-09-14 23:59:54,75.35762635347906,4.273398715760143,0.857185,920.5528368795132,6.953142465533566,0.958813,test
2011-09-15 23:59:54,75.71917754589973,4.303930611184832,0.856712,924.7686340591297,6.934673540666233,0.958516,test
2011-09-16 23:53:54,75.84835399870686,4.256985331989276,0.856712,925.8538425382925,6.901578231239509,0.958516,test
2011-09-17 23:59:54,76.08050017170555,4.2851744447475015,0.855764,929.2223945871115,6.837573191926744,0.957919,test
2011-09-18 23:53:54,75.86869877981172,4.260421988853731,0.855764,926.0297112369623,6.867004431562281,0.957919,test
2011-09-20 23:59:54,75.20140068340169,4.2845601379589695,0.854344,918.9210638439775,6.920217029967703,0.957025,test
2011-09-21 23:59:54,75.25303063466073,4.287099307947304,0.85387,918.9419435639713,6.941433811102768,0.956727,test
2011-09-22 23:59:54,75.23456156944157,4.315627738142471,0.853396,917.9588051667662,6.94277846679933,0.956429,test
2011-09-23 23:59:54,75.29302387964609,4.270815768170248,0.852923,917.2965263103549,6.876472756903366,0.956131,test
2011-09-24 23:59:54,75.18194727074088,4.242420679144039,0.852449,919.0241039160085,6.916950582459675,0.955833,test
2011-09-26 00:05:54,75.20459479704239,4.216794865867384,0.851976,920.7358321133682,6.851400586196683,0.955535,test
2011-09-26 23:59:54,74.99403302821553,4.194425890793441,0.851502,919.8458257721052,6.798753137061223,0.955237,test
2011-09-27 23:59:54,74.8644485052448,4.2915277761110495,0.851028,917.706128967526,6.886781071076716,0.954939,test
2011-09-28 23:59:54,74.93330237822055,4.303325643414729,0.850555,918.3045843308157,6.874808660878045,0.954641,test
2011-09-29 23:53:54,75.09239830448227,4.259345649334488,0.850555,918.4629204123625,6.865797478264014,0.954641,test
2011-09-30 23:59:54,74.97140258417886,4.312575925980584,0.849608,915.9077496367798,6.885514494130452,0.954045,test
2011-10-01 23:59:54,74.68063176235079,4.292745366348977,0.849134,914.6932983281914,6.943156300992699,0.953747,test
2011-10-02 23:59:54,74.63493070733506,4.294428006404085,0.84866,913.6840746514106,6.895509763887041,0.953449,test
2011-10-03 23:59:54,75.16124995937932,4.291681333226982,0.848187,916.4885402367257,6.909230956402525,0.953151,test
2011-10-04 23:59:54,75.04132057349919,4.276367220803009,0.847713,917.7297303674482,6.883035454479858,0.952853,test
2011-10-05 23:59:54,75.09048168529031,4.251842332537696,0.84724,918.8912203962208,6.934232239336224,0.952555,test
2011-10-06 23:59:54,74.74294482209656,4.272948779531394,0.846766,916.3604273680164,6.916949523740788,0.952257,test
2011-10-07 23:59:54,74.67636187531436,4.278225694973339,0.846292,916.2249369422823,6.937443959834318,0.951959,test
2011-10-08 23:59:54,74.44300250532488,4.311641457303786,0.845819,913.5219555481315,6.868759562514439,0.951661,test
2011-10-09 23:59:54,74.27770930106091,4.260401417258532,0.845345,911.0018839110882,6.870583166832835,0.951363,test
2011-10-10 23:59:54,74.54354847880953,4.299421447627898,0.844872,911.1513655168403,6.86467681922707,0.951065,test
2011-10-11 23:53:54,74.92640273182906,4.291942384994796,0.844872,913.8635769917247,6.879239660759632,0.951065,test
2011-10-13 23:59:54,75.8331267143974,4.247446203131415,0.843451,921.5463787227911,6.860910082913315,0.950171,test
2011-10-14 23:59:54,75.64084207991903,4.240992862650245,0.842977,924.2657639177091,6.81372958990395,0.949873,test
2011-10-15 23:59:54,75.95055821816764,4.284802383196239,0.842504,926.6028560343719,6.830941354362367,0.949575,test
2011-10-16 23:59:54,75.94816347920623,4.280758579125585,0.84203,927.6595927079823,6.8567385360717354,0.949277,test
2011-10-17 23:59:54,75.56199793586813,4.264622655522866,0.841556,923.1132426942231,6.834037397869559,0.948979,test
2011-10-18 23:59:54,75.51026418692467,4.312422688485401,0.841083,921.1324714222709,6.893939411600583,0.948681,test
2011-10-19 23:59:54,75.42016999287901,4.30713278695072,0.840609,918.047170382443,6.907138133903695,0.948383,test
2011-10-20 23:59:54,75.95816859789927,4.27349854072012,0.840136,920.9661907304315,6.842546609954922,0.948085,test
2011-10-21 23:59:54,75.53449504363623,4.2823031492780705,0.839662,920.4780487384871,6.82957543939553,0.947787,test
2011-10-22 23:59:54,75.82653365396764,4.26385250543627,0.839188,925.844877021404,6.822546280630013,0.947489,test
2011-10-23 23:59:54,75.84650801805135,4.284564347212179,0.838715,926.3471701302661,6.88526353643615,0.947191,test
2011-10-24 23:59:54,75.6189923719154,4.255057976746174,0.838241,924.9215954579939,6.89663744861781,0.946893,test
2011-10-25 23:59:54,75.55229905914894,4.2438613355055645,0.837768,924.1676961134845,6.851567613168714,0.946595,test
2011-10-27 23:59:54,75.05154896516814,4.309475727215706,0.83682,918.4931424696724,6.839742766098047,0.945999,test
2011-10-28 23:59:54,74.57279989339172,4.300926511163384,0.836347,913.8981875458094,6.8827961324907125,0.945701,test
2011-10-29 23:59:54,74.12231352196648,4.256311631143121,0.835873,909.3182953655743,6.8766008900487545,0.945403,test
2011-10-30 23:59:54,74.21375182209935,4.300140689982694,0.8354,908.3336262629508,6.9283980272699415,0.945105,test
2011-10-31 23:59:54,73.98351223820475,4.27783672886898,0.834926,906.7350895981062,6.884122728423885,0.944807,test
2011-11-01 23:59:54,74.29478457763904,4.25211234630708,0.834452,908.9379232449585,6.882752229724295,0.944509,holdout
2011-11-02 23:53:54,74.72702790611464,4.304643442429436,0.834452,912.0205752351014,6.898861410749432,0.944509,holdout
2011-11-03 23:59:54,75.26645582189872,4.336512080294797,0.833505,917.9240412950606,6.899236625048997,0.943913,holdout
2011-11-04 23:59:54,75.6686253872357,4.316248231400986,0.833032,922.8209222912773,6.8665748729696,0.943615,holdout
2011-11-05 23:59:54,76.34470977530735,4.271632605526145,0.832558,929.8468517518551,6.949656544151704,0.943317,holdout
2011-11-06 23:59:54,76.96013479935573,4.29291863123886,0.832084,935.3587190861828,6.855187498762274,0.943019,holdout
2011-11-07 23:59:54,77.32723545478898,4.288585278165275,0.831611,938.4751187096696,6.889936559609415,0.942721,holdout
2011-11-08 23:59:54,77.61067115209083,4.301092941409237,0.831137,941.9807482288891,6.931994251352533,0.942423,holdout
2011-11-09 23:59:54,77.75438662717494,4.276924090137565,0.830664,942.2911647200903,6.79385214204116,0.942125,holdout
2011-11-10 23:59:54,77.51206936708188,4.282263203721851,0.83019,939.7330212077825,6.887568485105897,0.941827,holdout
2011-11-11 23:53:54,77.12889996815444,4.249284482176838,0.83019,935.8177297499187,6.8794489052001735,0.941827,holdout
2011-11-12 23:59:54,76.91237290560692,4.249325730823777,0.829243,930.6599120122719,6.8580374459109,0.941231,holdout
2011-11-13 23:53:54,76.42788262796323,4.25382406862628,0.829243,926.0316150180253,6.881075867225387,0.941231,holdout
2011-11-14 23:59:54,76.1563110562155,4.291769724034696,0.828296,923.2621015636341,6.944333528569637,0.940635,holdout
2011-11-15 23:59:54,75.6520331815346,4.315088867140483,0.827822,920.4263073063175,6.888118874796437,0.940337,holdout
2011-11-16 23:59:54,75.71340080155387,4.312373126200825,0.827348,920.1228835475009,6.866181165677164,0.940337,holdout
2011-11-17 23:59:54,75.71290438657986,4.29706078764489,0.826875,921.5002362310879,6.880678382581025,0.940039,holdout
2011-11-18 23:59:54,75.99896997966671,4.25433632101975,0.826401,922.3953513511647,6.8931864380326555,0.939741,holdout
2011-11-19 23:59:54,76.0033379939884,4.280545458947631,0.825928,923.749497877667,6.83206566813531,0.939443,holdout
2011-11-20 23:59:54,76.08285688234223,4.2803275809638395,0.825454,926.0086504710575,6.817013698257916,0.939145,holdout
2011-11-21 23:59:54,76.2065105850314,4.253718762343708,0.82498,926.9143553762107,6.866871627746427,0.938847,holdout
2011-11-22 23:59:54,76.24196882813551,4.280510381023135,0.824507,928.1991294010217,6.8687038588808464,0.938549,holdout
2011-11-23 23:59:54,75.95670233735362,4.231827147165725,0.824033,926.7055479692748,6.875844697952174,0.938251,holdout
2011-11-24 23:53:54,75.6482260698457,4.2942037283999,0.824033,923.1693994930656,6.862213423483796,0.937953,holdout
2011-11-25 23:59:54,75.25945753970491,4.290681534606676,0.823086,918.7744636006432,6.865403523671874,0.937357,holdout
2011-11-26 23:53:54,74.79990967712558,4.264127080898467,0.823086,913.6691187620314,6.868729410996432,0.937357,holdout
2011-11-27 23:59:54,74.60262874114358,4.26683387752041,0.822139,911.0404702611775,6.870797519454015,0.936761,holdout
2011-11-28 23:59:54,74.70229785539759,4.306488548940774,0.821665,909.8666339421281,6.861093854003917,0.936761,holdout
2011-11-29 23:59:54,74.46158564969208,4.270885934591685,0.821192,908.7187647931795,6.895285420706733,0.936463,holdout
2011-11-30 23:59:54,75.24942013463917,4.274849654405342,0.820718,915.2644865981067,6.857449371021977,0.936165,holdout
2011-12-01 23:59:54,75.44614234898584,4.2976969762465425,0.820244,918.8864351602491,6.872101976892527,0.935867,holdout
2011-12-02 23:59:54,76.22407552002495,4.320341345594237,0.819771,924.6656131741958,6.901259322131751,0.935569,holdout
2011-12-03 23:59:54,76.7554171086875,4.317101330861059,0.819297,930.7384485092057,6.856177215621518,0.935271,holdout
2011-12-04 23:59:54,77.00688529230035,4.246187204292906,0.818824,934.321428747324,6.870981556184284,0.934973,holdout
2011-12-05 23:59:54,76.98004535586685,4.253593564719862,0.81835,933.7350061471732,6.869793565696755,0.934675,holdout
2011-12-06 23:59:54,76.82240809310373,4.288168284897505,0.817877,933.5448945783334,6.856795504393224,0.934377,holdout
2011-12-08 00:05:54,76.74992435081961,4.305479754393831,0.817403,931.1546775567344,6.896978487854991,0.934079,holdout
2011-12-08 23:59:54,76.54105365496336,4.2880542775359025,0.816929,927.3409071688405,6.893894738683289,0.933781,holdout
2011-12-09 23:59:54,75.93447180196075,4.2647620698898585,0.816456,920.9687818211879,6.85379409587819,0.933483,holdout
2011-12-10 23:59:54,75.43745418303156,4.287363124018431,0.815982,915.5541009833768,6.870426285806078,0.933185,holdout
2011-12-11 23:53:54,75.00463752041371,4.283670243333198,0.815982,913.4985985811148,6.892390140050011,0.932887,holdout
2011-12-13 23:59:54,74.8880873996671,4.280811651576704,0.814561,912.4286952169855,6.919366865669245,0.931993,holdout
2011-12-14 23:59:54,75.12109607125082,4.31243809376971,0.814088,914.9256581970036,6.895565288931203,0.931993,holdout
2011-12-16 23:59:54,75.67000270062796,4.29825096676671,0.813141,922.3385439796637,6.906315361353338,0.931397,holdout
2011-12-17 23:59:54,75.80757861017833,4.29367618526836,0.812667,923.532516440651,6.819593049519159,0.931099,holdout
2011-12-18 23:59:54,75.90811036181417,4.284652652106207,0.812193,924.8220776808813,6.895748338105836,0.930801,holdout
2011-12-19 23:59:54,75.91528977142485,4.243048777048502,0.81172,924.3926301586941,6.8680467404624235,0.930503,holdout
2011-12-20 23:59:54,76.16212740547711,4.311375774157727,0.811246,924.216300918717,6.9114150994202594,0.930205,holdout
2011-12-21 23:59:54,76.14309632779685,4.292236453370488,0.810773,922.5923057727053,6.911578057149902,0.929907,holdout
2011-12-22 23:59:54,75.42781219352547,4.2690670484524516,0.810299,918.9821493185946,6.897944713323986,0.929609,holdout
2011-12-23 23:59:54,75.07755886435706,4.297692621796456,0.809825,915.9244727530036,6.888776727434001,0.929311,holdout
2011-12-24 23:59:54,75.32514082446298,4.244815730709401,0.809352,917.8354931729766,6.854514181787254,0.929013,holdout
2011-12-25 23:59:54,75.23104404404795,4.258790245377867,0.808878,915.0660025509347,6.846983770746757,0.928715,holdout
2011-12-26 23:59:54,75.15378520257208,4.241407808597002,0.808405,914.0433245791542,6.8590440170009614,0.928417,holdout
2011-12-27 23:59:54,74.93702413472296,4.286565584873889,0.807931,913.7897837079176,6.905518120036494,0.928119,holdout
2011-12-28 23:59:54,75.09761536144127,4.290686109446769,0.807457,915.1606467733617,6.896079826829615,0.927821,holdout
2011-12-29 23:59:54,75.44922766328025,4.246981349384054,0.806984,918.8172210250569,6.890715406683529,0.927523,holdout
2011-12-30 23:53:54,75.70146287238612,4.26129903228629,0.806984,922.8930964392835,6.9040988842383255,0.927225,holdout
2011-12-31 23:59:54,83.83443192900388,4.315308351740502,0.729707,915.2832771680943,6.863294855811256,0.842733,holdout
2012-01-01 23:59:54,74.25386895340819,4.212702071777997,0.729707,917.5128242703389,6.853330784042585,0.842733,train
2012-01-02 23:59:54,74.34878355761559,4.224495497402383,0.729707,917.0394413770724,6.832619844666545,0.842859,train
2012-01-03 23:59:54,74.65501232464015,4.25469255553035,0.729707,917.7895541997664,6.840944892335293,0.842985,train
2012-01-04 23:59:54,74.64652121174771,4.21052891309123,0.729707,917.128701885253,6.831386015466889,0.843112,train
2012-01-05 23:59:54,74.34915633272605,4.230199065125688,0.729707,913.5859764820598,6.852956448854506,0.843238,train
2012-01-06 23:59:54,74.3340482423517,4.206904360340308,0.729707,907.4715964487374,6.8068005839427865,0.843365,train
2012-01-07 23:59:54,73.59094506528703,4.225392933829021,0.729707,904.7796236873053,6.824366538549156,0.843491,train
2012-01-08 23:59:54,73.51128894499547,4.209842108398271,0.729707,903.0800182613932,6.827941194446161,0.843617,train
2012-01-09 23:59:54,73.27310874975863,4.217509740389327,0.729707,903.0521574244937,6.821746014844327,0.843744,train
2012-01-10 23:59:54,72.96161254137789,4.208514513944112,0.729707,901.5891753127894,6.817482832958866,0.84387,train
2012-01-11 23:59:54,72.82851135316538,4.210662505172978,0.729707,900.3053753000643,6.818071796148085,0.843997,train
2012-01-12 23:59:54,73.19411081161392,4.238835757542178,0.729707,904.0144944377296,6.816466926086109,0.844123,train
2012-01-13 23:59:54,73.39404233199609,4.222054106979984,0.729707,906.0665546255559,6.864986089232169,0.844249,train
2012-01-14 23:59:54,73.43518525449255,4.218449261030845,0.729707,906.8198791082478,6.851728099818353,0.844376,train
2012-01-15 23:59:54,73.88167502865835,4.212184803881779,0.729707,909.0329084125688,6.834838761663689,0.844502,train
2012-01-16 23:59:54,74.15430923465313,4.226422740109954,0.729707,910.7940409644439,6.836710348720026,0.844629,train
2012-01-17 23:59:54,74.23951777899646,4.224481418232353,0.729707,911.4733071047431,6.872577855277524,0.844755,train
2012-01-18 23:59:54,74.05081218506098,4.208875888767277,0.729707,909.5716235105115,6.848656861126484,0.844882,train
2012-01-19 23:59:54,73.71672531689671,4.224557732361733,0.729707,908.6104171066411,6.82206322648216,0.845008,train
2012-01-20 23:59:54,73.64062131299337,4.21219381518896,0.729707,909.4562429132179,6.81540063987963,0.845134,train
2012-01-21 23:59:54,73.66783104286374,4.236076945986035,0.729707,907.4003964065216,6.844929553543664,0.845261,train
2012-01-22 23:59:54,73.52998446617111,4.223766665006687,0.729707,906.3271778024638,6.8505173818548,0.845387,train
2012-01-23 23:53:54,73.50833468487568,4.213051374180212,0.729707,904.8007950804017,6.859632830021959,0.845514,train
2012-01-24 23:59:54,73.10135209240258,4.215421504219777,0.729707,900.5548239906159,6.811174308369092,0.845766,train
2012-01-25 23:59:54,73.02064741830631,4.23788805390389,0.729707,900.443506363923,6.816841966095975,0.845766,train
2012-01-26 23:59:54,72.94550990184422,4.2648503211099555,0.729707,900.9617069842054,6.855714295682075,0.845893,train
2012-01-27 23:53:54,72.92680517280164,4.215696992774818,0.729707,903.4848984957075,6.848071751517082,0.846019,train
2012-01-28 23:59:54,73.04009272224715,4.226951252999482,0.729707,905.3065434888344,6.870628290186243,0.846272,train
2012-01-29 23:59:54,73.280003192453,4.212465276416686,0.729707,908.2233362604495,6.897985779879104,0.846272,train
2012-01-30 23:59:54,73.68896502053842,4.21457394932826,0.729707,910.5169664125368,6.879064456233302,0.846398,train
2012-01-31 23:59:54,73.61028147708737,4.207750011367658,0.729707,911.0218724278346,6.821584169565359,0.846525,train
2012-02-01 23:59:54,73.54881047753413,4.2174369850404405,0.729707,910.2470099089998,6.825032611241874,0.846651,train
2012-02-02 23:59:54,73.17890344200751,4.204286524781878,0.729707,906.6665612150729,6.869476100304272,0.846778,train
2012-02-03 23:59:54,72.90768781005085,4.264449253141233,0.729707,902.855098179131,6.872292347031442,0.846904,train
2012-02-04 23:59:54,72.49616997925034,4.219766618889919,0.729707,897.5253956690232,6.874918570079446,0.847031,train
2012-02-05 23:59:54,72.39603872318615,4.2125320461550775,0.729707,895.2055918424203,6.876716735334831,0.847157,train
2012-02-06 23:59:54,72.00455018929948,4.229799188147464,0.729707,893.5145146084815,6.868886604287394,0.847283,train
2012-02-07 23:59:54,71.71315102020687,4.217583520376122,0.729707,891.4507108506043,6.848083709115449,0.84741,train
2012-02-08 23:59:54,71.72242107005373,4.249840168281013,0.729707,893.1544289566473,6.832682460239898,0.847536,train
2012-02-09 23:59:54,72.07025895440974,4.241081411876211,0.729707,895.7797688866171,6.863203533572615,0.847663,train
2012-02-10 23:59:54,72.04337263841643,4.210982826274935,0.729707,896.9173702537612,6.8912810723048565,0.847789,train
2012-02-11 23:59:54,72.08032392505716,4.220175980758527,0.729707,896.7848019885762,6.846188213267277,0.847915,train
2012-02-12 23:59:54,72.30608529997218,4.222739697227819,0.729707,899.20134118114,6.860386364183525,0.848042,train
2012-02-13 23:59:54,72.62207732413643,4.216207738332935,0.729707,900.5561329677873,6.88542590364756,0.848168,train
2012-02-14 23:59:54,72.55714570649089,4.220120533630312,0.729707,899.5172770057029,6.866905781869769,0.848295,train
2012-02-15 23:59:54,72.24852030620451,4.229471691004447,0.729707,898.199741780098,6.884464083953719,0.848421,train
2012-02-16 23:59:54,71.99818035760302,4.225156203895498,0.729707,895.2755396326975,6.876627183101781,0.848547,train
2012-02-17 23:59:54,72.095818264211,4.222212708268154,0.729707,896.0229251002695,6.875755375205244,0.848674,train
2012-02-18 23:59:54,71.91121221168268,4.223983131404938,0.729707,894.7569598071339,6.874709169195792,0.8488,train
2012-02-19 23:59:54,71.97948990678975,4.244795753778233,0.729707,894.1493709705494,6.8724412780187345,0.848927,train
2012-02-20 23:59:54,71.95710849270378,4.248916107118133,0.729707,895.2193581890754,6.885262914841053,0.849053,train
2012-02-21 23:59:54,71.64028350946117,4.225962770706008,0.729707,894.1864270922397,6.8184324749296366,0.849179,train
2012-02-22 23:59:54,71.92959242733711,4.197850458183389,0.729707,896.3187002798854,6.888538467821021,0.849306,train
2012-02-23 23:59:54,72.05417809189618,4.207934345854253,0.729707,896.6964864173706,6.838584440966607,0.849432,train
2012-02-24 23:59:54,72.17101434625347,4.230544014662155,0.729707,898.2694503528799,6.830283318786361,0.849559,train
2012-02-25 23:59:54,72.5461220130129,4.208138198108237,0.729707,902.6580434563476,6.894262044676893,0.849685,train
2012-02-26 23:59:54,72.81428385011503,4.221648241930051,0.729707,905.3151628291074,6.90331094291974,0.849811,train
2012-02-27 23:59:54,73.01295406484294,4.225462893835893,0.729707,908.1008276369517,6.86124596737492,0.849938,train
2012-02-28 23:59:54,72.92204886950259,4.211910412081898,0.729707,907.4227549264157,6.840812072010309,0.850064,train
2012-02-29 23:59:54,72.81952259937164,4.240220585090633,0.729707,906.8061390668363,6.874267526748156,0.850191,train
2012-03-01 23:53:54,72.51753180461242,4.222626060117682,0.729707,904.2340431558096,6.846771201582298,0.850317,train
2012-03-02 23:59:54,72.15904292153603,4.233800763326593,0.729707,900.0318253929718,6.8639061983206835,0.85057,train
2012-03-03 23:59:54,72.06143925234579,4.244406470865893,0.729707,896.5651356800377,6.840133520438685,0.85057,train
2012-03-04 23:53:54,72.22991235095064,4.2303481999526635,0.729707,895.7849126871388,6.86489979276411,0.850696,train
2012-03-05 23:59:54,72.13534304026628,4.222376948423538,0.729707,895.3230551017731,6.8211266359235125,0.850949,train
2012-03-06 23:59:54,72.05222453788232,4.231061700220927,0.729707,896.6108454548555,6.8472143475479115,0.850949,train
2012-03-07 23:59:54,71.99153263143748,4.214365805108729,0.729707,896.6083271885489,6.815931867092691,0.851076,train
2012-03-08 23:59:54,72.05178245734028,4.212004990367894,0.729707,898.9563777380292,6.835044614577443,0.851202,train
2012-03-09 23:59:54,72.05518309511999,4.2449239261884655,0.729707,898.7992774989597,6.827004201558746,0.851328,train
2012-03-10 23:59:54,72.02912116405754,4.245613683271619,0.729707,896.3108530868718,6.8604818446033855,0.851455,train
2012-03-11 23:53:54,72.0048646160372,4.20871444159049,0.729707,894.8021305832408,6.819401693349067,0.851581,train
2012-03-12 23:59:54,71.96569844604343,4.23555552707213,0.729707,893.8540864929649,6.856695455829817,0.851834,train
2012-03-13 23:59:54,71.76627954526971,4.190166226120191,0.729707,893.4245337527171,6.874935714064561,0.851834,train
2012-03-14 23:59:54,71.43558958873382,4.217943677444635,0.729707,892.8757493537513,6.867225801755075,0.85196,train
2012-03-15 23:59:54,71.18004857600152,4.24059929317221,0.729707,892.2870768755465,6.855527360518317,0.852087,train
2012-03-16 23:59:54,71.09470859756752,4.198077473061597,0.729707,890.3181691936247,6.840509193363256,0.852213,train
2012-03-17 23:59:54,70.97012885235581,4.232232497466004,0.729707,889.0141165579065,6.84837110686045,0.85234,train
2012-03-18 23:59:54,71.01155510139296,4.249734471465629,0.729707,888.0576788159565,6.87873448231709,0.852466,train
2012-03-19 23:59:54,71.03114835436416,4.216502131540521,0.729707,886.0408881858543,6.87999016709458,0.852593,train
2012-03-20 23:59:54,70.76599234055058,4.214366108108843,0.729707,886.051206038413,6.856732247406707,0.852719,train
2012-03-21 23:59:54,70.87672878103704,4.203139706519181,0.729707,886.6288073931667,6.844341676195647,0.852845,train
2012-03-22 23:59:54,70.8952621060867,4.222374539827193,0.729707,888.0572546723084,6.840623247163927,0.852972,train
2012-03-23 23:53:54,71.35762632762534,4.205471341254191,0.729707,891.2075499138548,6.879056279056151,0.853098,train
2012-03-24 23:59:54,71.45823900272057,4.234458333572157,0.729707,893.6880859194388,6.847449547899321,0.853351,train
2012-03-25 23:59:54,71.71789620015797,4.202884071512026,0.729707,895.0037052134635,6.849217128229391,0.853351,train
2012-03-26 23:59:54,71.85409174211853,4.205545614095034,0.729707,898.021128689073,6.862857502632679,0.853477,train
2012-03-27 23:53:54,72.07869640348885,4.202712499188937,0.729707,899.9842188921202,6.863632772588142,0.853604,train
2012-03-28 23:59:54,71.7973321791716,4.1983177408007215,0.729707,898.3905364642605,6.868262824417677,0.853857,train
2012-03-29 23:59:54,71.6972792728478,4.219140814186004,0.729707,896.4123218240697,6.8694070133723395,0.853857,train
2012-03-30 23:59:54,71.75326001675997,4.236258959056504,0.729707,893.9139944471991,6.866124645344847,0.853983,train
2012-03-31 23:59:54,71.61918816293972,4.211344282821773,0.729707,892.5742439531227,6.845112409296686,0.854109,train
2012-04-01 23:59:54,71.35822264687226,4.236299632521889,0.729707,891.9501687246864,6.843369713034815,0.854236,train
2012-04-02 23:59:54,71.07905527312474,4.190979033083126,0.729707,891.068855962939,6.888293617726366,0.854362,train
2012-04-03 23:59:54,70.83956446580278,4.2016577876795544,0.729707,889.4941310147012,6.859091205567556,0.854489,train
2012-04-04 23:59:54,70.69744618897586,4.18480436910738,0.729707,888.646550363388,6.800790406273174,0.854615,train
2012-04-05 23:59:54,70.75339924289295,4.209944152212574,0.729707,887.3360311574452,6.881538064732821,0.854742,train
2012-04-06 23:59:54,70.50457647791403,4.172852123720917,0.729707,884.6998272347545,6.825267340476933,0.854868,train
2012-04-07 23:53:54,70.29262457455906,4.21314060176511,0.729707,881.6335100696123,6.845717790093976,0.854994,train
2012-04-08 23:59:54,70.05569125162488,4.219325423760152,0.729707,879.4985828329259,6.859338636439204,0.855247,train
2012-04-09 23:59:54,72.96066014305757,4.231996237299218,0.699582,879.1027528370278,6.891547140370276,0.855247,train
2012-04-10 23:59:54,73.0025340624403,4.225143206026218,0.699372,895.5702489197702,6.864358708921112,0.840116,train
2012-04-11 23:59:54,68.93233108993886,4.194811452407095,0.699162,843.0533536979226,6.808848193443555,0.840007,train
2012-04-12 23:59:54,69.7487340905033,4.185100015882756,0.698952,857.1888096466977,6.8116035058303765,0.839898,train
2012-04-13 23:53:54,70.04409799324551,4.197193899524405,0.698952,859.7189022519137,6.81212643604559,0.839789,train
2012-04-14 23:59:54,70.31495994117797,4.187067775477025,0.698532,860.969917841141,6.817983528748584,0.83957,train
2012-04-15 23:59:54,70.70674783030098,4.202933512037208,0.698322,864.5977055298489,6.82297927148625,0.83957,train
2012-04-16 23:53:54,71.15085916445123,4.200785404801981,0.698322,867.8930314578552,6.831512963541567,0.839461,train
2012-04-17 23:59:54,71.41121305842216,4.193843766165483,0.697903,870.9329330009314,6.841509926040594,0.839243,train
2012-04-18 23:59:54,71.86765626254572,4.211026209090924,0.697693,875.4445152724534,6.853994395013891,0.839243,train
2012-04-19 23:59:54,72.33492279926662,4.1759060519795295,0.697483,880.489495420996,6.801116683489641,0.839133,train
2012-04-20 23:59:54,72.4743067623171,4.205595289662114,0.697273,882.9930250641953,6.84042195358684,0.839024,train
2012-04-21 23:59:54,72.82670259135847,4.176536330981797,0.697063,887.531740500057,6.837004294455861,0.838915,train
2012-04-22 23:59:54,72.42691493219466,4.232068856614839,0.696853,884.6974829748658,6.844180498917644,0.838806,train
2012-04-23 23:59:54,72.26396902459896,4.2316845223418085,0.696643,883.5157722176009,6.825620924724008,0.838696,train
2012-04-24 23:59:54,72.30152829148257,4.220265021019196,0.696433,881.5107455234787,6.828973626694353,0.838587,train
2012-04-25 23:59:54,72.17684136199271,4.237019015930396,0.696224,878.6660065477975,6.826834212663619,0.838478,train
2012-04-26 23:59:54,72.11547188256948,4.225820823637882,0.696014,877.7003690222679,6.842305061688346,0.838369,train
2012-04-27 23:59:54,72.01137955340171,4.243883773929382,0.695804,877.7503243152977,6.835617821480707,0.83826,train
2012-04-28 23:59:54,72.01628707853213,4.21265174935207,0.695594,878.3041906027875,6.845471072475191,0.83815,train
2012-04-29 23:59:54,72.03575931330347,4.202654873887508,0.695384,879.8771561317594,6.8499304513482375,0.838041,train
2012-04-30 23:59:54,71.87191666891606,4.219424667435155,0.695174,881.5376927784962,6.836226621134237,0.837932,train
2012-05-01 23:59:54,72.54011093825197,4.249982546047717,0.694964,889.6822273790403,6.829748925585188,0.837823,train
2012-05-02 23:59:54,72.5704800388627,4.2402862312602165,0.694754,891.6738499275704,6.887068764771993,0.837714,train
2012-05-03 23:53:54,72.91672047819817,4.228013852218659,0.694754,892.5583046593556,6.833806860637767,0.837604,train
2012-05-04 23:59:54,72.86434853475969,4.250698709543422,0.694335,890.6571417827104,6.821443551499032,0.837386,train
2012-05-05 23:53:54,72.85018465381489,4.231143730497797,0.694335,891.1188214853001,6.857998542566492,0.837386,train
2012-05-06 23:59:54,72.72954918887,4.221478933346501,0.693915,890.8047466149415,6.862694018863201,0.837167,train
2012-05-07 23:59:54,73.12111373522423,4.227630505692214,0.693705,894.8262217670842,6.818371435322019,0.837167,train
2012-05-08 23:59:54,73.2028741939113,4.249583090980392,0.693495,895.8532970943598,6.885851420581985,0.837058,train
2012-05-09 23:59:54,73.65909445939727,4.21820872780294,0.693285,898.9550555441479,6.866553871474834,0.836949,train
2012-05-10 23:59:54,73.59474451213875,4.248963749533232,0.693075,900.5041804294846,6.8403605385843145,0.83684,train
2012-05-11 23:59:54,74.0478167496247,4.245115275723039,0.692866,902.8177444969741,6.844474440502273,0.836731,train
2012-05-12 23:59:54,74.0055975559575,4.248231840924221,0.692656,904.7566478040301,6.864829340131106,0.836621,train
2012-05-13 23:59:54,74.28278123730085,4.249572795385081,0.692446,905.389111166254,6.875110088056635,0.836512,train
2012-05-14 23:59:54,74.63430826758344,4.252373268605206,0.692236,907.9587279605367,6.866644335455279,0.836403,train
2012-05-15 23:59:54,74.84987737156287,4.239378683708842,0.692026,909.9330859549009,6.849405437570286,0.836294,train
2012-05-16 23:59:54,74.90656354898591,4.224749591909858,0.691816,912.9769657218033,6.835434386277871,0.836185,train
2012-05-17 23:59:54,74.95291541777935,4.260978030180023,0.691606,915.8903028360226,6.852646699561428,0.836075,train
2012-05-18 23:59:54,74.82076697776195,4.263927650226252,0.691396,915.337513119024,6.8507973615559665,0.835966,train
2012-05-19 23:59:54,74.7341537129656,4.273817978802649,0.691187,913.7627140378715,6.840832864400499,0.835857,train
2012-05-20 23:59:54,74.70095486014009,4.265596404348677,0.690977,911.4819210994876,6.832483510848427,0.835748,train
2012-05-21 23:53:54,74.75512184373929,4.2600262643176565,0.690977,911.146996050341,6.884110679968824,0.835638,train
2012-05-22 23:59:54,74.40412909872009,4.264831243021726,0.690557,907.1186787140525,6.889696875092562,0.83542,train
2012-05-23 23:59:54,74.01352890578332,4.264205233258893,0.690347,905.3885813695231,6.841226430025663,0.83542,train
2012-05-25 23:59:54,73.99304633506522,4.279351741716674,0.689927,905.9948876958563,6.836140311076865,0.835092,train
2012-05-26 23:59:54,73.9454317989279,4.249204463736165,0.689717,905.8579151866787,6.82752273384121,0.835092,train
2012-05-27 23:59:54,73.79041952939377,4.23194558088344,0.689508,905.8822154253512,6.824703514502185,0.834983,train
2012-05-28 23:53:54,73.70973092004272,4.215215985626601,0.689508,906.2266912675168,6.861155367556904,0.834874,train
2012-05-30 23:59:54,73.52057669201288,4.240547952121515,0.688878,904.870916707652,6.878570664906468,0.834546,train
2012-05-31 23:59:54,73.72493681993225,4.250821594631973,0.688668,904.5425634336817,6.829640988070397,0.834546,train
2012-06-01 23:59:54,74.32467930429505,4.252740391877385,0.688458,907.0213926834081,6.862746680869208,0.834437,train
2012-06-02 23:59:54,74.9157110961078,4.253732553621241,0.688248,911.1242383646422,6.866663316127383,0.834328,train
2012-06-03 23:53:54,74.91885349212507,4.279176870702271,0.688248,915.3318494748444,6.863742082390683,0.834219,train
2012-06-04 23:59:54,75.22352653486182,4.255282548272799,0.687829,919.6033315048034,6.860028106978747,0.834,train
2012-06-06 23:59:54,75.64796145659936,4.2558841696810905,0.687409,924.084849298979,6.858985503175484,0.833891,train
2012-06-07 23:59:54,75.35167237263957,4.241982471496844,0.687199,921.7577505375086,6.846159920514535,0.833782,train
2012-06-08 23:59:54,75.31425773252342,4.250430335908583,0.686989,918.4615111834709,6.822770766333085,0.833673,train
2012-06-09 23:59:54,75.25713446226165,4.257224127663361,0.686779,914.5096421195029,6.880543690587495,0.833563,train
2012-06-10 23:59:54,75.34440498186976,4.2503140345266806,0.686569,914.2238674112839,6.867988563517005,0.833454,train
2012-06-11 23:59:54,75.49631490084724,4.2474527627799965,0.68636,917.3051202047474,6.869407643445233,0.833345,train
2012-06-12 23:59:54,74.96158904781684,4.274810121667129,0.68615,917.4525552123075,6.852599902916427,0.833236,train
2012-06-13 23:53:54,74.87974796644737,4.247168540662509,0.68615,919.1058515228508,6.877103114301168,0.833126,train
2012-06-14 23:59:54,75.08931014986003,4.23776364870288,0.68573,921.2723236491818,6.8442619330793,0.832908,train
2012-06-15 23:53:54,74.78536754572711,4.239748249960902,0.68573,919.025802189906,6.873774924004725,0.832908,train
2012-06-16 23:59:54,74.40960160165976,4.2632289156256835,0.68531,913.0468352255785,6.853576618184563,0.83269,train
2012-06-17 23:59:54,74.00166161594098,4.240269189925322,0.6851,906.5062992546991,6.8870878630924235,0.83269,train
2012-06-18 23:59:54,73.35079927130087,4.26827915261082,0.68489,900.7422433144054,6.869816674321894,0.83258,train
2012-06-19 23:59:54,72.85867522274764,4.2446944489450935,0.684681,897.1779937608196,6.87809267980799,0.832471,train
2012-06-20 23:59:54,72.55379964814654,4.245116734107662,0.684471,896.6202500401463,6.8557823888742115,0.832362,train
2012-06-21 23:59:54,72.47458968587969,4.253471831535891,0.684261,895.7223950376701,6.873118673637244,0.832253,train
2012-06-22 23:59:54,72.27896096437233,4.26984332571519,0.684051,895.9803483751085,6.835311417039194,0.832144,train
2012-06-23 23:59:54,72.43429481896702,4.263266622483462,0.683841,897.4278278426085,6.886333071934949,0.832034,train
2012-06-24 23:59:54,72.57037232051722,4.284861752496351,0.683631,897.8041823800927,6.870309226198651,0.831925,train
2012-06-25 23:59:54,72.57375297276926,4.255027297154138,0.683421,898.7511900486314,6.87149412655548,0.831816,train
2012-06-26 23:59:54,72.9871930959526,4.260749676540193,0.683211,901.8838492052784,6.849261661426007,0.831707,train
2012-06-27 23:59:54,73.5894707439661,4.265537961071952,0.683002,905.0588618945238,6.8540767186510605,0.831598,train
2012-06-28 23:59:54,73.95176525305318,4.276765777730229,0.682792,908.3276993002739,6.8497204293881495,0.831488,train
2012-06-29 23:59:54,74.44583765568586,4.248473226422646,0.682582,913.3177763817646,6.874337621214176,0.831379,train
2012-06-30 23:59:54,74.71452206437698,4.283356968625503,0.682372,916.679518686173,6.860869185330907,0.83127,train
2012-07-01 23:53:53,75.06970456321078,4.242229228649156,0.682372,922.1873664627765,6.871966361882085,0.831161,train
2012-07-02 23:59:53,76.6116335281847,4.2184076262512615,0.681952,927.0855415551068,6.846441630960637,0.830942,train
2012-07-03 23:59:53,75.56768543428632,4.26074501721293,0.681742,925.1008232677956,6.824282842992614,0.830942,train
2012-07-04 23:59:53,75.45259621338458,4.246476617553644,0.681532,923.1200170455064,6.8632197056565,0.830833,train
2012-07-05 23:59:53,75.2923595060203,4.276314829276454,0.681323,918.4556762658414,6.870991917141099,0.830724,train
2012-07-06 23:59:53,75.91369153361778,4.263211678657499,0.681113,919.6117071025742,6.887587141819446,0.830615,train
2012-07-07 23:59:53,76.04767079491097,4.280719646784552,0.680903,920.4548057632863,6.886688459965811,0.830505,train
2012-07-08 23:59:53,75.81357688650127,4.296599363849441,0.680693,924.0812511883483,6.847612370614757,0.830396,train
2012-07-09 23:59:53,75.84514365026904,4.286401558391106,0.680483,927.3139061487797,6.867509791563925,0.830287,train
2012-07-10 23:59:53,75.72241957563624,4.253891611201889,0.680273,930.8909298883559,6.884668027409922,0.830178,train
2012-07-11 23:59:53,75.67221452954071,4.268591509605493,0.680063,930.7372754633359,6.864862058388665,0.830068,train
2012-07-12 23:59:53,75.78257123717252,4.253150149739358,0.679853,930.773723281369,6.869022899916674,0.829959,train
2012-07-13 23:59:53,75.26664241877194,4.27986438086652,0.679644,923.2762223494118,6.875811028332195,0.82985,train
2012-07-14 23:59:53,74.79764516052892,4.298955474453328,0.679434,917.268976995413,6.8886458755835935,0.829741,train
2012-07-15 23:59:53,74.30123278632546,4.265564863463158,0.679224,908.5471983947599,6.8778378466109675,0.829632,train
2012-07-16 23:53:53,73.61602434214402,4.253720003381231,0.679224,903.4893838188887,6.846111560884045,0.829522,train
2012-07-17 23:59:53,72.9781055205254,4.253463582991584,0.678804,899.0208915923105,6.819805731317288,0.829304,train
2012-07-18 23:53:53,72.26938523101613,4.248071491447345,0.678804,896.2687367151237,6.884228020395952,0.829304,train
2012-07-19 23:59:53,72.17581821729075,4.260251819525405,0.678384,896.9599310258455,6.867857494110516,0.829086,train
2012-07-20 23:59:53,72.43928152504078,4.240894351798075,0.678174,898.8486132879696,6.83778592289468,0.829086,train
2012-07-21 23:53:53,72.47076043831387,4.285311376127978,0.678174,898.7630033013595,6.881215548891523,0.828976,train
2012-07-22 23:59:53,72.49396940780927,4.265001367547494,0.677755,900.820534015591,6.843150857825408,0.828758,train
2012-07-23 23:59:53,72.81698561321616,4.28980268804075,0.677545,903.378120982163,6.874074502234305,0.828758,train
2012-07-24 23:59:53,73.37668185733544,4.252336838450874,0.677335,906.632372546017,6.848344773718977,0.828649,train
2012-07-25 23:59:53,74.03917985176697,4.276199314427951,0.677125,912.0450078161433,6.861025746810305,0.828539,train
2012-07-26 23:59:53,74.60179956119843,4.261369774984631,0.676915,915.8951304065403,6.889060191089721,0.82843,train
2012-07-27 23:59:53,75.09658967354711,4.272799324989804,0.676705,922.1040720343059,6.860319608560197,0.828321,train
2012-07-28 23:59:53,75.1789690803993,4.275698787086957,0.676495,925.7656874081948,6.879615022945435,0.828212,train
2012-07-29 23:59:53,75.5127857511578,4.268158315313433,0.676286,929.838853468767,6.8590393305315285,0.828103,train
2012-07-30 23:59:53,75.71801005888186,4.221836126502943,0.676076,931.1996735350327,6.798383546281484,0.827993,train
2012-07-31 23:59:53,75.84731537879719,4.279044461415739,0.675866,932.0036419536741,6.872612504896501,0.827884,train
2012-08-01 23:59:53,74.08123860997038,4.217113038574609,0.675656,911.5429460691316,6.829162678620572,0.827775,test
2012-08-02 23:59:53,74.27919916319486,4.2128499756211975,0.675446,910.5215451052524,6.843403648961542,0.827666,test
2012-08-03 23:59:53,74.32547222094726,4.2154730189199325,0.675236,910.0188436043297,6.84831982423586,0.827557,test
2012-08-04 23:59:53,74.26294328445118,4.253046429919396,0.675026,910.3323836417027,6.82414534151807,0.827447,test
2012-08-05 23:53:53,73.80361945461921,4.215049804626869,0.675026,908.652894522468,6.837053207932186,0.827338,test
2012-08-06 23:59:53,73.56753417403853,4.214672924546829,0.674607,907.9053938211308,6.789108394557662,0.82712,test
2012-08-07 23:59:53,73.69945787888865,4.222354965390948,0.674397,908.4696729251473,6.806815997007812,0.82712,test
2012-08-08 23:59:53,73.83195164526208,4.2246853142171075,0.674187,908.0681454086935,6.825397382801897,0.82701,test
2012-08-09 23:59:53,73.69168669470125,4.214363424586871,0.673977,907.4141290612965,6.835789452231578,0.826901,test
2012-08-10 23:59:53,73.10093548838928,4.204279574544326,0.673767,902.4140069861289,6.861535282061854,0.826792,test
2012-08-11 23:59:53,72.72040157371522,4.218732638340172,0.673557,898.9644951972704,6.834047981830479,0.826683,test
2012-08-12 23:53:53,72.42179820475967,4.218478291176464,0.673557,895.9321704702825,6.779932719056507,0.826574,test
2012-08-13 23:59:53,71.67111143823706,4.183353909344178,0.673137,891.1816199400869,6.808244800718167,0.826355,test
2012-08-14 23:53:53,71.37314082763874,4.222836180440169,0.673137,887.9508022557419,6.814381819495056,0.826355,test
2012-08-15 23:59:53,70.97334107919339,4.200498518654398,0.672718,885.4525628441297,6.853865062861682,0.826137,test
2012-08-17 00:05:53,70.87054900138664,4.250745144372288,0.672508,882.5075801569222,6.831977297778863,0.826137,test
2012-08-17 23:59:53,70.80272499271153,4.230777025711869,0.672298,882.4849829871008,6.849831007666045,0.826028,test
2012-08-18 23:59:53,70.96419554471636,4.211824936121411,0.672088,884.1480069922114,6.783279792196476,0.825918,test
2012-08-19 23:59:53,70.93355677688305,4.2203474901669455,0.671878,884.9700467562545,6.807263823467098,0.825809,test
2012-08-20 23:59:53,71.36696233515129,4.22155353935242,0.671668,889.0468596897463,6.847325958495612,0.8257,test
2012-08-21 23:59:53,71.50981936364346,4.21634784082675,0.671458,891.1319043554088,6.827112170699781,0.825591,test
2012-08-22 23:59:53,72.03340327789785,4.237114549742092,0.671249,895.6547993391362,6.898152363579727,0.825481,test
2012-08-23 23:53:53,72.18170398504843,4.215137207008581,0.671249,898.0532205821268,6.798283400407702,0.825372,test
2012-08-24 23:59:53,72.54988056341625,4.238563996206248,0.670829,902.1401100192677,6.805707696855297,0.825154,test
2012-08-25 23:59:53,72.90043496436193,4.243128709744433,0.670619,904.7765178867344,6.820022895672438,0.825154,test
2012-08-26 23:59:53,73.24384844119545,4.237912245048576,0.670409,907.6190527544171,6.808675882029449,0.825045,test
2012-08-27 23:59:53,73.38800081066371,4.257762737262963,0.670199,909.1064726645154,6.824846599802528,0.824935,test
2012-08-28 23:59:53,73.27330618431448,4.22176666671845,0.669989,908.0163666165723,6.85754949683064,0.824826,test
2012-08-29 23:53:53,73.65156395441099,4.251939182048039,0.669989,909.0353752253725,6.789904207069378,0.824717,test
2012-08-31 00:05:53,74.1558018998516,4.2090844769948115,0.66957,912.3167207001031,6.797067519772866,0.824499,test
2012-08-31 23:59:53,74.35861756077277,4.238382637005866,0.66936,912.4292582161967,6.844428852988482,0.824499,test
2012-09-01 23:59:53,74.58954047598395,4.236117762787791,0.66915,914.8679230786984,6.833371972057524,0.824389,test
2012-09-02 23:59:53,74.079998292009,4.2312191007187065,0.66894,912.4905015164483,6.8449953661590985,0.82428,test
2012-09-03 23:59:53,74.10276072253188,4.211146972289982,0.66873,914.1703201280351,6.869907826629585,0.824171,test
2012-09-04 23:59:53,73.9476748270222,4.240002833973048,0.66852,913.0514838874257,6.86004966771666,0.824062,test
2012-09-05 23:53:53,73.82459023946475,4.2254293877249784,0.66852,909.5175991730789,6.8330788540247225,0.823952,test
2012-09-06 23:59:53,73.31602762260403,4.2516745511287715,0.6681,904.2016355648772,6.824599466602603,0.823734,test
2012-09-07 23:59:53,72.85533784718494,4.226397060845188,0.667891,899.7680300119893,6.882093410203104,0.823734,test
2012-09-08 23:59:53,72.26172932052758,4.206413832853784,0.667681,892.6854519479311,6.820180617036599,0.823625,test
2012-09-09 23:59:53,71.8113493777966,4.233895004440986,0.667471,888.6070728940455,6.820791120049228,0.823516,test
2012-09-10 23:59:53,71.47128684565935,4.223580537085948,0.667261,885.1721566360355,6.845224307271418,0.823406,test
2012-09-11 23:59:53,70.9114496971612,4.231040322217767,0.667051,882.3336296659306,6.822436683919472,0.823297,test
2012-09-12 23:59:53,70.76587659232077,4.227387565687583,0.666841,880.4799457514606,6.850079933125835,0.823188,test
2012-09-13 23:59:53,70.69330056217073,4.229425149354557,0.666631,880.8399231425068,6.797690664501667,0.823079,test
2012-09-14 23:59:53,70.7898010882285,4.231784443567057,0.666421,881.6511661092092,6.798421560502274,0.822969,test
2012-09-15 23:59:53,70.76261248654714,4.223471606922784,0.666212,881.9425722918196,6.823204248046681,0.82286,test
2012-09-16 23:59:53,71.1972989186965,4.225193297944808,0.666002,885.3209619637405,6.859421459135156,0.822751,test
2012-09-17 23:53:53,71.31754054012107,4.24514930067834,0.666002,888.1545560112645,6.856761837921239,0.822642,test
2012-09-18 23:59:53,71.60405332774808,4.239646224030734,0.665582,890.6360005920923,6.813400668285687,0.822423,test
2012-09-19 23:59:53,72.27030172987689,4.218569961454745,0.665372,894.75372431074,6.82615801968948,0.822423,test
2012-09-20 23:59:53,72.54782485901225,4.219214754536977,0.665162,898.6153417841933,6.839038807888666,0.822314,test
2012-09-21 23:59:53,73.19517193038423,4.228738462940837,0.664952,905.5689134047932,6.833578231761239,0.822205,test
2012-09-22 23:59:53,73.52260378084672,4.244274715550468,0.664742,909.0561501715525,6.818486212520004,0.822096,test
2012-09-23 23:59:53,73.81179104382959,4.230838934431414,0.664533,912.1311182976376,6.860145717349443,0.821987,test
2012-09-24 23:59:53,74.31619631553768,4.2193267397806276,0.664323,918.5826504865007,6.848477813800937,0.821877,test
2012-09-25 23:59:53,74.57750440490479,4.232231031866732,0.664113,918.2068523238509,6.819943600380551,0.821768,test
2012-09-26 23:59:53,74.76513754273093,4.215826401152942,0.663903,918.683311113802,6.8428223662102345,0.821659,test
2012-09-27 23:59:53,74.84259229982659,4.23971104637374,0.663693,916.0568949769923,6.840822281286619,0.82155,test
2012-09-28 23:59:53,74.24279246179144,4.231284894265302,0.663483,912.7142818495109,6.822019540715927,0.821441,test
2012-09-29 23:59:53,73.73806047312128,4.241145059731086,0.663273,907.842121987029,6.832215738190337,0.821331,test
2012-09-30 23:59:53,73.20515310999484,4.204010781110446,0.663063,903.8549873475372,6.867984295570211,0.821222,test
2012-10-01 23:59:53,72.64062075531784,4.214311518795843,0.662854,899.7720219482368,6.8188019977025265,0.821113,test
2012-10-02 23:59:53,72.24427978049044,4.214782289210505,0.662644,895.947626950678,6.8294683033430985,0.821004,test
2012-10-04 23:59:53,71.4136416176219,4.245151568674832,0.662224,885.4540962771755,6.8278161543688745,0.820785,test
2012-10-05 23:59:53,70.98412203767516,4.214661900415686,0.662014,881.6722175595231,6.844044393675077,0.820676,test
2012-10-06 23:59:53,70.49655464797951,4.219561895714598,0.661804,878.7985235318376,6.846125792164645,0.820567,test
2012-10-07 23:53:53,70.23258024993494,4.216196037968767,0.661804,876.1910163895902,6.8336988018409315,0.820458,test
2012-10-08 23:59:53,70.23062366272211,4.219228794263076,0.661384,875.8268922609395,6.839166447039147,0.820239,test
2012-10-09 23:59:53,70.5484092758405,4.22357589878072,0.661175,877.9297571074223,6.831769221633415,0.820239,test
2012-10-10 23:59:53,70.65013110845526,4.206763446890502,0.660965,878.9211624667922,6.847353619689227,0.82013,test
2012-10-11 23:59:53,70.97676927041685,4.231905431505902,0.660755,880.9140021921463,6.839886442137598,0.820021,test
2012-10-12 23:59:53,71.42443990950156,4.224998066731069,0.660545,886.8835889770888,6.8360908246803165,0.819911,test
2012-10-13 23:59:53,71.94379855440336,4.2172246137279465,0.660335,892.0907243804136,6.86240575561558,0.819802,test
2012-10-14 23:59:53,72.40217007640301,4.202024418132642,0.660125,897.1973287935125,6.854185644949769,0.819693,test
2012-10-15 23:59:53,73.20126434815086,4.2343640919027425,0.659915,903.8307468326428,6.84043912730287,0.819584,test
2012-10-16 23:59:53,73.8923423343356,4.241527437559125,0.659705,910.6211071371258,6.8710638774518715,0.819475,test
2012-10-17 23:59:53,73.97928707093186,4.219745932645838,0.659496,912.5279629369782,6.78825164900216,0.819365,test
2012-10-18 23:59:53,74.51349801678565,4.228967527428087,0.659286,916.8312802687999,6.853022257821369,0.819256,test
2012-10-19 23:59:53,74.45266737354702,4.217567168920576,0.659076,916.694897022808,6.81584391541816,0.819147,test
2012-10-20 23:59:53,74.46624555493094,4.231178380083472,0.658866,916.3132052931968,6.79765018268496,0.819038,test
2012-10-21 23:59:53,74.11493030388847,4.218396459724773,0.658656,913.853640591414,6.812126134700979,0.818929,test
2012-10-22 23:59:53,74.0397863281855,4.237993901727851,0.658446,911.6926556058371,6.834051758469411,0.818819,test
2012-10-23 23:59:53,73.9680221153304,4.203184613851523,0.658236,909.2600167623925,6.836484781720875,0.81871,test
2012-10-24 23:59:53,73.35301491509294,4.2218648501459315,0.658026,905.0239225991797,6.845194514451115,0.818601,test
2012-10-25 23:59:53,73.07643054553354,4.194881063011118,0.657817,902.8805380645592,6.790838132794509,0.818492,test
2012-10-26 23:59:53,72.78241779817277,4.219088224920957,0.657607,899.3844627306572,6.8384765012496125,0.818382,test
2012-10-27 23:59:53,72.26046795242385,4.218093632356379,0.657397,895.2273440123727,6.847302458399445,0.818273,test
2012-10-28 23:59:53,72.01549412704415,4.204437279916119,0.657187,893.9033013764147,6.8236844049523375,0.818164,test
2012-10-29 23:59:53,71.8864690602334,4.2234186396711335,0.656977,891.4806920207304,6.8516867555463365,0.818055,test
2012-10-30 23:59:53,71.55582325862414,4.237109509475634,0.656767,887.8821971995754,6.810487250936895,0.817946,test
2012-10-31 23:59:53,71.23828706514354,4.215543385675031,0.656557,884.9111600013821,6.831878225080935,0.817836,test
2012-11-01 23:59:53,71.70621079446948,4.2521081353874814,0.656347,886.8172275023226,6.826406481564418,0.817727,holdout
2012-11-02 23:59:53,71.32545993861251,4.203353313624828,0.656138,883.7968761933977,6.8318720638450054,0.817618,holdout
2012-11-03 23:59:53,71.28666977605035,4.22731024134351,0.655928,883.8479121760344,6.853375826238192,0.817509,holdout
2012-11-04 23:59:53,71.35507333978101,4.21166853846124,0.655718,884.4255990242858,6.802737946277017,0.8174,holdout
2012-11-05 23:59:53,71.52142156297748,4.24195153956383,0.655508,884.38194353653,6.844501968005679,0.81729,holdout
2012-11-06 23:59:53,71.43701658143301,4.232819320519457,0.655298,884.4372206750195,6.830856439619082,0.817181,holdout
2012-11-07 23:59:53,71.74660234013116,4.2181434639898745,0.655088,886.8777281955497,6.8368239116847125,0.817072,holdout
2012-11-08 23:59:53,72.04558038499135,4.254308673913953,0.654878,888.3016603452128,6.866597053440534,0.816963,holdout
2012-11-09 23:59:53,72.12996883763753,4.2188246071237705,0.654668,891.2637282958145,6.807939570805129,0.816853,holdout
2012-11-10 23:59:53,72.6588116710508,4.236985354637232,0.654459,895.2096518775927,6.838972125746372,0.816744,holdout
2012-11-11 23:59:53,73.31912718563267,4.267855408420746,0.654249,902.3147878327624,6.811536565456782,0.816635,holdout
2012-11-12 23:59:53,74.05866303831715,4.250992416913845,0.654039,907.5714088028224,6.807097058269143,0.816526,holdout
2012-11-14 23:59:53,75.13376321109239,4.238950917697875,0.653619,918.2355970106189,6.859385867312218,0.816307,holdout
2012-11-15 23:59:53,75.19380539289273,4.255409364372182,0.653409,921.6860428366236,6.8490069707024945,0.816198,holdout
2012-11-16 23:59:53,75.37037019600953,4.254591266112896,0.653199,922.0007590902842,6.833605072722182,0.816089,holdout
2012-11-17 23:59:53,75.39128631250965,4.21494702238411,0.652989,921.2299025687186,6.819841918360627,0.81598,holdout
2012-11-18 23:59:53,75.09323635006643,4.2126927815824,0.65278,919.2589937569122,6.799409733961434,0.815871,holdout
2012-11-19 23:59:53,75.15042946723122,4.2305502525972,0.65257,918.3839478242089,6.812269717790412,0.815761,holdout
2012-11-20 23:53:53,74.51443237067028,4.227071696726651,0.65257,912.91244564321,6.810524631448192,0.815652,holdout
2012-11-21 23:59:53,74.40814046512597,4.222601980941197,0.65215,909.5796279344029,6.8542558273927945,0.815434,holdout
2012-11-22 23:59:53,73.52125965937473,4.250410451048342,0.65194,903.0669545060398,6.818989095513788,0.815434,holdout
2012-11-23 23:59:53,72.99662418876484,4.224836664033176,0.65173,898.4270777343656,6.862291850167869,0.815324,holdout
2012-11-24 23:53:53,72.72502594241753,4.231248436450443,0.65173,895.7630921842427,6.848980199400792,0.815215,holdout
2012-11-25 23:59:53,72.65284117078059,4.235215392108262,0.65131,893.2604524603445,6.820293321788711,0.814997,holdout
2012-11-26 23:59:53,72.1317001484544,4.225184324017153,0.651101,889.4593208947072,6.8289568501874465,0.814997,holdout
2012-11-27 23:59:53,72.07105163376613,4.2260019030152645,0.650891,888.1966945807928,6.832275747913669,0.814888,holdout
2012-11-28 23:59:53,71.79152487082018,4.241038157242578,0.650681,887.1525499417428,6.838723312214221,0.814778,holdout
2012-11-29 23:59:53,72.00525915141748,4.2389456377193815,0.650471,889.1557705245492,6.829576974289597,0.814669,holdout
2012-11-30 23:59:53,71.6454588671715,4.237515124552607,0.650261,888.6518904783198,6.873333012708734,0.81456,holdout
2012-12-01 23:59:53,71.50449698702955,4.212456637154283,0.650051,887.7529174874602,6.835365993275561,0.814451,holdout
2012-12-02 23:59:53,71.64395893289188,4.2190824617226115,0.649841,889.3382120325439,6.818400280114272,0.814341,holdout
2012-12-03 23:59:53,71.78410767149467,4.221702143453409,0.649631,889.3305192073217,6.812506398874244,0.814232,holdout
2012-12-04 23:59:53,71.70405815344694,4.226490212884387,0.649422,888.3090333670351,6.808731859482744,0.814123,holdout
2012-12-05 23:59:53,71.80468333518519,4.244848225685338,0.649212,887.7016350045919,6.831999781055025,0.814014,holdout
2012-12-06 23:59:53,71.89885486414889,4.22016546332422,0.649002,889.3912127828482,6.828793245021233,0.813905,holdout
2012-12-07 23:59:53,71.96998345167624,4.231621486075046,0.648792,889.5083806976284,6.855634369345003,0.813795,holdout
2012-12-08 23:59:53,72.29565902774048,4.237603939804931,0.648582,893.8902945608921,6.849355199012115,0.813686,holdout
2012-12-09 23:59:53,72.62018483173942,4.250404526817013,0.648372,897.8148074223519,6.82947089083358,0.813577,holdout
2012-12-10 23:59:53,72.9221766329728,4.244592152214953,0.648162,901.6200825265305,6.810406565499145,0.813468,holdout
2012-12-11 23:59:53,73.28719214002064,4.229056109555706,0.647952,904.7242322894807,6.845200721840951,0.813359,holdout
2012-12-12 23:59:53,73.65229264631122,4.235736289718627,0.647743,908.4868817838592,6.857208967589729,0.813249,holdout
2012-12-13 23:59:53,73.8412689117586,4.21311534902482,0.647533,908.3537865029775,6.8468068391706165,0.81314,holdout
2012-12-14 23:53:53,73.62716488718638,4.225993936184914,0.647533,906.2673882155135,6.837447837023524,0.813031,holdout
2012-12-15 23:59:53,73.63807560218052,4.230478125553126,0.647113,905.3644454065619,6.806773822307346,0.812813,holdout
2012-12-16 23:59:53,73.57558771986474,4.231890679123338,0.646903,904.3571350565693,6.834023382535859,0.812813,holdout
2012-12-17 23:59:53,73.31023671030164,4.256234747838299,0.646693,903.5319354579362,6.857458202866247,0.812703,holdout
2012-12-18 23:59:53,73.02200933963542,4.222986929028561,0.646483,902.6163726865874,6.813403595557913,0.812594,holdout
2012-12-19 23:59:53,72.98535093739847,4.226275426896089,0.646273,902.6285620727384,6.828205137074066,0.812485,holdout
2012-12-20 23:53:53,72.87738452031137,4.2178465149582705,0.646273,901.7930667804856,6.856502511829116,0.812376,holdout
2012-12-21 23:59:53,72.97429713787766,4.2172471603087756,0.645854,899.0634655374083,6.810723620293743,0.812157,holdout
2012-12-22 23:53:53,72.85863198283612,4.212949717934947,0.645854,899.362131006863,6.831753753050078,0.812157,holdout
2012-12-23 23:59:53,72.4615794855234,4.187485151401618,0.645434,896.4191419784237,6.802075012038631,0.811939,holdout
2012-12-24 23:59:53,72.34119143855622,4.239759535984789,0.645224,894.3967055497588,6.839887349630503,0.811939,holdout
2012-12-25 23:59:53,72.52097575039723,4.2503216310958525,0.645014,894.8264960460996,6.845616824017639,0.81183,holdout
2012-12-26 23:59:53,72.35122559576433,4.221853937927344,0.644804,892.7630659231812,6.841109235041318,0.81172,holdout
2012-12-27 23:59:53,72.28257644335793,4.234786300034112,0.644594,893.3990597505825,6.812948855870532,0.811611,holdout
2012-12-28 23:59:53,72.39418702400472,4.222960086233117,0.644385,895.3811373764646,6.821959283546093,0.811502,holdout
2012-12-29 23:59:53,72.3712003905612,4.203991490080117,0.644175,896.1236718857396,6.806460740185189,0.811393,holdout
2012-12-30 23:53:53,72.2086276325907,4.230095264522248,0.644175,895.3228254455396,6.827185979692443,0.811283,holdout
2012-12-31 23:59:53,72.58399022249102,4.1957826619971055,0.643755,897.7872670408999,6.80101858021645,0.811065,holdout
2013-01-01 23:59:53,72.98177409175092,4.217976525526239,0.643545,900.1825103716069,6.822471978828712,0.811065,train
2013-01-02 23:59:53,73.38651306774533,4.257184355897742,0.643335,901.3772951849274,6.822966840357622,0.810956,train
2013-01-03 23:59:53,73.53951925938254,4.25490793656795,0.643125,902.3098987978925,6.775743335923886,0.810847,train
2013-01-04 23:59:53,73.64346424805325,4.222449530906277,0.642915,903.7964639317767,6.822069482898864,0.810737,train
2013-01-05 23:59:53,73.60094699496089,4.220332508430456,0.642706,904.5842426793333,6.870388568431883,0.810628,train
2013-01-06 23:59:53,73.73023939484689,4.255735297795398,0.642496,906.5184474763971,6.814222741865762,0.810519,train
2013-01-07 23:59:53,74.11464459534682,4.253563626952179,0.642286,910.1889255936856,6.807764358960825,0.81041,train
2013-01-08 23:59:53,74.35477063060186,4.235121627520103,0.642076,913.1817591962005,6.836264407503767,0.810301,train
2013-01-09 23:59:53,74.63478278500806,4.224565843858797,0.641866,915.1838817773648,6.821485184893974,0.810191,train
2013-01-10 23:59:53,74.95421117872655,4.244035995678975,0.641656,916.1724114424705,6.84451682004422,0.810082,train
2013-01-11 23:59:53,74.87279355472867,4.198455172952446,0.641446,916.7315794410817,6.81842522737755,0.809973,train
2013-01-12 23:59:53,74.71438690540944,4.246393313355327,0.641236,916.8424352223718,6.8179985106124565,0.809864,train
2013-01-13 23:59:53,74.55513946406484,4.205684655745257,0.641027,915.3780885234928,6.832905271996187,0.809754,train
2013-01-14 23:59:53,74.10417563383916,4.230061612961935,0.640817,911.419702792814,6.821777447309438,0.809645,train
2013-01-15 23:59:53,73.91842078822737,4.207141640923221,0.640607,909.6542618858218,6.7706864503247255,0.809536,train
2013-01-16 23:59:53,73.43317301867799,4.2213192368935335,0.640397,904.3389986243824,6.83717374168178,0.809427,train
2013-01-17 23:59:53,72.80829014419463,4.212020244485765,0.640187,899.7326122044576,6.844737851076759,0.809318,train
2013-01-18 23:59:53,72.40024948866598,4.205584576933981,0.639977,893.8857775102275,6.822897571457885,0.809208,train
2013-01-19 23:59:53,71.88927101448654,4.202659169804583,0.639767,891.0229114242618,6.789443135104939,0.809099,train
2013-01-20 23:59:53,71.7176018818441,4.221620560758141,0.639557,888.0536327209123,6.812580441534939,0.80899,train
2013-01-21 23:59:53,71.71207264135155,4.221877516073801,0.639348,886.7592470339727,6.805447658580938,0.808881,train
2013-01-22 23:59:53,71.6712876893158,4.213425997854885,0.639138,885.9818821174279,6.790724574610868,0.808772,train
2013-01-23 23:59:53,71.41045229620373,4.227577640366752,0.638928,884.3593115892152,6.831574678461551,0.808662,train
2013-01-24 23:59:53,71.50792451758747,4.224922193822865,0.638718,885.9353459151749,6.763340770728905,0.808553,train
2013-01-25 23:59:53,71.66822843113458,4.219784887172539,0.638508,887.1716224822862,6.848220940123251,0.808444,train
2013-01-26 23:59:53,71.60564954398895,4.207077523248486,0.638298,887.475483038748,6.809646726187787,0.808335,train
2013-01-27 23:53:53,71.60801412119459,4.236765912042823,0.638298,889.8970174984848,6.808011750625365,0.808225,train
2013-01-28 23:59:53,71.5634092431313,4.182120285247016,0.637878,889.1895306803152,6.85603293352323,0.808007,train
2013-01-29 23:59:53,71.62294604430235,4.210536662151124,0.637669,889.6675100852109,6.805679473450035,0.808007,train
2013-01-30 23:59:53,71.63216011818848,4.213098565213028,0.637459,888.793415034623,6.843109526458451,0.807898,train
2013-01-31 23:59:53,71.50670442244957,4.201398347102338,0.637249,886.7774613608503,6.833722046437642,0.807789,train
2013-02-01 23:53:53,71.57885578756829,4.219636907069112,0.637249,887.4377326057418,6.866020657117789,0.807679,train
2013-02-02 23:59:53,71.69972584917298,4.237806678243129,0.636829,888.9282052597351,6.842350168980534,0.807461,train
2013-02-03 23:59:53,71.82684510855998,4.233782357095997,0.636619,890.3726030286372,6.84101841796427,0.807461,train
2013-02-04 23:59:53,72.23312807532231,4.229189829103123,0.636409,894.3331063896762,6.856339941596832,0.807352,train
2013-02-05 23:59:53,72.49024680578118,4.233905846187244,0.636199,896.7333282639663,6.8325587308001365,0.807243,train
2013-02-06 23:59:53,72.75446025928014,4.259025314246281,0.63599,899.9519715102192,6.838016653492377,0.807133,train
2013-02-07 23:59:53,73.13139689574037,4.220128686061822,0.63578,904.4438467522197,6.871417925298055,0.807024,train
2013-02-08 23:59:53,73.22919314414683,4.218859651225434,0.63557,906.1634605342656,6.852061023989246,0.806915,train
2013-02-09 23:59:53,73.27118858520927,4.200675808310316,0.63536,906.2526014638005,6.84920438462326,0.806806,train
2013-02-10 23:59:53,73.06094778593038,4.221430175408682,0.63515,904.8048009990174,6.81451560078036,0.806696,train
2013-02-11 23:59:53,72.98811833974104,4.232682605458926,0.63494,903.1988084692832,6.840422604510326,0.806587,train
2013-02-12 23:59:53,72.69598774304899,4.195704300763738,0.63473,900.2425373675062,6.819378395125901,0.806478,train
2013-02-13 23:59:53,72.2825657976361,4.234679864557434,0.634521,895.9249132565905,6.827421321590293,0.806369,train
2013-02-14 23:59:53,71.98568996000004,4.228365738570738,0.634311,893.0387328755876,6.847230175037165,0.80626,train
2013-02-15 23:59:53,71.91795383811194,4.257121673109965,0.640754,896.1802744506742,6.874811318957642,0.80615,train
2013-02-16 23:59:53,71.9084925907053,4.264409600317388,0.640504,891.1203256631088,6.825907039258917,0.810238,train
2013-02-17 23:59:53,71.96891556420945,4.208343396556378,0.640254,889.4471601831165,6.827897671986079,0.810011,train
2013-02-18 23:59:53,72.1795277607051,4.25262553797386,0.640004,892.2587330145616,6.852246895404807,0.809784,train
2013-02-19 23:53:53,72.01688040366409,4.24109906826954,0.640004,892.0474847878787,6.8564813767569435,0.809557,train
2013-02-20 23:59:53,71.96702782525442,4.220285091164079,0.639504,892.8215350140988,6.871901680007577,0.809104,train
2013-02-21 23:59:53,71.84946995805933,4.245237424414303,0.639254,892.3864152346827,6.835887894597433,0.809104,train
2013-02-22 23:59:53,71.44221809387693,4.251241446708561,0.639004,890.9013196254059,6.824542334071864,0.808877,train
2013-02-23 23:59:53,71.35231882842788,4.257388402459263,0.638754,888.9014012007915,6.832779817144384,0.80865,train
2013-02-24 23:59:53,71.2002991718449,4.230959118345237,0.638504,886.6986727943338,6.8260384814766955,0.808423,train
2013-02-25 23:59:53,71.34520641361861,4.24795166102166,0.638254,886.7268452197067,6.859445462362985,0.808196,train
2013-02-26 23:59:53,71.39805169995844,4.242929541973774,0.638004,887.5280556306745,6.838682019804568,0.807969,train
2013-02-27 23:59:53,71.36309867726341,4.237204875555595,0.637754,888.1204582458084,6.8771126102016,0.807742,train
2013-02-28 23:53:53,71.42283714061871,4.2384934574634245,0.637754,888.3523593206844,6.852027354513329,0.807515,train
2013-03-01 23:59:53,71.68507869568008,4.2340912200246805,0.637254,891.5708728288746,6.852772363916447,0.807061,train
2013-03-02 23:59:53,72.15272125658285,4.219496484763766,0.637004,895.369843644041,6.8269812453000265,0.807061,train
2013-03-03 23:59:53,72.63126215279914,4.2246571040770196,0.636754,899.9732466614306,6.8870612814577274,0.806834,train
2013-03-04 23:59:53,73.1648161191286,4.238573733771372,0.636504,904.146496489589,6.8499501427624105,0.806607,train
2013-03-05 23:59:53,73.58653488574295,4.2402411166297815,0.636254,909.1137581167746,6.889441521821795,0.80638,train
2013-03-06 23:59:53,73.72236627110455,4.232645818145548,0.636004,912.0182558010898,6.872224045212397,0.806153,train
2013-03-07 23:59:53,73.6732218529836,4.2368571198029095,0.635754,913.0736542903575,6.806794366514203,0.805927,train
2013-03-08 23:59:53,73.78791131732936,4.249169995138406,0.635504,915.0376164088104,6.825707855593702,0.8057,train
2013-03-09 23:59:53,73.68802600922257,4.189412951410719,0.635254,914.6154836057722,6.854861480281905,0.805473,train
2013-03-10 23:59:53,73.8236056529673,4.27125931563332,0.635004,913.2334993592318,6.837146500299918,0.805246,train
2013-03-11 23:59:53,73.63015928726031,4.228360548479483,0.634754,909.1850221116108,6.886737601322925,0.805019,train
2013-03-12 23:59:53,73.71432592214269,4.213821986248574,0.634504,909.1109084879091,6.832367380810578,0.804792,train
2013-03-13 23:59:53,73.36943888297074,4.228267369635581,0.634254,906.7390897798678,6.853210062678294,0.804565,train
2013-03-14 23:59:53,72.96969569911327,4.232154225974321,0.634004,903.2008475043535,6.852432430193009,0.804338,train
2013-03-15 23:59:53,72.93306289757574,4.2048115634464045,0.633754,902.4922476588004,6.864306738164829,0.804111,train
2013-03-16 23:59:53,72.51537890371755,4.215561701416242,0.633504,898.4725227890025,6.856941140194086,0.803884,train
2013-03-17 23:59:53,72.26252871056133,4.234835986130734,0.633254,896.1448575452309,6.824024088083692,0.803657,train
2013-03-18 23:59:53,71.64587687462875,4.252914000358818,0.633004,891.7375137986489,6.846181698444179,0.80343,train
2013-03-19 23:59:53,71.64704885066459,4.235284117279445,0.632754,891.5315578611688,6.848738759414818,0.803203,train
2013-03-20 23:59:53,71.3235902624214,4.229464703631747,0.632504,888.6889177288159,6.854862734154501,0.802976,train
2013-03-21 23:59:53,71.12919648087812,4.244278144766102,0.632254,887.8445685591666,6.86597595518198,0.80275,train
2013-03-22 23:59:53,71.0287126734373,4.234994327398004,0.632004,887.4578291883416,6.852572826373409,0.802523,train
2013-03-23 23:59:53,70.87075778438766,4.207868706593523,0.631755,885.1992464913991,6.851417751076132,0.802296,train
2013-03-24 23:59:53,70.94755878632982,4.253361564155758,0.631504,886.0074009836455,6.858411684950497,0.802069,train
2013-03-25 23:59:53,70.96303769694616,4.23265110887148,0.631254,887.4610846539983,6.863944636812211,0.801842,train
2013-03-26 23:53:53,70.96814328349394,4.23949460324682,0.631254,888.5992757411984,6.863529862313807,0.801615,train
2013-03-27 23:59:53,71.24513870907813,4.232262598806356,0.630755,890.9714272542659,6.822787747963536,0.801161,train
2013-03-28 23:59:53,71.49256058013574,4.255493548244089,0.630505,892.9257223918963,6.835066252642422,0.801161,train
2013-03-29 23:59:53,71.77925621378402,4.2390786480625575,0.630255,895.2167565548589,6.841299620410988,0.800934,train
2013-03-30 23:53:53,72.02828626431202,4.215354294912069,0.630255,897.03469020877,6.854093340269021,0.800707,train
2013-03-31 23:59:53,72.49495378844806,4.26300613060547,0.629755,900.8157824001286,6.868420151290243,0.800253,train
2013-04-01 23:59:53,72.98130281763221,4.250225947880353,0.629505,905.5229807884408,6.840291963670781,0.800253,train
2013-04-02 23:59:53,73.42854837116826,4.2317338492292444,0.629255,909.63711923398,6.862391592903714,0.800026,train
2013-04-03 23:59:53,73.654832770355,4.232858193375605,0.629005,914.3571221758365,6.825938480625757,0.799799,train
2013-04-04 23:59:53,73.76614273931138,4.229532355214741,0.628755,918.0446422509417,6.83891520042546,0.799572,train
2013-04-05 23:59:53,74.02001494749578,4.251387993640541,0.628505,919.0683686410681,6.858273795810243,0.799346,train
2013-04-06 23:59:53,74.21717082639375,4.240590732523978,0.628255,921.0818303227045,6.865520528416531,0.799119,train
2013-04-07 23:59:53,74.38884731083711,4.2093186446248625,0.628005,920.5499421617708,6.862481087111862,0.798892,train
2013-04-08 23:59:53,74.38146749416107,4.231484570493174,0.627755,918.2201332843864,6.869807002975879,0.798665,train
2013-04-09 23:59:53,73.99214488980242,4.270135297108104,0.627505,915.3698643818753,6.861775759575692,0.798438,train
2013-04-10 23:59:53,73.47304543335808,4.186055967262338,0.627255,910.1896792694981,6.842413407210438,0.798211,train
2013-04-11 23:59:53,72.99455014151502,4.230400077391105,0.627005,905.7502775479929,6.863051241754855,0.797984,train
2013-04-12 23:53:53,72.39974496278718,4.222316189367874,0.627005,902.7186164666606,6.833012691993047,0.797757,train
2013-04-13 23:59:53,72.24748475493647,4.239412514582032,0.626505,900.8816873279254,6.843798626548529,0.797303,train
2013-04-14 23:59:53,71.74395693927924,4.240772850764884,0.626255,896.0185861295001,6.857632297838092,0.797303,train
2013-04-15 23:59:53,71.59597213313494,4.232730275882325,0.626005,892.9347633652155,6.849282840217563,0.797076,train
2013-04-16 23:59:53,71.30745198706323,4.221058583528838,0.625755,891.1757007747931,6.864040798990599,0.796849,train
2013-04-18 00:05:53,70.70473526882674,4.218309206890666,0.625505,887.1716746655193,6.812256032282259,0.796395,train
2013-04-18 23:59:53,70.47945056702628,4.259231977731506,0.625255,885.6008107060464,6.839693346416063,0.796395,train
2013-04-19 23:59:53,70.77394405393878,4.225339585311247,0.625005,885.7442040372414,6.838522298747327,0.796169,train
2013-04-20 23:59:53,70.97413327339817,4.25000579399515,0.624755,887.259829670354,6.859806366819789,0.795942,train
2013-04-21 23:59:53,70.9387338126572,4.24492154757083,0.624505,886.9561207759042,6.825398820645049,0.795715,train
2013-04-22 23:53:53,70.94860234029332,4.243058320688125,0.624505,887.6732417336399,6.826024735944815,0.795488,train
2013-04-23 23:59:53,71.10543709067089,4.2335765783148585,0.624005,890.0915481923752,6.865512810207879,0.795034,train
2013-04-24 23:59:53,71.38564058386127,4.256660533316811,0.623755,892.9281197948827,6.832196111288188,0.795034,train
2013-04-25 23:59:53,71.80515671947674,4.217204254079382,0.623505,898.449799731258,6.820459013964306,0.794807,train
2013-04-26 23:59:53,72.15873312904617,4.242695307803615,0.623255,901.6391796001849,6.873668033803163,0.79458,train
2013-04-27 23:59:53,72.87182440271629,4.2545580399512675,0.623005,908.1593508162662,6.876820978212564,0.794353,train
2013-04-28 23:53:53,73.50081150207383,4.223682779893485,0.623005,913.4343936284625,6.861175940009131,0.794126,train
2013-04-29 23:59:53,74.20300988233376,4.2472683109589155,0.622505,919.6189638482291,6.853343567235487,0.793672,train
2013-04-30 23:59:53,74.31924954258153,4.233801007463016,0.622255,922.2114382745414,6.853036719883865,0.793672,train
2013-05-01 23:59:53,76.38121141870923,4.267041937032664,0.606464,923.7541460719624,6.85212945352123,0.793445,train
2013-05-02 23:59:53,75.47861153202172,4.230169569092348,0.606233,929.248754194254,6.820844311645464,0.787083,train
2013-05-03 23:59:53,75.48375856698857,4.280403511454285,0.606003,924.5062862676383,6.828816749966703,0.786957,train
2013-05-04 23:59:53,75.19590869003903,4.278817375874067,0.605772,920.2713691543437,6.856797580240767,0.786831,train
2013-05-05 23:59:53,75.03728958873693,4.258729044808176,0.605542,919.0389698082457,6.885965249006197,0.786705,train
2013-05-06 23:59:53,74.62290104014798,4.265107877388781,0.605311,915.8483800966958,6.871725833734668,0.78658,train
2013-05-07 23:59:53,74.33910293525695,4.245658783764055,0.605081,912.8153301038495,6.833840665523274,0.786454,train
2013-05-08 23:59:53,73.84261270095574,4.253894528626874,0.60485,909.1510722303688,6.858424416756998,0.786328,train
2013-05-09 23:59:53,73.4779305497517,4.254739604232384,0.60462,904.2117497756218,6.811493694476408,0.786202,train
2013-05-10 23:59:53,73.21972930712055,4.261744495838301,0.604389,901.6804969227312,6.807118303889254,0.786076,train
2013-05-11 23:59:53,73.528337703917,4.249032092095925,0.604159,902.8337006434786,6.820790825779127,0.78595,train
2013-05-12 23:59:53,73.79318031986145,4.269093905738472,0.603928,905.6900460183871,6.850366944488449,0.785824,train
2013-05-13 23:59:53,74.03146570141843,4.246190385265669,0.603697,910.1844523787817,6.858811541375312,0.785698,train
2013-05-14 23:59:53,74.64874238708144,4.22883585752561,0.603467,916.3268036174155,6.837061627662002,0.785572,train
2013-05-15 23:59:53,75.0108125497173,4.206156234986671,0.603236,921.7754606625894,6.775332557770047,0.785446,train
2013-05-16 23:59:53,74.93286970357518,4.221187264879717,0.603006,921.8180291820486,6.81742959646158,0.78532,train
2013-05-17 23:59:53,74.876382928564,4.251412723183734,0.602775,920.2582143623592,6.837104833698773,0.785194,train
2013-05-18 23:59:53,74.46888161919355,4.253234220814854,0.602545,914.0277131692255,6.857724995717166,0.785068,train
2013-05-19 23:59:53,73.79505759158236,4.230877458632205,0.602314,906.1700656857369,6.846226083645434,0.784942,train
2013-05-20 23:59:53,73.36501473246814,4.2525765834971665,0.602084,900.3219937847304,6.862627728967919,0.784816,train
2013-05-21 23:59:53,73.59574365609775,4.261981507204472,0.601853,900.8724683271469,6.820953825535499,0.78469,train
2013-05-22 23:59:53,73.52729404659934,4.230770795023171,0.601623,902.1077123309146,6.876504989640059,0.784564,train
2013-05-23 23:59:53,73.46075058402155,4.253329487721555,0.601392,904.5216103770191,6.816188645397917,0.784438,train
2013-05-24 23:59:53,73.58282374959418,4.241082800209697,0.601161,908.2280471042411,6.796586010672102,0.784312,train
2013-05-25 23:59:53,73.96670516556541,4.229575339828266,0.600931,912.1850836046085,6.856577136530904,0.784186,train
2013-05-26 23:59:53,74.25683025623742,4.2456218838892585,0.6007,914.2965894623599,6.7797470103420165,0.78406,train
2013-05-27 23:59:53,74.2240242103561,4.2597299541504245,0.60047,913.5042956918952,6.837980385667437,0.783935,train
2013-05-28 23:59:53,74.2355397875503,4.230981109043477,0.600239,912.1809047263467,6.818350050980494,0.783809,train
2013-05-29 23:59:53,74.17935148729264,4.230959526843062,0.600009,910.4888514222209,6.822142350356584,0.783683,train
2013-05-30 23:59:53,73.84757429870376,4.2320129882578446,0.599778,908.6681907724694,6.8407612163838625,0.783557,train
2013-05-31 23:59:53,73.51967080082164,4.249940076366601,0.599548,908.0999035509363,6.827813656214378,0.783431,train
2013-06-01 23:59:53,73.23464834002786,4.238899394549488,0.599317,905.0988270712367,6.829800804052876,0.783305,train
2013-06-02 23:59:53,73.08421642179175,4.250048479154952,0.599087,902.4446102063195,6.8110023116153515,0.783179,train
2013-06-03 23:59:53,72.82974905413617,4.2419521887838245,0.598856,898.2358270591492,6.8310060399582335,0.783053,train
2013-06-04 23:59:53,72.77779473247337,4.234771743188961,0.598626,896.9046259206777,6.870876955681387,0.782927,train
2013-06-05 23:59:53,72.50051409733634,4.269373912021247,0.598395,892.6878800879488,6.840781064438886,0.782801,train
2013-06-06 23:59:53,72.32455648992965,4.254093096635558,0.598164,891.9738257292711,6.875892104252348,0.782675,train
2013-06-07 23:59:53,72.18052124118356,4.23193336578697,0.597934,893.1313381178076,6.856840101887567,0.782549,train
2013-06-08 23:59:53,72.16213224279193,4.218333105766807,0.597703,894.87506318502,6.8547546158158426,0.782423,train
2013-06-09 23:59:53,72.53514743879944,4.261977272696349,0.597473,898.4878403356668,6.869005357583942,0.782297,train
2013-06-10 23:59:53,72.54168078145923,4.217834875831608,0.597242,900.3431140598153,6.835170679149984,0.782171,train
2013-06-11 23:59:53,72.56651639495321,4.2587077803517985,0.597012,901.2914566985824,6.860937499120114,0.782045,train
2013-06-12 23:59:53,72.49532824059062,4.236360818521236,0.596781,899.761498467619,6.838005076572959,0.781919,train
2013-06-13 23:59:53,72.63238107191631,4.221601844693743,0.596551,898.2428571835295,6.850655664522976,0.781793,train
2013-06-14 23:59:53,72.66227479410092,4.240721927915782,0.59632,897.4073283732112,6.847130545550867,0.781667,train
2013-06-15 23:59:53,72.71830950600206,4.259606974310481,0.59609,896.1427910624986,6.864288349901405,0.781541,train
2013-06-16 23:59:53,73.0166152178126,4.23677258125722,0.595859,897.4395589868546,6.8549768554693955,0.781415,train
2013-06-17 23:59:53,73.15180842712876,4.23429528892849,0.595628,901.0719674416166,6.861641013255947,0.78129,train
2013-06-18 23:59:53,73.29787979408789,4.253139240557326,0.595398,904.9878202527932,6.86099006661408,0.781164,train
2013-06-19 23:59:53,73.54143270099529,4.248634921887364,0.595167,909.9731715142734,6.850065239973152,0.781038,train
2013-06-21 00:05:53,74.10402154964967,4.232693547515149,0.594937,914.4236307118675,6.8218217507190335,0.780786,train
2013-06-21 23:59:53,74.06838850885823,4.238796084395804,0.594706,913.9372367004379,6.815757647064993,0.780786,train
2013-06-22 23:59:53,74.13615364073736,4.275570004199163,0.594476,912.5293360600053,6.827617033781417,0.78066,train
2013-06-23 23:59:53,74.31391217815704,4.226392965382496,0.594245,909.9113448396566,6.849452300378686,0.780534,train
2013-06-24 23:59:53,73.77109267588136,4.238696989002112,0.594015,906.6511022337858,6.891651270928388,0.780408,train
2013-06-25 23:59:53,73.35837073130084,4.256354350582494,0.593784,904.3507534423766,6.859876090294978,0.780282,train
2013-06-26 23:59:53,72.98818503503992,4.22975884476445,0.593554,902.3706023779567,6.866087198626019,0.780156,train
2013-06-27 23:59:53,72.70529668404276,4.251209808614944,0.593323,901.6952513716247,6.811177157337268,0.78003,train
2013-06-28 23:59:53,72.68968064083737,4.227861851860884,0.593092,900.8198253514582,6.838832933123064,0.779904,train
2013-06-29 23:59:53,72.73795369188188,4.232988601660014,0.592862,899.2057994178829,6.838014457492735,0.779778,train
2013-06-30 23:59:53,72.51064347941653,4.233777073689283,0.592631,896.6017191089321,6.854480762180906,0.779652,train
2013-07-01 23:59:53,72.45031449047379,4.215634957910158,0.592401,894.8400936658348,6.875128345298592,0.779526,train
2013-07-02 23:59:53,72.39839131707406,4.254475399870648,0.59217,892.2177265386204,6.843073998230609,0.7794,train
2013-07-03 23:59:53,72.73051753796071,4.242499142295481,0.59194,894.7571390857674,6.853961888002251,0.779274,train
2013-07-04 23:59:53,73.0517405484095,4.236891653067576,0.591709,899.355819473956,6.853251794565978,0.779148,train
2013-07-05 23:59:53,73.00121583279511,4.21052407706256,0.591479,902.3297296062565,6.836553779672392,0.779022,train
2013-07-06 23:59:53,73.29633220346341,4.222312928481114,0.591248,906.7334215703835,6.86520437573501,0.778896,train
2013-07-07 23:59:53,73.40718373527687,4.226413378355241,0.591018,907.9493301952858,6.868028398260636,0.77877,train
2013-07-08 23:59:53,73.34842584029066,4.252716734048163,0.590787,908.4277362816204,6.838484453191343,0.778644,train
2013-07-09 23:59:53,73.07288362264663,4.2177869109978,0.590557,904.0508876570888,6.824295255659847,0.778518,train
2013-07-10 23:59:53,73.18580454397524,4.2452433467356965,0.590326,902.1588721317205,6.869551835327887,0.778393,train
2013-07-11 23:59:53,73.15047981970575,4.240645864586038,0.590095,898.6188293695905,6.853252100345965,0.778267,train
2013-07-12 23:59:53,72.72798219515468,4.27666935262601,0.589865,894.7625721109358,6.842126449965162,0.778141,train
2013-07-13 23:59:53,72.74102854185529,4.263675036765861,0.589634,895.3030562020294,6.876103757975485,0.778015,train
2013-07-14 23:59:53,72.92245553373395,4.258516398923519,0.589404,898.4802969920054,6.866718060865623,0.777889,train
2013-07-15 23:59:53,73.28259279552847,4.227194503923019,0.589173,903.5351872982468,6.826166559945726,0.777763,train
2013-07-16 23:59:53,73.41968982723722,4.230207147219339,0.588943,906.5737207773701,6.871779315284213,0.777637,train
2013-07-17 23:59:53,73.68021676108569,4.234625431356177,0.588712,909.6201809051308,6.81855567628162,0.777511,train
2013-07-18 23:59:53,74.12009423893038,4.226541266531617,0.588482,914.6563977817702,6.891306406785939,0.777385,train
2013-07-19 23:59:53,74.24607101329732,4.2403139294999725,0.588251,914.9725828011769,6.8112065643345545,0.777259,train
2013-07-20 23:59:53,74.38651108817622,4.241928872614699,0.588021,913.6828118001775,6.775176675444687,0.777133,train
2013-07-21 23:59:53,74.05435574028925,4.23351300794615,0.58779,912.120828309799,6.816334179496885,0.777007,train
2013-07-22 23:59:53,73.59319629052584,4.25637290002559,0.587559,908.3976369214237,6.830987311106648,0.776881,train
2013-07-23 23:59:53,73.51021684743952,4.238867289342771,0.587329,907.4191973238209,6.831387027683151,0.776755,train
2013-07-24 23:59:53,73.22915608636808,4.226548131014051,0.587098,904.4168542636417,6.834638717025445,0.776629,train
2013-07-25 23:59:53,72.8938402066905,4.233685140302055,0.586868,901.3508329737409,6.837131614464715,0.776503,train
2013-07-26 23:59:53,72.62830820686871,4.249939091001771,0.586637,897.8676600175246,6.819608537636649,0.776377,train
2013-07-27 23:59:53,72.38023736681119,4.2371462542459915,0.586407,894.7975138688157,6.838880343053195,0.776251,train
2013-07-28 23:59:53,72.54027805690079,4.261439629001924,0.586176,894.6014802002248,6.8371522092887425,0.776125,train
2013-07-29 23:59:53,72.29579288928855,4.242661393344914,0.585946,893.457801551814,6.832219908108636,0.775999,train
2013-07-30 23:59:53,72.42788771713934,4.244283375941106,0.585715,894.5843480054212,6.818025747176026,0.775873,train
2013-07-31 23:59:53,72.68740409473828,4.257395833496572,0.585485,897.6449045698591,6.829736015163927,0.775748,train
2013-08-01 23:59:53,73.12834013966457,4.260796371005796,0.585254,903.0604520712521,6.84537877153363,0.775622,test
2013-08-02 23:59:53,73.20069449970828,4.228482418610048,0.585023,905.0214141364072,6.8444842696655295,0.775496,test
2013-08-03 23:59:53,73.06571380160791,4.245366365063255,0.584793,905.0050382047297,6.8346051003691075,0.77537,test
2013-08-04 23:59:53,73.1764721664685,4.253996586734089,0.584562,906.2706777080562,6.854066438684923,0.775244,test
2013-08-05 23:59:53,73.00425349535705,4.224818825180405,0.584332,903.2069212835952,6.831488249472677,0.775118,test
2013-08-06 23:59:53,72.87991872039538,4.24224312836769,0.584101,900.7790776772613,6.831324805023504,0.774992,test
2013-08-07 23:59:53,72.68918531857724,4.216779906333666,0.583871,896.9191842843243,6.837618711052241,0.774866,test
2013-08-08 23:59:53,72.2083354214152,4.252869508188676,0.58364,892.4425268456031,6.842094380713679,0.77474,test
2013-08-09 23:59:53,72.2243439247245,4.270180049715037,0.58341,891.0679569552688,6.817019056693908,0.774614,test
2013-08-10 23:59:53,72.43692540084646,4.243172374726041,0.583179,892.3998401754,6.803598439941298,0.774488,test
2013-08-11 23:59:53,72.58267736574523,4.234755298467567,0.582949,894.3144346773435,6.809514648069568,0.774362,test
2013-08-12 23:59:53,72.62404964733962,4.229816189728995,0.582718,897.8269885688152,6.8164688556675,0.774236,test
2013-08-13 23:59:53,73.17005233720953,4.263611897731599,0.582487,903.3736190737636,6.852177347250698,0.77411,test
2013-08-14 23:59:53,73.60135668459263,4.227314301000907,0.582257,907.7899742879014,6.8246267092636375,0.773984,test
2013-08-15 23:59:53,66.6010039395559,4.114085036050677,0.648445,913.2828994737382,6.790714315259955,0.773858,test
2013-08-16 23:59:53,71.96574518622008,4.230659794216704,0.648263,930.7288247655028,6.854167514638111,0.814956,test
2013-08-17 23:59:53,72.0579806212267,4.19741736580644,0.648082,930.6517099023882,6.864708875890392,0.815217,test
2013-08-18 23:59:53,72.07934463723585,4.217640010379816,0.6479,929.9748262199294,6.8195845178428165,0.815477,test
2013-08-19 23:59:53,72.15176659448466,4.249109735741421,0.647718,928.9635775292877,6.830894931115976,0.815738,test
2013-08-20 23:59:53,71.90544507332669,4.244286091861151,0.647537,924.1853950542243,6.85241520696598,0.815999,test
2013-08-21 23:59:53,71.41006468682704,4.219609253358144,0.647355,920.7398900433444,6.901119974737636,0.81626,test
2013-08-22 23:59:53,71.31325604106325,4.208600488701898,0.647174,919.064555821292,6.874008153606709,0.81652,test
2013-08-23 23:59:53,70.91104503198027,4.190040176815475,0.646992,915.5881277669155,6.86899413957536,0.816781,test
2013-08-24 23:59:53,70.54769455908637,4.216236586582736,0.64681,912.0059964885326,6.854046282116615,0.817042,test
2013-08-25 23:59:53,70.42392703147733,4.221643239684309,0.646629,910.5803278859554,6.844333181520376,0.817303,test
2013-08-26 23:59:53,70.41814033612201,4.221780167348172,0.646447,910.0289468793176,6.882431491924487,0.817563,test
2013-08-27 23:59:53,70.53744815241612,4.208767821089361,0.646266,910.3168647662213,6.858647445509748,0.817824,test
2013-08-28 23:59:53,70.72707926318195,4.203381946713109,0.646084,913.4839908453713,6.882282643989383,0.818085,test
2013-08-29 23:59:53,70.88648128928278,4.231981952098693,0.645903,916.9153880463675,6.837848122626275,0.818346,test
2013-08-30 23:59:53,71.03028021032337,4.189311135962716,0.645721,919.6811085249823,6.8287649738184495,0.818606,test
2013-08-31 23:59:53,70.95739528582693,4.1775189451173125,0.645539,919.8882729733159,6.8418650536100065,0.818867,test
2013-09-01 23:59:53,70.88513291432868,4.185128188969857,0.645358,916.9424332585577,6.883254184477767,0.819128,test
2013-09-02 23:59:53,70.88091783534483,4.198247175857068,0.645176,914.3587733809238,6.833171910327891,0.819389,test
2013-09-03 23:59:53,70.74622055129937,4.2042437122324365,0.644995,910.009200720625,6.859416165566265,0.819649,test
2013-09-04 23:59:53,70.20379376299162,4.227647306892427,0.644813,904.4969476547135,6.859352349601397,0.81991,test
2013-09-05 23:59:53,69.95713198001381,4.239609664286602,0.644631,901.6938768842983,6.881912096732392,0.820171,test
2013-09-06 23:59:53,69.90457574796537,4.2044319240562995,0.64445,899.9341903119441,6.853092191799983,0.820432,test
2013-09-07 23:59:53,69.8883177507344,4.203430308475194,0.644268,901.1890325032832,6.860188720632719,0.820692,test
2013-09-08 23:59:53,69.94633368455348,4.233159445570333,0.644087,902.899083775844,6.86045647003439,0.820953,test
2013-09-09 23:59:53,70.18257735311735,4.217129008318296,0.643905,906.4513894190721,6.849857440655898,0.821214,test
2013-09-10 23:59:53,70.44502341894456,4.19120878047217,0.643723,909.9721151825064,6.822584931289876,0.821475,test
2013-09-11 23:59:53,70.66553715444543,4.232359288844275,0.643542,910.785988259895,6.876527859667936,0.821735,test
2013-09-12 23:59:53,70.60087319908516,4.214696881440531,0.64336,910.2697430756675,6.87584797954039,0.821996,test
2013-09-13 23:59:53,70.62078434865379,4.192327658718519,0.643179,909.008125651834,6.829795956622588,0.822257,test
2013-09-14 23:59:53,70.21168404079445,4.218359108262153,0.642997,905.0187995719351,6.806995111243383,0.822518,test
2013-09-15 23:59:53,69.93846947833966,4.215524823638714,0.642815,902.0788839523977,6.836568013328728,0.822778,test
2013-09-16 23:59:53,69.87251172096687,4.243754865618755,0.642634,898.8739400860977,6.843696528025797,0.823039,test
2013-09-17 23:59:53,69.80278909487079,4.208240789958725,0.642452,897.6314224751984,6.864429893913348,0.8233,test
2013-09-18 23:59:53,69.81879267747793,4.1928527534949955,0.642271,895.5460306900488,6.882059245573991,0.823561,test
2013-09-19 23:59:53,69.95296325704228,4.200353341673445,0.642089,897.4989012273589,6.867104252323031,0.823821,test
2013-09-20 23:59:53,70.32683949332755,4.225294758425953,0.641908,899.6022856067698,6.837010036275048,0.824082,test
2013-09-21 23:59:53,70.53042183205176,4.239001553404851,0.641726,902.6798978506707,6.848661618242575,0.824343,test
2013-09-22 23:59:53,70.81220952533228,4.212888163770834,0.641544,907.0951308980764,6.837931155388531,0.824603,test
2013-09-23 23:59:53,71.15603248791126,4.241530748145682,0.641363,910.622254594859,6.847389217722171,0.824864,test
2013-09-24 23:59:53,71.61034941148314,4.198993908599588,0.641181,915.0349083179825,6.850510915710147,0.825125,test
2013-09-25 23:59:53,71.72410601174936,4.213885660096122,0.641,916.6244284358054,6.884869030127313,0.825386,test
2013-09-26 23:59:53,71.6066360322516,4.205668229712971,0.640818,916.435970400101,6.856488652080415,0.825646,test
2013-09-27 23:59:53,71.15105558209433,4.20933454316752,0.640636,910.5034034848441,6.803586742326373,0.825907,test
2013-09-28 23:59:53,70.67903862549359,4.217848399408658,0.640455,906.5468750271889,6.888953209184034,0.826168,test
2013-09-29 23:59:53,70.69313290520633,4.1897640536104825,0.640273,902.9366715615588,6.829942288597647,0.826429,test
2013-09-30 23:59:53,70.48244777119643,4.229319006933803,0.640092,898.7241078032418,6.874228965707303,0.826689,test
2013-10-01 23:59:53,69.82710711561846,4.178793898794277,0.63991,893.9174555782995,6.83650282091299,0.82695,test
2013-10-03 23:59:53,70.24097349128758,4.195855715340877,0.639547,894.7156558246182,6.869300866049535,0.827472,test
2013-10-04 23:59:53,70.24386781509466,4.204987887967336,0.639365,896.6903854191447,6.824019815441752,0.827732,test
2013-10-05 23:59:53,70.23114499715625,4.229602869731177,0.639184,897.9584715344212,6.840526842939883,0.827993,test
2013-10-06 23:59:53,70.42178717857556,4.190095362595289,0.639002,899.350451338939,6.871070234908471,0.828254,test
2013-10-07 23:59:53,70.6969645279152,4.215530997965029,0.638821,902.1907395795813,6.819907033028837,0.828515,test
2013-10-08 23:59:53,71.04973997213435,4.210919139237158,0.638639,903.8716028724992,6.826317236616061,0.828775,test
2013-10-09 23:59:53,71.26312869308528,4.226625261418183,0.638457,903.8013787295689,6.827462242203642,0.829036,test
2013-10-10 23:59:53,71.43941730200918,4.214984033423247,0.638276,904.0954173310075,6.869687034663018,0.829297,test
2013-10-11 23:59:53,71.15886105006625,4.199976302062046,0.638094,902.0790236061488,6.799508803016287,0.829558,test
2013-10-12 23:59:53,71.0826612139713,4.22404429990523,0.637913,900.691762335992,6.841458549486753,0.829818,test
2013-10-13 23:59:53,71.17854050654134,4.176019662530877,0.637731,898.6295552495874,6.819815366657075,0.830079,test
2013-10-14 23:59:53,70.68047261538511,4.184103957487012,0.637549,894.1667830365387,6.843362658973881,0.83034,test
2013-10-15 23:59:53,71.09790643438578,4.211063750329021,0.637368,896.5642455641029,6.865679444450375,0.830601,test
2013-10-16 23:59:53,70.84531206773319,4.247621884807097,0.637186,894.5546309349872,6.852679121727174,0.830861,test
2013-10-17 23:59:53,71.07590457970394,4.214126305630347,0.637005,895.5523764867735,6.839217303428142,0.831122,test
2013-10-18 23:59:53,70.80570244500849,4.192610089296026,0.636823,895.3316487946764,6.805938973009471,0.831383,test
2013-10-19 23:59:53,71.23351478157903,4.201757100165667,0.636641,901.0578627822447,6.859627105661799,0.831644,test
2013-10-20 23:59:53,71.55424759019888,4.213311975111331,0.63646,903.7578877889277,6.8524411767830005,0.831904,test
2013-10-21 23:59:53,71.90192269599208,4.169885580175167,0.636278,907.6595992978876,6.84578327743825,0.832165,test
2013-10-22 23:59:53,72.28473653996038,4.217765783066924,0.636097,911.2902618103299,6.82772669580461,0.832426,test
2013-10-23 23:59:53,72.8789925427781,4.207312318010438,0.635915,910.563482787783,6.796634901105881,0.832687,test
2013-10-24 23:53:53,72.13998283768817,4.170171467406256,0.635915,909.3309839682465,6.837048067633156,0.832947,test
2013-10-25 23:59:53,71.97410233560615,4.171556016853604,0.635552,905.3160964521088,6.8561812505807325,0.833469,test
2013-10-26 23:59:53,71.6533584597761,4.201829414223239,0.63537,900.747485222124,6.826633619371407,0.833469,test
2013-10-27 23:59:53,71.57789481121635,4.23602952381482,0.635189,897.2820067214528,6.836822927987739,0.83373,test
2013-10-28 23:59:53,71.09483790315713,4.176341564864216,0.635007,892.9286818478237,6.840235699320293,0.83399,test
2013-10-29 23:59:53,71.06672282326353,4.204900404979011,0.634826,892.9667472917038,6.860352375775378,0.834251,test
2013-10-30 23:59:53,70.80196236726572,4.22043562254447,0.634644,892.5752831452127,6.784674946555122,0.834512,test
2013-10-31 23:59:53,70.83668849734354,4.172677344278542,0.634462,893.8810644733613,6.826094178963784,0.834773,test
2013-11-01 23:59:53,71.11686931652348,4.191510858809176,0.634281,896.5984454820732,6.841857062395437,0.835033,holdout
2013-11-02 23:59:53,71.2950223008382,4.216104351105084,0.634099,896.4197553838803,6.855772044103227,0.835294,holdout
2013-11-03 23:59:53,71.6846065240248,4.225840991740903,0.633918,896.2141425370776,6.785280663634129,0.835555,holdout
2013-11-04 23:59:53,71.73661721297404,4.225935711010834,0.633736,898.7039030249131,6.829554431112537,0.835815,holdout
2013-11-05 23:59:53,71.84368789871185,4.207925971980593,0.633554,898.4592741249747,6.863267478541809,0.836076,holdout
2013-11-06 23:59:53,74.13422824924679,4.263551282113075,0.633373,933.1841814813836,6.840916544193706,0.836337,holdout
2013-11-07 23:59:53,73.80150738189705,4.225961779984689,0.633191,930.9948589387583,6.836448969007299,0.836598,holdout
2013-11-08 23:59:53,73.70326112016734,4.25379014718612,0.63301,929.900206619385,6.885026265776261,0.836858,holdout
2013-11-09 23:59:53,73.60107498204145,4.252675981771716,0.632828,926.4979762324581,6.896831946813699,0.837119,holdout
2013-11-10 23:59:53,73.50074526200666,4.23601007403157,0.632646,923.8343615348032,6.883494622762267,0.83738,holdout
2013-11-11 23:59:53,73.36512210160642,4.231976770211055,0.632465,920.1937046014611,6.883945821837643,0.837641,holdout
2013-11-12 23:59:53,73.7908060805282,4.276420810289312,0.632283,920.6161949955903,6.851718166201574,0.837901,holdout
2013-11-13 23:59:53,74.52879734422864,4.247903894360671,0.632102,926.0777770080412,6.838427035149885,0.838162,holdout
2013-11-14 23:59:53,74.67899952169076,4.239861866009389,0.63192,933.4700337711357,6.832362189274848,0.838423,holdout
2013-11-15 23:59:53,75.52535586061559,4.217447791451226,0.631738,942.0311879719641,6.840888696447164,0.838684,holdout
2013-11-16 23:59:53,76.05680907511508,4.250642056667874,0.631557,949.4466336407976,6.878067580342316,0.838944,holdout
2013-11-17 23:59:53,76.17659235067369,4.215274093013869,0.631375,950.3948806033451,6.818235879811504,0.839205,holdout
2013-11-18 23:59:53,75.96985177282494,4.264949211168211,0.631194,947.7596318712365,6.908972776236986,0.839466,holdout
2013-11-19 23:59:53,75.32196196135756,4.247994036132984,0.631012,941.9947030381936,6.82835050820905,0.839727,holdout
2013-11-20 23:59:53,74.57155338346587,4.224330232563205,0.630831,934.0092561810894,6.884925690195924,0.839987,holdout
2013-11-21 23:59:53,74.12718251644542,4.2459095866846965,0.630649,928.2134827687507,6.892702208679912,0.840248,holdout
2013-11-22 23:59:53,73.51767130876385,4.277157261652273,0.630467,919.6899739799874,6.844231084810181,0.840509,holdout
2013-11-23 23:59:53,73.10099988829108,4.264536825290634,0.630286,914.6185079421405,6.874990953899848,0.84077,holdout
2013-11-24 23:59:53,72.74071079673878,4.2437873618143565,0.630104,910.9797912069415,6.87599944473179,0.84103,holdout
2013-11-25 23:59:53,72.29688468949855,4.2603111919873875,0.629923,908.055068490037,6.876776393889085,0.841291,holdout
2013-11-26 23:59:53,72.41895958957622,4.281751031108862,0.629741,908.7397480416392,6.874945586226327,0.841552,holdout
2013-11-27 23:59:53,72.94394553410153,4.2410155888712495,0.629559,912.842684561414,6.841692798570793,0.841813,holdout
2013-11-28 23:59:53,72.89043832762908,4.221704207693543,0.629378,913.9007266116109,6.844368247815096,0.842073,holdout
2013-11-29 23:59:53,73.20678399090733,4.232617446335414,0.629196,915.9977881514238,6.837096698717515,0.842334,holdout
2013-11-30 23:59:53,73.52886098369139,4.236873603693436,0.629015,918.4172022439482,6.834646577660517,0.842595,holdout
2013-12-01 23:59:53,73.83635253610085,4.26078542187458,0.628833,920.4611867628162,6.864386718633695,0.842856,holdout
2013-12-02 23:59:53,73.83128884871284,4.265365435390526,0.628651,920.136113190478,6.858721979710828,0.843116,holdout
2013-12-03 23:59:53,73.91257728255249,4.2378770988354155,0.62847,921.3483546886854,6.858923839989453,0.843377,holdout
2013-12-04 23:59:53,74.01181719469116,4.260297622898512,0.628288,919.7866966492259,6.848354091577369,0.843638,holdout
2013-12-05 23:59:53,73.99658997853597,4.218216470048797,0.628107,920.3500130483329,6.8776132127399965,0.843899,holdout
2013-12-06 23:59:53,73.85387913646991,4.211980524455314,0.627925,919.4066069327315,6.864833814108006,0.844159,holdout
2013-12-07 23:59:53,73.9406471334979,4.234983540697969,0.627744,917.1529850473655,6.865216421638152,0.84442,holdout
2013-12-08 23:59:53,74.24824534692092,4.2556180525941105,0.627562,919.5886340243861,6.835983834728307,0.844681,holdout
2013-12-09 23:59:53,74.76695739238244,4.244582408543982,0.62738,925.0441544163663,6.85138815799417,0.844942,holdout
2013-12-10 23:59:53,75.51011458386351,4.247498887621973,0.627199,931.1072512375757,6.836255005482602,0.845202,holdout
2013-12-11 23:59:53,75.69407985858885,4.248635803409666,0.627017,934.5007214453349,6.836203935757607,0.845463,holdout
2013-12-12 23:59:53,76.02999266786735,4.25649870197345,0.626836,938.9991192064532,6.872842146869884,0.845724,holdout
2013-12-13 23:59:53,75.99350550442657,4.202665927203554,0.626654,940.0206201035542,6.849993788924365,0.845985,holdout
2013-12-14 23:59:53,76.11111093353372,4.241638522984191,0.626472,939.9816088594522,6.82243471333073,0.846245,holdout
2013-12-15 23:59:53,75.86329647498503,4.205168173953216,0.626291,938.2275877990568,6.78898928239807,0.846506,holdout
2013-12-16 23:59:53,75.47573373680945,4.1877673258618575,0.626109,933.392278782205,6.800515092684202,0.846767,holdout
2013-12-17 23:59:53,74.83462893448517,4.197051937010562,0.625928,925.9178033071088,6.821529226320643,0.847027,holdout
2013-12-18 23:59:53,74.27247526658708,4.2598309872274385,0.625746,917.4710343482159,6.82729175959988,0.847288,holdout
2013-12-19 23:59:53,73.81463058901846,4.264063677368013,0.625564,911.5136271997825,6.861707158507332,0.847549,holdout
2013-12-20 23:59:53,73.37336907126422,4.210490829111333,0.625383,907.1338961973769,6.85466741140403,0.84781,holdout
2013-12-21 23:59:53,73.23316100081581,4.224741843626317,0.625201,906.4198584180912,6.8412846682258035,0.84807,holdout
2013-12-23 00:05:53,73.21554679107132,4.24083456120255,0.62502,906.1006173178396,6.848351895779559,0.848331,holdout
2013-12-23 23:59:53,72.987662985259,4.240848235998884,0.624838,906.199761337158,6.836894821680552,0.848592,holdout
2013-12-24 23:59:53,73.01755028431297,4.209247903115948,0.624656,906.1773924515024,6.81234867315097,0.848853,holdout
2013-12-25 23:59:53,73.00696455869448,4.2436661056787015,0.624475,906.1682299147493,6.855726657823469,0.849113,holdout
2013-12-26 23:59:53,73.06265447181312,4.2239671988518355,0.624293,907.1352863756015,6.84741251683827,0.849374,holdout
2013-12-27 23:59:53,73.4259967718383,4.2176854411030655,0.624112,907.7696526342787,6.81950085797735,0.849635,holdout
2013-12-28 23:59:53,73.39029665953393,4.244353878536974,0.62393,907.9630942090376,6.839688861473301,0.849896,holdout
2013-12-29 23:59:53,73.5663376103319,4.246546537936804,0.623749,908.8672809010928,6.858523916822559,0.850156,holdout
2013-12-30 23:59:53,73.32930780874192,4.207854466804609,0.623567,907.3456513675643,6.823690417934887,0.850417,holdout
2013-12-31 23:59:53,73.59247511859704,4.208960484293477,0.623385,908.083807825936,6.8160702858163145,0.850939,holdout
2014-01-01 23:59:53,73.62472299821233,4.2600137482968785,0.623204,907.394713590296,6.840677550904187,0.850939,train
2014-01-02 23:59:53,74.22122812125464,4.251009456521915,0.623022,908.4365293496253,6.842492650574306,0.851199,train
2014-01-03 23:59:53,74.24224872450739,4.256942032649141,0.622841,909.4474074426947,6.843094414540642,0.85146,train
2014-01-04 23:59:53,74.73904372341869,4.235140039189063,0.622659,912.9069101552828,6.826125199673874,0.851721,train
2014-01-05 23:59:53,74.86549934570732,4.250163709580369,0.622477,916.4936265211091,6.821632597495887,0.851982,train
2014-01-06 23:59:53,74.69656654925721,4.2236928840947705,0.622296,918.8299032354288,6.803692791836097,0.852242,train
2014-01-07 23:59:53,74.91963258486933,4.221337650693425,0.622114,921.1914798847755,6.83497957666252,0.852503,train
2014-01-08 23:59:53,75.01363115534006,4.235464455535457,0.621933,922.4333550549197,6.83878664515298,0.852764,train
2014-01-09 23:59:53,75.39275894041232,4.250205236995692,0.621751,924.8174868716346,6.8065332087578865,0.853025,train
2014-01-10 23:59:53,75.45479496377743,4.230898430344153,0.621569,923.0334598968028,6.811188221808497,0.853285,train
2014-01-11 23:59:53,75.43651796561609,4.25873138252335,0.621388,920.8962334604593,6.856594313964176,0.853546,train
2014-01-12 23:59:53,74.78625979034503,4.239677580349108,0.621206,917.6687097718155,6.811975780128381,0.853807,train
2014-01-13 23:59:53,74.21624440680756,4.233786874654385,0.621025,912.3817057396539,6.83503438443761,0.854068,train
2014-01-14 23:59:53,73.69711545789092,4.205862201341611,0.620843,906.5963780200556,6.855670819931491,0.854328,train
2014-01-15 23:59:53,73.19631729123549,4.204975068964491,0.620661,900.3048170996908,6.842272211694094,0.854589,train
2014-01-16 23:59:53,73.0326985576096,4.21397047783454,0.62048,896.1230345545523,6.859778547952037,0.85485,train
2014-01-17 23:59:53,72.86511934606176,4.25620074464605,0.620298,894.4228909795819,6.806186055378476,0.855111,train
2014-01-18 23:59:53,72.85808189500602,4.2128531934881455,0.620117,894.7520680164766,6.833238018550042,0.855371,train
2014-01-19 23:59:53,73.13729899430588,4.219324729299062,0.619935,897.86724393538,6.838864191332425,0.855632,train
2014-01-20 23:59:53,73.59418777844765,4.2199900568663775,0.619754,902.4641662234491,6.80306370177417,0.855893,train
2014-01-21 23:59:53,74.02851639040344,4.228553164077032,0.619572,907.0599057329995,6.8592928584568025,0.856154,train
2014-01-22 23:59:53,74.17242904933518,4.188673415721219,0.61939,909.1535506256364,6.792483004207311,0.856414,train
2014-01-23 23:59:53,74.21687532876214,4.197122372309413,0.619209,911.2428232780225,6.787499054891757,0.856675,train
2014-01-24 23:59:53,74.40886222197989,4.212328663772884,0.619027,913.1889913063005,6.806239599134356,0.856936,train
2014-01-25 23:59:53,73.89486854204137,4.247232325008681,0.618846,907.1022704557652,6.833104969599742,0.857197,train
2014-01-26 23:59:53,73.5147228960137,4.217113039698485,0.618664,902.7901910638876,6.8435045672839445,0.857457,train
2014-01-27 23:59:53,73.17563795985741,4.235418607440289,0.618482,896.3998543077925,6.817276865301976,0.857718,train
2014-01-28 23:59:53,73.80705932182893,4.265592339249107,0.618301,895.9218094801347,6.8226618749295955,0.857979,train
2014-01-29 23:59:53,73.72305765797714,4.257513617600374,0.618119,894.631885654313,6.8360311834757,0.858239,train
2014-01-30 23:59:53,73.78251426056381,4.281900702808499,0.617938,896.1145790399175,6.847845788805927,0.8585,train
2014-01-31 23:59:53,73.7196747213128,4.231485050638689,0.617756,898.5138005726025,6.83033471230655,0.858761,train
2014-02-01 23:59:53,74.49981906333012,4.240924110909677,0.617574,905.762281218057,6.845638797025852,0.859022,train
2014-02-02 23:59:53,74.69354840060508,4.1946895465040335,0.617393,909.835625120136,6.79431787890562,0.859282,train
2014-02-03 23:59:53,75.10964369279246,4.213014714582639,0.617211,913.6947800339035,6.836496432786869,0.859543,train
2014-02-04 23:59:53,75.54144759686133,4.209657992973265,0.61703,916.3932838949733,6.805023232618828,0.859804,train
2014-02-05 23:59:53,75.46208113150483,4.22622999342874,0.616848,912.7717953968764,6.866489591353761,0.860065,train
2014-02-06 23:59:53,75.26057681142791,4.203612072188306,0.616667,910.2242511901234,6.842290172107133,0.860325,train
2014-02-07 23:59:53,75.10080733031614,4.2331282635457415,0.616485,906.6609897984945,6.846933984963683,0.860586,train
2014-02-08 23:59:53,74.4347241309303,4.238600612231314,0.616303,904.152908977243,6.826527639854049,0.860847,train
2014-02-09 23:59:53,73.95162613075988,4.260433565416463,0.616122,900.2758906634995,6.840988175316616,0.861108,train
2014-02-10 23:59:53,73.63724863588378,4.254835567572744,0.61594,898.3737970560702,6.8068719785754555,0.861368,train
2014-02-11 23:53:53,74.04064042765144,4.246660313425554,0.61594,897.229494316001,6.875498017127209,0.861629,train
2014-02-12 23:59:53,73.69898018443101,4.229830218127609,0.615577,893.7101627838767,6.827647344083712,0.862151,train
2014-02-13 23:59:53,73.54056780566177,4.22395259780852,0.615395,892.7239006356124,6.834308633015854,0.862151,train
2014-02-14 23:59:53,73.16303241830967,4.234566378695813,0.615214,891.2386781804902,6.8499921740602625,0.862411,train
2014-02-15 23:59:53,73.17979683863292,4.241242229056172,0.615032,891.7633260532965,6.817717288380634,0.862672,train
2014-02-16 23:53:53,73.39009488234315,4.256297933318586,0.615032,894.0125854995182,6.806059812970553,0.862933,train
2014-02-18 23:59:53,73.42074417209176,4.260722219693997,0.614487,892.1620046380854,6.850711590076152,0.863715,train
2014-02-19 23:59:53,73.64635468445708,4.247368819662344,0.614306,893.9110310401445,6.823404435955282,0.863715,train
2014-02-20 23:59:53,73.64175142367347,4.266382229477953,0.614124,894.4104053030734,6.791823366650658,0.863976,train
2014-02-21 23:59:53,73.66283213013499,4.250032730205704,0.613943,894.2037015771447,6.79973314614091,0.864237,train
2014-02-22 23:59:53,73.45500139427259,4.217024439190092,0.613761,893.6715067799984,6.792622062533439,0.864497,train
2014-02-23 23:59:53,73.83763870301404,4.187259646087447,0.61358,895.306389549268,6.782723547331469,0.864758,train
2014-02-24 23:59:53,74.32159802809583,4.2441751551580005,0.613398,896.7859263080851,6.843580051859064,0.865019,train
2014-02-25 23:59:53,75.26326825531655,4.245672167757761,0.613216,902.1333786948759,6.837318304827084,0.86528,train
2014-02-26 23:59:53,75.65545437817539,4.2755319087713275,0.613035,906.5727582972545,6.814088328176569,0.86554,train
2014-02-27 23:53:53,75.87672747730586,4.231376136260068,0.613035,909.895608229781,6.840788053609844,0.865801,train
2014-02-28 23:59:53,75.37469635772025,4.210798640133893,0.612672,949.279673855648,6.832289888128858,0.866323,train
2014-03-01 23:59:53,78.07974515568745,4.257293413884054,0.61249,949.1532550834587,6.824849318635973,0.866323,train
2014-03-02 23:59:53,78.03642280559679,4.271537913962471,0.612308,946.0404008882592,6.836691336163107,0.866583,train
2014-03-03 23:59:53,77.61188988201913,4.296634847716136,0.612127,941.1901145950595,6.914949546063348,0.866844,train
2014-03-04 23:53:53,77.76040094651626,4.276568648432946,0.612127,939.9067226097726,6.851767965045733,0.867105,train
2014-03-05 23:59:53,77.3988141395731,4.313093280939335,0.611764,934.0623507990673,6.865034073403275,0.867626,train
2014-03-06 23:53:53,77.08134588164137,4.301424842345408,0.611764,931.3967484776051,6.8891142018149605,0.867626,train
2014-03-07 23:59:53,76.72308922505825,4.238544288528435,0.6114,927.2849993866577,6.879050014586834,0.868148,train
2014-03-08 23:59:53,76.19869611559743,4.268547973381532,0.611219,923.9364432011668,6.8424597458370435,0.868148,train
2014-03-09 23:59:53,76.14631910234276,4.231104081908386,0.611037,922.6700103680141,6.826646585577183,0.868409,train
2014-03-10 23:59:53,76.29508125574152,4.275415817761259,0.610856,924.8595410133722,6.83040541490587,0.868669,train
2014-03-11 23:59:53,76.06018434924844,4.261790568666249,0.610674,923.3783070779232,6.846682911385138,0.86893,train
2014-03-12 23:59:53,76.06223237291462,4.284465089760091,0.610492,923.3928479673724,6.809812344445173,0.869191,train
2014-03-13 23:59:53,75.96529084331011,4.258639778607796,0.610311,922.7297716251202,6.8325514209878015,0.869451,train
2014-03-14 23:59:53,76.06317435449448,4.274164306299816,0.610129,924.0082424965404,6.848685978267298,0.869712,train
2014-03-15 23:59:53,76.05253859835908,4.264138591673774,0.609948,922.8854832808844,6.835336880200187,0.869973,train
2014-03-16 23:59:53,76.11564817151844,4.250900724490957,0.609766,922.8682179630023,6.854851459147767,0.870234,train
2014-03-17 23:59:53,76.30258080940203,4.293845537363726,0.609585,924.9337505871245,6.848126865452352,0.870494,train
2014-03-18 23:59:53,76.81580814660407,4.26661626318663,0.609403,927.0921100127541,6.8411914924351445,0.870755,train
2014-03-19 23:59:53,76.99991003884695,4.282873097342102,0.609221,928.1852439325912,6.806761183222846,0.871016,train
2014-03-20 23:59:53,76.97082425146988,4.259761938467372,0.60904,929.4064148796929,6.860640530950458,0.871277,train
2014-03-21 23:59:53,77.16107661393029,4.302949599532254,0.608858,930.966418768441,6.8716060143768365,0.871537,train
2014-03-22 23:59:53,77.16418817338558,4.259218524832524,0.608677,930.8034767620858,6.884515382187897,0.871798,train
2014-03-23 23:59:53,77.32943315956297,4.2908906280008985,0.608495,931.961898993062,6.825930544902671,0.872059,train
2014-03-24 23:59:53,77.21878679954507,4.28589011302171,0.608313,931.1948697144891,6.866292493888792,0.87232,train
2014-03-25 23:59:53,77.61302852157237,4.292151403920915,0.608132,934.7653201485433,6.881716958342095,0.87258,train
2014-03-26 23:59:53,77.67350501796892,4.291169776092064,0.60795,935.1125659464394,6.847512380277688,0.872841,train
2014-03-27 23:59:53,77.50728176331056,4.283885161160189,0.607769,932.6359302447439,6.839383454887112,0.873102,train
2014-03-28 23:59:53,77.74120979975453,4.2641045600423695,0.607587,934.0762266164155,6.801256000031831,0.873363,train
2014-03-29 23:59:53,76.9202350552367,4.2945323687386265,0.607405,926.4986550087266,6.861448232619884,0.873623,train
2014-03-30 23:59:53,76.79210790350372,4.29098250779605,0.607224,923.4791167566184,6.832126019527044,0.873884,train
2014-03-31 23:59:53,76.50144534282774,4.2975225969585695,0.607042,919.6474838373359,6.87761015249161,0.874145,train
2014-04-01 23:59:53,76.38770362647175,4.26700020852891,0.606861,918.4786582127226,6.859059830808007,0.874406,train
2014-04-02 23:59:53,76.59432281488314,4.284211039843896,0.606679,920.6222083388022,6.890959474194423,0.874666,train
2014-04-03 23:59:53,76.60370252416746,4.299403718938494,0.606497,920.7734267453405,6.847264174239683,0.874927,train
2014-04-04 23:59:53,76.81772041405766,4.2528816324980685,0.606316,922.542928309451,6.866669573126204,0.875188,train
2014-04-05 23:59:53,76.57467866966526,4.250668420324784,0.606134,922.5400168307337,6.8340299868436105,0.875449,train
2014-04-06 23:53:53,76.35822873663565,4.242952072917417,0.606134,920.1002533087161,6.8160820419839165,0.875709,train
2014-04-07 23:59:53,75.90561318054627,4.270347024594372,0.605771,915.3821528015875,6.799467097921386,0.876231,train
2014-04-08 23:59:53,75.63333782155019,4.249096187581075,0.60559,910.556987738661,6.835411344215598,0.876231,train
2014-04-09 23:59:53,75.40775456798127,4.245246938890171,0.605408,907.9561299094265,6.8573145331391725,0.876492,train
2014-04-10 23:59:53,75.16369838642986,4.24628064371183,0.605226,905.3095651271917,6.854674190569325,0.876752,train
2014-04-11 23:59:53,75.00287386581189,4.2671872706390275,0.605045,903.2239233698874,6.862157342141862,0.877013,train
2014-04-12 23:59:53,75.34442750852618,4.240901263259895,0.604863,907.213397368472,6.862578567599413,0.877274,train
2014-04-13 23:59:53,75.66661524957748,4.260671423477186,0.604682,910.0769012556043,6.814507935087853,0.877535,train
2014-04-14 23:59:53,76.34118681929866,4.2761134932784115,0.6045,916.0115473328375,6.8648219867677325,0.877795,train
2014-04-15 23:59:53,77.2923083050463,4.2427119782821725,0.604318,923.9897298124648,6.8473197696533985,0.878056,train
2014-04-16 23:59:53,77.46193246749182,4.275768945913127,0.604137,927.0598354191517,6.84746665351011,0.878317,train
2014-04-17 23:59:53,77.6442641849598,4.289169869257136,0.603955,929.7041524877617,6.825295058896196,0.878578,train
2014-04-18 23:59:53,77.76337977955932,4.259795244051133,0.603774,928.5813668372296,6.848940100653047,0.878838,train
2014-04-19 23:59:53,77.70494625673686,4.266336344195781,0.603592,927.2130182845698,6.871899733687587,0.879099,train
2014-04-20 23:59:53,77.5295885247979,4.268988097694331,0.60341,924.4832709731074,6.847684737008559,0.87936,train
2014-04-21 23:59:53,76.91053374025739,4.278802984402692,0.603229,918.6392977203412,6.805434505664762,0.87962,train
2014-04-22 23:59:53,76.19970253549552,4.284597958688975,0.603047,912.0344681532856,6.825615524679617,0.879881,train
2014-04-23 23:59:53,75.61933715461517,4.257967194264648,0.602866,907.042696423729,6.833442622104361,0.880142,train
2014-04-24 23:59:53,75.37449830910838,4.290912164461309,0.602684,903.1620554055545,6.868610247263368,0.880403,train
2014-04-25 23:59:53,75.00686019847939,4.285232845232763,0.602503,900.4071690453909,6.876113084555086,0.880664,train
2014-04-26 23:59:53,74.92458124465428,4.284429481062391,0.602321,899.0134096620221,6.873635246510552,0.880924,train
2014-04-27 23:59:53,74.97531532388585,4.296231083958333,0.602139,897.9087266566356,6.839572424440553,0.881185,train
2014-04-28 23:59:53,74.88954835656006,4.29069766083277,0.601958,898.8032112995511,6.820570464891552,0.881446,train
2014-04-29 23:59:53,75.02389955126148,4.263079140786538,0.601776,899.7654802633846,6.8584768206871445,0.881706,train
2014-04-30 23:59:53,74.76813070219073,4.239944597479238,0.601595,900.1076446403085,6.872778796402988,0.881967,train
2014-05-01 23:59:53,74.93738326526287,4.274732665449541,0.601505,899.0338977193717,6.837767454073949,0.882228,train
2014-05-02 23:59:53,74.95368214983877,4.2658666147481865,0.601337,899.9831013057437,6.819315216406469,0.881096,train
2014-05-03 23:59:53,74.77731534793539,4.274070857271407,0.601168,899.4574514901014,6.862923901276665,0.881087,train
2014-05-04 23:59:53,74.73752344014218,4.29597691310596,0.601,898.175345013611,6.879142974277262,0.881078,train
2014-05-05 23:59:53,74.72465774681302,4.251377443819853,0.600831,898.6603438984397,6.850908262567961,0.881069,train
2014-05-06 23:59:53,75.01555296961126,4.253329003052392,0.600663,899.422624436289,6.8394960183323175,0.881061,train
2014-05-07 23:59:53,75.39747497048317,4.281883571410567,0.600494,902.4977050665698,6.817749479196163,0.881052,train
2014-05-08 23:53:53,75.67148269574666,4.286731772151637,0.600494,906.1416138280845,6.8588177435160915,0.881043,train
2014-05-09 23:59:53,76.19858406614799,4.237827055342398,0.600157,911.949006419396,6.842423017175877,0.881025,train
2014-05-10 23:59:53,76.73019401077643,4.298443735016978,0.599989,918.6797596296767,6.85261447826095,0.881025,train
2014-05-11 23:59:53,77.38446772266954,4.276422116942963,0.59982,925.3640091177373,6.833070415869834,0.881017,train
2014-05-12 23:59:53,77.57033146570183,4.2647980052524375,0.599652,930.1770012015467,6.83092959232324,0.881008,train
2014-05-13 23:59:53,77.79906004598247,4.235295836778682,0.599484,930.0787701931439,6.798039516025504,0.880999,train
2014-05-14 23:59:53,77.79643997746113,4.25813180004646,0.599315,928.5432971742175,6.8536739832424844,0.88099,train
2014-05-15 23:59:53,77.36890686597626,4.271558929776602,0.599147,923.5201303507059,6.87934983118423,0.880981,train
2014-05-16 23:59:53,76.87113218967797,4.279286288953438,0.598978,918.4606486297798,6.859100267590146,0.880973,train
2014-05-17 23:59:53,76.30676138259929,4.294160304228821,0.59881,913.0502019957214,6.823702014848957,0.880964,train
2014-05-18 23:59:53,75.36023733593724,4.248308119036744,0.598641,906.1745368459381,6.830777041626443,0.880955,train
2014-05-19 23:59:53,74.92591315953197,4.3146571491660834,0.598473,901.9778233047841,6.844042209357298,0.880946,train
2014-05-20 23:59:53,74.80229217356454,4.297279604402955,0.598304,899.6560185012341,6.860880596850346,0.880937,train
2014-05-21 23:59:53,74.3735581279423,4.286822298752352,0.598136,895.8775164300861,6.85756807066957,0.880928,train
2014-05-22 23:59:53,74.31552204352019,4.249262605335627,0.597967,894.3771708972645,6.849338388767539,0.88092,train
2014-05-23 23:59:53,74.49033575190286,4.306496131060006,0.597799,895.9550138262068,6.818786459591444,0.880911,train
2014-05-24 23:59:53,74.69233034663608,4.262878984348173,0.59763,897.0385664990496,6.846937529652693,0.880902,train
2014-05-25 23:59:53,74.82276060369705,4.29399774237006,0.597462,898.644005829708,6.868428066948406,0.880893,train
2014-05-26 23:53:53,74.23929782567383,4.280943434181842,0.597462,897.1345345088206,6.85809940778775,0.880884,train
2014-05-27 23:59:53,74.24957422234864,4.2392691512530325,0.597125,896.9231195196147,6.823436150317104,0.880867,train
2014-05-28 23:53:53,74.07012593778047,4.275783779398932,0.597125,895.0772367838883,6.842485511668561,0.880867,train
2014-05-29 23:59:53,73.97903384606438,4.260342066088142,0.596788,892.1578218300591,6.865327468549638,0.880849,train
2014-05-30 23:53:53,73.71243733153234,4.265394791576728,0.596788,889.6392037157523,6.8849806483827125,0.880849,train
2014-05-31 23:59:53,73.43072503077646,4.272408709545561,0.596451,886.8468937912074,6.809550106338647,0.880831,train
2014-06-01 23:59:53,73.54226528847204,4.26994485853249,0.596283,885.8926515388658,6.863778324179896,0.880831,train
2014-06-02 23:59:53,73.78581219834955,4.281020120958854,0.596114,888.2585678722046,6.835361208656502,0.880823,train
2014-06-03 23:59:53,74.32344195429144,4.262260960919374,0.595946,894.263016598665,6.832317525863607,0.880814,train
2014-06-04 23:59:53,74.78022933428079,4.2815783091981965,0.595777,899.5115749926699,6.845429472957888,0.880805,train
2014-06-05 23:59:53,75.18325088229574,4.254484541372859,0.595609,905.6551135338581,6.841505454182059,0.880796,train
2014-06-06 23:59:53,75.90166863980026,4.234079793285009,0.59544,913.2741917972727,6.826367244462036,0.880787,train
2014-06-07 23:59:53,76.32417407059496,4.249753363928221,0.595272,919.0878721142265,6.791074732434512,0.880779,train
2014-06-08 23:59:53,76.85926553009575,4.238509282698751,0.595103,923.0783695183562,6.84706664497619,0.88077,train
2014-06-09 23:59:53,76.79374675245796,4.256795674734658,0.594935,920.4295021936883,6.823413136358511,0.880761,train
2014-06-10 23:59:53,76.80730649929428,4.283984376610574,0.594766,915.3757353437088,6.836993507613885,0.880752,train
2014-06-11 23:59:53,76.76613982530652,4.2937075276762755,0.594598,912.381595621768,6.821168671764953,0.880743,train
2014-06-12 23:53:53,76.78625210541963,4.279338397828919,0.594598,909.5061571185062,6.846877874416023,0.880735,train
2014-06-13 23:59:53,75.84958013050486,4.2761391958229265,0.594261,902.9579532293626,6.80595673566979,0.880717,train
2014-06-14 23:59:53,75.05819381635213,4.286898998103264,0.594093,900.7200997022328,6.874939671883817,0.880717,train
2014-06-15 23:59:53,75.25418583843351,4.2877953293235205,0.593924,899.2038701419021,6.8697008343219785,0.880708,train
2014-06-16 23:59:53,74.54203437420648,4.267368519120581,0.593756,896.8912253649889,6.834241134734614,0.880699,train
2014-06-17 23:53:53,74.4691931625139,4.258001415931821,0.593756,896.156339120786,6.834854329523586,0.880691,train
2014-06-18 23:59:53,74.29329202149954,4.25889703905744,0.593419,894.2665740575471,6.829195861637887,0.880673,train
2014-06-19 23:59:53,74.03783413015644,4.285476013104726,0.59325,893.0413193587995,6.817677356199903,0.880673,train
2014-06-20 23:59:53,73.67426045335127,4.265287438465093,0.593082,890.0499016576191,6.8436630760534145,0.880664,train
2014-06-21 23:53:53,73.53037281632348,4.233256323585967,0.593082,888.468877419725,6.8645534123171,0.880655,train
2014-06-22 23:59:53,73.2698654085227,4.24474852734625,0.592745,885.8160779238566,6.86739084218344,0.880638,train
2014-06-23 23:59:53,72.96912242347568,4.234040711298069,0.592576,883.3187114263561,6.8312449095973555,0.880638,train
2014-06-24 23:59:53,72.93732678594367,4.259762901418479,0.592408,881.9166556823583,6.807834051058006,0.880629,train
2014-06-25 23:59:53,72.95081677266292,4.266937604568153,0.592239,882.7635705371812,6.814295086312115,0.88062,train
2014-06-26 23:59:53,73.01867742830976,4.284666673498222,0.592071,882.8225311195788,6.847474812753433,0.880611,train
2014-06-27 23:59:53,73.14296389032718,4.257069881619911,0.591902,885.4876609123495,6.875758627140619,0.880602,train
2014-06-28 23:59:53,73.66092210096971,4.272822207212033,0.591734,887.3409972742525,6.847885232215407,0.880594,train
2014-06-29 23:59:53,74.44213008037032,4.293716595862332,0.591566,892.3463925122153,6.86191068072258,0.880585,train
2014-06-30 23:53:53,75.50696578243694,4.254625429211683,0.591566,901.4340898203792,6.838302546365772,0.880576,train
2014-07-02 23:59:53,77.20737321246014,4.249160221441863,0.59106,920.4240947726787,6.8586691226263286,0.880558,train
2014-07-03 23:59:53,77.92508204595967,4.280293748507646,0.590892,929.7540730440816,6.838685840695547,0.88055,train
2014-07-04 23:59:53,78.83584779228617,4.25189462288757,0.590723,939.553646598409,6.8227825957168795,0.880541,train
2014-07-05 23:59:53,78.98089671993705,4.245746161091232,0.590555,940.2674586167541,6.821226242150512,0.880532,train
2014-07-06 23:59:53,78.70470417736898,4.260444825728452,0.590386,936.2102826819918,6.81736074097355,0.880523,train
2014-07-07 23:59:53,78.1916945780205,4.248548160416325,0.590218,930.040990769992,6.846482224975402,0.880514,train
2014-07-08 23:59:53,78.18235576184664,4.274206828280724,0.590049,925.8853424832583,6.841980691783957,0.880506,train
2014-07-09 23:59:53,77.54165569807687,4.240730936674741,0.589881,920.4402868288595,6.860588199954201,0.880497,train
2014-07-10 23:59:53,76.96777513462031,4.297280815291956,0.589712,914.6195200414804,6.7850214802512765,0.880488,train
2014-07-11 23:59:53,76.181186242035,4.247179796912502,0.589544,908.4729504958507,6.805173992159792,0.880479,train
2014-07-12 23:59:53,75.4284535484853,4.260712389933378,0.589375,904.1475303220707,6.845023411445333,0.88047,train
2014-07-13 23:59:53,74.8988028539415,4.242997439162272,0.589207,900.4685296205159,6.8422762437078815,0.880461,train
2014-07-14 23:59:53,74.23705361103973,4.252718768503465,0.589038,894.4198049433862,6.856893644510403,0.880453,train
2014-07-15 23:59:53,73.58231671056447,4.27267178070648,0.58887,887.5368053537752,6.854856125663055,0.880444,train
2014-07-17 00:05:53,73.1282976808872,4.294300160586177,0.588702,883.1155526082418,6.855110892185389,0.880426,train
2014-07-17 23:53:53,72.77803374022584,4.258870075480331,0.588702,879.4177954325288,6.841499216188653,0.880426,train
2014-07-18 23:59:53,72.59547853706538,4.221364343216878,0.588365,876.4258468179313,6.866881314186099,0.880409,train
2014-07-19 23:59:53,72.2179246828182,4.2583911153926275,0.588196,875.2065012794544,6.812744326200265,0.880409,train
2014-07-20 23:59:53,71.972992086101,4.282964968124977,0.588028,873.9313714987634,6.818703082273607,0.8804,train
2014-07-21 23:59:53,72.0245664229265,4.28086106781016,0.587859,873.9274937553353,6.852939003018336,0.880391,train
2014-07-22 23:59:53,72.27035910363747,4.253969643700585,0.587691,874.9674924637079,6.843602795413179,0.880382,train
2014-07-23 23:59:53,72.43110903902213,4.240198800045948,0.587522,876.3054705805886,6.852438719816537,0.880373,train
2014-07-24 23:59:53,72.83842517165293,4.2657696697261125,0.587354,881.2875704897016,6.865807521980264,0.880365,train
2014-07-25 23:59:53,73.17863374972019,4.276803996682787,0.587185,884.1244614979717,6.825886041766971,0.880356,train
2014-07-26 23:59:53,73.99116365542709,4.244526591648656,0.587017,891.3814431911845,6.808893182375773,0.880347,train
2014-07-27 23:59:53,74.990678765626,4.241351175635315,0.586848,899.8059031479349,6.850452264210897,0.880338,train
2014-07-28 23:59:53,75.63604298344364,4.275879689096415,0.58668,907.6028406755667,6.848521149828056,0.880329,train
2014-07-29 23:53:53,76.48234980989689,4.261315702814374,0.58668,914.6886641954031,6.837177512349252,0.88032,train
2014-07-30 23:59:53,77.19667042177173,4.2864817039384375,0.586343,920.6234111710634,6.864581212944094,0.880303,train
2014-07-31 23:59:53,77.69214256631822,4.274641334545788,0.586175,926.4338875647127,6.845447232696228,0.880303,train
2014-08-01 23:59:53,78.31326974844741,4.291637101572875,0.586006,933.1845022451336,6.832072564170787,0.880294,test
2014-08-02 23:59:53,77.94805078869393,4.2454199388599605,0.585838,932.2476881244976,6.849793407220694,0.880285,test
2014-08-03 23:59:53,77.67524444205745,4.27773142411435,0.585669,927.8775682016018,6.837875210494736,0.880276,test
2014-08-04 23:59:53,77.25700212990614,4.262150723583113,0.585501,923.7906339105735,6.821175627674067,0.880268,test
2014-08-06 00:05:53,76.88797140333872,4.303030108775525,0.585332,918.3156284790117,6.844631937279984,0.88025,test
2014-08-06 23:59:53,76.21419107141698,4.271688967649361,0.585164,910.3671276291105,6.860068370062166,0.88025,test
2014-08-07 23:59:53,75.63463370739632,4.283774343337466,0.584995,905.1454709094187,6.874444050555455,0.880241,test
2014-08-08 23:59:53,74.84073926025756,4.252877306728385,0.584827,899.9528232189449,6.843332947020177,0.880232,test
2014-08-09 23:59:53,74.05010367683954,4.28949685991924,0.584658,894.8012895233321,6.869952493561289,0.880224,test
2014-08-10 23:59:53,73.79206752898479,4.256605617972078,0.58449,891.2663915681978,6.852552092601648,0.880215,test
2014-08-11 23:59:53,73.58875027809857,4.259980058868676,0.584321,889.1285719578391,6.8726306169432325,0.880206,test
2014-08-12 23:59:53,73.37877511486565,4.266132814323567,0.584153,886.6275771491715,6.814888501906208,0.880197,test
2014-08-13 23:59:53,73.29638423005694,4.2367308264632815,0.583984,884.6426945346843,6.8538379372983345,0.880188,test
2014-08-14 23:59:53,73.25187777556489,4.225643166966206,0.583816,884.4696434669645,6.849787517338801,0.880179,test
2014-08-15 23:59:53,73.31231291299864,4.269090121189653,0.583647,885.6492238631606,6.852059039952561,0.880171,test
2014-08-16 23:59:53,73.60413894675169,4.255809813353395,0.583479,888.6168481191485,6.857283860024208,0.880162,test
2014-08-17 23:59:53,73.63483866325875,4.268988760770497,0.583311,889.767192448765,6.849670480018021,0.880153,test
2014-08-18 23:59:53,73.8011957838955,4.2711402349609875,0.583142,891.7546277618505,6.812404378024966,0.880144,test
2014-08-19 23:53:53,73.89292271652795,4.239544636307846,0.583142,891.987476518322,6.8035326159477245,0.880135,test
2014-08-22 23:59:53,74.78156384697121,4.270524891658965,0.582468,899.4804278355875,6.824126691385879,0.8801,test
2014-08-23 23:53:53,75.27865474916254,4.256899067232986,0.582468,903.1166211356791,6.827000266678242,0.8801,test
2014-08-25 23:59:53,75.63929019569667,4.226698310935024,0.581963,908.4086987331682,6.82310360274903,0.880074,test
2014-08-26 23:59:53,76.13415687885602,4.268987728557419,0.581794,913.554510026514,6.845476427190029,0.880074,test
2014-08-27 23:59:53,76.33202096556258,4.247045236426899,0.581626,914.251541127985,6.821252415617285,0.880065,test
2014-08-28 23:59:53,76.09649052328018,4.3060352659270285,0.581457,912.730856920815,6.79720957980605,0.880056,test
2014-08-29 23:59:53,76.0720433864761,4.254302054382072,0.581289,913.4123883251624,6.825820400210032,0.880047,test
2014-08-30 23:59:53,75.80712534086507,4.265727080737488,0.58112,910.0376463627048,6.804743892757419,0.880038,test
2014-08-31 23:59:53,75.61415447089695,4.289662128497385,0.580952,907.6701202261489,6.840338244374254,0.88003,test
2014-09-01 23:59:53,75.52352145423079,4.2657577845161825,0.580784,905.5104271902206,6.856869395760827,0.880021,test
2014-09-02 23:53:53,74.93616985452377,4.225287594840686,0.580784,900.7178300641732,6.810095308335589,0.880012,test
2014-09-03 23:59:53,74.72798036366788,4.2638246723686875,0.580447,898.5921499158372,6.817770314444713,0.879994,test
2014-09-04 23:59:53,74.71140303550459,4.285461185477939,0.580278,897.198790986832,6.844492034220642,0.879994,test
2014-09-05 23:59:53,74.91690920836692,4.250860242181485,0.58011,897.6677562562628,6.873664506677428,0.879986,test
2014-09-06 23:59:53,75.3125253759663,4.275172431009201,0.579941,899.8923473642182,6.847098320009032,0.879977,test
2014-09-07 23:59:53,75.60304823609971,4.275759613501817,0.579773,901.6750972670606,6.826714706788272,0.879968,test
2014-09-08 23:59:53,75.98046211530587,4.237528622014437,0.579604,903.8904479353182,6.853774495538244,0.879959,test
2014-09-09 23:59:53,76.01216002616383,4.272190010987641,0.579436,909.2004632118384,6.833391282010125,0.87995,test
2014-09-10 23:53:53,75.97791630726849,4.262026155688789,0.579436,910.4794009454957,6.849690813865979,0.879942,test
2014-09-11 23:59:53,76.03174007777966,4.229539420109963,0.579099,911.8600280808329,6.841095769711327,0.879924,test
2014-09-12 23:59:53,76.0124821125801,4.287090405365572,0.57893,909.2865590526051,6.835288063130085,0.879924,test
2014-09-13 23:53:53,75.72492182198654,4.263328249814205,0.57893,906.4018189817557,6.810977563613179,0.879915,test
2014-09-14 23:59:53,75.52730626709152,4.265019926882693,0.578593,903.0420998302264,6.817747691475119,0.879898,test
2014-09-15 23:53:53,75.13799739014455,4.2932493065430055,0.578593,901.3996260687794,6.8642951852108975,0.879898,test
2014-09-16 23:59:53,74.94321585229537,4.276767299277106,0.578256,898.7874224792535,6.788489468313281,0.87988,test
2014-09-17 23:59:53,74.84911973649072,4.2448200623753305,0.578088,899.5436280561158,6.816987187058989,0.87988,test
2014-09-18 23:59:53,74.91054839002763,4.212812787008223,0.57792,900.9784588623824,6.822304306875971,0.879871,test
2014-09-19 23:53:53,74.9270229942853,4.250383039180722,0.57792,901.2924766904664,6.836518364276741,0.879862,test
2014-09-20 23:59:53,74.96941915783731,4.259162977703062,0.577583,901.4781451191901,6.808836847316203,0.879845,test
2014-09-21 23:59:53,75.46198500187415,4.2648791751382085,0.577414,904.5015305388864,6.839392935977514,0.879845,test
2014-09-22 23:59:53,75.63815632196606,4.2672277669771885,0.577246,909.0833196150858,6.817532363264714,0.879836,test
2014-09-24 00:05:53,75.71448829469296,4.252897478387909,0.577077,908.7060609045292,6.82063228724788,0.879818,test
2014-09-24 23:59:53,76.20601864875812,4.233627982026325,0.576909,912.8114771542544,6.837539291644543,0.879818,test
2014-09-25 23:59:53,76.34151402335442,4.284811326642608,0.57674,914.7345530434815,6.8172423024642335,0.879809,test
2014-09-26 23:59:53,76.88283407358901,4.25176379835756,0.576572,915.9744293515853,6.849656673046556,0.879801,test
2014-09-27 23:59:53,76.8000300149358,4.267359423660546,0.576403,914.4242583817769,6.8480856898522,0.879792,test
2014-09-28 23:59:53,76.62707661714538,4.274075421469292,0.576235,911.3834731878936,6.856340289960244,0.879783,test
2014-09-29 23:53:53,76.48237350798145,4.2592658220026784,0.576235,910.1968782120751,6.830744536255999,0.879774,test
2014-10-01 23:59:53,76.0040066971402,4.292597289692684,0.575729,907.2643420120012,6.794026388817817,0.879748,test
2014-10-02 23:59:53,75.67408498019014,4.275960856055023,0.575561,907.780764186141,6.838035463701474,0.879748,test
2014-10-03 23:53:53,75.8744536507019,4.259354767112814,0.575561,908.9492837129787,6.844273051651294,0.879739,test
2014-10-04 23:59:53,76.1350029647631,4.300547358000252,0.575224,910.0637248329219,6.836675214000804,0.879721,test
2014-10-05 23:59:53,76.0707407912271,4.3012677877144,0.575056,908.8809997939238,6.868783224948371,0.879721,test
2014-10-06 23:59:53,76.05198670222556,4.274143601035278,0.574887,909.6836166342995,6.86984537818751,0.879713,test
2014-10-07 23:59:53,75.96557305049423,4.257471626081697,0.574719,909.1312588214328,6.802397836860744,0.879704,test
2014-10-09 23:59:53,75.29001259770392,4.256246772614424,0.574382,904.3597332251744,6.840166915443304,0.879686,test
2014-10-10 23:59:53,74.82901501094202,4.29025643394836,0.574213,899.9114969027047,6.829516242567902,0.879677,test
2014-10-11 23:59:53,74.5275595437878,4.307756608013878,0.574045,895.3285663289637,6.856580755666095,0.879668,test
2014-10-12 23:59:53,74.16903418015019,4.258680884225063,0.573876,892.4304907697901,6.8259099706700495,0.87966,test
2014-10-13 23:59:53,74.21152927961394,4.2885573449969705,0.573708,891.2629818546721,6.8013310286587805,0.879651,test
2014-10-14 23:59:53,74.18987906080811,4.238670575069726,0.573539,892.8323197711344,6.805579285804857,0.879642,test
2014-10-15 23:59:53,74.25731147839183,4.28587308091497,0.573371,893.310985038401,6.800093583237153,0.879633,test
2014-10-16 23:59:53,74.70216495553485,4.2906891178112865,0.573202,896.5228852170925,6.813614453159823,0.879624,test
2014-10-17 23:59:53,75.14875350199357,4.253866559465618,0.573034,900.7811600975336,6.784222136350212,0.879616,test
2014-10-18 23:59:53,76.06635300488331,4.2866400007469805,0.572865,908.1404324391119,6.817865453997187,0.879607,test
2014-10-19 23:59:53,76.67029754863951,4.2428719616689,0.572697,917.0191793748861,6.833400270369737,0.879598,test
2014-10-20 23:59:53,77.1405302807319,4.246991836771343,0.572529,921.2432203852403,6.798813704840741,0.87958,test
2014-10-21 23:53:53,77.3855851758326,4.252591012526177,0.572529,925.5273919345253,6.802055232955934,0.87958,test
2014-10-22 23:59:53,77.47081141771062,4.231535721519793,0.572192,924.6972220285985,6.797794913519642,0.879563,test
2014-10-23 23:53:53,77.30654009793177,4.296220331310313,0.572192,922.8933855639139,6.826408354294103,0.879563,test
2014-10-24 23:59:53,77.67808220018424,4.238229884932467,0.571855,922.4780312210788,6.844936654859787,0.879545,test
2014-10-26 00:05:53,77.3414362558081,4.2677377822886156,0.571686,918.3240715493922,6.849605928730527,0.879545,test
2014-10-26 23:59:53,76.98720540948173,4.27467714350951,0.571518,913.878946843001,6.842837571091079,0.879536,test
2014-10-27 23:53:53,76.55061979665243,4.265622592483917,0.571518,910.7790066050378,6.858336697157406,0.879527,test
2014-10-28 23:59:53,75.61864997843864,4.282025991943606,0.571181,904.4387628556026,6.835773828317263,0.87951,test
2014-10-29 23:59:53,75.00583995182095,4.23894135048993,0.571012,901.5873411949831,6.848494104507967,0.87951,test
2014-10-30 23:59:53,74.97751958639974,4.286837519399383,0.570844,900.4217922079118,6.81969694603604,0.879501,test
2014-10-31 23:59:53,75.16487052942242,4.297835210614215,0.570675,900.1782817367198,6.824544997636478,0.879492,test
2014-11-01 23:59:53,75.39955693874042,4.274934453843456,0.570507,901.2064009932627,6.86413840313471,0.879483,holdout
2014-11-02 23:59:53,75.30774394352503,4.286040150275807,0.570338,901.7111229806118,6.856428947807244,0.879475,holdout
2014-11-03 23:59:53,74.99575162628793,4.2397399780594505,0.57017,901.7725027297249,6.7975623006142145,0.879466,holdout
2014-11-04 23:59:53,75.33604192145077,4.25339174677349,0.570002,902.4385673597718,6.8234577839155,0.879457,holdout
2014-11-05 23:53:53,75.49523873837134,4.2858701140516855,0.570002,903.4578467839181,6.832278769782006,0.879448,holdout
2014-11-07 23:59:53,75.45399213283287,4.283368168277955,0.569496,901.7271337121956,6.8726810348144065,0.879422,holdout
2014-11-08 23:59:53,75.43869934128155,4.244953866162763,0.569328,901.9607292904537,6.853953294475736,0.879422,holdout
2014-11-09 23:59:53,75.47421133959735,4.295267990872524,0.569159,902.5145473463232,6.8668626062676,0.879413,holdout
2014-11-10 23:59:53,76.09809391307698,4.2671454239079685,0.568991,903.1394367273851,6.830845286196189,0.879404,holdout
2014-11-11 23:59:53,75.476513897567,4.262151490451684,0.568822,904.9081234732278,6.84019988776752,0.879395,holdout
2014-11-12 23:59:53,76.07355473644485,4.262027808173381,0.568654,909.8175915968969,6.826930817749411,0.879386,holdout
2014-11-13 23:59:53,76.70908627735228,4.294895908382834,0.568485,914.9619090626588,6.869780558614329,0.879378,holdout
2014-11-14 23:53:53,77.70808957414165,4.270409642517268,0.568485,922.499319851664,6.859095168104826,0.879369,holdout
2014-11-15 23:59:53,78.26758643423797,4.276479549383958,0.568148,929.0393669237174,6.817612992723142,0.879351,holdout
2014-11-16 23:53:53,78.08520921556887,4.268620779626372,0.568148,931.1765087904996,6.818371225773196,0.879351,holdout
2014-11-17 23:59:53,78.47952669808105,4.22769720765621,0.567811,936.5938640000696,6.782530174333088,0.879334,holdout
2014-11-18 23:59:53,78.4155123744497,4.238514545940745,0.567643,936.4412536611384,6.8109098843983364,0.879334,holdout
2014-11-19 23:59:53,78.31610921279793,4.225192415283377,0.567474,933.3425620031582,6.830793018437286,0.879325,holdout
2014-11-20 23:53:53,77.89565512471577,4.248113185078074,0.567474,927.1605663505904,6.832844140662007,0.879316,holdout
2014-11-22 23:59:53,76.86734761981786,4.268146960921509,0.566969,914.2515681556758,6.854992293145158,0.87929,holdout
2014-11-23 23:59:53,76.61147804067261,4.283085942306729,0.566801,910.4124347530917,6.822284111992918,0.87929,holdout
2014-11-24 23:59:53,76.27105447944679,4.2971739489450025,0.566632,909.6966596658986,6.811164842712818,0.879272,holdout
2014-11-25 23:59:53,76.51970799333102,4.258884034823205,0.566464,911.9674542550748,6.86303776456949,0.879272,holdout
2014-11-26 23:59:53,76.95775822111102,4.265616124822259,0.566295,914.8145603346463,6.799839929460214,0.879263,holdout
2014-11-27 23:59:53,77.15010255145043,4.266080000064132,0.566127,917.7231085899754,6.818252132881938,0.879254,holdout
2014-11-28 23:59:53,77.46991798819151,4.298321396952997,0.565958,918.5930543423488,6.820732088597239,0.879246,holdout
2014-11-30 23:59:53,77.02054272721223,4.272719562159958,0.565621,915.4830403303059,6.828753216578501,0.879219,holdout
2014-12-02 00:05:53,76.78040508363968,4.252349892147135,0.565453,913.0572277324959,6.8385912339069685,0.879219,holdout
2014-12-02 23:59:53,76.40238214561741,4.263105730275116,0.565284,910.4177676081066,6.818937252247493,0.87921,holdout
2014-12-03 23:59:53,76.14697049412698,4.298100743435508,0.565116,907.8320750498326,6.825851440555739,0.879201,holdout
2014-12-04 23:59:53,75.94733396170626,4.287970426140655,0.564947,905.7725092822456,6.8461927371135305,0.879193,holdout
2014-12-05 23:59:53,75.71941203853777,4.259855053402703,0.564779,903.2135480584816,6.823676547282965,0.879184,holdout
2014-12-06 23:59:53,75.55819517688866,4.2623279416014475,0.564611,901.7259220547146,6.816629121343435,0.879175,holdout
2014-12-07 23:59:53,75.37501765687274,4.286035360416756,0.564442,900.5860960733288,6.793379087613281,0.879166,holdout
2014-12-08 23:59:53,75.43366502116348,4.26460265144653,0.564274,902.8922100409427,6.834954887431295,0.879157,holdout
2014-12-09 23:53:53,75.91183067839823,4.280367992924234,0.564274,906.9875837600124,6.85154794303413,0.879149,holdout
2014-12-11 23:59:53,77.27882042516198,4.31055686309939,0.563768,918.4972936356661,6.850917400983407,0.879122,holdout
2014-12-12 23:53:53,78.16851045661441,4.24833100552734,0.563768,927.5444724418074,6.821136330947315,0.879122,holdout
2014-12-13 23:59:53,78.7340577004049,4.227243156971746,0.563431,934.2304270218632,6.84507795116104,0.879105,holdout
2014-12-14 23:59:53,79.07208371845171,4.246847059690844,0.563263,937.8677769476818,6.810489366237731,0.879105,holdout
2014-12-15 23:53:53,78.43271099503022,4.264386540940501,0.563263,937.1062930994275,6.782879069514309,0.879096,holdout
2014-12-16 23:59:53,78.78155093158462,4.286130748242405,0.562926,937.4875893968502,6.869720251012143,0.879078,holdout
2014-12-17 23:59:53,78.39337563857605,4.258901333546823,0.562757,933.2288275941177,6.849720370884631,0.879078,holdout
2014-12-18 23:59:53,78.3813834862808,4.260403565033725,0.562589,931.0697872549792,6.8629807333471895,0.879069,holdout
2014-12-19 23:59:53,77.89634761565117,4.2415595596763005,0.56242,926.1551156201192,6.854305223326982,0.879061,holdout
2014-12-20 23:59:53,77.59562337102668,4.273853772442321,0.562252,921.844421994099,6.859895344061467,0.879052,holdout
2014-12-21 23:53:53,76.96350278632246,4.264294040539373,0.562252,917.470366041609,6.86567265526615,0.879043,holdout
2014-12-22 23:59:53,76.250148246166,4.245873232444267,0.561915,911.7252524644042,6.801194468037201,0.879025,holdout
2014-12-23 23:59:53,76.00201426278214,4.282794362058786,0.561747,908.3337794790988,6.8231944679190795,0.879025,holdout
2014-12-24 23:59:53,75.83221447727252,4.290387992688356,0.561578,907.3544226247451,6.839112054361029,0.879016,holdout
2014-12-25 23:59:53,75.40201589796278,4.274373687082773,0.56141,904.9895126762259,6.83676796711887,0.879008,holdout
2014-12-26 23:59:53,75.68071445569717,4.232663201807579,0.561241,905.6952953947946,6.847010864362562,0.878999,holdout
2014-12-27 23:53:53,75.26665569580707,4.262690803610435,0.561241,903.1727900292046,6.832220964888507,0.87899,holdout
2014-12-28 23:59:53,75.26862689540543,4.233150755782014,0.560904,903.0155888708308,6.822972225297181,0.878972,holdout
2014-12-29 23:59:53,74.95718481523383,4.247563324329345,0.560736,900.9669036491388,6.877490931972797,0.878972,holdout
2014-12-30 23:59:53,75.04012432464953,4.242154648463879,0.560567,899.2632405792193,6.834124563659428,0.878964,holdout
2014-12-31 23:59:53,74.96060015084984,4.295974397903483,0.560399,899.8095691613421,6.832629147527666,0.878946,holdout
2015-01-01 23:59:53,75.07573809829455,4.258879152452575,0.56023,902.0854227338657,6.836092246364858,0.878946,train
2015-01-02 23:59:53,75.12181991054248,4.2460394416552605,0.560062,903.1888358567801,6.820889647077382,0.878937,train
2015-01-03 23:59:53,75.40246682320597,4.268382564662338,0.559893,904.9851248509194,6.820773541790231,0.878928,train
2015-01-04 23:59:53,75.37829207160235,4.232077964572293,0.559725,905.7020382870847,6.839942792549884,0.878919,train
2015-01-05 23:59:53,75.92237792252371,4.264430280873242,0.559556,909.2837391664345,6.821740898789832,0.878911,train
2015-01-06 23:59:53,76.08279545136925,4.237351998726691,0.559388,910.9953555941839,6.866589095440862,0.878902,train
2015-01-07 23:59:53,76.65798279965092,4.279091675496494,0.55922,914.9822129692242,6.81295071695333,0.878893,train
2015-01-08 23:59:53,77.3175628218348,4.270833897677216,0.559051,921.5010951968176,6.847020702192647,0.878884,train
2015-01-09 23:59:53,77.60876636631362,4.232555902147093,0.558883,925.8288541475567,6.8440482609155415,0.878875,train
2015-01-10 23:59:53,77.72058277669049,4.2339219047201,0.558714,929.9282895943068,6.781866846331728,0.878867,train
2015-01-11 23:59:53,78.03480670099209,4.227984910720427,0.558546,932.6632945878945,6.839759472101618,0.878858,train
2015-01-12 23:59:53,78.04912459184244,4.2700353768310695,0.558377,933.7568146320978,6.824471002459719,0.878849,train
2015-01-13 23:59:53,77.84892410993486,4.251093340517939,0.558209,931.261573950753,6.831333961384049,0.87884,train
2015-01-14 23:59:53,77.59689630860665,4.254305484708849,0.55804,926.8957904739448,6.865448647888538,0.878831,train
2015-01-15 23:59:53,77.22473185083953,4.281069416869501,0.557872,922.30911870711,6.836601318150437,0.878823,train
2015-01-16 23:59:53,76.42325475984543,4.282581851204671,0.557703,916.130637890482,6.835076028399962,0.878814,train
2015-01-17 23:59:53,76.01276721981048,4.277491194573559,0.557535,913.0992078855169,6.825118031324417,0.878805,train
2015-01-18 23:59:53,75.67680979351574,4.24505686370951,0.557366,907.6954498776531,6.842713184061276,0.878796,train
2015-01-19 23:59:53,75.28523075469839,4.258853095214898,0.557198,904.5508472675189,6.798489167154067,0.878787,train
2015-01-20 23:59:53,74.8455486409276,4.240781601759301,0.557029,900.850761992309,6.797044981282328,0.878779,train
2015-01-21 23:59:53,74.44743997018665,4.276448784681175,0.556861,897.6004075347369,6.849236946991595,0.87877,train
2015-01-22 23:59:53,74.33737092056361,4.261137230250146,0.556693,895.9205043822341,6.869466795513361,0.878761,train
2015-01-23 23:59:53,74.26940030288162,4.271558691880482,0.556524,893.9171116671005,6.83282617746091,0.878752,train
2015-01-24 23:59:53,74.48683319641644,4.266610521580141,0.556356,896.5888452926816,6.850398567676937,0.878743,train
2015-01-25 23:59:53,74.8257996936753,4.279181711981556,0.556187,899.4337326512016,6.868452118845447,0.878734,train
2015-01-26 23:59:53,75.03531167542675,4.249597524586039,0.556019,903.3285734971182,6.845512893223197,0.878726,train
2015-01-27 23:59:53,75.82284028872714,4.2452407196471,0.55585,909.2361624514888,6.866500662209869,0.878717,train
2015-01-28 23:59:53,76.11389569002996,4.2701847064846845,0.555682,912.5867459099454,6.863453836055321,0.878708,train
2015-01-29 23:59:53,76.75682304820988,4.308339238649958,0.555513,916.7905114465077,6.870130114972545,0.878699,train
2015-01-30 23:59:53,76.96343627460922,4.246962018151472,0.555345,919.9594519203578,6.856872228557468,0.87869,train
2015-01-31 23:59:53,77.04311679831834,4.276384709094708,0.555176,921.0116059069144,6.831496052642859,0.878682,train
2015-02-01 23:59:53,77.04003304313639,4.241135184069097,0.555008,921.6017989223811,6.839891686105289,0.878673,train
2015-02-02 23:59:53,77.3253506719573,4.2594986963558314,0.554839,923.3134827537968,6.834244565634903,0.878664,train
2015-02-03 23:53:53,77.3479416118227,4.260581533561608,0.554839,924.0582068483232,6.850008198597796,0.878655,train
2015-02-04 23:59:53,77.83820214677559,4.287694274341691,0.554502,926.4509724057083,6.8126694392126135,0.878638,train
2015-02-05 23:59:53,77.82876969488338,4.273684174175072,0.554334,927.772566040008,6.852960404768082,0.878638,train
2015-02-06 23:59:53,77.78170919727852,4.289960314796034,0.554165,927.7393923877562,6.871937886371878,0.878629,train
2015-02-07 23:59:53,77.75190486176044,4.266024987340722,0.553997,927.6657490467501,6.8586652342852,0.87862,train
2015-02-08 23:59:53,77.69636987077078,4.25884014062281,0.553829,926.2169178150318,6.826051699494815,0.878611,train
2015-02-09 23:59:53,78.02359825827108,4.275131015081014,0.55366,927.0408552115665,6.827453180866634,0.878602,train
2015-02-10 23:59:53,77.35613450813463,4.307160014703351,0.553492,923.7285341702452,6.854301800310371,0.878594,train
2015-02-11 23:59:53,76.94637134777038,4.288468255903911,0.553323,920.016606465238,6.857828808243546,0.878585,train
2015-02-12 23:59:53,76.59813270384352,4.313078356570554,0.553155,917.6693350660963,6.848888460187447,0.878576,train
2015-02-13 23:59:53,76.22744212721662,4.271766651215673,0.552986,913.7502562357935,6.841807725113206,0.878567,train
2015-02-14 23:59:53,75.66004331345259,4.266853260547062,0.552818,908.3765810587425,6.878968358827489,0.878558,train
2015-02-15 23:59:53,75.25079913975037,4.237754573753993,0.552649,904.842709483423,6.84855262526147,0.878549,train
2015-02-16 23:53:53,74.73727169512671,4.264921915476792,0.552649,898.7583094156621,6.853928455445044,0.878541,train
2015-02-17 23:59:53,74.53972196949185,4.267108979563174,0.552312,894.5709694542775,6.857223863832801,0.878523,train
2015-02-18 23:59:53,74.49377488913966,4.283230894999955,0.552144,893.2669685920171,6.856240954594077,0.878523,train
2015-02-19 23:59:53,74.3298933491143,4.257519628425395,0.551975,892.4348661780311,6.843417567290547,0.878514,train
2015-02-20 23:59:53,74.41793614701034,4.2622174460494815,0.551807,894.6836645372257,6.82750430411272,0.878505,train
2015-02-21 23:59:53,74.49708468425179,4.281189413628657,0.551638,897.0392586629293,6.870681063991176,0.878497,train
2015-02-22 23:59:53,74.72231333301589,4.258827959720131,0.55147,900.5608146961703,6.828577101773525,0.878488,train
2015-02-23 23:59:53,74.47191214989323,4.296816780409483,0.551302,896.5765738820429,6.8089337200485565,0.878479,train
2015-02-24 23:59:53,74.69939491174384,4.2441336388546755,0.551133,898.1486101892139,6.826716956920258,0.87847,train
2015-02-25 23:59:53,74.8089474558724,4.255587392824255,0.550965,899.784370044632,6.828286845247605,0.878461,train
2015-02-26 23:59:53,75.14654078537595,4.279216208253858,0.550796,902.9655477303622,6.821809403343966,0.878453,train
2015-02-27 23:59:53,75.45300003540672,4.230687320814199,0.550628,904.6379724837327,6.844162398873794,0.878444,train
2015-02-28 23:59:53,75.76891849112903,4.273247761275372,0.550459,908.0033415475996,6.832348042428966,0.878435,train
2015-03-01 23:59:53,75.82618168836576,4.281001125753237,0.550291,909.4206827956787,6.867632017517345,0.878426,train
2015-03-02 23:53:53,75.92700681386596,4.231081618858855,0.550291,911.0845352848689,6.794851799058733,0.878417,train
2015-03-05 23:59:53,75.87240384664945,4.282961534136644,0.549617,908.4466076967778,6.860602597671303,0.878382,train
2015-03-06 23:59:53,75.77779869610258,4.272380422271368,0.549448,906.6593291807133,6.795144624226652,0.878382,train
2015-03-07 23:53:53,75.78794074886945,4.284146976727584,0.549448,906.0096513724621,6.86154608126577,0.878373,train
2015-03-08 23:59:53,75.78114867553283,4.273383650482097,0.549111,906.4690835434956,6.795720852138695,0.878356,train
2015-03-09 23:59:53,76.26492695810231,4.29261902572468,0.548943,907.139167152532,6.875255659595319,0.878356,train
2015-03-10 23:59:53,76.57115178826172,4.311573238519991,0.548774,905.426136875723,6.8618675762172066,0.878347,train
2015-03-11 23:59:53,75.54698934575688,4.28805864807008,0.548606,905.2835505455068,6.818665479007669,0.878338,train
2015-03-12 23:59:53,75.17652363477961,4.2932622348851925,0.548438,903.8709988258443,6.824034342802475,0.878329,train
2015-03-13 23:59:53,74.91992784478032,4.259150856444688,0.548269,902.0088021102504,6.831566651428797,0.87832,train
2015-03-14 23:53:53,74.52938691741625,4.251164312355153,0.548269,897.0688530289673,6.792728965053314,0.878312,train
2015-03-15 23:59:53,74.16184564539232,4.278267488178841,0.547932,891.5422979497843,6.845777682494463,0.878294,train
2015-03-16 23:53:53,73.74460077680249,4.281970227500512,0.547932,888.2138656255959,6.795214364103755,0.878294,train
2015-03-17 23:59:53,73.66467953851027,4.289790120607108,0.547595,884.5372478630277,6.862876424907855,0.878276,train
2015-03-18 23:59:53,73.22522678632568,4.2610754520602105,0.547427,881.5428829574245,6.860147988629401,0.878276,train
2015-03-19 23:59:53,73.049524364117,4.318342320671796,0.547258,881.1075357561183,6.8405767910520225,0.878267,train
2015-03-20 23:59:53,73.37329936746697,4.285203935443094,0.54709,884.5146366059666,6.787570640750841,0.878259,train
2015-03-21 23:59:53,73.8576421897891,4.285821218076172,0.546921,887.9236828198457,6.870161285471615,0.87825,train
2015-03-22 23:59:53,74.49560446573514,4.260162761447005,0.546753,894.1859870600886,6.862636591307076,0.878241,train
2015-03-23 23:59:53,75.30270846957876,4.261280228323943,0.546584,902.1280904767227,6.8091859956709655,0.878232,train
2015-03-24 23:59:53,75.91727069153409,4.2635209445906685,0.546416,908.337864026505,6.836642013309066,0.878223,train
2015-03-25 23:59:53,76.31039002246038,4.283373299633288,0.546247,912.7633592281023,6.822463876004696,0.878215,train
2015-03-26 23:59:53,76.88832062207456,4.272790088435936,0.546079,918.3951690778699,6.798312771553738,0.878206,train
2015-03-27 23:59:53,76.84771102212443,4.274249004709552,0.545911,917.8163523344467,6.78914122998808,0.878197,train
2015-03-28 23:59:53,76.854342576003,4.246012136193037,0.545742,919.0661016398446,6.799954097452581,0.878188,train
2015-03-29 23:59:53,76.58395035958432,4.291601221353993,0.545574,917.5831212629658,6.800482049487321,0.878179,train
2015-03-30 23:59:53,76.40793628372187,4.262823528306582,0.545405,914.0720042791532,6.8471090212401355,0.878171,train
2015-03-31 23:59:53,75.90995518008428,4.299275841985568,0.545237,909.5053507894812,6.823978168559591,0.878162,train
2015-04-01 23:53:53,75.51084493974761,4.294004503240365,0.545237,904.6947788273968,6.845820828832904,0.878153,train
2015-04-02 23:59:53,75.15950165593596,4.296437782105466,0.5449,900.7609639584722,6.871182075818895,0.878135,train
2015-04-03 23:59:53,75.24107084059452,4.298503436514881,0.544731,900.4244043943277,6.890932588556646,0.878135,train
2015-04-04 23:59:53,75.51556524077915,4.281298688141836,0.544563,901.3318480940376,6.833766951320795,0.878127,train
2015-04-05 23:59:53,75.13167624784909,4.25153999656474,0.544394,901.5932089859131,6.7976272852094475,0.878118,train
2015-04-06 23:59:53,75.00168995446371,4.26067963329771,0.544226,902.5018393812827,6.8753342763427145,0.878109,train
2015-04-07 23:59:53,74.96111331290078,4.27304034383252,0.544057,902.9776170285616,6.873479177226143,0.8781,train
2015-04-08 23:53:53,74.90590619816342,4.265990720786266,0.544057,903.3573139856315,6.832196209672204,0.878091,train
2015-04-09 23:59:53,74.90332075177038,4.233706852590964,0.54372,901.7863673146663,6.869511200262664,0.878074,train
2015-04-10 23:59:53,74.32908763135376,4.276389463738997,0.543552,894.6285929078438,6.844139853755038,0.878074,train
2015-04-11 23:59:53,74.15285515842872,4.290646865680903,0.543383,891.2891158348764,6.851798568928992,0.878065,train
2015-04-12 23:59:53,74.30597974253592,4.285307900704782,0.543215,889.0308546634581,6.846547015313791,0.878056,train
2015-04-13 23:59:53,74.1596092828224,4.244078311117779,0.543047,889.3717669709972,6.849435187136393,0.878047,train
2015-04-14 23:59:53,74.37963318530424,4.2765344951810915,0.542878,890.2740743311061,6.8365536256555135,0.878038,train
2015-04-15 23:59:53,74.6124282163625,4.229926834676072,0.54271,892.4972316615224,6.8392268393974796,0.87803,train
2015-04-16 23:59:53,74.82988963006365,4.3053855530889935,0.542541,897.6350067661086,6.826822437533744,0.878021,train
2015-04-17 23:59:53,75.59133535416447,4.286352681290876,0.542373,904.6344270535033,6.856606827389431,0.878012,train
2015-04-18 23:59:53,76.19539297108008,4.270003166073344,0.542204,910.394520769657,6.771372390745605,0.878003,train
2015-04-19 23:53:53,76.51208618874615,4.270879858161874,0.542204,914.5889325015065,6.837352721875285,0.877994,train
2015-04-20 23:59:53,76.892780141368,4.312619942192223,0.541867,916.9180626176735,6.813361701174749,0.877977,train
2015-04-21 23:59:53,77.30696100276496,4.271331809229889,0.541699,916.7207915791729,6.822215340719805,0.877977,train
2015-04-22 23:59:53,76.91170769325267,4.312071465507829,0.54153,916.8247520764305,6.82629250552535,0.877968,train
2015-04-23 23:59:53,76.48939118373784,4.270981905198138,0.541362,913.2876140205584,6.8323631471254735,0.877959,train
2015-04-24 23:59:53,76.17100859841455,4.304043130084569,0.541193,911.1243893697515,6.837078363702444,0.87795,train
2015-04-25 23:59:53,75.8470920977496,4.245317922128787,0.541025,908.1817041814395,6.8684254580827355,0.877941,train
2015-04-26 23:59:53,75.35720780327588,4.254831084510857,0.540856,904.3891110031208,6.841370488080651,0.877933,train
2015-04-27 23:59:53,74.98216264733713,4.2910858625139285,0.540688,900.8627838653297,6.800173446489313,0.877924,train
2015-04-28 23:59:53,74.60734950814884,4.263913383175038,0.54052,895.8906825714869,6.773935214591499,0.877915,train
2015-04-29 23:59:53,74.13095901873301,4.272469869491659,0.540351,891.8801662245521,6.841593304284926,0.877906,train
2015-04-30 23:59:53,74.1523039873523,4.314163470536477,0.540183,890.6895738805358,6.849484301335572,0.877897,train
2015-05-01 23:59:53,74.1846796501619,4.3102598988269385,0.540014,894.7777672964637,6.845962696259368,0.877889,train
2015-05-02 23:59:53,74.23438442908005,4.275375756184554,0.539846,895.7461919348796,6.8542562937796925,0.87788,train
2015-05-03 23:59:53,74.31550939158657,4.286776070554083,0.539677,896.9118169148763,6.798905168525509,0.877871,train
2015-05-04 23:59:53,74.5075455594339,4.295815946261409,0.539509,900.8337337915809,6.808768642730466,0.877862,train
2015-05-05 23:59:53,74.93747194064882,4.255956032222532,0.53934,903.8416134947294,6.83129791875396,0.877853,train
2015-05-06 23:59:53,75.18601141064559,4.264007553724006,0.539172,905.4249485778614,6.840247627155217,0.877845,train
2015-05-07 23:59:53,75.40645323646908,4.27933016879868,0.539003,906.2366628905388,6.829725381984044,0.877836,train
2015-05-08 23:59:53,75.31458950692102,4.304716823636483,0.538835,904.7708554747937,6.848144495620264,0.877827,train
2015-05-09 23:59:53,75.56792744088753,4.270494537481445,0.538666,906.208286071288,6.850250067807657,0.877818,train
2015-05-10 23:59:53,75.79477973820008,4.311090699095561,0.538498,906.627227133583,6.86903639248365,0.877809,train
2015-05-11 23:59:53,75.95374317103645,4.264364807618165,0.538329,909.3758353240256,6.818068391684728,0.877801,train
2015-05-12 23:59:53,76.0766387693418,4.25495303801141,0.538161,910.1424187204682,6.832064952820586,0.877792,train
2015-05-13 23:59:53,76.06071172908197,4.2774852379324715,0.537992,911.5553739343085,6.845784504604734,0.877783,train
2015-05-14 23:59:53,76.3796389842437,4.2487386113257735,0.537824,914.9626098026889,6.831459525216531,0.877774,train
2015-05-15 23:59:53,76.16732936665896,4.276556731339528,0.537656,913.2472365443543,6.792286535059624,0.877765,train
2015-05-16 23:59:53,76.06723589215613,4.272333091905778,0.537487,913.8162193079858,6.88543467464917,0.877756,train
2015-05-17 23:59:53,75.63206562134727,4.276645571050222,0.537319,909.6839307557085,6.811012676297032,0.877748,train
2015-05-18 23:59:53,75.52404336248385,4.300548870338389,0.53715,908.583513447054,6.829199323075557,0.877739,train
2015-05-19 23:59:53,75.27722753937711,4.281293053303232,0.536982,906.1357338890648,6.834572188311929,0.87773,train
2015-05-20 23:59:53,75.18143815182238,4.3068735474466875,0.536813,905.6065964380172,6.853054979028591,0.877721,train
2015-05-21 23:59:53,75.05715973334442,4.2820058184471135,0.536645,904.1412954283106,6.865262791539284,0.877712,train
2015-05-22 23:59:53,74.8301835922517,4.282703155098243,0.536476,903.5889081961025,6.8496998744581745,0.877704,train
2015-05-23 23:59:53,74.57264632129997,4.26519421633582,0.536308,900.6336440175821,6.847257897402497,0.877695,train
2015-05-24 23:59:53,74.2187497676807,4.250581034839983,0.536139,896.0740944569964,6.844840480783092,0.877686,train
2015-05-25 23:59:53,73.93606638947834,4.306064768181212,0.535971,894.072114163506,6.852655493424901,0.877677,train
2015-05-26 23:59:53,73.72029305584667,4.24938968965548,0.535802,890.934933363701,6.868791658428557,0.877668,train
2015-05-27 23:59:53,73.54200205961317,4.287095542294472,0.535634,888.1443169899565,6.824202508675216,0.87766,train
2015-05-28 23:59:53,73.58170185535786,4.27857884714301,0.535465,888.5401357335414,6.866222340928438,0.877651,train
2015-05-29 23:59:53,73.37603973186212,4.2729930112018675,0.535297,887.7604183145071,6.858336607213702,0.877642,train
2015-05-30 23:59:53,73.49006684463383,4.286517156053739,0.535129,890.5190838365529,6.835868716366824,0.877633,train
2015-05-31 23:59:53,73.74442713476402,4.258411286508045,0.53496,893.5625018032055,6.849713444244735,0.877624,train
2015-06-01 23:59:53,74.10134417655375,4.2816465378977115,0.534792,896.5679862386658,6.8553171014128935,0.877615,train
2015-06-02 23:59:53,74.51363978544325,4.261199003727767,0.534623,899.5704058083593,6.851631671560149,0.877607,train
2015-06-03 23:59:53,74.8435583357382,4.271773665679425,0.534455,901.946570311094,6.844605742666598,0.877598,train
2015-06-04 23:59:53,75.17461364833972,4.280376982652615,0.534286,904.192695716721,6.8748374521929225,0.877589,train
2015-06-05 23:59:53,75.52924284516847,4.293358196304548,0.534118,908.3456481437397,6.859972302811131,0.87758,train
2015-06-06 23:59:53,76.2564785219838,4.257611277336535,0.533949,914.989546722047,6.8486451892268505,0.877571,train
2015-06-07 23:59:53,76.46718852235053,4.292712790718205,0.533781,918.8873597948973,6.804942069827732,0.877563,train
2015-06-08 23:59:53,76.533341199611,4.2232616420071185,0.533612,919.5113800872263,6.813168986140077,0.877554,train
2015-06-09 23:59:53,76.51343120799746,4.235127946746188,0.533444,919.6639187145099,6.846674727732161,0.877545,train
2015-06-10 23:59:53,76.39528331742027,4.226374598518757,0.533275,917.2737806343738,6.802028225361421,0.877536,train
2015-06-11 23:59:53,76.36229687191017,4.260077011571677,0.533107,913.688035069432,6.840801692346868,0.877527,train
2015-06-12 23:59:53,76.02999935584683,4.266316853752874,0.532938,909.6287628961335,6.854492530908478,0.877519,train
2015-06-13 23:59:53,75.55509153880493,4.297725712703695,0.53277,905.4722938989128,6.838013301476737,0.87751,train
2015-06-14 23:59:53,75.32392611751821,4.2934694232143675,0.532602,904.6430697262067,6.858591682434214,0.877501,train
2015-06-15 23:59:53,75.02104524930682,4.245121625807422,0.532433,902.282239200475,6.804447534636805,0.877492,train
2015-06-16 23:59:53,75.10652977888921,4.2883348345093415,0.532265,902.0313697150756,6.870863175345072,0.877483,train
2015-06-17 23:59:53,75.28645529266956,4.272711424114669,0.532096,904.6743342504104,6.828304280412631,0.877474,train
2015-06-18 23:59:53,75.15934878687102,4.295076882860712,0.531928,902.0332145792876,6.830772763128959,0.877466,train
2015-06-19 23:59:53,74.9103812484382,4.279821330723651,0.531759,901.6189897383566,6.8234037403919885,0.877457,train
2015-06-20 23:59:53,74.47770245560439,4.255676800770074,0.531591,897.2326549293583,6.831839956513495,0.877448,train
2015-06-21 23:59:53,74.10013047820726,4.277955872594126,0.531422,892.4530199810007,6.834430311073853,0.877439,train
2015-06-22 23:59:53,73.66735523736581,4.273267078723969,0.531254,889.3275908608161,6.8643803031286925,0.87743,train
2015-06-23 23:59:53,73.20093652366667,4.256613318112283,0.531085,884.9485409316541,6.835362704698456,0.877422,train
2015-06-24 23:59:53,73.11285734109877,4.262343779262087,0.530917,883.8474782278812,6.871457612806788,0.877413,train
2015-06-25 23:59:53,72.76642220199632,4.277060681434106,0.530748,880.9989683853544,6.846783561478221,0.877404,train
2015-06-26 23:59:53,72.67378674394622,4.287031011980287,0.53058,879.3147370851995,6.839630680865228,0.877395,train
2015-06-27 23:59:53,72.69996995660084,4.267579715489491,0.530411,879.5725165036126,6.837548941419635,0.877386,train
2015-06-28 23:59:53,72.82214427021634,4.280142651878166,0.530243,881.1276320906196,6.839075701636125,0.877378,train
2015-06-29 23:59:53,73.49196893889379,4.256858104553377,0.530074,885.5010816485004,6.867157191084529,0.877369,train
2015-06-30 23:59:53,74.05255665863473,4.307937077986093,0.529906,892.4288917785233,6.868825005789251,0.87736,train
2015-07-01 23:59:52,74.55458776948105,4.289760257698601,0.529738,897.582540735665,6.856514541574797,0.877351,train
2015-07-02 23:59:52,75.33202733534718,4.2970577083100565,0.529569,905.8609654699799,6.839665684666159,0.877342,train
2015-07-03 23:59:52,76.14220645468062,4.282162504892743,0.529401,914.2878920768864,6.806294356014511,0.877334,train
2015-07-04 23:59:52,76.18164043941161,4.262496988836267,0.529232,916.5705201094488,6.803861809920551,0.877325,train
2015-07-05 23:59:52,76.68305725733924,4.297951903337164,0.529064,920.1758533646257,6.864238809701379,0.877316,train
2015-07-06 23:59:52,76.45948837476179,4.2452339625847575,0.528895,917.7670098948421,6.789923278605131,0.877307,train
2015-07-07 23:59:52,76.29267550170216,4.274313297028794,0.528727,914.5095476915443,6.844963577740183,0.877298,train
2015-07-08 23:59:52,75.9830316975324,4.306514319468762,0.528558,910.2731152097884,6.8362502345471565,0.877289,train
2015-07-09 23:59:52,75.56704037302063,4.290873954062567,0.52839,905.0165503143703,6.843918762643086,0.877281,train
2015-07-10 23:59:52,75.18515198440426,4.235617412230251,0.528221,900.1182843796151,6.84711579957091,0.877272,train
2015-07-11 23:59:52,74.92695986965131,4.289137050462003,0.528053,898.6438650937424,6.811897996045461,0.877263,train
2015-07-12 23:59:52,74.60508242280972,4.284331702317388,0.527884,895.1795185264383,6.845339182705606,0.877254,train
2015-07-13 23:59:52,74.65693712944564,4.257021745760437,0.527716,897.9095072052596,6.811495568876618,0.877245,train
2015-07-14 23:59:52,74.6430110438598,4.276644707877415,0.527547,898.761722078696,6.832650725690742,0.877237,train
2015-07-15 23:59:52,74.54913924385819,4.264776598988548,0.527379,899.0542779752312,6.860281792061846,0.877228,train
2015-07-16 23:59:52,74.60446385255794,4.294601255430249,0.527211,898.3262962214103,6.870371623196346,0.877219,train
2015-07-17 23:59:52,74.650403814703,4.241757474685831,0.527042,898.0750386550163,6.819253245244408,0.87721,train
2015-07-18 23:59:52,74.39272776386795,4.291618191097714,0.526874,895.6736709062601,6.818222274848671,0.877201,train
2015-07-19 23:59:52,73.95049437782275,4.259696183454729,0.526705,891.8445042118219,6.83973201105919,0.877193,train
2015-07-20 23:59:52,73.57873319065327,4.279702469111351,0.526537,887.9869396485975,6.8386006882624395,0.877184,train
2015-07-21 23:59:52,73.27614215143434,4.2682113983730305,0.526368,884.9181762351567,6.866151210689331,0.877175,train
2015-07-22 23:59:52,72.81487740653456,4.279858229339586,0.5262,880.0912939272902,6.856508978761136,0.877166,train
2015-07-23 23:59:52,72.78131491782572,4.272083889910266,0.526031,879.0108460101885,6.846783347275818,0.877157,train
2015-07-24 23:59:52,72.74668656898179,4.296070207791752,0.525863,877.7276612881775,6.829971569643116,0.877149,train
2015-07-25 23:59:52,72.86052934392438,4.29698728561463,0.525694,879.6387013642558,6.813247685522126,0.87714,train
2015-07-26 23:59:52,73.35800282603475,4.259951553441641,0.525526,883.4894209972574,6.890649270569174,0.877131,train
2015-07-27 23:59:52,73.79357312097946,4.263179864463837,0.525357,888.3319485618123,6.8767185628265874,0.877122,train
2015-07-28 23:59:52,74.37925317042563,4.2942104324889465,0.525189,895.7223599076923,6.845083020971197,0.877113,train
2015-07-29 23:59:52,74.93102919243668,4.242650137081393,0.52502,900.3740655074399,6.828102722524386,0.877104,train
2015-07-30 23:59:52,75.56362693024847,4.2467526869529655,0.524852,907.3198756542888,6.836165864584197,0.877096,train
2015-07-31 23:59:52,75.42493484401666,4.2921234905405585,0.524683,908.7054070211389,6.8376524904110365,0.877087,train
2015-08-01 23:59:52,75.27800455405328,4.2465674137409275,0.524515,907.1330208144176,6.861463989832701,0.877078,test
2015-08-02 23:59:52,75.1916326124947,4.2520566682863095,0.524347,905.2740435731977,6.81178500969167,0.877069,test
2015-08-03 23:59:52,74.97037066153416,4.235854837805675,0.524178,902.7500363816374,6.80725053265523,0.87706,test
2015-08-04 23:59:52,74.71001447787096,4.285595894678783,0.52401,897.8963476411408,6.844123465846883,0.877052,test
2015-08-05 23:59:52,74.4665598464525,4.309497888697166,0.523841,894.0436290300604,6.883759214179654,0.877043,test
2015-08-06 23:59:52,74.1551715484994,4.248944369071163,0.523673,891.5926834636629,6.843225719331588,0.877034,test
2015-08-07 23:59:52,74.10103518322283,4.284520181909168,0.523504,889.1258945821942,6.812595705108719,0.877025,test
2015-08-08 23:59:52,73.76774511310578,4.254291433835913,0.523336,888.060396278695,6.851070103758667,0.877016,test
2015-08-09 23:59:52,73.64622567163346,4.313678001095957,0.523167,886.3795056827987,6.830569939649864,0.877008,test
2015-08-10 23:59:52,73.66551987020603,4.2631003982389934,0.522999,886.9881393084988,6.832911104269232,0.876999,test
2015-08-11 23:59:52,73.56142213330313,4.281041677199735,0.52283,887.8690522926917,6.835442306041075,0.87699,test
2015-08-12 23:59:52,73.69046681149096,4.267541431035517,0.522662,887.3922840956894,6.849014297497898,0.876981,test
2015-08-13 23:59:52,73.52144336093545,4.2809534325224075,0.522493,886.4612559604633,6.833122303755081,0.876972,test
2015-08-14 23:59:52,73.25140088311858,4.2799969503282345,0.522325,884.9006668630714,6.836559437532799,0.876963,test
2015-08-15 23:59:52,73.1200967284731,4.267640530308636,0.522156,884.0013620134557,6.826307687711584,0.876955,test
2015-08-16 23:59:52,72.89125494066656,4.23535098461391,0.521988,881.7595249470734,6.861470147514242,0.876946,test
2015-08-17 23:59:52,72.57597442496835,4.290362583808874,0.52182,877.6051340636003,6.795772619894656,0.876937,test
2015-08-18 23:59:52,72.57961387945008,4.2806337668717545,0.521651,876.4485385045608,6.80947695957681,0.876928,test
2015-08-19 23:59:52,72.72620613253024,4.293547334497835,0.521483,875.993780222773,6.875189698096744,0.876919,test
2015-08-20 23:59:52,72.93026846996986,4.269646743966103,0.521314,877.9809414957169,6.868147209254092,0.876911,test
2015-08-21 23:59:52,73.38739304422984,4.2621423757063335,0.521146,881.1927879210175,6.8515739863075495,0.876902,test
2015-08-22 23:59:52,73.55936303241297,4.269311912736926,0.520977,884.6670454243023,6.836545702539633,0.876893,test
2015-08-23 23:59:52,73.85949274558094,4.292726548928401,0.520809,888.099002954173,6.873797328020954,0.876884,test
2015-08-24 23:59:52,74.1147110688864,4.3002775063066,0.52064,891.0169495209583,6.793399752387455,0.876875,test
2015-08-25 23:59:52,74.34301981380366,4.298888859182535,0.520472,892.1346735420824,6.864536896451297,0.876867,test
2015-08-26 23:59:52,74.7136436298298,4.244049658374238,0.520303,895.1135958952805,6.799536632346816,0.876858,test
2015-08-27 23:59:52,74.40052556791302,4.253555622299367,0.520135,894.2004525329194,6.808961015614642,0.876849,test
2015-08-28 23:59:52,74.29631078250841,4.295494952494788,0.519966,892.3253114527231,6.832575137132413,0.87684,test
2015-08-29 23:59:52,74.10517314458389,4.281698328997028,0.519798,890.7207423993402,6.826868303173733,0.876831,test
2015-08-30 23:59:52,74.01373680180777,4.300176862986454,0.519629,889.7060939589271,6.815669880257532,0.876822,test
2015-08-31 23:59:52,74.08366013034482,4.269087781625246,0.519461,889.8421240922254,6.8470893120813825,0.876814,test
2015-09-01 23:59:52,73.86120735247111,4.283123946676995,0.519292,888.4936147026848,6.836373162582631,0.876805,test
2015-09-02 23:59:52,73.65041584620816,4.316861366574523,0.519124,886.1719221707684,6.791243384730799,0.876796,test
2015-09-03 23:59:52,73.57645718881734,4.296348522323112,0.518956,885.8102691395981,6.831463372099149,0.876787,test
2015-09-04 23:59:52,73.42762978386148,4.305366988135568,0.518787,884.0909581921765,6.815293105898793,0.876778,test
2015-09-05 23:59:52,73.30840882688165,4.303064044914283,0.518619,883.4446085516818,6.858176203633239,0.87677,test
2015-09-06 23:59:52,73.288329663798,4.24298117961278,0.51845,882.920538747039,6.810133357657586,0.876761,test
2015-09-07 23:59:52,73.12647179572868,4.2663087977376115,0.518282,880.6149932047604,6.805861284160363,0.876752,test
2015-09-08 23:59:52,73.01026446124108,4.271417144848173,0.518113,879.3745378686284,6.860831518966278,0.876743,test
2015-09-09 23:59:52,72.91906080856508,4.285216869810224,0.517945,879.082613381445,6.840430940302573,0.876734,test
2015-09-10 23:59:52,72.99253078209196,4.273399028137609,0.517776,880.9042058136075,6.8248278839142085,0.876726,test
2015-09-11 23:59:52,73.0442834463043,4.261715087450656,0.517608,881.3069822397094,6.862287935545849,0.876717,test
2015-09-12 23:59:52,72.90521181499106,4.286294343966364,0.517439,877.9012129182684,6.803654336665662,0.876708,test
2015-09-13 23:59:52,72.89247923393779,4.2979652067548155,0.517271,877.4160080509542,6.848164833122316,0.876699,test
2015-09-14 23:59:52,73.04756057494558,4.295508447569288,0.517102,877.2859474853111,6.854150161058412,0.87669,test
2015-09-15 23:59:52,73.05283673962397,4.293322963257546,0.516934,876.8147366259016,6.834308011506912,0.876682,test
2015-09-16 23:59:52,73.3204288286639,4.2865195524608595,0.516765,880.3831110562595,6.861615280706438,0.876673,test
2015-09-17 23:59:52,73.48031077676865,4.267638033042138,0.516597,883.1642787671657,6.836346362355797,0.876664,test
2015-09-18 23:59:52,73.85842075046881,4.292025772555271,0.516429,888.1638993501997,6.827407059808345,0.876655,test
2015-09-19 23:59:52,74.20688851589432,4.277958864639045,0.51626,891.062353316952,6.8400989296179935,0.876646,test
2015-09-20 23:59:52,74.52078267188871,4.282788477210005,0.516092,893.5361395038781,6.846538835258313,0.876637,test
2015-09-21 23:59:52,74.67975019337462,4.260631499250858,0.515923,895.7913138909211,6.829718671138606,0.876629,test
2015-09-22 23:59:52,74.87234879790242,4.286672805695125,0.515755,896.4734148615657,6.844755977149086,0.87662,test
2015-09-23 23:59:52,74.73158177902214,4.254957326472094,0.515586,895.4670613014441,6.839935228027491,0.876611,test
2015-09-24 23:59:52,74.86696644273593,4.281685261478367,0.515418,896.3514289598634,6.805519758910066,0.876602,test
2015-09-25 23:59:52,74.872797328764,4.257269999821147,0.515249,896.1358593890606,6.845606307749854,0.876593,test
2015-09-26 23:59:52,74.83105560476064,4.263370040422695,0.515081,895.3224630638648,6.82987282413395,0.876585,test
2015-09-27 23:59:52,74.7945355144912,4.241016846058437,0.514912,894.4009476795563,6.822515395706881,0.876576,test
2015-09-28 23:59:52,74.67553790070498,4.286544806743661,0.514744,891.6345013917911,6.811350296972714,0.876567,test
2015-09-29 23:59:52,74.25123456520662,4.290725848579033,0.514575,888.174239120396,6.8407892541531155,0.876558,test
2015-09-30 23:59:52,74.10366412812522,4.2917450358543165,0.514407,885.8586980706334,6.845565695340583,0.876549,test
2015-10-01 23:59:52,73.71670397234976,4.265911750294248,0.514238,882.4197746166158,6.837484896458962,0.876541,test
2015-10-02 23:59:52,73.36415298794978,4.261407528055627,0.51407,881.1548866076795,6.807749512250393,0.876532,test
2015-10-03 23:59:52,73.22142778105054,4.266497273112457,0.513901,879.7264557292599,6.870485811796714,0.876523,test
2015-10-04 23:59:52,73.1432538399703,4.261621425540136,0.513733,880.162419009758,6.862829725444578,0.876514,test
2015-10-05 23:59:52,72.98844513644907,4.270750210530496,0.513565,877.6093117062245,6.840303167143619,0.876505,test
2015-10-06 23:59:52,72.9185743540681,4.286249285325294,0.513396,877.3898340035626,6.851226355308094,0.876496,test
2015-10-07 23:59:52,72.5378141704218,4.275183439176169,0.513228,875.4139480328641,6.829186037650824,0.876488,test
2015-10-08 23:59:52,72.52310311680488,4.274477466111968,0.513059,874.7089845255099,6.846726868234662,0.876479,test
2015-10-09 23:59:52,72.57494687773092,4.280432955911028,0.512891,874.4817228799135,6.822805354885155,0.87647,test
2015-10-10 23:59:52,72.58599970160785,4.256367048566307,0.512722,873.9422966606429,6.829335649691116,0.876461,test
2015-10-11 23:59:52,72.87113158163018,4.27719535134654,0.512554,875.1705203945436,6.799341669840256,0.876452,test
2015-10-12 23:59:52,72.97152615066884,4.264311750074801,0.512385,875.3229910680716,6.8402841500415565,0.876444,test
2015-10-13 23:59:52,73.17178856945681,4.304884837355624,0.512217,878.2985594920474,6.826907973952292,0.876435,test
2015-10-14 23:59:52,73.7095656501165,4.306001299569204,0.512048,883.1276765560943,6.830959960287657,0.876426,test
2015-10-15 23:59:52,73.92540669183293,4.254138272226678,0.51188,884.898442891167,6.840858896909573,0.876417,test
2015-10-16 23:59:52,74.34478368864755,4.26625514720825,0.511711,889.9121105829632,6.808976257835459,0.876408,test
2015-10-17 23:59:52,75.12054746248377,4.284834294131648,0.511543,896.2867139233908,6.837315872361256,0.8764,test
2015-10-18 23:59:52,75.66308925727465,4.305543953084249,0.511374,901.6049354876576,6.808839753891696,0.876391,test
2015-10-19 23:59:52,76.21017012918391,4.292333944547953,0.511206,907.4487580081745,6.84471047648154,0.876382,test
2015-10-20 23:59:52,76.48051112314452,4.269847503918688,0.511038,911.4196661344326,6.792472344553517,0.876373,test
2015-10-21 23:59:52,76.61148248332381,4.246079530592065,0.510869,912.6735051987629,6.839239053259845,0.876364,test
2015-10-22 23:59:52,76.55131975991802,4.2426785270633225,0.510701,912.2073997341223,6.861229537776707,0.876355,test
2015-10-23 23:59:52,76.26999845464705,4.312473902726677,0.510532,909.634257832814,6.832111701964605,0.876347,test
2015-10-24 23:59:52,75.83021583207558,4.282778568615347,0.510364,903.9682795294099,6.85704838082309,0.876338,test
2015-10-25 23:59:52,75.05024038035405,4.275878266700321,0.510195,896.5283180985482,6.812487435530943,0.876329,test
2015-10-26 23:59:52,74.44809664049812,4.307651050426986,0.510027,889.1313845598169,6.828981556912919,0.87632,test
2015-10-27 23:59:52,74.30926860421157,4.289406053391059,0.509858,885.2809201439965,6.850441319228483,0.876311,test
2015-10-28 23:59:52,73.64679645760697,4.272004005556132,0.50969,879.9702508699899,6.845459500465146,0.876303,test
2015-10-29 23:59:52,73.59782315338327,4.277740869741846,0.509521,878.9181427510773,6.8466630687225445,0.876294,test
2015-10-30 23:59:52,73.44713657594477,4.276512483611153,0.509353,877.8254893189913,6.8335952676315035,0.876285,test
2015-10-31 23:59:52,73.50941536780667,4.30556414313925,0.509184,879.8971340975204,6.840955970971931,0.876276,test
2015-11-01 23:59:52,74.00764915271617,4.279061772730848,0.509016,883.2084013113648,6.817403372273255,0.876267,holdout
2015-11-02 23:59:52,73.72891411156816,4.258107739093616,0.508847,884.3859300636466,6.798148793443065,0.876259,holdout
2015-11-03 23:59:52,73.94943151392675,4.293906149563029,0.508679,886.3443938035979,6.839834442645026,0.87625,holdout
2015-11-04 23:59:52,74.13491750573694,4.277737091994567,0.50851,887.2563030334683,6.837872551685538,0.876241,holdout
2015-11-05 23:59:52,73.95048172279398,4.278097556966471,0.508342,885.7693887239378,6.812799048126503,0.876232,holdout
2015-11-06 23:59:52,74.19413670878139,4.297835174461417,0.508174,885.3624924689709,6.841028826994917,0.876223,holdout
2015-11-07 23:59:52,74.1896902854864,4.287506216101862,0.508005,884.310417651584,6.884716883634963,0.876215,holdout
2015-11-08 23:59:52,74.12545831558191,4.290728858172341,0.507837,883.9369578177622,6.82664377479528,0.876206,holdout
2015-11-09 23:59:52,74.21757789105423,4.280982105955594,0.507668,884.8371366025292,6.818582529799937,0.876197,holdout
2015-11-10 23:59:52,74.23419906559892,4.27136779447345,0.5075,887.7694074502804,6.83407038441708,0.876188,holdout
2015-11-11 23:59:52,74.48375814058436,4.270573099703054,0.507331,890.7067660486726,6.826723433299362,0.876179,holdout
2015-11-12 23:59:52,74.70583079955772,4.277375678998487,0.507163,892.7739161758063,6.846648050632517,0.87617,holdout
2015-11-13 23:59:52,75.21089340922212,4.2896128895018775,0.506994,896.5671666540899,6.8448196023466465,0.876162,holdout
2015-11-14 23:59:52,75.55157566410418,4.298152808236856,0.506826,898.1296255920806,6.823493061787563,0.876153,holdout
2015-11-15 23:59:52,76.0571956003351,4.324104274229628,0.506657,903.1560164106033,6.84588071899283,0.876144,holdout
2015-11-16 23:59:52,76.05023550905312,4.251199752116299,0.506489,904.9318762079243,6.7917853839982145,0.876135,holdout
2015-11-17 23:59:52,76.03294520992897,4.278073787423917,0.50632,905.6565097489854,6.862167024824549,0.876126,holdout
2015-11-18 23:59:52,76.11998141787504,4.273901560132764,0.506152,905.9113146663092,6.821257617421965,0.876118,holdout
2015-11-19 23:59:52,75.96521597672043,4.275361001963032,0.505983,904.022607866219,6.871338605095766,0.876109,holdout
2015-11-20 23:59:52,75.90433678148175,4.27605927102552,0.505815,903.8203965971545,6.840698551925804,0.8761,holdout
2015-11-21 23:59:52,75.6714149808647,4.281865162415621,0.505647,900.5695930190618,6.862740985358632,0.876091,holdout
2015-11-22 23:59:52,75.26840925368398,4.317502614460488,0.505478,896.3543328159833,6.879929098403635,0.876082,holdout
2015-11-23 23:59:52,75.06192211778895,4.291557240691742,0.50531,893.8795116949403,6.850402582228035,0.876074,holdout
2015-11-24 23:59:52,74.66079801819441,4.261177166131022,0.505141,891.6833323259852,6.8275824733688175,0.876065,holdout
2015-11-25 23:59:52,74.81853683865432,4.278559886341819,0.504973,892.368066358281,6.847285768541846,0.876056,holdout
2015-11-26 23:59:52,74.7792629986239,4.290288778903573,0.504804,893.0259136623806,6.83095888439331,0.876047,holdout
2015-11-27 23:59:52,74.58908377110055,4.261153495193883,0.504636,892.5299586747248,6.831564056932312,0.876038,holdout
2015-11-28 23:59:52,74.48471187862471,4.3163356596888915,0.504467,892.1287230678198,6.866425449927891,0.876029,holdout
2015-11-29 23:59:52,74.51455915467315,4.279856901126847,0.504299,892.5365155173787,6.846826489913263,0.876021,holdout
2015-11-30 23:59:52,74.30537300588097,4.275499622830155,0.50413,890.1512005682041,6.839299975910947,0.876012,holdout
2015-12-01 23:59:52,74.00408907714684,4.267782791806663,0.503962,886.8715208708306,6.849102807878618,0.876003,holdout
2015-12-02 23:59:52,73.8908100968116,4.252131117468743,0.503793,883.8064532333982,6.826318116337428,0.875994,holdout
2015-12-03 23:59:52,73.72152129247684,4.3009679747919005,0.503625,881.1729936826711,6.835259625407884,0.875985,holdout
2015-12-04 23:59:52,73.71279772471665,4.285034646036115,0.503456,881.1792531304192,6.847001904795922,0.875977,holdout
2015-12-05 23:59:52,74.02128838169767,4.29939530503459,0.503288,883.9932577981132,6.852701708344894,0.875968,holdout
2015-12-06 23:59:52,74.17057318491412,4.3117507194358815,0.50312,885.8160524779761,6.8517458736338686,0.875959,holdout
2015-12-07 23:59:52,74.45545847828309,4.251465260014752,0.502951,890.7817606751786,6.847248097441348,0.87595,holdout
2015-12-08 23:59:52,74.85653952974482,4.278783456011161,0.502783,894.5779446017671,6.836970413520671,0.875941,holdout
2015-12-09 23:59:52,75.12003141580169,4.302608143399815,0.502614,897.0503707726493,6.82708064355721,0.875933,holdout
2015-12-10 23:59:52,75.50707844048037,4.3071408543972725,0.502446,899.3324765543666,6.804240695693112,0.875924,holdout
2015-12-11 23:59:52,75.68121471468146,4.2695399787157395,0.502277,901.205307657427,6.818961418128501,0.875915,holdout
2015-12-12 23:59:52,75.99901630017568,4.26493506790067,0.502109,901.8642701785863,6.880293024776743,0.875906,holdout
2015-12-13 23:59:52,76.27550469443773,4.312913889481084,0.50194,903.014988001391,6.847920133721925,0.875897,holdout
2015-12-14 23:59:52,76.11942813802163,4.321419755654308,0.501772,903.5192396429275,6.85040778962193,0.875889,holdout
2015-12-15 23:59:52,75.90126574389942,4.333899268862387,0.501603,902.181733675065,6.866318141015629,0.87588,holdout
2015-12-16 23:59:52,75.80396082930184,4.2558865432649275,0.501435,903.3789293032589,6.839651675632857,0.875871,holdout
2015-12-17 23:59:52,75.63807912441524,4.278833404634355,0.501266,901.2252262975327,6.841858022728828,0.875862,holdout
2015-12-18 23:59:52,75.62454885184438,4.305378959652647,0.501098,899.6965466218094,6.873712407464419,0.875853,holdout
2015-12-19 23:59:52,75.30004552522203,4.27497362137477,0.500929,897.0284997547524,6.866057467331592,0.875844,holdout
2015-12-20 23:59:52,75.06108763734697,4.279814011259294,0.500761,893.501808171359,6.837686042075072,0.875836,holdout
2015-12-21 23:59:52,75.35794669216001,4.308575901287784,0.500592,893.6372594485016,6.872347916865445,0.875827,holdout
2015-12-22 23:59:52,75.51032864126492,4.307431963039919,0.500424,892.970307574831,6.852901692223662,0.875818,holdout
2015-12-23 23:59:52,75.4929819727302,4.288284477068241,0.500256,894.2009349906507,6.870233939570475,0.875809,holdout
2015-12-24 23:59:52,75.42577810561792,4.275622935430376,0.500087,896.6986862256416,6.85489836017552,0.8758,holdout
2015-12-25 23:59:52,75.33071383735644,4.296543796428666,0.499919,897.6258535609683,6.849714682965265,0.875792,holdout
2015-12-28 23:59:52,75.25160302996893,4.283995684333515,0.499413,898.2019030811435,6.851575221763984,0.875765,holdout
2015-12-29 23:59:52,74.85686768444042,4.304815366961159,0.499245,893.1371229933285,6.803236750352537,0.875756,holdout
2015-12-30 23:59:52,74.64181124819619,4.2704667197559605,0.499076,887.8751808648135,6.809379485903405,0.875748,holdout
2015-12-31 23:59:52,74.27855598645856,4.320717698868099,0.498908,884.309238113883,6.8318184484062625,0.87573,holdout
2016-01-01 23:59:52,74.526474424578,4.291512482652628,0.498739,883.3429928702284,6.8723933360044205,0.87573,train
2016-01-02 23:59:52,74.06267972961703,4.305993648775277,0.498571,882.4051884703013,6.8385924697854845,0.875721,train
2016-01-03 23:59:52,74.24370097513187,4.323364137594098,0.498402,885.3644530034269,6.782256530904844,0.875712,train
2016-01-04 23:59:52,74.47795260199855,4.260882518832479,0.498234,890.4142282477951,6.829440536413777,0.875703,train
2016-01-05 23:59:52,74.97424322991057,4.284507791081114,0.498065,895.0184446181659,6.832000953285245,0.875695,train
2016-01-06 23:59:52,75.19796624850632,4.303870485926043,0.497897,897.4076195340947,6.823172670603621,0.875686,train
2016-01-07 23:59:52,75.4762762731096,4.293620736511036,0.497728,898.5458011600493,6.848094330199941,0.875677,train
2016-01-08 23:59:52,75.80848498512532,4.3201125537713505,0.49756,899.1811706336139,6.871055642660472,0.875668,train
2016-01-09 23:59:52,75.87583077110163,4.293259331493625,0.497392,900.1973371676881,6.838553766833088,0.875659,train
2016-01-10 23:59:52,75.91070036137394,4.303454674333487,0.497223,900.7782350433105,6.795474741520999,0.875651,train
2016-01-11 23:59:52,75.90099364066224,4.294124917359154,0.497055,901.2611063087777,6.796880908030551,0.875642,train
2016-01-12 23:59:52,75.72355625953203,4.279155387688672,0.496886,900.4884934815587,6.824174205473873,0.875633,train
2016-01-13 23:59:52,75.77039538434828,4.258298725174325,0.496718,899.0690012292521,6.83831321835591,0.875624,train
2016-01-14 23:59:52,75.41290567697149,4.28874231615662,0.496549,895.2315087495027,6.824098271115014,0.875615,train
2016-01-15 23:59:52,75.27382676959782,4.2826975403395355,0.496381,893.8618577115026,6.844154103246243,0.875607,train
2016-01-16 23:59:52,75.02390372511903,4.306678681268301,0.496212,890.6992107525846,6.854479025840519,0.875598,train
2016-01-17 23:59:52,74.93540716238023,4.29729612255404,0.496044,889.0073826991223,6.881077169481379,0.875589,train
2016-01-18 23:59:52,74.95231095710085,4.278384838352353,0.495875,889.3931048464742,6.819099244766008,0.87558,train
2016-01-19 23:59:52,75.30709972772432,4.310793358034745,0.495707,891.4186966944487,6.849614164477337,0.875571,train
2016-01-20 23:59:52,75.05061003104927,4.3125793924457225,0.495538,891.5702979753107,6.8418271814962095,0.875562,train
2016-01-21 23:59:52,75.30804041158126,4.325009826006118,0.49537,896.9773532769843,6.838477132017716,0.875554,train
2016-01-22 23:59:52,75.33947192613627,4.259308919075188,0.495201,898.5541327234836,6.868697600949759,0.875545,train
2016-01-23 23:59:52,75.64086527203548,4.2611949943342635,0.495033,899.0940436127381,6.851556593930665,0.875536,train
2016-01-24 23:59:52,75.69330893294782,4.252881920166748,0.494865,898.8826839781542,6.865868108150105,0.875527,train
2016-01-25 23:59:52,75.4010332174181,4.323018790818747,0.494696,894.8865245369019,6.785819458919698,0.875518,train
2016-01-26 23:59:52,75.31672993497689,4.309193738058904,0.494528,892.5702205374903,6.83851512612974,0.87551,train
2016-01-27 23:59:52,75.17111352140309,4.315372210982614,0.494359,890.6626252068413,6.847285663802003,0.875501,train
2016-01-28 23:59:52,75.13398442651322,4.316353109326415,0.494191,890.1566616916256,6.835783658881668,0.875492,train
2016-01-29 23:59:52,74.92137723316806,4.2539950389795385,0.494022,890.2091008181849,6.800707140232918,0.875483,train
2016-01-30 23:59:52,74.7240178896693,4.291215223784026,0.493854,890.6850045490495,6.8176668407313334,0.875474,train
2016-01-31 23:59:52,74.89111428098762,4.253668928791277,0.493685,891.9695890624969,6.823532029677259,0.875466,train
2016-02-01 23:59:52,75.04217157931944,4.313433294129223,0.493517,893.9704362607813,6.865990805482634,0.875457,train
2016-02-02 23:59:52,75.36760692850117,4.289743821592862,0.493348,894.1211909191805,6.835353561257517,0.875448,train
2016-02-03 23:59:52,75.75680168606299,4.329839449319364,0.49318,896.2799899501929,6.8575724038914245,0.875439,train
2016-02-04 23:59:52,75.9766295548233,4.304313262684184,0.493011,897.803074989547,6.842676594403748,0.87543,train
2016-02-05 23:59:52,76.16142202367367,4.2990522740471055,0.492843,899.3072317112975,6.86214101007297,0.875422,train
2016-02-06 23:59:52,76.46142274325656,4.322733739086658,0.492674,903.3764109971399,6.824557837068175,0.875413,train
2016-02-07 23:59:52,76.24162889616292,4.299426766145194,0.492506,902.0638881633341,6.846280607545105,0.875404,train
2016-02-08 23:59:52,76.39624462999187,4.285621214245406,0.492337,903.7973105086008,6.791216767356918,0.875395,train
2016-02-09 23:59:52,76.3669443702188,4.296154001436116,0.492169,903.4762903888125,6.846387168840549,0.875386,train
2016-02-10 23:59:52,76.07513418606679,4.307599001821762,0.492001,901.0455808286314,6.841464173419689,0.875377,train
2016-02-11 23:59:52,75.83571382835498,4.2637747180421615,0.491832,896.5165568892246,6.858590650844304,0.875369,train
2016-02-12 23:59:52,75.39944206182929,4.3160537050961745,0.491664,892.4352861064315,6.852008026463924,0.87536,train
2016-02-13 23:59:52,75.38433486765634,4.330111969206299,0.491495,890.2604346394888,6.887657055604062,0.875351,train
2016-02-14 23:59:52,75.24905535032902,4.321124515768133,0.491327,888.6151178920028,6.8600469722811726,0.875342,train
2016-02-15 23:59:52,75.13697407897138,4.312470112732099,0.491158,887.8680719300598,6.829790117921631,0.875333,train
2016-02-16 23:59:52,74.6336989921666,4.3183967437595605,0.49099,884.6207120375155,6.884582833555315,0.875325,train
2016-02-17 23:59:52,74.55771541923183,4.290200158213077,0.490821,885.8665481747995,6.85291011740597,0.875316,train
2016-02-18 23:59:52,74.46449880428831,4.2592765444353935,0.490653,886.5807913272484,6.806147936775353,0.875307,train
2016-02-19 23:59:52,74.611244647485,4.24586035785816,0.490484,887.6319616666592,6.83275645902503,0.875298,train
2016-02-20 23:59:52,74.82601718603996,4.264089041648132,0.490316,887.9201326296198,6.838521581414929,0.875289,train
2016-02-21 23:59:52,74.6136663323279,4.305603787182862,0.490147,885.9608128535409,6.834983476026043,0.875281,train
2016-02-22 23:59:52,74.46461907612908,4.2706513541711075,0.489979,884.4816104160157,6.856389780410495,0.875272,train
2016-02-23 23:59:52,74.61999175244196,4.356528069509566,0.48981,883.5827454300771,6.894911561620647,0.875263,train
2016-02-24 23:59:52,74.28120456470762,4.291636681773164,0.489642,883.5420989922262,6.871703492986808,0.875254,train
2016-02-25 23:59:52,74.43893106690463,4.31064989673143,0.489474,884.2375794690241,6.817771337611016,0.875245,train
2016-02-26 23:59:52,74.47859584846705,4.277825394773539,0.489305,886.3175354518553,6.830590870539207,0.875237,train
2016-02-27 23:59:52,74.52806342902856,4.248884323201039,0.489137,886.8774102264284,6.860988486454021,0.875228,train
2016-02-28 23:59:52,74.62576837079646,4.275243643599244,0.488968,888.0972333550984,6.8619264849756005,0.875219,train
2016-02-29 23:59:52,74.61486561207033,4.283744814170854,0.4888,886.7246215041545,6.815944528192214,0.87521,train
2016-03-01 23:59:52,74.92436669578956,4.29589381403483,0.488631,887.6419794831064,6.845827419542182,0.875201,train
2016-03-02 23:59:52,74.986899623832,4.30977187498208,0.488463,888.3760107826213,6.888883624140264,0.875192,train
2016-03-03 23:59:52,75.20197909336835,4.327322453380174,0.488294,889.2305084904353,6.856359551279575,0.875184,train
2016-03-04 23:59:52,75.04325354091688,4.310330330975231,0.488126,888.6598246155523,6.845667625192454,0.875175,train
2016-03-05 23:59:52,75.0672907930636,4.295469275327932,0.487957,890.0778647188894,6.779028428530178,0.875166,train
2016-03-06 23:59:52,75.11580135349828,4.300268784913306,0.487789,890.3847191999838,6.882025225746734,0.875157,train
2016-03-07 23:59:52,75.10109977059439,4.2715794701696765,0.48762,890.0779538683207,6.771146987885942,0.875148,train
2016-03-08 23:59:52,74.94763604487356,4.278528047745827,0.487452,889.0840290074921,6.841372641772586,0.87514,train
2016-03-09 23:59:52,74.76306970789791,4.302733424529323,0.487283,885.776938655077,6.857529947199091,0.875131,train
2016-03-10 23:59:52,74.71769437423353,4.320343565586109,0.487115,884.7353165383647,6.848773823095521,0.875122,train
2016-03-11 23:59:52,74.56181954123736,4.33106767146941,0.486947,883.2445911132183,6.872237648211688,0.875113,train
2016-03-12 23:59:52,74.52545389601698,4.32092546621438,0.486778,883.030490054237,6.849014884297478,0.875104,train
2016-03-13 23:59:52,74.48626392294588,4.328131852447796,0.48661,882.851442417389,6.849978692391143,0.875096,train
2016-03-14 23:59:52,74.39838925296453,4.272735760665497,0.486441,881.8687050581373,6.853077383750326,0.875087,train
2016-03-15 23:59:52,74.48750990626921,4.284304792632793,0.486273,884.6585890236013,6.806847825716901,0.875078,train
2016-03-16 23:59:52,74.61830774548552,4.3023888504301295,0.486104,883.936538539953,6.8362959692443095,0.875069,train
2016-03-17 23:59:52,74.54547759171766,4.322541804184126,0.485936,884.3967693096296,6.812831156248418,0.87506,train
2016-03-18 23:59:52,74.56699471165999,4.267061758140968,0.485767,883.32527535754,6.804079319951831,0.875051,train
2016-03-19 23:59:52,74.38399126700534,4.295240120653638,0.485599,882.2966700686561,6.838494768671384,0.875043,train
2016-03-20 23:59:52,74.29191320798499,4.304519437327991,0.48543,881.2641239183253,6.884620654919504,0.875034,train
2016-03-21 23:59:52,74.29553455321468,4.317832080764215,0.485262,881.750916058498,6.8400400053619155,0.875025,train
2016-03-22 23:59:52,74.18551239919401,4.323786697415248,0.485093,881.2577756920798,6.854027644807959,0.875016,train
2016-03-23 23:59:52,74.14025387637136,4.275195925760916,0.484925,880.5990355536427,6.821849473097277,0.875007,train
2016-03-24 23:59:52,74.21705082929421,4.31772420290297,0.484756,881.3510261803649,6.873073912766358,0.874999,train
2016-03-25 23:59:52,74.34825627300383,4.305992140937776,0.484588,881.7681996550772,6.826792802053926,0.87499,train
2016-03-26 23:59:52,74.40703896588916,4.273821581509855,0.484419,883.3916681068035,6.853299190334663,0.874981,train
2016-03-27 23:59:52,74.3694058067853,4.267764721472072,0.484251,881.7278728565218,6.872363068265049,0.874972,train
2016-03-28 23:59:52,74.1640263028586,4.282322268253601,0.484083,880.6371526991243,6.840413794597125,0.874963,train
2016-03-29 23:59:52,74.10729276640839,4.267719716867887,0.483914,879.2294405810596,6.854331842057414,0.874955,train
2016-03-30 23:59:52,74.16158296122144,4.3036410735957995,0.483746,880.4631016252907,6.797018137674974,0.874946,train
2016-03-31 23:59:52,74.16266986190992,4.32000632043767,0.483577,879.8803318524249,6.828773580087595,0.874937,train
2016-04-01 23:59:52,74.30785163795886,4.310974917459991,0.483409,881.1405064948297,6.845668972122765,0.874928,train
2016-04-02 23:59:52,74.04850836025936,4.280052344214146,0.48324,879.8676826678054,6.862850221813303,0.874919,train
2016-04-03 23:59:52,74.13302089373877,4.292570922894263,0.483072,879.3868531281369,6.818720818163773,0.87491,train
2016-04-04 23:59:52,74.08995826435222,4.275637839675639,0.482903,879.5858665923664,6.859436794525375,0.874902,train
2016-04-05 23:59:52,73.98562891883554,4.316881790456916,0.482735,878.2758357759436,6.848936769504681,0.874893,train
2016-04-06 23:59:52,73.86524929793354,4.3149876074421005,0.482566,875.8008876041675,6.861220264549835,0.874884,train
2016-04-07 23:59:52,73.81786816360174,4.319710355680314,0.482398,875.6793362866441,6.855439825561521,0.874875,train
2016-04-08 23:59:52,74.06102668521392,4.307359166828173,0.482229,875.8756291871462,6.847959644481223,0.874866,train
2016-04-09 23:59:52,74.13211949466066,4.3098348578238825,0.482061,877.781570501086,6.8394485701524275,0.874858,train
2016-04-10 23:59:52,74.38402286254981,4.314394613594248,0.481892,880.9843316347041,6.831866645813626,0.874849,train
2016-04-11 23:59:52,74.64982724769342,4.2860650799049385,0.481724,882.8192527934129,6.848672946457322,0.87484,train
2016-04-12 23:59:52,74.67065547643551,4.274646784041009,0.481556,884.7797576605219,6.833092988134145,0.874831,train
2016-04-13 23:59:52,74.89454015187063,4.253272807187461,0.481387,885.958359738593,6.829404102246871,0.874822,train
2016-04-14 23:59:52,74.791465263323,4.2897153821761425,0.481219,884.8639050314138,6.854404121800075,0.874814,train
2016-04-15 23:59:52,75.00683805440937,4.2788087208302645,0.48105,884.7933739036705,6.861893508377851,0.874805,train
2016-04-16 23:59:52,74.7442845663406,4.3167639550896855,0.480882,882.8786189140095,6.824308830645197,0.874796,train
2016-04-17 23:59:52,74.75529199461604,4.3072952999527025,0.480713,882.6721752366295,6.841710593500404,0.874787,train
2016-04-18 23:59:52,74.43018615374784,4.298967442429332,0.480545,880.8953649606567,6.850661158994449,0.874778,train
2016-04-19 23:59:52,74.2194333140201,4.305397009283414,0.480376,880.3508361742607,6.863931699736778,0.87477,train
2016-04-20 23:59:52,73.99182467747694,4.300697730690582,0.480208,878.7919263292303,6.817751575910445,0.874761,train
2016-04-21 23:59:52,73.98671607982115,4.289642029453491,0.480039,878.3740330541106,6.8530683285978995,0.874752,train
2016-04-22 23:59:52,73.85838386565504,4.303261481264289,0.479871,876.7774803051894,6.843227117700325,0.874743,train
2016-04-23 23:59:52,73.97426091755288,4.278291057628774,0.479702,876.800192425235,6.836420205806601,0.874734,train
2016-04-24 23:59:52,73.97787584408225,4.336116223006942,0.479534,876.8561253294594,6.8661270582869385,0.874725,train
2016-04-25 23:59:52,74.0088955785871,4.319045361141681,0.479365,876.8723804900645,6.864253013745576,0.874717,train
2016-04-26 23:59:52,74.30130392008797,4.313877664495552,0.479197,879.262666061147,6.8613589437512355,0.874708,train
2016-04-27 23:59:52,74.49603313681763,4.28067598313053,0.479028,881.7729833767253,6.8533323313913135,0.874699,train
2016-04-28 23:59:52,74.61820113029252,4.29883793795368,0.47886,882.7158665501072,6.83956882509335,0.87469,train
2016-04-29 23:59:52,74.67293422179958,4.326190038521368,0.478692,884.7162387960054,6.808333448996562,0.874681,train
2016-04-30 23:59:52,74.61828560809136,4.2724532230944945,0.478523,883.705935745851,6.843219622769909,0.874673,train
2016-05-01 23:59:52,74.30457482223248,4.259124329936279,0.480253,883.437807694637,6.8435014238404115,0.874664,train
2016-05-02 23:59:52,74.24354881261374,4.296723202977636,0.480171,884.505390572642,6.869798516093411,0.872084,train
2016-05-03 23:59:52,74.15302979176897,4.3229156127491555,0.48009,882.9565803078244,6.870365165079004,0.872076,train
2016-05-04 23:59:52,73.97078770408956,4.302907425555247,0.480008,880.6705879841625,6.843951117596421,0.872067,train
2016-05-05 23:59:52,73.87402397891076,4.283488514542429,0.479926,880.7551710971883,6.875195441181125,0.872058,train
2016-05-06 23:59:52,73.98048882801842,4.279926958859627,0.479845,882.3139275658506,6.809954382819024,0.872049,train
2016-05-07 23:59:52,74.12896473983992,4.315769652015081,0.479763,884.7411395647423,6.8518816117996035,0.872041,train
2016-05-08 23:59:52,74.20719898294762,4.2875756106703555,0.479681,886.5792997160439,6.821080756617865,0.872032,train
2016-05-09 23:59:52,74.52722127197565,4.273866365079889,0.4796,888.5505800920846,6.86163010826527,0.872023,train
2016-05-10 23:59:52,74.50841997002651,4.283125409281191,0.479518,888.4652925044415,6.785798817118462,0.872015,train
2016-05-11 23:59:52,74.47006307249687,4.262855101339157,0.479437,887.6886465425359,6.834419232568084,0.872006,train
2016-05-12 23:59:52,74.5697539931447,4.292517153060346,0.479355,886.5658826096088,6.868368113209307,0.871997,train
2016-05-13 23:59:52,74.23708833227391,4.291477084992378,0.479273,883.8735155151958,6.873830231901853,0.871988,train
2016-05-14 23:59:52,74.47267081025328,4.321704514556976,0.479192,884.060850563161,6.855058565841063,0.87198,train
2016-05-15 23:59:52,74.40430353403062,4.324968560344089,0.47911,884.5534950048547,6.852048846505781,0.871971,train
2016-05-16 23:59:52,74.17220296273481,4.294172097002623,0.479028,883.3931696866174,6.836282492345919,0.871962,train
2016-05-17 23:59:52,73.99855908507593,4.306253393327599,0.478947,884.7781783642016,6.827796458793973,0.871953,train
2016-05-18 23:59:52,74.13448813800004,4.2855656335881065,0.478865,885.2001452665073,6.832832691394124,0.871945,train
2016-05-19 23:59:52,74.01253129508305,4.279370972363271,0.478783,884.8022751256499,6.8311984292939725,0.871936,train
2016-05-20 23:59:52,74.12735018815735,4.300559423466953,0.478702,885.6362950763312,6.872142394126938,0.871927,train
2016-05-21 23:59:52,74.22140970214323,4.29204079196582,0.47862,886.140975460321,6.87078414417725,0.871919,train
2016-05-22 23:59:52,74.2243045608066,4.27480217274383,0.478538,885.1373946277395,6.836352723921695,0.87191,train
2016-05-23 23:59:52,73.99667419075769,4.322572596712715,0.478457,883.5835435655382,6.857989565105654,0.871901,train
2016-05-24 23:59:52,73.78991323496317,4.284556740215114,0.478375,881.2248255023371,6.817432736456776,0.871892,train
2016-05-25 23:59:52,73.82988668516785,4.280052819877399,0.478293,881.2326153175846,6.837056034676423,0.871884,train
2016-05-26 23:59:52,73.41725309935632,4.282082155137054,0.478212,879.1035793037895,6.8632408190086105,0.871875,train
2016-05-27 23:59:52,73.47314727052988,4.2933664783690615,0.47813,878.99076605359,6.83525269616812,0.871866,train
2016-05-28 23:59:52,73.39373863655237,4.299619126445274,0.478048,878.4006416793693,6.81385021770404,0.871858,train
2016-05-29 23:59:52,73.40822824315744,4.303353523637702,0.477967,877.7604259351624,6.864199580183371,0.871849,train
2016-05-30 23:59:52,73.56244275587213,4.303072194487551,0.477885,879.3520915869069,6.854123446212463,0.87184,train
2016-05-31 23:59:52,73.56595328213135,4.3086811301087655,0.477803,878.8896871787439,6.84395158233112,0.871831,train
2016-06-02 00:05:52,73.5900830284275,4.327043839808234,0.477722,879.4040704770626,6.87346201840172,0.871814,train
2016-06-02 23:59:52,73.57447803580338,4.329040166415899,0.47764,881.0057016794836,6.870233115764489,0.871814,train
2016-06-03 23:59:52,73.77157904316758,4.313913188007917,0.477558,882.8936504719896,6.843877261278774,0.871805,train
2016-06-04 23:59:52,73.73850826794096,4.286631108877693,0.477477,883.3719826749647,6.866156777112763,0.871796,train
2016-06-05 23:59:52,73.80150779070131,4.301217181850749,0.477395,884.4298145128629,6.841813495463944,0.871788,train
2016-06-06 23:59:52,73.75106887543066,4.295860354445816,0.477313,884.3774999963489,6.814300188194655,0.871779,train
2016-06-07 23:59:52,73.62412699934512,4.281345427209817,0.477232,882.4033464429577,6.836995197885047,0.87177,train
2016-06-08 23:59:52,73.5898634904636,4.302444183579479,0.47715,880.8157683473606,6.846776611630173,0.871762,train
2016-06-09 23:59:52,73.29431646489545,4.334872307089391,0.477068,879.109764713784,6.8672319961195205,0.871753,train
2016-06-10 23:59:52,73.1897998393242,4.319947938115373,0.476987,875.914143901571,6.820630397177599,0.871744,train
2016-06-11 23:59:52,73.51226337468546,4.302955423270805,0.476905,877.8833477971389,6.8046051639716065,0.871735,train
2016-06-12 23:59:52,73.4130364774641,4.284614996467489,0.476823,877.7307269098924,6.812049041123222,0.871727,train
2016-06-13 23:59:52,73.59425393834405,4.266677111344926,0.476742,879.7237171562965,6.853184382094191,0.871718,train
2016-06-14 23:59:52,73.74576017130448,4.303445197863298,0.47666,882.2220003502628,6.837424389472528,0.871709,train
2016-06-15 23:59:52,74.01807846500473,4.29974973093682,0.476579,885.8122885879918,6.814736683028246,0.871701,train
2016-06-16 23:59:52,74.02120839073197,4.2854812511536124,0.476497,887.0003371557328,6.823318229305479,0.871692,train
2016-06-17 23:59:52,74.07742746492006,4.295989066188653,0.476415,886.6778249440795,6.8537129028246655,0.871683,train
2016-06-18 23:59:52,74.06555803741254,4.33176920654865,0.476334,885.5675855726174,6.825148059833486,0.871674,train
2016-06-19 23:59:52,73.7907431778963,4.324475926806762,0.476252,884.0990528938378,6.823150074573132,0.871666,train
2016-06-20 23:59:52,73.57913919264114,4.3204867863310445,0.47617,880.8836119283895,6.842077311850557,0.871657,train
2016-06-21 23:59:52,73.22653407147477,4.31851874196554,0.476089,877.3962998838693,6.859126283752781,0.871648,train
2016-06-22 23:59:52,72.92057608113696,4.2802497473917365,0.476007,874.3649910830566,6.869246698255806,0.87164,train
2016-06-23 23:59:52,72.75795394239101,4.312794900888974,0.475925,873.0318765940065,6.858023969987472,0.871631,train
2016-06-24 23:59:52,72.70622596519813,4.268250448296996,0.475844,871.9331562973941,6.821665810299209,0.871622,train
2016-06-25 23:59:52,72.53365390549881,4.308611356474978,0.475762,870.8794645474767,6.860886144217779,0.871613,train
2016-06-26 23:59:52,72.62788100580656,4.322713099251491,0.47568,871.7200567908941,6.874897407852783,0.871605,train
2016-06-27 23:59:52,72.74302889794905,4.272340412926243,0.475599,872.9410019464676,6.79826958503554,0.871596,train
2016-06-28 23:59:52,72.75324488274845,4.263668154950482,0.475517,873.0928148015,6.8439481742501265,0.871587,train
2016-06-29 23:59:52,72.98070815526849,4.302183714175085,0.475435,875.7332548811734,6.831706506502962,0.871579,train
2016-06-30 23:59:52,73.24395552054152,4.316918430678531,0.475354,878.1662313561562,6.8422882813602195,0.87157,train
2016-07-01 23:59:52,73.21875400841805,4.299019289490774,0.475272,879.3189082136588,6.850326539355682,0.871561,train
2016-07-02 23:59:52,73.20754308264812,4.256100689840089,0.47519,879.5909519105736,6.798245589284001,0.871552,train
2016-07-03 23:59:52,73.17837732870251,4.300635365073468,0.475109,878.0055731780295,6.854296686329272,0.871544,train
2016-07-04 23:59:52,73.10164198718242,4.293945667458855,0.475027,878.0803156344508,6.806620716618103,0.871535,train
2016-07-05 23:59:52,73.1552669732219,4.290667315195767,0.474945,877.3666518790221,6.879396758226176,0.871526,train
2016-07-06 23:59:52,72.86951209735032,4.297668755337905,0.474864,875.0319178104097,6.835570912396989,0.871517,train
2016-07-07 23:59:52,73.19473211204215,4.2870563304742735,0.474782,876.7982980981346,6.825773006299399,0.871509,train
2016-07-08 23:59:52,73.20444000460681,4.296366096520015,0.4747,876.4740529409328,6.853830343287839,0.8715,train
2016-07-09 23:59:52,73.71250733361833,4.309200843277235,0.474619,881.0064040498756,6.843611796975263,0.871491,train
2016-07-10 23:59:52,73.93665574673282,4.277430117215215,0.474537,884.520709819097,6.830174732890651,0.871483,train
2016-07-11 23:59:52,74.3116467030309,4.278621066089323,0.474455,890.0632058738737,6.7943588890941085,0.871474,train
2016-07-12 23:59:52,74.51392006670775,4.247906762849789,0.474374,891.9204039431049,6.839136282617695,0.871465,train
2016-07-13 23:59:52,74.68866992582419,4.3006892704294835,0.474292,894.1121290648,6.829165880321682,0.871456,train
2016-07-14 23:59:52,74.91277585388276,4.281279988741569,0.47421,895.1808544914884,6.801800241392036,0.871448,train
2016-07-15 23:59:52,74.75732157985051,4.317501248362869,0.474129,893.140073226884,6.826935940952044,0.871439,train
2016-07-16 23:59:52,74.26551542941192,4.29564855753749,0.474047,888.5116370173072,6.834488891076445,0.87143,train
2016-07-17 23:59:52,74.23701749510083,4.300322609206812,0.473965,886.9604940561297,6.832785764174941,0.871422,train
2016-07-18 23:59:52,73.68518384764998,4.3169226017797175,0.473884,881.9629158339488,6.852014113556437,0.871413,train
2016-07-19 23:59:52,73.3187656787966,4.3026384105259385,0.473802,877.5966920861158,6.830800057267596,0.871404,train
2016-07-20 23:59:52,72.91821612355301,4.301230781325441,0.473721,874.0839006497506,6.854623294319673,0.871395,train
2016-07-21 23:59:52,72.48768026937704,4.292001236877223,0.473639,869.7226088665757,6.842071448856213,0.871387,train
2016-07-22 23:59:52,72.32433188415231,4.280583723729519,0.473557,868.6077647588477,6.859424013358213,0.871378,train
2016-07-23 23:59:52,72.10127163431004,4.328683014777927,0.473476,865.5824601895727,6.844347040125012,0.871369,train
2016-07-24 23:59:52,72.01879583552729,4.296213899036485,0.473394,866.7749358385107,6.842891084918386,0.87136,train
2016-07-25 23:59:52,72.22753717481476,4.321645409537501,0.473312,867.6860780447695,6.847535854760916,0.871352,train
2016-07-26 23:59:52,72.37046140226772,4.28853041745429,0.473231,869.9703308771597,6.846165253332995,0.871343,train
2016-07-27 23:59:52,72.43369994431154,4.3167483537778555,0.473149,870.4906059489444,6.856916028860442,0.871334,train
2016-07-28 23:59:52,72.57626416207695,4.286385976727651,0.473067,874.2031194641494,6.83922724912523,0.871326,train
2016-07-29 23:59:52,72.7857380898927,4.279786203628956,0.472986,874.97818182321,6.783124400788985,0.871308,train
2016-07-30 23:59:52,72.67906166291259,4.302556765327231,0.472904,874.3346843838434,6.840881826966801,0.871308,train
2016-07-31 23:59:52,72.73120996128804,4.322030085800297,0.472822,874.186939099188,6.8216863064975835,0.871299,train
2016-08-01 23:59:52,72.54560067785049,4.264770054592798,0.472741,872.1942697364561,6.8684783974536066,0.871291,test
2016-08-10 23:59:52,73.90528066646542,4.240340813398412,0.472006,884.5927118750736,6.820831016803579,0.871212,test
2016-08-11 23:59:52,73.97601888391281,4.273955888114702,0.471924,884.9304492120693,6.859447289402002,0.871203,test
2016-08-12 23:59:52,73.77305473600983,4.290926682937984,0.471842,885.2995093628334,6.82956794146164,0.871195,test
2016-08-13 23:59:52,73.77990600876761,4.2675540004631385,0.471761,885.6716512520077,6.826886871311509,0.871186,test
2016-08-14 23:59:52,73.56310751323741,4.2377367557276555,0.471679,883.5953300411015,6.81033098161419,0.871177,test
2016-08-15 23:59:52,73.2948490813805,4.272699602593576,0.471597,879.5865961933949,6.865133198594125,0.871169,test
2016-08-16 23:59:52,72.90354575069408,4.298246041684857,0.471516,875.3879578095045,6.818027371634883,0.87116,test
2016-08-17 23:59:52,72.58124138906255,4.2953888617911415,0.471434,871.6545304906145,6.88890744256471,0.871151,test
2016-08-19 00:05:52,72.58466976957648,4.2845790774359696,0.471352,870.9776355111752,6.847388410855995,0.871142,test
2016-08-19 23:59:52,72.2019709160693,4.305660324862011,0.471271,868.7055844820014,6.840150734225412,0.871134,test
2016-08-20 23:59:52,72.14828634425946,4.320229304309844,0.471189,867.5455786574049,6.85546504010949,0.871125,test
2016-08-21 23:59:52,72.12068887987073,4.32220522922502,0.471108,868.1711260103855,6.858714012174374,0.871116,test
2016-08-22 23:59:52,72.32797409757731,4.276560386988972,0.471026,869.2713741299092,6.841575743523917,0.871108,test
2016-08-23 23:59:52,72.59654060483692,4.287029514195869,0.470944,871.1978026209586,6.867086427226986,0.871099,test
2016-08-24 23:59:52,72.67252217756817,4.3022226662303105,0.470863,873.4927485425827,6.818576023624676,0.87109,test
2016-08-25 23:59:52,72.87511279926782,4.25646698426561,0.470781,875.7409185327251,6.80946718557323,0.871081,test
2016-08-26 23:59:52,73.12107404679975,4.287445212311998,0.470699,878.8336669797583,6.845863859435972,0.871073,test
2016-08-27 23:59:52,73.05162351022501,4.323166360934562,0.470618,877.6813835958739,6.856760983903078,0.871064,test
2016-08-28 23:59:52,73.15727089045232,4.285197122297346,0.470536,878.5608606395549,6.854736499852531,0.871055,test
2016-08-29 23:59:52,73.00999343153993,4.304265337041372,0.470454,876.2402245617557,6.826919948709114,0.871046,test
2016-08-30 23:59:52,72.78454054192427,4.305531223265877,0.470373,873.6440000710057,6.870310833565056,0.871038,test
2016-08-31 23:59:52,72.90510055480817,4.313128921412626,0.470291,873.8777378388636,6.835947119120277,0.871029,test
2016-09-01 23:59:52,72.9887299852637,4.277152033352755,0.470209,875.270176845151,6.866196141917383,0.87102,test
2016-09-02 23:59:52,72.97000010838654,4.300308158373613,0.470128,875.3107094504352,6.8248619638996635,0.871012,test
2016-09-03 23:59:52,72.94062844356903,4.308546255534519,0.470046,877.5241719639542,6.799709022407671,0.871003,test
2016-09-04 23:59:52,73.24669657734282,4.27234832641218,0.469964,879.9563252663997,6.780604697960739,0.870994,test
2016-09-05 23:59:52,73.38764309388499,4.279526388311461,0.469883,881.9248238352702,6.858854976662586,0.870985,test
2016-09-06 23:59:52,73.64320446028727,4.280010278796185,0.469801,884.1497006847823,6.870161502714374,0.870977,test
2016-09-07 23:59:52,73.69467881485389,4.291355781268282,0.469719,884.5402395970132,6.8334902622359355,0.870968,test
2016-09-08 23:59:52,73.65002904054211,4.269119583488923,0.469638,883.3704569222925,6.8597153128030275,0.870959,test
2016-09-09 23:59:52,73.41603220584845,4.251908788877092,0.469556,881.8554087368544,6.827239252154599,0.870951,test
2016-09-10 23:59:52,73.36596476122882,4.27033992826453,0.469474,880.6692047352188,6.831520218503818,0.870942,test
2016-09-11 23:59:52,73.0525957863492,4.302538806885046,0.469393,877.904042407455,6.773220339759491,0.870933,test
2016-09-12 23:53:52,72.79027298471772,4.2899798358142265,0.469393,875.0453355305368,6.807193844154449,0.870924,test
2016-09-13 23:59:52,72.45208641917435,4.272895604633465,0.469229,870.8011689032552,6.855784405313743,0.870907,test
2016-09-14 23:59:52,72.25992380906656,4.297610633404211,0.469148,868.4169407383667,6.855306381486385,0.870907,test
2016-09-15 23:59:52,72.1917015915383,4.314011813894826,0.469066,867.040183801543,6.8366593893106735,0.870898,test
2016-09-16 23:59:52,72.16531417818034,4.273279541226114,0.468984,867.3107791904033,6.840395142810467,0.87089,test
2016-09-17 23:59:52,72.20990865679966,4.285904702022456,0.468903,869.0579831848106,6.842365521328851,0.870881,test
2016-09-18 23:59:52,72.65212801253202,4.260820359441054,0.468821,872.9988413069469,6.802370840175087,0.870872,test
2016-09-19 23:59:52,72.93103543592649,4.2721825474835144,0.468739,876.5100125243255,6.808699873356036,0.870863,test
2016-09-20 23:59:52,73.14045720933669,4.295618005837261,0.468658,878.7974371000361,6.840086491000847,0.870855,test
2016-09-21 23:59:52,72.95958900257453,4.24118979349473,0.468576,877.9073068279641,6.8307637629916576,0.870846,test
2016-09-22 23:59:52,72.98168693754651,4.297213399911502,0.468494,877.1539456781517,6.845581680620082,0.870837,test
2016-09-23 23:59:52,73.08695835937931,4.31000132893326,0.468413,877.2389185894411,6.8872483947783625,0.870829,test
2016-09-24 23:59:52,72.77981893843604,4.2951494578592655,0.468331,875.2182717999991,6.841681358062166,0.87082,test
2016-09-25 23:59:52,72.53814835176374,4.316112146464333,0.468249,872.2642440591982,6.8632240222132195,0.870811,test
2016-09-26 23:59:52,72.40362743568494,4.311419336240299,0.468168,870.5783212182782,6.851736897273419,0.870802,test
2016-09-27 23:59:52,72.22152505631634,4.298311045056438,0.468086,868.7869351651509,6.847788258685675,0.870794,test
2016-09-28 23:53:52,72.11292563471552,4.260428421657318,0.468086,869.0746422964637,6.813081948319962,0.870785,test
2016-09-29 23:59:52,72.08961389846773,4.294696061491235,0.467923,870.0258672713505,6.874319138866478,0.870767,test
2016-09-30 23:59:52,72.07805846577097,4.3009863245246205,0.467841,870.2769755251431,6.825984251914015,0.870767,test
2016-10-01 23:59:52,72.38234866713846,4.3126651251723205,0.46776,873.9294180465257,6.846000389074858,0.870759,test
2016-10-02 23:59:52,72.58945246472285,4.301169460955568,0.467678,876.1814928272078,6.821346165873004,0.87075,test
2016-10-03 23:59:52,72.87813667803756,4.271170689113858,0.467596,878.4946356704554,6.840893737267402,0.870741,test
2016-10-04 23:59:52,73.01627407387133,4.247936380907394,0.467515,879.0786100326641,6.8445651520014374,0.870733,test
2016-10-05 23:59:52,73.35501736679407,4.266282066525335,0.467433,882.4851822349973,6.82797437150906,0.870724,test
2016-10-06 23:59:52,73.47731352271174,4.307031257799193,0.467351,884.0304084089371,6.843231802255468,0.870715,test
2016-10-07 23:59:52,73.48186317794391,4.265096888282278,0.46727,884.8572648888222,6.803727095317924,0.870706,test
2016-10-08 23:59:52,73.25379930720524,4.271618134447202,0.467188,882.8116116421178,6.8275717710433375,0.870698,test
2016-10-09 23:53:52,73.00260016741272,4.27347543570562,0.467188,880.1856714505738,6.868600916303256,0.870689,test
2016-10-10 23:59:52,72.84104848062778,4.2787865754930445,0.467025,877.5557047263864,6.854004528848097,0.870672,test
2016-10-11 23:59:52,72.70991152644051,4.269305997123763,0.466943,873.9677069111606,6.796224835466321,0.870672,test
2016-10-12 23:59:52,72.41153213445871,4.317104820360214,0.466861,871.7570836282162,6.8720354133298365,0.870663,test
2016-10-13 23:59:52,72.22970541212051,4.288457095450187,0.46678,870.0110823145892,6.8269361119573295,0.870654,test
2016-10-14 23:59:52,71.94599662040108,4.2599923988838935,0.466698,869.4252562210337,6.827293496246448,0.870645,test
2016-10-15 23:59:52,72.00970587506464,4.273350807741137,0.466616,869.5001055414142,6.868396606568689,0.870637,test
2016-10-16 23:59:52,72.07348520081811,4.275963855606882,0.466535,870.9297708222714,6.776911656442083,0.870628,test
2016-10-17 23:59:52,72.21034306200525,4.246374312451647,0.466453,873.0191826720236,6.834342861047673,0.870619,test
2016-10-18 23:53:52,72.20519493062244,4.263496698302849,0.466453,872.7624431297921,6.8146160585927875,0.87061,test
2016-10-19 23:59:52,72.11655326713144,4.2504575310501265,0.46629,872.0906962894431,6.838920032147257,0.870593,test
2016-10-20 23:59:52,72.0826324488623,4.261383157382499,0.466208,871.113757078742,6.819705141553205,0.870593,test
2016-10-21 23:59:52,71.97717973386966,4.264280670204614,0.466126,869.9180489008825,6.859927654808326,0.870584,test
2016-10-22 23:59:52,71.85391007474745,4.3112628736036305,0.466045,869.4237734753469,6.790120734868112,0.870576,test
2016-10-23 23:59:52,71.73271265608885,4.2326570110855135,0.465963,867.6790346444465,6.844874813478028,0.870567,test
2016-10-24 23:59:52,71.69646692330622,4.292582915352926,0.465881,865.6269490020003,6.809586719725689,0.870558,test
2016-10-26 00:05:52,71.70511637587303,4.307621348800593,0.4658,866.0055306060663,6.834478888912549,0.870549,test
2016-10-26 23:59:52,71.5959445627588,4.298292542235411,0.465718,866.8005583948711,6.839151937552347,0.870541,test
2016-10-27 23:59:52,71.874891437464,4.265511336528536,0.465636,868.2349173609076,6.8332779467663665,0.870532,test
2016-10-28 23:59:52,72.0473824494119,4.238425121824855,0.465555,869.6363952392019,6.820478378765295,0.870523,test
2016-10-29 23:59:52,72.1887374670129,4.281022813654382,0.465473,871.6977477712729,6.824967377096478,0.870515,test
2016-10-30 23:59:52,72.23220649535713,4.270135086671072,0.465392,872.1134610743533,6.863281578886981,0.870506,test
2016-10-31 23:59:52,72.40461083643154,4.306721287362108,0.46531,873.206042388415,6.851807559224235,0.870497,test
2016-11-01 23:59:52,72.55179760864829,4.289113544678906,0.465228,875.8648540967291,6.843998910371003,0.870488,holdout
2016-11-02 23:59:52,72.61124379297728,4.299630385639846,0.465147,876.2346103809498,6.8524874310662485,0.87048,holdout
2016-11-03 23:59:52,72.59747935002946,4.255142092261484,0.465065,876.8835253439378,6.807178260044987,0.870471,holdout
2016-11-04 23:59:52,72.49248287952992,4.3008810124300965,0.464983,875.8575070451443,6.846065630640947,0.870462,holdout
2016-11-05 23:59:52,72.33934571765163,4.289396578968075,0.464902,873.2729037453446,6.836863694871404,0.870453,holdout
2016-11-06 23:59:52,72.20669728883945,4.296152539183453,0.46482,872.8779417467402,6.841785105495041,0.870445,holdout
2016-11-07 23:59:52,72.13057288975453,4.3043048437692795,0.464738,871.2455136140248,6.834364011534948,0.870436,holdout
2016-11-08 23:53:52,72.01283658144051,4.286725469832448,0.464738,870.2635566650251,6.850562596620749,0.870427,holdout
2016-11-09 23:59:52,71.94539987778442,4.311051452488653,0.464575,869.1978239729702,6.844521455513762,0.87041,holdout
2016-11-10 23:59:52,71.83005776416866,4.270629760788307,0.464493,868.0797845219722,6.837180326748714,0.87041,holdout
2016-11-11 23:59:52,71.83344701211296,4.279861107261134,0.464412,869.0804467683714,6.827789620661087,0.870401,holdout
2016-11-12 23:59:52,71.79898979239933,4.271338587924912,0.46433,869.9890538473325,6.827717061719045,0.870392,holdout
2016-11-13 23:59:52,71.89197596251032,4.252699435886283,0.464248,870.5888547291657,6.8469976049542876,0.870384,holdout
2016-11-14 23:59:52,71.86245263021867,4.23548955265621,0.464167,870.5283490414381,6.842219831719384,0.870375,holdout
2016-11-15 23:59:52,71.9557590681253,4.253521769358489,0.464085,872.3535630307581,6.811767039204895,0.870366,holdout
2016-11-16 23:59:52,71.94292211210939,4.2628991765464415,0.464003,872.2832639921678,6.808683895459395,0.870358,holdout
2016-11-17 23:59:52,72.1082297091237,4.2622323813886736,0.463922,872.8258796964755,6.8560563074638186,0.870349,holdout
2016-11-18 23:59:52,72.07370922063862,4.273930079493154,0.46384,872.4641438897245,6.789552081295898,0.87034,holdout
2016-11-19 23:59:52,71.96687149440149,4.254399125778727,0.463758,871.6076006496683,6.865191673619629,0.870331,holdout
2016-11-20 23:53:52,71.87011831899446,4.271184871212935,0.463758,870.5342650703002,6.853320185564302,0.870323,holdout
2016-11-21 23:59:52,71.73392548487662,4.3054410625330695,0.463595,869.1544374657964,6.8418122079882755,0.870305,holdout
2016-11-22 23:59:52,71.7458664060352,4.270014779694709,0.463513,869.9017638626088,6.826406428930564,0.870305,holdout
2016-11-23 23:59:52,71.63744631696024,4.259323969646956,0.463432,868.1694582530951,6.86968208167444,0.870297,holdout
2016-11-24 23:59:52,71.80602699559928,4.2850036355771035,0.46335,870.0843909672536,6.85401558029718,0.870288,holdout
2016-11-25 23:59:52,72.04239230964936,4.314754337535305,0.463268,870.4508124360362,6.865914891160606,0.870279,holdout
2016-11-26 23:59:52,72.17373616006275,4.30656490322048,0.463187,872.6863025025859,6.878828713194724,0.87027,holdout
2016-11-27 23:59:52,72.27587956910038,4.268190042384871,0.463105,875.1438385675893,6.88219567778338,0.870262,holdout
2016-11-28 23:59:52,72.58141998239066,4.279809805405371,0.463023,877.1487752839902,6.874828518219514,0.870253,holdout
2016-11-29 23:59:52,72.67654998930293,4.262746408806864,0.462942,878.4849751683552,6.818715859568368,0.870244,holdout
2016-11-30 23:59:52,72.72274152586535,4.302943591639041,0.46286,879.017061209002,6.8220548581464815,0.870235,holdout
2016-12-01 23:59:52,72.78261595997053,4.305948415279964,0.462779,880.1758565913634,6.847089401568443,0.870227,holdout
2016-12-02 23:59:52,72.59677857346429,4.265817625214965,0.462697,878.5334120113552,6.868581900260767,0.870218,holdout
2016-12-03 23:59:52,72.40860536387666,4.283553434642624,0.462615,876.4408147063467,6.806516273774812,0.870209,holdout
2016-12-04 23:59:52,72.34606738452831,4.252955674985921,0.462534,875.1135959370348,6.82822557026342,0.870201,holdout
2016-12-05 23:59:52,72.0088474988725,4.259659862024861,0.462452,872.2218973461538,6.8328380835756874,0.870192,holdout
2016-12-06 23:59:52,71.85025390359422,4.282490345063938,0.46237,869.7626845476448,6.856239747116231,0.870183,holdout
2016-12-07 23:59:52,71.78032493372827,4.294921358923984,0.462289,869.2741479571424,6.80204497753541,0.870174,holdout
2016-12-08 23:59:52,71.564223131333,4.259262121683226,0.462207,867.2203867114712,6.821707892052925,0.870166,holdout
2016-12-09 23:59:52,71.4716585316366,4.297879641820714,0.462125,866.1374247316581,6.80266488750055,0.870157,holdout
2016-12-10 23:59:52,71.50089161326537,4.269248411317466,0.462044,867.0314920577624,6.79885578869698,0.870148,holdout
2016-12-11 23:59:52,71.5731594291552,4.282253116353308,0.461962,866.9797818335744,6.80057116011418,0.87014,holdout
2016-12-12 23:59:52,71.57823797381074,4.311060543895282,0.46188,867.5141200497358,6.80980681430087,0.870131,holdout
2016-12-13 23:59:52,71.64781466861922,4.29497819508805,0.461799,869.2294255135638,6.8127979417136855,0.870122,holdout
2016-12-14 23:59:52,71.50219927007679,4.286065395648185,0.461717,867.4434104871854,6.841510059132884,0.870113,holdout
2016-12-15 23:59:52,71.5423758538212,4.301580810163386,0.461635,868.2014260356991,6.86327870649561,0.870105,holdout
2016-12-16 23:59:52,71.46946406877267,4.263748423109194,0.461554,867.3608703098635,6.848605548560036,0.870096,holdout
2016-12-17 23:59:52,71.52086635338102,4.28532075383206,0.461472,867.620474688285,6.824165485439387,0.870087,holdout
2016-12-18 23:59:52,71.63378871195762,4.284964419694878,0.46139,869.7242959852632,6.85420274809648,0.870079,holdout
2016-12-19 23:59:52,71.72765478020303,4.273109772551969,0.461309,869.889966796005,6.826724631853973,0.87007,holdout
2016-12-20 23:59:52,71.76855847051736,4.2878573818850825,0.461227,871.1000333885298,6.835793515227927,0.870061,holdout
2016-12-21 23:59:52,71.91251294698154,4.284955265836983,0.461145,870.7389409153975,6.840061418218401,0.870052,holdout
2016-12-22 23:59:52,71.94291351945161,4.286784303439669,0.461064,871.2371970379763,6.85233884704138,0.870044,holdout
2016-12-23 23:59:52,71.85383334420209,4.303813240409535,0.460982,869.9167239711198,6.845629604973542,0.870035,holdout
2016-12-24 23:59:52,71.86276333748089,4.257521788466965,0.4609,869.822379019146,6.81205177287829,0.870026,holdout
2016-12-25 23:59:52,71.94262198921194,4.262657609832563,0.460819,872.8645740735769,6.83560991243115,0.870017,holdout
2016-12-26 23:59:52,72.21710225093511,4.265265906411368,0.460737,874.2080516196153,6.864803057315572,0.870009,holdout
2016-12-27 23:59:52,72.13082787971453,4.290404019015994,0.460655,873.7451927454034,6.852709626471213,0.87,holdout
2016-12-28 23:59:52,72.13661363159137,4.261646435798155,0.460574,873.265459763453,6.795970302819526,0.869991,holdout
2016-12-29 23:59:52,72.09774779994265,4.290697909310105,0.460492,873.8486960567529,6.8412697097857205,0.869983,holdout
2016-12-30 23:59:52,72.05491242767427,4.283547923773102,0.46041,874.0445177918917,6.81510889616329,0.869974,holdout
2016-12-31 23:59:52,72.05956691328284,4.274517878784042,0.460329,874.353619802115,6.804576767773547,0.869956,holdout
2017-01-01 23:59:51,71.98401871433964,4.277140385430622,0.460247,873.5464208339998,6.844010976490402,0.869956,train
2017-01-02 23:59:51,71.91546022010483,4.264966555789977,0.460165,872.0978228081209,6.829203016603824,0.869948,train
2017-01-03 23:59:51,71.95238316737317,4.2776601056987404,0.460084,872.5445480065081,6.806361657447515,0.869939,train
2017-01-04 23:59:51,71.83916716498547,4.299479337410922,0.460002,871.2236196375445,6.858623988891461,0.86993,train
2017-01-05 23:59:51,71.72051278316172,4.295278046094866,0.45992,869.8008035788695,6.831520298774235,0.869922,train
2017-01-06 23:59:51,71.54603178512964,4.278967824291652,0.459839,868.5960720247238,6.861434881403974,0.869913,train
2017-01-07 23:59:51,71.55283806829851,4.2956930066238135,0.459757,868.2402578856148,6.818425604523972,0.869904,train
2017-01-08 23:59:51,71.44345576990435,4.261066141295509,0.459676,867.7043214088878,6.810854890831867,0.869895,train
2017-01-09 23:59:51,71.52703571623027,4.265342911340716,0.459594,868.2442198805913,6.835066321804722,0.869887,train
2017-01-10 23:59:51,71.41207803046717,4.2560813353465905,0.459512,867.2973811841579,6.79419068936423,0.869878,train
2017-01-11 23:59:51,71.22766757269343,4.28904601910877,0.459431,866.6509332665357,6.811804306701241,0.869869,train
2017-01-12 23:59:51,71.31792727641907,4.268964093138078,0.459349,866.8206693880641,6.871361939123618,0.86986,train
2017-01-13 23:59:51,71.58426058909905,4.3053126247044435,0.459267,868.9582228542239,6.792575896016254,0.869852,train
2017-01-14 23:59:51,71.78934800960157,4.235625804421893,0.459186,869.9999374519766,6.802976799533222,0.869843,train
2017-01-15 23:59:51,71.90848233673398,4.305665922804288,0.459104,871.2012553739991,6.825968947991971,0.869834,train
2017-01-16 23:59:51,72.01303212727939,4.295721248214156,0.459022,874.4003861980674,6.84205558301159,0.869826,train
2017-01-17 23:59:51,72.1767858671781,4.246410244273984,0.458941,875.4651660042833,6.841615062250253,0.869817,train
2017-01-18 23:59:51,72.19289453542154,4.280478625364236,0.458859,876.9954625397097,6.865198477124873,0.869808,train
2017-01-19 23:59:51,72.39149078661907,4.279436369191053,0.458777,877.2356656406981,6.777165566146448,0.869799,train
2017-01-20 23:59:51,72.45068569154219,4.273246645051659,0.458696,877.8060422074146,6.845343746064091,0.869791,train
2017-01-21 23:59:51,72.46302410274785,4.268176941454927,0.458614,877.8956132966234,6.83222790174927,0.869782,train
2017-01-22 23:59:51,72.47834617915281,4.3079334192517225,0.458532,878.4289691182695,6.865726611711628,0.869773,train
2017-01-23 23:59:51,72.3995059216555,4.2973947838867055,0.458451,878.0115100675614,6.846017793233264,0.869765,train
2017-01-24 23:59:51,72.39747992941969,4.26581056780484,0.458369,877.6396243831076,6.8491062531608575,0.869756,train
2017-01-25 23:59:51,72.18872729636823,4.272260000320465,0.458287,877.1990940326556,6.813721686961539,0.869747,train
2017-01-26 23:59:51,72.20774888779897,4.284507346502051,0.458206,875.4262467231765,6.8694838941751515,0.869738,train
2017-01-27 23:59:51,72.18982426889892,4.2798445572016135,0.458124,874.7045299335338,6.8276147620060765,0.86973,train
2017-01-28 23:59:51,72.04104402633634,4.253479254090304,0.458042,873.5996207108218,6.843908793269898,0.869721,train
2017-01-29 23:59:51,71.93050129467922,4.253995656489776,0.457961,873.815908968259,6.820404251116141,0.869712,train
2017-01-30 23:59:51,71.84581362437972,4.281329001713006,0.457879,872.5735820863969,6.825180117315616,0.869703,train
2017-01-31 23:59:51,71.56585002955975,4.273279875901333,0.457797,870.4585772273164,6.853983673560651,0.869695,train
2017-02-01 23:59:51,71.50895517261122,4.2900957967773214,0.457716,869.5201341226779,6.86837837258331,0.869686,train
2017-02-02 23:59:51,71.46365153560417,4.28571010830707,0.457634,868.3871593769079,6.847036592754078,0.869677,train
2017-02-03 23:59:51,71.16625087291848,4.28947461763677,0.457552,866.242484378317,6.852045398090551,0.869669,train
2017-02-04 23:59:51,71.03076758329478,4.2922572913862735,0.457471,865.6365679556046,6.838125840849748,0.86966,train
2017-02-05 23:59:51,70.95821356096688,4.275947301262954,0.457389,864.6494082508765,6.836386515151747,0.869651,train
2017-02-06 23:59:51,70.80080618244767,4.270169361310734,0.457307,863.1991550833484,6.840184842703514,0.869642,train
2017-02-07 23:59:51,70.83488242535459,4.27094979076135,0.457226,863.4702260708162,6.86139745832098,0.869634,train
2017-02-08 23:59:51,71.07346153987551,4.29270801976688,0.457144,865.097469591527,6.837324613880173,0.869625,train
2017-02-10 00:05:51,71.17584254369339,4.291904362942512,0.457063,867.2392878620409,6.803682308703616,0.869616,train
2017-02-10 23:59:51,71.21169271829612,4.275387224941945,0.456981,868.2253426737165,6.811519784613819,0.869608,train
2017-02-11 23:59:51,71.44697960135863,4.29148328997455,0.456899,869.6265248874831,6.85575006663495,0.869599,train
2017-02-12 23:59:51,71.36958095817086,4.252702772609595,0.456818,869.098337291685,6.82298197550643,0.86959,train
2017-02-13 23:59:51,71.55141814901764,4.27095571293343,0.456736,870.8975934638797,6.817681096707908,0.869581,train
2017-02-14 23:59:51,71.56004977751222,4.276736546242482,0.456654,869.6932426929413,6.825309417364617,0.869573,train
2017-02-15 23:59:51,71.46927572555998,4.251604373466156,0.456573,870.7073930777013,6.827187893068673,0.869564,train
2017-02-16 23:59:51,71.52146343312768,4.287852845695899,0.456491,869.5182895502608,6.8427497296333515,0.869555,train
2017-02-17 23:59:51,71.40518235425935,4.263349388374673,0.456409,869.7489543563767,6.875277773668008,0.869547,train
2017-02-18 23:59:51,71.40742588820038,4.275123996558304,0.456328,869.8593120975502,6.844571917421439,0.869538,train
2017-02-19 23:59:51,71.57178589125482,4.293438761870425,0.456246,870.4592022968034,6.842469223514114,0.869529,train
2017-02-20 23:59:51,71.76623882154358,4.297682610276582,0.456164,871.6448198318238,6.813347852056049,0.86952,train
2017-02-21 23:59:51,71.89257189923151,4.273277730986915,0.456083,873.0893064025281,6.830035890865854,0.869512,train
2017-02-22 23:59:51,71.96390724716196,4.31740536601064,0.456001,874.487810689104,6.854478355016873,0.869503,train
2017-02-23 23:59:51,72.16872150217954,4.286624296669931,0.455919,875.8451136108025,6.82738828581598,0.869494,train
2017-02-24 23:59:51,72.05739992077878,4.293568980070982,0.455838,876.8192914380393,6.832616181531203,0.869485,train
2017-02-25 23:59:51,72.02140814914827,4.2593105316664115,0.455756,876.0718456946576,6.808718595796265,0.869477,train
2017-02-26 23:59:51,72.01934209858565,4.265396933008946,0.455674,875.5884153636279,6.881806432945065,0.869468,train
2017-02-27 23:59:51,71.76905567754964,4.2800354709899695,0.455593,873.4481612646475,6.845217994888446,0.869459,train
2017-02-28 23:59:51,71.62056624271858,4.301691802480879,0.455511,871.2058460842005,6.848166821974252,0.869451,train
2017-03-01 23:59:51,71.52755377695307,4.263643888292568,0.455429,870.7803965749762,6.811522430636792,0.869442,train
2017-03-02 23:59:51,71.36238330154302,4.29864192721318,0.455348,869.9758606607622,6.808453785483715,0.869433,train
2017-03-03 23:59:51,71.24391997022849,4.273837379072526,0.455266,868.6128297514234,6.83398886042951,0.869424,train
2017-03-04 23:59:51,71.1501503224984,4.252887246981833,0.455184,867.192285539419,6.847152671787087,0.869416,train
2017-03-05 23:59:51,71.03641071455525,4.281461764567844,0.455103,865.5626726387202,6.8641030622917745,0.869407,train
2017-03-06 23:59:51,70.8872415772737,4.2815366378778785,0.455021,864.2829444548306,6.875045597484053,0.869398,train
2017-03-07 23:59:51,70.76133208258454,4.2406339730901,0.454939,864.4634132283296,6.821462689232225,0.86939,train
2017-03-08 23:59:51,70.75351963963266,4.284641172854516,0.454858,863.5587137597837,6.825724234972123,0.869381,train
2017-03-09 23:59:51,70.7603298123896,4.268777729333373,0.454776,864.2377882019564,6.815948344996363,0.869372,train
2017-03-10 23:59:51,70.79204834382983,4.2848829165873985,0.454694,863.74711423711,6.8220619123873725,0.869363,train
2017-03-11 23:59:51,70.91047356233989,4.32046389045489,0.454613,864.8123296198992,6.853608447497355,0.869355,train
2017-03-12 23:59:51,70.74318006740539,4.30458079940043,0.454531,864.6674440968229,6.859435658711004,0.869346,train
2017-03-13 23:59:51,70.79283653362207,4.287304416864649,0.45445,864.4255167293658,6.829961671662389,0.869337,train
2017-03-14 23:59:51,70.78758809353174,4.303659618882561,0.454368,864.1012824486879,6.84582406543698,0.869328,train
2017-03-15 23:59:51,70.84106759356226,4.284519565242739,0.454286,863.8422684457688,6.832245016512745,0.86932,train
2017-03-16 23:59:51,70.7894084276673,4.299878263864901,0.454205,865.1940121470448,6.851307994405182,0.869311,train
2017-03-17 23:59:51,70.85072704719134,4.279334879237561,0.454123,864.8410997850773,6.860423241994953,0.869302,train
2017-03-18 23:59:51,70.85329675292095,4.245803188508151,0.454041,865.5645441261885,6.873369520545115,0.869294,train
2017-03-19 23:59:51,71.02119065314224,4.305698248963881,0.45396,867.2013546881883,6.8533954491110896,0.869285,train
2017-03-20 23:59:51,71.01892160911119,4.2658609477794025,0.453878,866.9398682079532,6.804464119369299,0.869276,train
2017-03-21 23:59:51,71.12425385053125,4.271026943564536,0.453796,868.0266693424022,6.821083320673628,0.869267,train
2017-03-22 23:59:51,71.1640676232836,4.271849677050064,0.453715,869.13745841577,6.861282401837959,0.869259,train
2017-03-23 23:59:51,71.27969021400878,4.294983165220466,0.453633,870.0924930395297,6.826833289197622,0.86925,train
2017-03-24 23:59:51,71.37619414735542,4.259645115748235,0.453551,870.4333579359702,6.844857566603142,0.869241,train
2017-03-25 23:59:51,71.35726198568074,4.25578266763325,0.45347,870.6588335196238,6.832692704251833,0.869233,train
2017-03-26 23:59:51,71.65203867047225,4.308164885788882,0.453388,871.0595948893074,6.859279732379116,0.869224,train
2017-03-27 23:59:51,71.62850484438975,4.265748291450808,0.453306,872.4486651639683,6.868684058537116,0.869215,train
2017-03-28 23:59:51,71.56224709187086,4.2640192098098195,0.453225,870.9078677015874,6.872088213677209,0.869206,train
2017-03-29 23:59:51,71.44986224505257,4.284613010870886,0.453143,870.5205187060169,6.848018715984734,0.869198,train
2017-03-30 23:59:51,71.2525828025777,4.284665625923875,0.453061,869.8496596851132,6.827345635443612,0.869189,train
2017-03-31 23:59:51,71.34420519857078,4.279810223362622,0.45298,870.8643200614456,6.83246545010391,0.86918,train
2017-04-01 23:59:51,71.55670323480521,4.293810344077618,0.452898,871.0769666176769,6.8454646422586425,0.869172,train
2017-04-02 23:59:51,71.5157761306151,4.265938090535419,0.452816,868.7551257121468,6.865012822788841,0.869163,train
2017-04-03 23:59:51,71.1461775086529,4.262027122348149,0.452735,866.605250743717,6.855406833896548,0.869154,train
2017-04-04 23:59:51,70.96798540596988,4.293426204312919,0.452653,866.070658015343,6.862901306659149,0.869145,train
2017-04-05 23:59:51,70.89467671003386,4.295692388250013,0.452571,865.0756053111322,6.821642245833219,0.869137,train
2017-04-06 23:59:51,70.8283755127158,4.285196042252436,0.45249,865.9861111169373,6.810572106227995,0.869128,train
2017-04-07 23:59:51,70.68495464719433,4.262204639030706,0.452408,864.5674850951325,6.856803472282904,0.869119,train
2017-04-08 23:59:51,70.62438500144485,4.275603387711255,0.452326,865.2204540097806,6.825232146938466,0.86911,train
2017-04-09 23:59:51,70.78557212907758,4.293306868401943,0.452245,865.3677777793703,6.809242394938575,0.869102,train
2017-04-10 23:59:51,70.89515151360933,4.293119802065867,0.452163,866.3782085842556,6.817372590975178,0.869093,train
2017-04-11 23:59:51,70.83051860261179,4.254561266588249,0.452081,865.7967930828113,6.833648807351757,0.869084,train
2017-04-12 23:59:51,70.89000161634506,4.286357118091757,0.452,866.2810113282244,6.837517355467254,0.869076,train
2017-04-13 23:59:51,70.98161033384214,4.291762377076691,0.451918,867.2711624285337,6.833276445871369,0.869067,train
2017-04-14 23:59:51,70.90660574358202,4.274761389017878,0.451836,867.0916410797923,6.834919965823832,0.869058,train
2017-04-15 23:59:51,70.99381046032987,4.274872307073371,0.451755,867.2225909481314,6.856097281313323,0.869049,train
2017-04-16 23:59:51,70.85678597790482,4.264811409993554,0.451673,866.8197177072753,6.849777223986419,0.869041,train
2017-04-17 23:59:51,70.91886137944984,4.289843440185358,0.451591,867.1860634258902,6.839359444118484,0.869032,train
2017-04-18 23:59:51,71.11724416599999,4.279932861034683,0.45151,868.028509036357,6.829145523958336,0.869023,train
2017-04-19 23:59:51,71.29435957025841,4.2812842206105355,0.451428,869.9432024553379,6.817987709452758,0.869015,train
2017-04-20 23:59:51,71.40582603259412,4.302102355685338,0.451347,870.9099506700071,6.852654913787206,0.869006,train
2017-04-21 23:59:51,71.59400862319575,4.300107528475939,0.451265,873.5866386925308,6.8461581868623,0.868997,train
2017-04-22 23:59:51,71.9003853415569,4.2841360655519605,0.451183,875.3541995749243,6.869746658512916,0.868988,train
2017-04-23 23:59:51,72.164922555227,4.302701151442609,0.451102,878.5982808747546,6.79483331558513,0.86898,train
2017-04-24 23:59:51,72.15137603966595,4.258477045611021,0.45102,878.7852141564928,6.835951679523123,0.868971,train
2017-04-25 23:59:51,71.98199653953212,4.267340139115437,0.450938,878.3995738612706,6.855862303625724,0.868962,train
2017-04-26 23:59:51,71.75509923090382,4.310074798941666,0.450857,875.7136716101026,6.801168266984595,0.868953,train
2017-04-27 23:59:51,71.62709996596205,4.260731680885906,0.450775,874.3664959964216,6.8438499993178725,0.868945,train
2017-04-28 23:59:51,71.31838022001193,4.272274779587293,0.450693,871.3181369514946,6.815794869089578,0.868936,train
2017-04-29 23:59:51,71.09122882545397,4.29697258586277,0.450612,867.8506840184792,6.861103903212548,0.868927,train
2017-04-30 23:59:51,70.79925873207654,4.2818367203831915,0.45053,865.1677249084527,6.835364781440809,0.868919,train
2017-05-01 23:59:51,70.35558684090401,4.237498607268853,0.450448,862.5994648427867,6.780553688644221,0.86891,train
2017-05-02 23:59:51,70.37099404011548,4.280312665036212,0.450367,861.7288302722226,6.812675488874019,0.868901,train
2017-05-03 23:59:51,70.28482096143938,4.2671693500568555,0.450285,862.5515801778228,6.849553546730365,0.868892,train
2017-05-04 23:59:51,70.34182981287415,4.234622926475191,0.450203,863.7648970128258,6.853402916342149,0.868884,train
2017-05-05 23:59:51,70.20594341020268,4.30436636584559,0.450122,862.4558246365422,6.804698945070084,0.868875,train
2017-05-06 23:59:51,70.26902339117694,4.281207939674558,0.45004,862.3722605880654,6.83615526174405,0.868866,train
2017-05-07 23:59:51,70.2482238524103,4.27795286471838,0.449958,861.8627254713791,6.847097634864479,0.868858,train
2017-05-08 23:59:51,70.15146533256726,4.289788073621927,0.449877,860.9357499468185,6.851060351769593,0.868849,train
2017-05-09 23:59:51,70.05386651264767,4.225220061709573,0.449795,860.7470425613907,6.808733833462089,0.86884,train
2017-05-10 23:59:51,70.04229895625843,4.262974171669011,0.449713,860.5671313862256,6.833976557485032,0.868831,train
2017-05-11 23:59:51,70.10895106658023,4.279362256502261,0.449632,861.2809562066501,6.83871570746196,0.868823,train
2017-05-12 23:59:51,70.20123101191103,4.256665954751522,0.44955,861.8263059365805,6.836621032447247,0.868814,train
2017-05-13 23:59:51,70.25907286684887,4.305566438219112,0.449468,862.6015603044978,6.838354954259022,0.868805,train
2017-05-14 23:59:51,70.2033012991448,4.274959656323397,0.449387,862.4331080254759,6.821380414402341,0.868797,train
2017-05-15 23:59:51,70.36598073409019,4.258207723721715,0.449305,863.29560846613,6.8692138658260555,0.868788,train
2017-05-16 23:59:51,70.46098302219968,4.2857719399330945,0.449223,864.4980336709136,6.837248946754491,0.868779,train
2017-05-17 23:59:51,70.55663824451626,4.242589967865058,0.449142,864.9835838180956,6.862596244392468,0.86877,train
2017-05-18 23:59:51,70.96461695345423,4.305783790737933,0.44906,868.8487613226935,6.821010923132872,0.868762,train
2017-05-19 23:59:51,71.17224752907536,4.280239202994228,0.448978,871.0966680759053,6.877903683199245,0.868753,train
2017-05-20 23:59:51,71.35110831142336,4.293519423289327,0.448897,871.9819193652254,6.82328475170902,0.868744,train
2017-05-21 23:59:51,71.41293370943724,4.259019539768163,0.448815,874.2993686341505,6.822717783160136,0.868735,train
2017-05-22 23:59:51,71.34688622699343,4.249401272505764,0.448734,874.1694194011535,6.860980692041716,0.868727,train
2017-05-23 23:59:51,71.31236194541653,4.275350034553103,0.448652,874.3712064731633,6.8449872880238125,0.868718,train
2017-05-24 23:59:51,71.15094663970295,4.249599287654338,0.44857,871.6723702173281,6.869753532715183,0.868709,train
2017-05-25 23:59:51,70.92443109429549,4.286165120760988,0.448489,868.3886105572736,6.876847139621119,0.868701,train
2017-05-26 23:59:51,70.86107511776495,4.29291719294512,0.448407,866.5106855753922,6.853406199953458,0.868692,train
2017-05-27 23:59:51,70.57780056854264,4.286524921814254,0.448325,864.1960409552113,6.843450004531646,0.868683,train
2017-05-28 23:59:51,70.21508403490165,4.249770803543387,0.448244,862.3494732742533,6.84846729551806,0.868674,train
2017-05-29 23:59:51,70.12811531243136,4.282406169851815,0.448162,861.3154720341839,6.85013284457177,0.868666,train
2017-05-30 23:59:51,70.16022388501463,4.277463627223923,0.44808,861.0624775021711,6.808935209500021,0.868657,train
2017-05-31 23:59:51,70.13408597346798,4.239272690514967,0.447999,862.3782622725876,6.803995630684115,0.868648,train
2017-06-01 23:59:51,70.23939919286637,4.235338434794342,0.447917,862.3915362111087,6.840351891599087,0.86864,train
2017-06-02 23:59:51,70.32916429489794,4.238678416919846,0.447835,863.2290293094052,6.851385368897962,0.868631,train
2017-06-03 23:59:51,70.58122833512189,4.2947129387260725,0.447754,865.3541554007592,6.83923085305671,0.868622,train
2017-06-04 23:59:51,70.53609601077011,4.281442257831109,0.447672,864.9299240840578,6.796954247600682,0.868613,train
2017-06-05 23:59:51,70.6327728082376,4.241844112631444,0.44759,866.362384392679,6.843605838794587,0.868605,train
2017-06-06 23:59:51,70.49175707669117,4.266958176769207,0.447509,866.2870074254313,6.821068620136511,0.868596,train
2017-06-07 23:59:51,70.49518961103512,4.252553878424024,0.447427,866.3619973045642,6.8082543491960275,0.868587,train
2017-06-08 23:59:51,70.39383665951242,4.27072966963515,0.447345,863.9563771020036,6.851796540894717,0.868578,train
2017-06-09 23:59:51,70.35691269168997,4.288998659719858,0.447264,863.6906097099437,6.851237148930397,0.86857,train
2017-06-10 23:59:51,70.32944149999533,4.280534109779399,0.447182,862.8603904765876,6.837677969380994,0.868561,train
2017-06-11 23:59:51,70.14569720284878,4.25150124031621,0.4471,860.8921151012505,6.811127543602889,0.868552,train
2017-06-12 23:59:51,70.26099886729757,4.25293210296882,0.447019,861.762935261182,6.8581431313604275,0.868544,train
2017-06-13 23:59:51,70.27947251596751,4.261270142083714,0.446937,862.8640648821345,6.84161164885698,0.868535,train
2017-06-14 23:59:51,70.66352698747417,4.264712604272165,0.446855,865.6151747993041,6.8232992386567215,0.868526,train
2017-06-15 23:59:51,70.73596634688201,4.2605878890909485,0.446774,868.1681125267507,6.811056021548104,0.868517,train
2017-06-16 23:59:51,71.05677434058988,4.28980850329094,0.446692,871.380984016604,6.8389661373348,0.868509,train
2017-06-17 23:59:51,71.07602278082004,4.243276446460903,0.44661,872.1677187181268,6.8207538707801145,0.8685,train
2017-06-18 23:59:51,71.04260277283834,4.232290239047457,0.446529,871.7008347707318,6.823485062667487,0.868491,train
2017-06-19 23:59:51,71.03557277833352,4.237094126509565,0.446447,870.5251470805883,6.829910033429504,0.868483,train
2017-06-20 23:59:51,70.85628615278954,4.256231962373397,0.446365,868.0112148846654,6.829572657694603,0.868474,train
2017-06-21 23:59:51,70.7339953498651,4.2808000184932,0.446284,865.2867847853859,6.825367485298182,0.868465,train
2017-06-22 23:59:51,70.38588532676857,4.284413435963983,0.446202,863.1276795837705,6.8826486592326175,0.868456,train
2017-06-23 23:59:51,70.24656314923895,4.287069685408434,0.446121,861.9052611481253,6.838679069585312,0.868448,train
2017-06-24 23:59:51,70.19860912476906,4.249155889110834,0.446039,861.7606131277028,6.819725523982259,0.868439,train
2017-06-25 23:59:51,70.23885486428483,4.252622538591993,0.445957,862.157520204369,6.839095205217106,0.86843,train
2017-06-26 23:59:51,70.21732564189135,4.244801471838796,0.445876,862.8912306614803,6.811086292699351,0.868421,train
2017-06-27 23:59:51,70.16471525845037,4.279081559119263,0.445794,861.6729706342672,6.820805496066757,0.868413,train
2017-06-28 23:59:51,70.05197347738337,4.285067228634164,0.445712,860.7017713655752,6.845650270727282,0.868404,train
2017-06-29 23:59:51,70.1693431373102,4.300002745799433,0.445631,860.2778135593177,6.838793106632206,0.868395,train
2017-06-30 23:59:51,70.18775066352913,4.300058620278592,0.445549,861.0805167370175,6.842734147790592,0.868387,train
2017-07-01 23:59:51,70.08922110918415,4.278220832978584,0.445467,860.579331522181,6.813266969712775,0.868378,train
2017-07-02 23:59:51,70.0737538600493,4.216928988732836,0.445386,861.531175103369,6.81662121227252,0.868369,train
2017-07-03 23:59:51,70.02644709623146,4.277950396183614,0.445304,859.9869792191024,6.839658822065001,0.86836,train
2017-07-04 23:59:51,70.01163561853635,4.268257512411516,0.445222,860.3118085488572,6.818335998795391,0.868352,train
2017-07-05 23:59:51,70.08015650107961,4.239635812618657,0.445141,860.1387636792315,6.798284991761279,0.868343,train
2017-07-06 23:59:51,70.07500093013894,4.25016131112773,0.445059,860.0338712723576,6.874082800099294,0.868334,train
2017-07-07 23:59:51,70.12456771746929,4.2772724820166745,0.444977,859.6828396877169,6.8231857754885255,0.868326,train
2017-07-08 23:59:51,70.30512720958656,4.280719854298644,0.444896,862.04809462528,6.841663246395702,0.868317,train
2017-07-09 23:59:51,70.29659637853179,4.28795757991696,0.444814,862.4877381219775,6.818356449974855,0.868308,train
2017-07-10 23:59:51,70.39470357544113,4.25063963516933,0.444732,864.4082214104942,6.83748042167654,0.868299,train
2017-07-11 23:59:51,70.74800839071527,4.214451757454509,0.444651,867.2678453392756,6.819846616465936,0.868291,train
2017-07-12 23:59:51,70.87023182426289,4.270548347815896,0.444569,868.526025265459,6.825037389695938,0.868282,train
2017-07-13 23:59:51,71.13530086763976,4.232496928330185,0.444487,870.4485475856475,6.8448333354743305,0.868273,train
2017-07-14 23:59:51,71.04749495767372,4.271625364981128,0.444406,868.9227785686053,6.821019575420594,0.868265,train
2017-07-15 23:59:51,70.87864606623523,4.294164085232712,0.444324,868.9223223697506,6.8314750024855,0.868256,train
2017-07-16 23:59:51,70.59273471203532,4.263684519115228,0.444242,865.4242588386472,6.838445386939741,0.868247,train
2017-07-17 23:59:51,70.26859614569008,4.212076454726686,0.444161,862.7489068438052,6.857589401954591,0.868238,train
2017-07-18 23:59:51,70.19102262179179,4.2876512027501725,0.444079,861.1529320873072,6.826353674412621,0.86823,train
2017-07-19 23:59:51,70.01308215300182,4.298726096340096,0.443997,859.4705544338588,6.839818436450272,0.868221,train
2017-07-20 23:59:51,70.06955234934935,4.303427575856728,0.443916,859.5660774791243,6.816142726701658,0.868212,train
2017-07-21 23:59:51,69.99781070326642,4.293660957137991,0.443834,859.919962405855,6.83107094304785,0.868203,train
2017-07-22 23:59:51,69.96804171541925,4.272482717754284,0.443752,859.5848306289562,6.818940092488108,0.868186,train
2017-07-23 23:59:51,69.87981625763653,4.271144576607386,0.443671,858.6626609539096,6.847449435800919,0.868186,train
2017-07-24 23:59:51,69.93783282408266,4.2335687769356865,0.443589,859.2428512340194,6.831316039720344,0.868177,train
2017-07-25 23:59:51,69.92778640456731,4.2802172384657,0.443507,858.5079776928505,6.844079249860582,0.868169,train
2017-07-26 23:59:51,69.93569455396224,4.284720178159833,0.443426,857.8896528081128,6.854625457449954,0.86816,train
2017-07-27 23:59:51,69.87865108974535,4.309543416091874,0.443344,857.6826983550525,6.834416465230508,0.868151,train
2017-07-28 23:59:51,69.90643244371078,4.280329653710026,0.443262,858.2303065003459,6.793117148175682,0.868142,train
2017-07-29 23:59:51,69.86135430886452,4.260676504417794,0.443181,857.9133424655739,6.794778637450679,0.868134,train
2017-07-30 23:59:51,69.79493378021039,4.271343507428888,0.443099,857.7433339774768,6.828478658938232,0.868125,train
2017-07-31 23:59:51,69.74741000905813,4.239123291049473,0.443018,856.7063748395002,6.821321856828249,0.868116,train
2017-08-01 23:59:51,69.70885516881972,4.304080897405384,0.442936,855.8501753445966,6.827247261310574,0.868108,test
2017-08-02 23:59:51,69.89877381142092,4.289605907306692,0.442854,857.384764560264,6.862347957213972,0.868099,test
2017-08-03 23:59:51,69.98043398713283,4.266625399887744,0.442773,859.3343392782756,6.8200851162331055,0.86809,test
2017-08-04 23:59:51,70.06521247691654,4.271698296130576,0.442691,860.3524207957179,6.86490824980128,0.868081,test
2017-08-05 23:59:51,70.13057849782561,4.271483581847644,0.442609,862.2127575334799,6.853758465564842,0.868073,test
2017-08-06 23:59:51,70.35920735699418,4.257357431753516,0.442528,864.1111110198342,6.825836083470999,0.868064,test
2017-08-07 23:59:51,70.4934290096598,4.256772790579764,0.442446,866.4641419175595,6.8129550800960015,0.868055,test
2017-08-08 23:59:51,70.5819988817572,4.2625947369712645,0.442364,866.5135611638141,6.832370443113192,0.868047,test
2017-08-09 23:59:51,70.49409581128917,4.23687906445902,0.442283,864.577346131746,6.794885146546678,0.868038,test
2017-08-10 23:59:51,70.29120689459819,4.27355431126935,0.442201,862.7284223312062,6.855935742465339,0.868029,test
2017-08-11 23:59:51,70.2784111608724,4.262798086110899,0.442119,861.4533552043808,6.846925326081435,0.868012,test
2017-08-12 23:59:51,70.09729383925499,4.272325925971446,0.442038,860.2238115687186,6.841386571369343,0.868012,test
2017-08-13 23:59:51,69.8816374608453,4.277114317917961,0.441956,857.5670667349481,6.794499244468436,0.868003,test
2017-08-14 23:59:51,69.84972675523034,4.25303455001553,0.441874,857.3911241101933,6.8087936633615795,0.867994,test
2017-08-15 23:59:51,69.90336441929989,4.232193021666295,0.441793,857.7404801100587,6.832199664426159,0.867985,test
2017-08-16 23:59:51,70.0064246649352,4.255843842945748,0.441711,858.6677628515088,6.829434752671092,0.867977,test
2017-08-17 23:59:51,69.94026240383651,4.2702180597338675,0.441629,858.5404694362862,6.8134516161454615,0.867968,test
2017-08-18 23:59:51,70.14488971775022,4.256495433060223,0.441548,860.6755787608004,6.807335684170938,0.867959,test
2017-08-19 23:59:51,70.01723293495252,4.274164260556723,0.441466,860.7266236691586,6.812740617229092,0.867951,test
2017-08-20 23:59:51,70.25128249520031,4.269449991110223,0.441384,861.9145866336752,6.793498459072345,0.867942,test
2017-08-21 23:59:51,70.3544792485052,4.287563424043704,0.441303,862.8739969671811,6.808129033358322,0.867933,test
2017-08-22 23:59:51,70.28761925544995,4.279854959986967,0.441221,862.0025034818665,6.801848870933057,0.867924,test
2017-08-23 23:59:51,70.26992566994892,4.245959971644673,0.441139,861.3716990094733,6.830225477760232,0.867916,test
2017-08-24 23:59:51,70.18386679113222,4.2862536158564275,0.441058,860.5230490786589,6.860959991555607,0.867907,test
2017-08-25 23:59:51,70.1366092676544,4.2742555442504475,0.440976,860.6082675065251,6.850958227973081,0.867898,test
2017-08-26 23:59:51,70.02350684196664,4.264178058038202,0.440894,859.4934543766441,6.840793742861008,0.86789,test
2017-08-27 23:59:51,69.92033848926981,4.252432786045584,0.440813,858.970595771641,6.795991402481656,0.867881,test
2017-08-28 23:59:51,70.01072598632486,4.263571629413341,0.440731,858.8916999396438,6.805442963720645,0.867872,test
2017-08-29 23:59:51,70.09643691469425,4.287442407553119,0.440649,858.414427170396,6.839731351581837,0.867863,test
2017-08-30 23:59:51,70.07828833611697,4.283911161293225,0.440568,858.42393337996,6.835963684376,0.867855,test
2017-08-31 23:59:51,70.17783156074883,4.266617738312591,0.440486,860.2088652808991,6.840856242722983,0.867846,test
2017-09-01 23:59:51,70.21055071891318,4.255585624854778,0.440405,860.9628366861419,6.792367944976296,0.867837,test
2017-09-02 23:59:51,70.80468650214375,4.248253697793234,0.440323,867.705711948336,6.800784214445326,0.867828,test
2017-09-03 23:59:51,71.32205834278885,4.239366025441592,0.440241,871.4553394810425,6.81730900539839,0.86782,test
2017-09-04 23:59:51,71.66896791568584,4.255787408365026,0.44016,873.4337046583054,6.80923236325857,0.867811,test
2017-09-05 23:59:51,71.5122400154909,4.235467194561833,0.440078,874.4530720982036,6.859939635093167,0.867802,test
2017-09-06 23:59:51,71.47458160683689,4.263998975528491,0.439996,872.2135953574261,6.82483524104004,0.867794,test
2017-09-07 23:59:51,71.78041873318678,4.250055395146029,0.439915,870.8184769737124,6.828405571124985,0.867785,test
2017-09-08 23:59:51,71.0374699025508,4.271460829043285,0.439833,866.7665335757292,6.844729441106043,0.867776,test
2017-09-09 23:59:51,70.48206160932426,4.268513019028706,0.439751,862.3995254359295,6.829680894888912,0.867767,test
2017-09-10 23:59:51,70.79068268785286,4.229717731793312,0.43967,859.8663277807499,6.849160832207203,0.867759,test
2017-09-11 23:59:51,70.0500868031037,4.267618806648936,0.439588,857.7105570420882,6.829678667733623,0.86775,test
2017-09-12 23:59:51,69.98453102455319,4.281392937580152,0.439506,857.6954927283024,6.819101645640326,0.867741,test
2017-09-13 23:59:51,69.83771668339831,4.265939969986353,0.439425,857.2912561776636,6.8341215140035665,0.867733,test
2017-09-14 23:59:51,69.71251353462553,4.240271439107274,0.439343,855.9618371645731,6.817127799966706,0.867724,test
2017-09-15 23:59:51,69.76408490579942,4.251729589337972,0.439261,857.6840066656108,6.829687370034209,0.867715,test
2017-09-16 23:59:51,69.74650675172916,4.26950414374835,0.43918,857.2117071017003,6.802832713825916,0.867706,test
2017-09-17 23:59:51,69.82142976605742,4.226070892533489,0.439098,857.4363903547192,6.838086160968049,0.867698,test
2017-09-18 23:59:51,69.8163254193348,4.279665816277975,0.439016,856.6255926554844,6.860212313984803,0.867689,test
2017-09-19 23:59:51,69.92493464040349,4.273084200114335,0.438935,858.5342717034164,6.8552107881306314,0.86768,test
2017-09-20 23:59:51,69.84694417524052,4.228542940585905,0.438853,857.7415247933319,6.82256502550779,0.867671,test
2017-09-21 23:59:51,70.07877361220653,4.263805869767485,0.438771,858.4814890836872,6.792692274148712,0.867663,test
2017-09-22 23:59:51,69.88349919035733,4.28420453484734,0.43869,858.2651326734327,6.820066169207906,0.867654,test
2017-09-23 23:59:51,69.95190758915732,4.232791516554297,0.438608,858.4959855702932,6.803946935834071,0.867645,test
2017-09-24 23:59:51,70.1296754770035,4.249431229837522,0.438526,858.594996206782,6.794146956743372,0.867637,test
2017-09-25 23:59:51,70.35325185831105,4.239590570639853,0.438445,860.5632672095642,6.816419360485287,0.867628,test
2017-09-26 23:59:51,70.68215790914036,4.268746453561568,0.438363,864.1012549150896,6.830428464810749,0.867619,test
2017-09-27 23:59:51,70.8411637701666,4.27460421271113,0.438281,866.0641884329788,6.836191215361527,0.86761,test
2017-09-28 23:59:51,70.91666723156425,4.269338411325172,0.4382,868.2207596312653,6.847778132701822,0.867602,test
2017-09-29 23:59:51,71.12617086250545,4.255938932590028,0.438118,871.3571080609225,6.83000863701369,0.867593,test
2017-09-30 23:59:51,71.16985606528185,4.269522457290222,0.438036,872.2748097646353,6.804027890815637,0.867584,test
2017-10-01 23:59:51,71.17428239920947,4.267073436375103,0.437955,871.8653830457496,6.810645378202392,0.867576,test
2017-10-03 00:05:51,71.00422093970518,4.265205584505141,0.437873,869.5981741190654,6.836824912606323,0.867567,test
2017-10-03 23:59:51,70.86827446951034,4.280237048441298,0.437791,867.2226559217913,6.8420010047739295,0.867558,test
2017-10-04 23:59:51,70.68457853938236,4.263133168229365,0.43771,864.8431381676145,6.831227653923465,0.867549,test
2017-10-05 23:59:51,70.43512879313745,4.263985795327879,0.437628,861.3761676163472,6.7983596207322385,0.867541,test
2017-10-06 23:59:51,70.0282136978532,4.27064121113472,0.437547,858.2209974708669,6.8219816294730915,0.867532,test
2017-10-07 23:59:51,69.76505730111772,4.254620958473804,0.437465,855.5186864156918,6.8321946998259975,0.867523,test
2017-10-08 23:59:51,69.73491830887708,4.24493406097465,0.437383,855.116057814571,6.824205109506419,0.867515,test
2017-10-09 23:59:51,69.63352805335846,4.2505823099933675,0.437302,854.0850747482185,6.814349028844616,0.867506,test
2017-10-10 23:59:51,69.67061609509976,4.2964921559066305,0.43722,853.779135524521,6.876847202450913,0.867497,test
2017-10-11 23:59:51,69.56152449106918,4.267556163298193,0.437138,854.1730002264524,6.857277807276534,0.867488,test
2017-10-12 23:59:51,69.75196246262102,4.266769967303129,0.437057,854.855624523845,6.802382100515439,0.86748,test
2017-10-13 23:59:51,69.784852599952,4.257105137237372,0.436975,856.486417170531,6.818494348626118,0.867471,test
2017-10-14 23:59:51,69.83072156324722,4.2512359550121825,0.436893,856.8299975216169,6.845938892500072,0.867462,test
2017-10-15 23:59:51,69.73217279874324,4.270316391860172,0.436812,856.271667117303,6.819752549003494,0.867454,test
2017-10-16 23:59:51,69.88075909584825,4.274687854173702,0.43673,856.8405737307017,6.848903111548882,0.867445,test
2017-10-17 23:59:51,69.92536447842309,4.25259908226796,0.436648,857.3752638447963,6.806310194626773,0.867436,test
2017-10-18 23:59:51,69.75145625534049,4.284052926681818,0.436567,856.222072730951,6.83127377159331,0.867427,test
2017-10-19 23:59:51,69.70761592833917,4.233820511089437,0.436485,856.0777702637417,6.86510805582852,0.867419,test
2017-10-20 23:59:51,69.61515237236047,4.2889085695282745,0.436403,855.2695245343461,6.809507002095776,0.86741,test
2017-10-21 23:59:51,69.854832180951,4.26503209405436,0.436322,856.3753479283563,6.860028017828894,0.867401,test
2017-10-22 23:59:51,69.96630264460411,4.263870745997481,0.43624,857.3112980843925,6.825736031289443,0.867392,test
2017-10-24 00:05:51,70.19652610002954,4.247235862317917,0.436158,859.3628940987682,6.813844104244167,0.867375,test
2017-10-24 23:59:51,70.3851679269937,4.259317715651609,0.436077,862.2356093936982,6.81193958852653,0.867375,test
2017-10-25 23:59:51,70.56369403507989,4.2198504290203145,0.435995,864.7915494350042,6.7958104288878225,0.867366,test
2017-10-26 23:59:51,70.66671683731555,4.240689528455786,0.435913,865.9879290432789,6.795929278994321,0.867358,test
2017-10-27 23:59:51,70.877009764418,4.2781452007939285,0.435832,868.361803089524,6.816970708104878,0.867349,test
2017-10-28 23:59:51,70.75106140856253,4.222528835248602,0.43575,867.8119787211574,6.785382596329788,0.86734,test
2017-10-29 23:59:51,70.69474681503705,4.246418870071715,0.435668,866.5612699943932,6.823551714005789,0.867331,test
2017-10-30 23:59:51,70.51789952629287,4.248806031846692,0.435587,863.7444794091526,6.835144252348819,0.867323,test
2017-10-31 23:59:51,70.27347986149215,4.2418673083766665,0.435505,861.3123721161219,6.85808844964397,0.867314,test
2017-11-01 23:59:51,70.02035455544728,4.243461837328832,0.435423,857.0895229435246,6.804926146660655,0.867305,holdout
2017-11-02 23:59:51,69.87547974855342,4.277047227179249,0.435342,855.6655649479161,6.816733601998897,0.867297,holdout
2017-11-03 23:59:51,69.60173391497771,4.253593897490379,0.43526,853.0179214953345,6.841694149137469,0.867288,holdout
2017-11-04 23:59:51,69.55523918645139,4.292411520421245,0.435178,853.6273170229405,6.826476148299267,0.867279,holdout
2017-11-05 23:59:51,69.56457489817686,4.2818713616622714,0.435097,853.5507267343493,6.831147556438115,0.86727,holdout
2017-11-06 23:59:51,69.57172746101196,4.234992389020143,0.435015,853.7465466012235,6.793190391958226,0.867262,holdout
2017-11-08 23:59:51,69.64030776485711,4.259826919501754,0.434852,855.4516680264603,6.846712693376424,0.867244,holdout
2017-11-09 23:59:51,69.71420937293325,4.241610432475826,0.43477,854.7537757608444,6.832963570922612,0.867235,holdout
2017-11-10 23:59:51,69.71967017955569,4.265042988292182,0.434689,855.7076858213662,6.872168526700111,0.867227,holdout
2017-11-11 23:59:51,69.69542045903992,4.286001400667325,0.434607,854.3547678322711,6.85761150304084,0.867218,holdout
2017-11-12 23:59:51,69.75475836680168,4.264326619766966,0.434525,855.588412810786,6.822275992994748,0.867209,holdout
2017-11-13 23:59:51,69.74341076846886,4.288083248593084,0.434444,855.5232462019385,6.8442683629282905,0.867201,holdout
2017-11-14 23:59:51,69.82135477195915,4.271515493759111,0.434362,855.4578749472303,6.792848216012846,0.867192,holdout
2017-11-15 23:59:51,69.7670387061358,4.233041301217449,0.43428,855.8507691342458,6.837907633898964,0.867183,holdout
2017-11-16 23:59:51,69.94646061767038,4.243792688404644,0.434199,856.3743251311623,6.826641438870569,0.867174,holdout
2017-11-17 23:59:51,70.01981119437725,4.265518180969417,0.434117,858.2051010442566,6.839988696057118,0.867166,holdout
2017-11-18 23:59:51,70.20190498922047,4.281902347148571,0.434035,858.7250635196375,6.826324687803499,0.867157,holdout
2017-11-19 23:59:51,70.10609175434577,4.244181355875869,0.433954,859.3634188645848,6.7879058915671875,0.867148,holdout
2017-11-20 23:59:51,70.41444681800472,4.304618039330284,0.433872,861.5501915066391,6.847424822221383,0.86714,holdout
2017-11-21 23:59:51,70.47610185491351,4.281800907882393,0.43379,862.3994873714945,6.865066059245352,0.867131,holdout
2017-11-22 23:59:51,70.60664504214948,4.254140940922557,0.433709,863.2872823846542,6.860109892619627,0.867122,holdout
2017-11-23 23:59:51,70.4792321013239,4.254355635966322,0.433627,862.2384547218652,6.851677736554515,0.867113,holdout
2017-11-24 23:59:51,70.56828546760737,4.262804954649648,0.433545,863.4185854433692,6.816296500610621,0.867105,holdout
2017-11-25 23:59:51,70.5381398983276,4.2399775481844,0.433464,862.4256232981313,6.821453640163111,0.867096,holdout
2017-11-26 23:59:51,70.23147339084699,4.275042098164515,0.433382,859.7231880120987,6.854841241928424,0.867087,holdout
2017-11-27 23:59:51,70.01046099389072,4.25760699277495,0.4333,857.6339732875681,6.861031240459864,0.867078,holdout
2017-11-28 23:59:51,69.83811203037887,4.288272382061873,0.433219,855.5890034678876,6.838703240176238,0.86707,holdout
2017-11-29 23:59:51,69.74651006846933,4.272105247750364,0.433137,854.0435232099601,6.812139514806803,0.867061,holdout
2017-11-30 23:59:51,69.58982967259215,4.273931341194828,0.433055,852.3570500291667,6.796096876425424,0.867052,holdout
2017-12-01 23:59:51,69.57355163193574,4.243415806610114,0.432974,852.3651929653615,6.831314952565517,0.867044,holdout
2017-12-02 23:59:51,69.51314599765566,4.235244073509898,0.432892,851.8669584958141,6.829787266055861,0.867035,holdout
2017-12-03 23:59:51,69.47610252905214,4.2745093724290015,0.43281,851.3578534111109,6.8488748295201365,0.867026,holdout
2017-12-04 23:59:51,69.42131706107675,4.247795842160476,0.432729,852.3353580524862,6.81681721804212,0.867017,holdout
2017-12-05 23:59:51,69.72866396365676,4.272635418501406,0.432647,854.4687253872645,6.8083180395305805,0.867009,holdout
2017-12-06 23:59:51,69.75303625505177,4.265367885226342,0.432565,853.065690901772,6.794453370775914,0.867,holdout
2017-12-07 23:59:51,69.6444233294372,4.226001292854902,0.432484,853.9527812907755,6.803010232912447,0.866991,holdout
2017-12-08 23:59:51,69.64836729672842,4.22329942266992,0.432402,854.1077570575968,6.845829615009544,0.866983,holdout
2017-12-09 23:59:51,69.73858638414828,4.266612101386424,0.43232,853.5646627338026,6.83667050257175,0.866974,holdout
2017-12-10 23:59:51,69.79012969663857,4.269542027995919,0.432239,854.476770211407,6.845452781232242,0.866965,holdout
2017-12-11 23:59:51,69.8478797806027,4.26895566779992,0.432157,854.9941994452333,6.81430492135665,0.866956,holdout
2017-12-12 23:59:51,69.88336033801079,4.2595030047785905,0.432076,854.4118708877204,6.807751678305787,0.866948,holdout
2017-12-13 23:59:51,69.77122067525154,4.279697116808457,0.431994,854.5497522517987,6.840642997395979,0.866939,holdout
2017-12-14 23:59:51,69.88310701264155,4.250318568896006,0.431912,855.8875627123218,6.794270695105661,0.86693,holdout
2017-12-15 23:59:51,69.88191194098552,4.236089585035287,0.431831,856.1779240805699,6.821187645414043,0.866921,holdout
2017-12-16 23:59:51,70.10439596270822,4.242659546509899,0.431749,856.6602126737276,6.8205159437038345,0.866913,holdout
2017-12-17 23:59:51,70.07643081475203,4.238105778176752,0.431667,856.9182189265568,6.785664574828583,0.866904,holdout
2017-12-18 23:59:51,70.10689333308451,4.244720382503842,0.431586,857.2449777104767,6.815464629125558,0.866895,holdout
2017-12-19 23:59:51,70.18639893560324,4.285952796468609,0.431504,858.3368296497603,6.828331677548457,0.866887,holdout
2017-12-20 23:59:51,70.31261683220443,4.255877996318195,0.431422,858.9780344555847,6.811045703136286,0.866878,holdout
2017-12-21 23:59:51,70.36044786746255,4.29498435298181,0.431341,859.0438540200021,6.840525701992284,0.866869,holdout
2017-12-22 23:59:51,70.37505319529065,4.265432639427462,0.431259,859.147039476812,6.827855498662019,0.86686,holdout
2017-12-23 23:59:51,70.34887738644781,4.264894023457487,0.431177,859.8085912311443,6.828987537898672,0.866852,holdout
2017-12-24 23:59:51,70.07283441265136,4.2508362724055395,0.431096,857.5957810939747,6.787782299205536,0.866843,holdout
2017-12-25 23:59:51,70.09880090448652,4.262824582542925,0.431014,856.4577220884219,6.7756660816444345,0.866834,holdout
2017-12-26 23:59:51,69.90744856919012,4.223162905982628,0.430932,854.2566928686313,6.791850306905159,0.866826,holdout
2017-12-27 23:59:51,69.69708441170752,4.264794408083612,0.430851,851.7882852708473,6.846403854532831,0.866817,holdout
2017-12-28 23:59:51,69.65106798599008,4.275051721484548,0.430769,852.0512456700928,6.813643371249155,0.866808,holdout
2017-12-29 23:59:51,69.60633666888288,4.24654050074557,0.430687,851.3037967426989,6.820067261628314,0.866799,holdout
2017-12-30 23:59:51,69.71355660853533,4.268194483927238,0.430606,852.3718430435474,6.808769985360803,0.866791,holdout
2017-12-31 23:59:51,69.49355554319723,4.235250419258874,0.430524,851.6918889468478,6.817731055008375,0.866773,holdout
2018-01-01 23:59:51,69.48895652157304,4.246664553166731,0.430442,851.1176007331381,6.850400549624833,0.866773,train
2018-01-02 23:59:51,69.71659363246198,4.245283395458171,0.430361,852.5534345625132,6.812272762480686,0.866765,train
2018-01-03 23:59:51,69.71952087193087,4.263265136821795,0.430279,851.9208856189131,6.847721427656914,0.866756,train
2018-01-04 23:59:51,69.67273385290792,4.239310736894073,0.430197,852.6590753482228,6.801802011926453,0.866747,train
2018-01-05 23:59:51,69.63342063233068,4.245774984652818,0.430116,852.1869015192976,6.8186837313977176,0.866738,train
2018-01-06 23:59:51,69.691837214052,4.2568180554235875,0.430034,852.9026915676587,6.808202275480736,0.86673,train
2018-01-07 23:59:51,69.75071556294739,4.27564509413553,0.429952,852.9454207641866,6.7931769918645735,0.866721,train
2018-01-08 23:59:51,69.70967454486666,4.257711947433905,0.429871,853.7276660908993,6.805948428474251,0.866712,train
2018-01-09 23:59:51,69.84045834072191,4.260008904200795,0.429789,853.015261301121,6.84256477990402,0.866704,train
2018-01-10 23:59:51,69.87370304444129,4.291273560261792,0.429707,853.2429384831422,6.7928900608812235,0.866695,train
2018-01-11 23:59:51,69.77625816141784,4.244798444595403,0.429626,852.889745588231,6.833624287811558,0.866686,train
2018-01-12 23:59:51,69.6980477425681,4.2726796053863465,0.429544,852.1042843187859,6.840267621993156,0.866677,train
2018-01-13 23:59:51,69.78809180580753,4.257361477745062,0.429462,852.1264154434932,6.830489091483948,0.866669,train
2018-01-14 23:59:51,69.89552876420402,4.251022008834051,0.429381,854.3016509310623,6.781577800828972,0.86666,train
2018-01-15 23:59:51,69.9247766604963,4.250279081515256,0.429299,855.4426238264035,6.79445193261877,0.866651,train
2018-01-16 23:59:51,70.02961558198389,4.235681426991715,0.429218,855.9765866553797,6.817444606884686,0.866642,train
2018-01-17 23:59:51,70.03990924614781,4.2346901928802705,0.429136,856.1613852214583,6.829371382666642,0.866634,train
2018-01-18 23:59:51,70.0079620302338,4.226930308122585,0.429054,855.9146787292162,6.819013731125735,0.866625,train
2018-01-19 23:59:51,69.90681720705483,4.236042073067167,0.428973,854.0957445249283,6.797707074486692,0.866616,train
2018-01-20 23:59:51,69.70146494007632,4.283535755986301,0.428891,851.9828311977942,6.795700621954542,0.866608,train
2018-01-21 23:59:51,69.54043736141632,4.267803558992038,0.428809,850.4469941284755,6.851973231066226,0.866599,train
2018-01-22 23:59:51,69.48310456501098,4.278512559514191,0.428728,849.26687319594,6.814171083171344,0.86659,train
2018-01-25 00:05:51,69.35524844819844,4.232505876751575,0.428564,848.7528101263329,6.833528972527953,0.866564,train
2018-01-25 23:59:51,69.44068171083738,4.267467732074227,0.428483,848.1689923405268,6.845466374105063,0.866564,train
2018-01-26 23:59:51,69.37375107032433,4.259230804690852,0.428401,847.686248228722,6.818957546423291,0.866555,train
2018-01-27 23:59:51,69.26767581319693,4.237185666831811,0.428319,846.9092881352116,6.840877128012256,0.866547,train
2018-01-28 23:59:51,69.19906382750688,4.258052593941603,0.428238,847.2479115326289,6.808157937831625,0.866538,train
2018-01-29 23:59:51,69.27501217226832,4.244601508268979,0.428156,847.8517635443047,6.825038833307923,0.866529,train
2018-01-30 23:59:51,69.4776245426461,4.278510455413284,0.428074,849.1060095252132,6.8162902633916405,0.86652,train
2018-01-31 23:59:51,69.39599674409835,4.231127143362334,0.427993,848.8378929166344,6.837925790012832,0.866512,train
2018-02-01 23:59:51,69.42095141746441,4.241932552961435,0.427911,848.6969732192541,6.826443883041633,0.866503,train
2018-02-02 23:59:51,69.51115356341897,4.281881229774345,0.427829,849.2885036470933,6.80136215549443,0.866494,train
2018-02-03 23:59:51,69.56144209237019,4.2603473563024385,0.427748,849.0450889953481,6.842463925414251,0.866485,train
2018-02-04 23:59:51,69.53030870524286,4.238626886249803,0.427666,849.0887035288791,6.828950846001733,0.866477,train
2018-02-05 23:59:51,69.54922299860269,4.314992053495714,0.427584,848.9433234109061,6.835329430548253,0.866468,train
2018-02-06 23:59:51,69.57825703977157,4.285810252717007,0.427503,849.673574275031,6.849100528020116,0.866459,train
2018-02-07 23:59:51,69.74256634345048,4.248792762574131,0.427421,850.4719482660748,6.8189533218114535,0.866451,train
2018-02-08 23:59:51,69.7781712484827,4.29130658877454,0.427339,851.2374994065055,6.8305145567126235,0.866442,train
2018-02-09 23:59:51,69.67087825193984,4.242917225639515,0.427258,851.5279099914853,6.825043500623665,0.866433,train
2018-02-10 23:59:51,69.97589982841038,4.2479672903042385,0.427176,853.0732391005909,6.829264378321903,0.866424,train
2018-02-11 23:59:51,70.02845194334594,4.2608095201122245,0.427094,854.9000730083632,6.849184315916697,0.866416,train
2018-02-12 23:59:51,70.03234129739775,4.271681666368542,0.427013,853.3394024890085,6.788761532975248,0.866407,train
2018-02-13 23:59:51,69.84016671762737,4.22706734210137,0.426931,852.6246939745662,6.849081753435869,0.866398,train
2018-02-14 23:59:51,69.82670441671563,4.265822234356358,0.426849,852.2521731141294,6.839500974598662,0.86639,train
2018-02-15 23:59:51,69.71439798985544,4.237856750522446,0.426768,849.8416297934931,6.842262963318996,0.866381,train
2018-02-16 23:59:51,69.43610072011512,4.283973744355706,0.426686,847.2846516437684,6.834070319465069,0.866372,train
2018-02-17 23:59:51,69.18271866660393,4.258348328407154,0.426604,845.8721209702426,6.846922760827582,0.866363,train
2018-02-18 23:59:51,69.07949146624208,4.283597463346872,0.426523,844.5718313612616,6.8574315305625655,0.866355,train
2018-02-19 23:59:51,69.11382077683076,4.263997988626837,0.426441,844.0190009842609,6.832415271902559,0.866346,train
2018-02-20 23:59:51,69.03394906496871,4.252521745059626,0.42636,843.66409353708,6.778420661887346,0.866337,train
2018-02-21 23:59:51,69.14314866851907,4.289148048419149,0.426278,844.6534246100229,6.843405666089436,0.866328,train
2018-02-22 23:59:51,69.08322471338509,4.2558457563742325,0.426196,844.6623571395146,6.805346062307235,0.86632,train
2018-02-23 23:59:51,68.75960915091991,4.2552408780052,0.426115,842.0514790487757,6.838205317672248,0.866311,train
2018-02-24 23:59:51,68.70639452522184,4.2400297981601565,0.426033,842.3434370151834,6.832735063467588,0.866302,train
2018-02-25 23:59:51,68.83401862947149,4.258541882767938,0.425951,843.3900765468408,6.837368135208569,0.866294,train
2018-02-26 23:59:51,68.96842491163983,4.284430178329485,0.42587,843.5731530769099,6.833695656045301,0.866285,train
2018-02-27 23:59:51,68.85475622031227,4.224106847112897,0.425788,843.0128852715092,6.849730271103177,0.866276,train
2018-02-28 23:59:51,68.81899126112818,4.27454135120922,0.425706,842.4369160905964,6.828386204454437,0.866267,train
2018-03-01 23:59:51,68.72329005646435,4.2616507057152475,0.425625,841.9139503244985,6.835446606693786,0.866259,train
2018-03-02 23:59:51,68.62913420965945,4.235586230193144,0.425543,840.7504553176435,6.8256936052443855,0.86625,train
2018-03-03 23:59:51,68.7271955218709,4.278660109745977,0.425461,841.0739889641337,6.798095863976634,0.866241,train
2018-03-04 23:59:51,68.72931810874012,4.267130762290131,0.42538,842.1415823147136,6.826316781737503,0.866233,train
2018-03-05 23:59:51,68.75921296314746,4.277506473337169,0.425818,842.3326135727381,6.825589586453013,0.866224,train
2018-03-06 23:59:51,68.85773405671287,4.222466300026919,0.425694,844.2334715726798,6.78230610253469,0.865568,train
2018-03-07 23:59:51,68.85063304660792,4.250242461690799,0.425571,845.5156000095332,6.7856661102425555,0.865438,train
2018-03-08 23:59:51,68.90728376062526,4.258055293960009,0.425447,844.7884593573754,6.799367526404952,0.865308,train
2018-03-09 23:59:51,69.01283395771338,4.256843289565929,0.425324,847.0904372182378,6.847659494944495,0.865178,train
2018-03-10 23:59:51,68.94048690977966,4.249775487320656,0.4252,846.2682232161856,6.816083938005429,0.865048,train
2018-03-11 23:59:51,69.03165011183215,4.22278655963722,0.425077,847.2433587902449,6.780957950274704,0.864919,train
2018-03-12 23:59:51,68.95111641538527,4.287859201496443,0.424953,845.8896827692898,6.823930224679077,0.864789,train
2018-03-13 23:59:51,68.95513785593955,4.258015631956272,0.42483,845.4325463187078,6.855072536048125,0.864659,train
2018-03-14 23:59:51,68.92175580733937,4.26927901073465,0.424706,845.0527478033947,6.822594473020827,0.864529,train
2018-03-15 23:59:51,68.67283832758335,4.2487128450645875,0.424583,842.3558431176021,6.841157990575663,0.864399,train
2018-03-16 23:59:51,68.6454769133065,4.2579252832987,0.424459,841.6734228834512,6.826218333103387,0.864269,train
2018-03-17 23:59:51,68.64540957099717,4.266566484705797,0.424336,841.8746721506332,6.848756933751733,0.864139,train
2018-03-18 23:59:51,68.64841289442582,4.29284669650836,0.424212,842.3549000877331,6.846898594343,0.86401,train
2018-03-19 23:59:51,68.63404295822887,4.233716727579126,0.424089,842.3948798085557,6.792264372355916,0.86388,train
2018-03-20 23:59:51,68.65555453534131,4.239175380570911,0.423965,841.9859961167052,6.831031481612567,0.86375,train
2018-03-21 23:59:51,68.57948109271251,4.260440076352561,0.423842,841.5798799568905,6.827396521794574,0.86362,train
2018-03-22 23:59:51,68.67096653533252,4.282060223108546,0.423718,841.8090997253861,6.817906441842044,0.86349,train
2018-03-23 23:59:51,68.65536807908559,4.272103194717565,0.423594,843.1374032349627,6.826523385720797,0.86336,train
2018-03-24 23:59:51,68.58399547741008,4.283284093012126,0.423471,842.1284309261944,6.79083371362485,0.86323,train
2018-03-25 23:59:51,68.66072804657455,4.260407858790774,0.423347,842.041596957286,6.789373239164679,0.863101,train
2018-03-26 23:59:51,68.65662354295364,4.250259610213693,0.423224,842.1356144453924,6.798843762971187,0.862971,train
2018-03-27 23:59:51,68.51884843059908,4.281409436820943,0.4231,840.4937861217893,6.808434762287082,0.862841,train
2018-03-28 23:59:51,68.47414033328272,4.256669612130348,0.422977,839.7804676515692,6.8494820617745775,0.862711,train
2018-03-29 23:59:51,68.43593935221831,4.245833820523905,0.422853,839.8145907279325,6.838731345810682,0.862581,train
2018-03-30 23:59:51,68.56513829878818,4.2745138066946415,0.42273,839.9250805905655,6.824220616175657,0.862451,train
2018-03-31 23:59:51,68.65801374848841,4.279783057271633,0.422606,841.8001720559071,6.806850579603428,0.862321,train
2018-04-01 23:59:51,68.6674703127315,4.254374448602687,0.422483,842.0409269921573,6.806162335651863,0.862192,train
2018-04-02 23:59:51,68.67760050513748,4.264817327342696,0.422359,842.8698144179348,6.819291432937286,0.862062,train
2018-04-03 23:59:51,68.78995087985184,4.248324150847082,0.422236,843.511376256507,6.835540184871106,0.861932,train
2018-04-04 23:59:51,68.74973108823994,4.267549427703805,0.422112,843.0840585656911,6.838993295049323,0.861802,train
2018-04-05 23:59:51,68.8153307663358,4.236203034991463,0.421989,844.6020103843973,6.7901907999931295,0.861672,train
2018-04-06 23:59:51,68.90695933535822,4.249991563926638,0.421865,844.620750053399,6.8190700527215045,0.861542,train
2018-04-07 23:59:51,68.86027620936284,4.253920154616282,0.421742,843.5024062898667,6.796016019296355,0.861412,train
2018-04-08 23:59:51,68.77025540244932,4.255974276002166,0.421618,843.1578977520993,6.845790258321572,0.861283,train
2018-04-09 23:59:51,68.89544947462652,4.244709869866505,0.421495,843.0921307719511,6.859911167699551,0.861153,train
2018-04-10 23:59:51,68.79793097837229,4.255334886312037,0.421371,841.9989931209254,6.827329780052397,0.861023,train
2018-04-11 23:59:51,68.5566682940572,4.283554527317782,0.421248,840.7817271114747,6.83544668312638,0.860893,train
2018-04-12 23:59:51,68.63310479881109,4.288791428918458,0.421124,839.5925192874822,6.861785319509579,0.860763,train
2018-04-13 23:59:51,68.57919507732491,4.277031379888636,0.421001,840.7393789904346,6.814489873255554,0.860633,train
2018-04-14 23:59:51,68.72946324602738,4.283143684255789,0.420877,841.3236336656482,6.81304154514804,0.860503,train
2018-04-15 23:59:51,68.6490117363519,4.264541968083839,0.420753,840.6008034534121,6.8252003576662315,0.860374,train
2018-04-16 23:59:51,68.5139058208866,4.223236985600149,0.42063,841.5596500215631,6.810305890940747,0.860244,train
2018-04-17 23:59:51,68.6480172896364,4.264484087847318,0.420506,841.0976999755486,6.862867232070935,0.860114,train
2018-04-18 23:59:51,68.57221846649084,4.279383082781275,0.420383,841.69279342094,6.820372387232303,0.859984,train
2018-04-19 23:59:51,68.55263093368416,4.293314489411092,0.420259,840.3244746303959,6.836253008920524,0.859854,train
2018-04-20 23:59:51,68.67010553723394,4.26403495684619,0.420136,841.5279394205372,6.822505166364416,0.859724,train
2018-04-21 23:59:51,68.83587161484483,4.253691360185892,0.420012,842.2499091522345,6.7905260781116885,0.859595,train
2018-04-22 23:59:51,68.96815216224188,4.245708780124485,0.419889,843.8265989220323,6.823786719010162,0.859465,train
2018-04-23 23:59:51,68.98245011344581,4.274597173845939,0.419765,845.0349385379394,6.846572732664255,0.859335,train
2018-04-24 23:59:51,68.87314529620434,4.267815914832606,0.419642,843.7419254622934,6.823208713523811,0.859205,train
2018-04-25 23:59:51,68.85252466987104,4.24947482830726,0.419518,845.4270626979428,6.820157525096244,0.859075,train
2018-04-26 23:59:51,68.82600453277118,4.252909797298912,0.419395,844.5779787956704,6.793259674599389,0.858945,train
2018-04-27 23:59:51,68.88167552212441,4.259447656962764,0.419271,843.578306725633,6.840885254958512,0.858815,train
2018-04-28 23:59:51,68.71009382279726,4.2415491147472455,0.419148,841.5695934803018,6.847918550237637,0.858686,train
2018-04-29 23:59:51,68.73428055334898,4.235985969634101,0.419024,841.7419990324953,6.801745945710466,0.858556,train
2018-04-30 23:59:51,68.60528410423252,4.2774603501583845,0.418901,841.5560852610096,6.81512584648068,0.858426,train
2018-05-01 23:59:51,68.50368130047752,4.242140435893404,0.418777,841.572836788644,6.775859065460059,0.858296,train
2018-05-02 23:59:51,68.6425507751694,4.246833559022827,0.418654,841.8500449001084,6.848316249802254,0.858166,train
2018-05-03 23:59:51,68.69045992080865,4.240504702828045,0.41853,842.0273839526463,6.845019963082592,0.858036,train
2018-05-04 23:59:51,68.6855139870126,4.2815304533820555,0.418407,842.775452086439,6.839161030435784,0.857906,train
2018-05-05 23:59:51,68.77379053149103,4.249884321836919,0.418283,842.9659659041087,6.777142357272275,0.857777,train
2018-05-06 23:59:51,68.72080364120481,4.25452615191854,0.418159,845.4776715354731,6.849666160437613,0.857647,train
2018-05-07 23:59:51,68.79804156848276,4.235810989992281,0.418036,844.4524218236519,6.828824173215954,0.857517,train
2018-05-08 23:59:51,68.83030911725153,4.23753715624259,0.417912,845.8126468889067,6.810189130362179,0.857387,train
2018-05-09 23:59:51,68.91181964699481,4.285730336168589,0.417789,845.3631837516397,6.836320465498122,0.857257,train
2018-05-10 23:59:51,68.98110030840505,4.261760774554143,0.417665,846.6921893830242,6.857467892583903,0.857127,train
2018-05-11 23:59:51,68.92669478527262,4.253062726181058,0.417542,846.2907030247119,6.806426642080639,0.856997,train
2018-05-12 23:59:51,68.87189637538934,4.249479419611373,0.417418,846.6029325885537,6.799636365333154,0.856868,train
2018-05-13 23:59:51,68.91538560847161,4.274886683255414,0.417295,846.8872799178457,6.822068514268126,0.856738,train
2018-05-14 23:59:51,68.8806900859744,4.261657093937169,0.417171,848.1516314284771,6.8430683323229555,0.856608,train
2018-05-15 23:59:51,68.92809885920073,4.240034200233247,0.417048,848.8606591143954,6.787308066907767,0.856478,train
2018-05-16 23:59:51,68.77909190712106,4.2520307665436725,0.416924,847.2227560963145,6.7926697739700534,0.856348,train
2018-05-17 23:59:51,68.73198282965969,4.233065137681338,0.416801,847.0842637728078,6.805613580196669,0.856218,train
2018-05-18 23:59:51,68.65673142601034,4.242599220737575,0.416677,847.244344974696,6.813253914743056,0.856088,train
2018-05-19 23:59:51,68.64827988744617,4.266866126331447,0.416554,846.4139048646877,6.809088957306301,0.855959,train
2018-05-20 23:59:51,68.80100171359969,4.27671546908167,0.41643,847.5508017853742,6.810078856823912,0.855829,train
2018-05-21 23:59:51,68.82520043942496,4.265994183193469,0.416307,848.370960725481,6.821753327756931,0.855699,train
2018-05-22 23:59:51,68.75908621191691,4.266124413692664,0.416183,847.7396842730293,6.774355318409964,0.855569,train
2018-05-23 23:59:51,68.84582898452018,4.231781055749933,0.41606,847.8302102037342,6.832186608471073,0.855439,train
2018-05-24 23:59:51,69.08734077319126,4.218356287024491,0.415936,849.9609516353056,6.853759349638843,0.855309,train
2018-05-25 23:59:51,69.09348651290745,4.295923412833193,0.415813,849.4442597057007,6.840887011873884,0.855179,train
2018-05-26 23:59:51,69.10987205464102,4.2497053780754275,0.415689,850.4868976039044,6.8158553027006485,0.85505,train
2018-05-27 23:59:51,69.11184982199303,4.2151957259775505,0.415565,851.4070480674889,6.837871981896964,0.85492,train
2018-05-28 23:59:51,69.14122549547135,4.291909795868287,0.415442,851.9177998157651,6.826696934399721,0.85479,train
2018-05-29 23:59:51,69.22866846742225,4.257233682473195,0.415318,852.6388272079967,6.845626163396502,0.85466,train
2018-05-30 23:59:51,69.17989806727142,4.25830612175991,0.415195,852.8608551229307,6.806738282553223,0.85453,train
2018-05-31 23:59:51,69.3626611337447,4.248890110189962,0.415071,852.0738176149434,6.8145814696884015,0.8544,train
2018-06-01 23:59:51,69.15467249632519,4.252357229792389,0.414948,850.7214370684814,6.81171413688812,0.85427,train
2018-06-02 23:59:51,68.98536917033564,4.279904887529555,0.414824,848.4496792480966,6.8223731411916555,0.854141,train
2018-06-03 23:59:51,68.87214408819648,4.255366334312342,0.414701,847.5473123593869,6.812210402942934,0.854011,train
2018-06-04 23:59:51,68.82827659586056,4.246398979190072,0.414577,846.6098885824468,6.836107101342646,0.853881,train
2018-06-05 23:59:51,68.7744127196848,4.262649032543621,0.414454,846.5682288013646,6.82259823906304,0.853751,train
2018-06-06 23:59:51,68.74829532045042,4.261073726956701,0.41433,846.437169805592,6.832487647572544,0.853621,train
2018-06-07 23:59:51,68.81750912112226,4.258260460424728,0.414207,847.3249674220872,6.820522210172365,0.853491,train
2018-06-08 23:59:51,68.78585959846347,4.2622180154441605,0.414083,847.5895215724281,6.831803180961312,0.853361,train
2018-06-09 23:59:51,68.7686377990575,4.230687177767434,0.41396,847.3153554647649,6.825869445270931,0.853232,train
2018-06-10 23:59:51,68.72781572952455,4.24590375877827,0.413836,846.8878673967612,6.81445951919441,0.853102,train
2018-06-11 23:59:51,68.72530186041266,4.260117017519053,0.413713,845.7536069829455,6.849104401566293,0.852972,train
2018-06-12 23:59:51,68.79834805175793,4.240583275822872,0.413589,846.3816246381315,6.810759331529674,0.852842,train
2018-06-13 23:59:51,68.83959568689323,4.26391625808166,0.413466,846.5884735420094,6.848501315785128,0.852712,train
2018-06-14 23:59:51,68.96236345515203,4.27510110714569,0.413342,847.4860954648805,6.826163681481537,0.852582,train
2018-06-15 23:59:51,68.93639081304607,4.237581177647388,0.413219,848.1288560486422,6.848401537481868,0.852453,train
2018-06-16 23:59:51,69.08797706889487,4.25952554070466,0.413095,849.4248076404068,6.823676993855631,0.852323,train
2018-06-17 23:59:51,69.14342021772208,4.2621340910116965,0.412971,850.3888688681614,6.802347307003685,0.852193,train
2018-06-18 23:59:51,69.13486307966386,4.271777373893056,0.412848,850.6204190035122,6.827982363001739,0.852063,train
2018-06-19 23:59:51,69.22613999715239,4.269754451186959,0.412724,851.4841350017954,6.8309215483675105,0.851933,train
2018-06-20 23:59:51,69.25752220066416,4.240865186550948,0.412601,850.8439648455756,6.826094692528458,0.851803,train
2018-06-21 23:59:51,69.33149805065328,4.26371349042213,0.412477,851.3131486121458,6.840670942940329,0.851673,train
2018-06-22 23:59:51,69.20531974154999,4.25110880420046,0.412354,850.1719743918717,6.840334048884811,0.851544,train
2018-06-23 23:59:51,69.17701296620018,4.237448640238738,0.41223,849.7584755494422,6.809418856140368,0.851414,train
2018-06-24 23:59:51,69.2070687639208,4.236187701835076,0.412107,851.330151114525,6.824265368040238,0.851284,train
2018-06-25 23:59:51,69.28538223797999,4.246066199592744,0.411983,852.3675667897609,6.806074421837736,0.851154,train
2018-06-26 23:59:51,69.26627672375561,4.2584649278689355,0.41186,851.7822886648199,6.791927237678296,0.851024,train
2018-06-27 23:59:50,69.04726795144583,4.278165926417092,0.411736,850.1354622507696,6.822363126595361,0.850894,train
2018-06-28 23:59:51,68.85883770107965,4.2589313095188865,0.411613,847.650078645201,6.825849127892075,0.850764,train
2018-06-29 23:59:51,68.75665746239498,4.290230166629865,0.411489,846.1387190515946,6.854022909222955,0.850635,train
2018-06-30 23:59:51,68.63569326766107,4.23159944526047,0.411366,844.601606146895,6.830768904330672,0.850505,train
2018-07-01 23:59:51,68.52439548593904,4.262617397977508,0.411242,842.876175890992,6.818201808704941,0.850375,train
2018-07-02 23:59:51,68.61260572025395,4.27472075524589,0.411119,844.5930519079728,6.860644324615695,0.850245,train
2018-07-03 23:59:51,68.52193614085303,4.228710285609952,0.410995,843.8955767139825,6.832320668141468,0.850115,train
2018-07-04 23:59:51,68.67766001838392,4.250239346919261,0.410872,844.9894087972176,6.824499788473535,0.849985,train
2018-07-05 23:59:51,68.6437035745468,4.244806253590092,0.410748,844.5885217721732,6.807827199411163,0.849855,train
2018-07-06 23:59:51,68.72339174227662,4.247779512740309,0.410625,844.8458332713815,6.855882499372813,0.849726,train
2018-07-07 23:59:51,68.79052335281051,4.230369595712353,0.410501,845.2490742700282,6.804206981969114,0.849596,train
2018-07-08 23:59:51,68.72343704575147,4.254831457604353,0.410378,844.7854934523423,6.828532664806088,0.849466,train
2018-07-09 23:59:51,68.97877219931928,4.277433269522713,0.410254,846.1663854316672,6.812905264889196,0.849336,train
2018-07-10 23:59:51,69.15556037281857,4.254516849295153,0.41013,849.050635433112,6.836138343703418,0.849206,train
2018-07-11 23:59:51,69.21698251036996,4.2720542473763645,0.410007,849.630656752769,6.81344943120556,0.849076,train
2018-07-12 23:59:51,69.35053767019424,4.224325426135819,0.409883,851.3728234746369,6.8297726935403364,0.848946,train
2018-07-13 23:59:51,69.43146607164847,4.250093739391026,0.40976,852.5072153797128,6.822457002433879,0.848817,train
2018-07-14 23:59:51,69.51466010213733,4.2358689949303585,0.409636,853.6190883883602,6.844132349690839,0.848687,train
2018-07-15 23:59:51,69.26633935352766,4.217897982811113,0.409513,851.4800681354163,6.817891861961217,0.848557,train
2018-07-16 23:59:51,69.30780953731005,4.230020096444766,0.409389,851.1519295137864,6.795904048738896,0.848427,train
2018-07-17 23:59:51,69.31112279390673,4.24303208157364,0.409266,850.0449448505765,6.828194492994701,0.848297,train
2018-07-18 23:59:51,69.17767926107248,4.287575459752764,0.409142,848.5655306174856,6.823949191481654,0.848167,train
2018-07-19 23:59:51,69.06937003490715,4.257078004420965,0.409019,847.4805220101069,6.825633750779042,0.848037,train
2018-07-20 23:59:51,69.08249351452427,4.248537535871909,0.408895,847.8522730008387,6.843092319936367,0.847908,train
2018-07-21 23:59:51,69.1341644319639,4.257519968770292,0.408772,849.3537837345666,6.817835417138707,0.847778,train
2018-07-22 23:59:51,69.12359216296068,4.258757724905155,0.408648,849.1066929235916,6.815748292242586,0.847648,train
2018-07-23 23:59:51,69.04659237909578,4.278256105372018,0.408525,847.4802579215818,6.8406364313392825,0.847518,train
2018-07-24 23:59:51,68.85079771813598,4.281086459333757,0.408401,845.7236587691432,6.8485236301934425,0.847388,train
2018-07-25 23:59:51,68.79462787360654,4.264271657603625,0.408278,845.3411556805638,6.815203324475347,0.847258,train
2018-07-26 23:59:51,68.90898430564407,4.251846552825418,0.408154,845.7847496548333,6.844287059536978,0.847128,train
2018-07-27 23:59:51,68.81441173405385,4.27772243245339,0.408031,845.4426282999457,6.813439497978508,0.846999,train
2018-07-28 23:59:51,68.67576462084273,4.267973028658503,0.407907,842.9203430608861,6.8566315417744255,0.846869,train
2018-07-29 23:59:51,68.16931074916126,4.263071727300104,0.407784,837.8823155231629,6.793013221621403,0.846739,train
2018-07-30 23:59:51,68.23389975484795,4.24460275753723,0.40766,839.108191838895,6.80967979309758,0.846609,train
2018-07-31 23:59:51,68.37711053296964,4.2595285483087535,0.407537,840.3997255742618,6.833993257490864,0.846479,train
2018-08-01 23:59:51,68.35561734246012,4.243403591984378,0.407413,840.3833589363268,6.794802182426894,0.846349,test
2018-08-02 23:59:51,68.25842660666271,4.247486205095679,0.407289,839.0382170655944,6.838837667218577,0.846219,test
2018-08-03 23:59:51,68.40340470630461,4.231080444396406,0.407166,840.5791941697746,6.807200534684607,0.84609,test
2018-08-04 23:59:51,68.4081597293593,4.25559034518494,0.407042,840.4687748554934,6.79673404320918,0.84596,test
2018-08-05 23:59:51,68.61075282682516,4.2872510358500815,0.406919,840.9118577059677,6.811508832696634,0.84583,test
2018-08-06 23:59:51,68.57131105332911,4.2233493848061485,0.406795,841.8804521826489,6.850261679411568,0.8457,test
2018-08-07 23:59:51,68.70688655805205,4.232342042716622,0.406672,843.8927081577708,6.810996713561236,0.84557,test
2018-08-08 23:59:51,68.87019754909629,4.228793056343829,0.406548,845.0123461412234,6.837260094128364,0.84544,test
2018-08-09 23:59:51,68.86877123745431,4.234114674477377,0.406425,845.6036302125437,6.789363608444665,0.845311,test
2018-08-10 23:59:51,68.82973713029412,4.26381903399951,0.406301,845.3439196673637,6.8031571546136655,0.845181,test
2018-08-11 23:59:51,68.63274619020062,4.2048305345913315,0.406178,843.2472372794251,6.822787750963711,0.845051,test
2018-08-12 23:59:51,68.6488344222364,4.258225374222467,0.406054,842.4636474644332,6.798780578492712,0.844921,test
2018-08-13 23:59:51,68.64246542963254,4.269491826536283,0.405931,842.859040149496,6.829927978402866,0.844791,test
2018-08-14 23:59:51,68.672505355297,4.271545765445715,0.405807,841.7757899558801,6.835736939600375,0.844661,test
2018-08-15 23:59:51,68.5417674801285,4.2761069342892,0.405684,841.2413665792847,6.771277162824482,0.844531,test
2018-08-16 23:59:51,68.64181904563986,4.27974264933986,0.40556,842.1088503516781,6.819392574501507,0.844402,test
2018-08-17 23:59:51,68.53770445454313,4.2886640658776125,0.405437,840.8539185030581,6.847562629398533,0.844272,test
2018-08-18 23:59:51,68.56282452758948,4.272792818998249,0.405313,841.4561997285338,6.78335761110064,0.844142,test
2018-08-19 23:59:51,68.6378084992094,4.263540579275851,0.40519,841.5599757035877,6.836503244138457,0.844012,test
2018-08-20 23:59:51,68.58968182916145,4.267566649780648,0.405066,842.6867058748991,6.815136081578969,0.843882,test
2018-08-21 23:59:51,68.47376399873488,4.259604143148885,0.404943,841.0073278659444,6.820513448130596,0.843752,test
2018-08-22 23:59:51,68.54059859306527,4.245464882896073,0.404819,841.4235749401876,6.8093383773105804,0.843622,test
2018-08-23 23:59:51,68.64585908448194,4.247394429390645,0.404695,842.0395068915971,6.836368416353456,0.843493,test
2018-08-24 23:59:51,68.69616689010782,4.268122441960407,0.404572,841.8110315527521,6.827103584845529,0.843363,test
2018-08-25 23:59:51,68.43450734899656,4.275609460611152,0.404448,840.1678034066396,6.8297097714290995,0.843233,test
2018-08-26 23:59:51,68.48128515833189,4.258044055830992,0.404325,839.5826623117224,6.8001411301453265,0.843103,test
2018-08-27 23:59:51,68.28933365035182,4.246662647666579,0.404201,838.0335713051894,6.817415395882744,0.842973,test
2018-08-28 23:59:51,68.34680119861973,4.245885114968295,0.404078,838.5479942293617,6.813893808042179,0.842843,test
2018-08-29 23:59:51,68.29523905345891,4.246011736509998,0.403954,838.4118612638272,6.839841396386238,0.842713,test
2018-08-30 23:59:51,68.38879335164812,4.226845505201733,0.403831,840.4352119905099,6.810403874300018,0.842584,test
2018-08-31 23:59:51,68.50187946012248,4.289434048755075,0.403707,840.1110025051214,6.789629055274182,0.842454,test
2018-09-01 23:59:51,68.67441529834393,4.261002614052308,0.403584,841.876774848471,6.787619139104617,0.842324,test
2018-09-02 23:59:51,68.62741184732273,4.263798312173298,0.40346,841.0963768567599,6.825325595422497,0.842194,test
2018-09-03 23:59:51,68.77306953817131,4.245885328532694,0.403337,842.6061814696458,6.8343492343394345,0.842064,test
2018-09-04 23:59:51,68.76922051251442,4.240233662744178,0.403213,842.8165472729054,6.808241021775162,0.841934,test
2018-09-05 23:59:51,68.70199997643257,4.286130903245686,0.40309,843.7391179480352,6.826335649023369,0.841804,test
2018-09-06 23:59:51,68.68725506300778,4.227495862614102,0.402966,843.3395879414604,6.808690560410817,0.841675,test
2018-09-07 23:59:51,68.69599650284557,4.231774811187287,0.402843,843.0161449009489,6.820973448160198,0.841545,test
2018-09-08 23:59:51,68.86983627755329,4.260861465999858,0.402719,843.3004194096753,6.809781863898643,0.841415,test
2018-09-09 23:59:51,68.78932867612156,4.224104955356567,0.402596,842.5526868546602,6.832789344669204,0.841285,test
2018-09-10 23:59:51,68.70887027285065,4.232085514500633,0.402472,841.5615614232814,6.82839714610085,0.841155,test
2018-09-11 23:59:51,68.75932835907491,4.266357268729265,0.402349,841.8484340501193,6.818227736286518,0.841025,test
2018-09-12 23:59:51,68.68045952745835,4.282559492416786,0.402225,841.6639409938568,6.8372912054878405,0.840895,test
2018-09-13 23:59:51,68.78963546163028,4.266543896580647,0.402101,842.2756150498013,6.826432148601447,0.840766,test
2018-09-14 23:59:51,68.7487107402301,4.245318680330529,0.401978,842.836676733661,6.82160661282573,0.840636,test
2018-09-15 23:59:51,68.81940977509974,4.278340121346708,0.401854,842.017549521325,6.8406024881484635,0.840506,test
2018-09-16 23:59:51,68.80953793721723,4.246915772606354,0.401731,843.4793401229954,6.837464623976337,0.840376,test
2018-09-17 23:59:51,68.83343015093983,4.240282151729696,0.401607,842.60553227391,6.80067622051489,0.840246,test
2018-09-18 23:59:51,68.68031069357552,4.241980772364487,0.401484,842.0003000438797,6.84502401256232,0.840116,test
2018-09-19 23:59:51,68.68278597073957,4.273598802825056,0.40136,841.3797015267443,6.835158112600865,0.839986,test
2018-09-20 23:59:51,68.63708897336106,4.272004752901917,0.401237,840.904613695391,6.838330865378026,0.839857,test
2018-09-21 23:59:51,68.61677451313976,4.253429721358021,0.401113,840.5448222811538,6.813433921226019,0.839727,test
2018-09-22 23:59:51,68.6134846505734,4.252960580401866,0.40099,840.058648149127,6.813949794854583,0.839597,test
2018-09-23 23:59:51,68.4128736602421,4.244646484263014,0.400866,839.3448059190787,6.840422401969134,0.839467,test
2018-09-24 23:59:51,68.52006403386662,4.262235706213749,0.400743,839.5246771382393,6.823572314341059,0.839337,test
2018-09-25 23:59:51,68.58522175255662,4.276239785383513,0.400619,840.9901332741128,6.822616077336793,0.839207,test
2018-09-26 23:59:51,68.58655479844326,4.283280355652014,0.400496,840.752091731979,6.830439323827909,0.839077,test
2018-09-27 23:59:51,68.66858048795272,4.2473268252278595,0.400372,841.305651330335,6.816601615358712,0.838948,test
2018-09-28 23:59:51,68.72143392258205,4.236257672203523,0.400249,841.6561470075435,6.844091755494891,0.838818,test
2018-09-29 23:59:51,68.88330587528127,4.251533743062374,0.400125,843.3178984690702,6.827359869869015,0.838688,test
2018-09-30 23:59:51,68.91353224712701,4.238440320582094,0.400002,843.2998311782105,6.790401687090248,0.838558,test
2018-10-01 23:59:51,68.99196098031958,4.286061851855127,0.399878,844.5025876212609,6.835182981460454,0.838428,test
2018-10-02 23:59:51,68.9806778201229,4.267258505671403,0.399755,844.8083866979233,6.8246140395629595,0.838298,test
2018-10-03 23:59:51,68.83858176941816,4.241143742481904,0.399631,844.4140039866126,6.793521031872243,0.838169,test
2018-10-04 23:59:51,68.87749027741597,4.258360066346456,0.399507,843.0391248382805,6.831429808622261,0.838039,test
2018-10-06 00:05:51,68.87933907928215,4.2612208365033615,0.399384,842.9131743868177,6.7745598904665565,0.837779,test
2018-10-06 23:59:51,68.83890016457954,4.280141146844384,0.39926,842.3847164053551,6.80250483021069,0.837779,test
2018-10-07 23:59:51,68.90884593996638,4.277253723140442,0.399137,841.7322555800287,6.833027518042427,0.837649,test
2018-10-08 23:59:51,68.87215182792447,4.24771189253781,0.399013,842.4653773852185,6.82534853207249,0.837519,test
2018-10-09 23:59:51,68.84708581511508,4.227220594821908,0.39889,842.8020787636591,6.839592214665146,0.837389,test
2018-10-10 23:59:51,68.91134204126519,4.280405293668286,0.398766,842.9011597780838,6.826558914009347,0.83726,test
2018-10-11 23:59:51,68.99815826930663,4.245281589029213,0.398643,842.5091489413411,6.799129901926382,0.83713,test
2018-10-12 23:59:51,69.09639863893854,4.267515086742867,0.398519,843.7815231657277,6.816986099106332,0.837,test
2018-10-13 23:59:51,69.19209912455354,4.242534063264376,0.398396,844.4710792977497,6.833873157077343,0.83687,test
2018-10-15 00:05:51,68.92239797899737,4.287563122863551,0.398272,845.3602979528216,6.857999721030382,0.83674,test
2018-10-15 23:59:51,68.8869144052013,4.22358630554115,0.398149,845.9089073957007,6.830781611362308,0.83661,test
2018-10-16 23:59:51,68.90086572279802,4.254446334295109,0.398025,845.4852704017447,6.82277335425599,0.83648,test
2018-10-17 23:59:51,68.82950857035513,4.269211182235947,0.397902,844.5145007814784,6.803747167129192,0.836351,test
2018-10-18 23:59:51,68.86008776589115,4.234715394506637,0.397778,843.729203233771,6.817348867954719,0.836221,test
2018-10-19 23:59:51,68.7157710761048,4.2686751193567645,0.397655,842.5719578818115,6.798374806109776,0.836091,test
2018-10-20 23:59:51,68.76016360141249,4.230328833370741,0.397531,842.718990995454,6.833221105953585,0.835961,test
2018-10-21 23:59:51,68.62239468290376,4.259778317063982,0.397408,842.193936946481,6.826294289502346,0.835831,test
2018-10-22 23:59:51,68.6235431183442,4.270471082692346,0.397284,841.4402268681497,6.821621547028881,0.835701,test
2018-10-23 23:59:51,68.71092566810249,4.264108915890685,0.397161,842.2452415028373,6.848288004348776,0.835571,test
2018-10-24 23:59:51,68.73494995697864,4.232852092356911,0.397037,842.2909065577704,6.8309971053706,0.835442,test
2018-10-25 23:59:51,68.71042129054877,4.25133058715239,0.396914,841.7881611293245,6.81310315506318,0.835312,test
2018-10-26 23:59:51,68.82596236075156,4.271305512639679,0.39679,842.7754614384435,6.8451496897756865,0.835182,test
2018-10-27 23:59:51,68.89892871946995,4.267242085414795,0.396666,844.663781588354,6.785689441052987,0.835052,test
2018-10-28 23:59:51,68.96462178542836,4.273718934520101,0.396543,845.0628771282447,6.835729960583608,0.834922,test
2018-10-29 23:59:51,69.00529329167138,4.2346601215273605,0.396419,845.7974922381179,6.8155059018091135,0.834792,test
2018-10-30 23:59:51,68.99691204941574,4.257460875434204,0.396296,845.4626967624442,6.846827301073522,0.834662,test
2018-10-31 23:59:51,69.0061036758452,4.289301298482824,0.396172,844.5115551593514,6.823849706280027,0.834533,test
2018-11-01 23:59:51,68.90815202798706,4.290995270985205,0.396049,844.5696132631267,6.83547053979031,0.834403,holdout
2018-11-02 23:59:51,68.95315721882533,4.258754596347182,0.395925,843.9983157274057,6.786932815107262,0.834273,holdout
2018-11-03 23:59:51,68.8690837677068,4.252806788329104,0.395802,844.012549400451,6.819559581175194,0.834143,holdout
2018-11-04 23:59:51,68.9110820570474,4.241683042375064,0.395678,844.6561464249246,6.826226407411914,0.834013,holdout
2018-11-05 23:59:51,69.02116490005157,4.236032339271103,0.395555,844.8604090223182,6.837331297000459,0.833883,holdout
2018-11-06 23:59:51,68.9559094909798,4.243659312146525,0.395431,844.6726862375891,6.850836724596061,0.833753,holdout
2018-11-07 23:59:51,69.01623321990559,4.268039884259349,0.395308,845.4089180974389,6.821550563007651,0.833624,holdout
2018-11-08 23:59:51,69.07700664675143,4.239934528931537,0.395184,844.5399488808621,6.845511344004961,0.833494,holdout
2018-11-09 23:59:51,68.82717743371451,4.257030124622411,0.395061,843.7017105343355,6.805578683041454,0.833364,holdout
2018-11-10 23:59:51,68.9619758004403,4.260181913974074,0.394937,844.6392714791858,6.807370493798483,0.833234,holdout
2018-11-11 23:59:51,68.96396583883882,4.255811049500322,0.394814,845.5134819888183,6.852147271423046,0.833104,holdout
2018-11-12 23:59:51,68.9965458214852,4.241930349379195,0.39469,845.5180713934678,6.85583852817913,0.832974,holdout
2018-11-13 23:59:51,68.9280090253135,4.275345038799669,0.394567,845.0198926941439,6.828914669812339,0.832844,holdout
2018-11-14 23:59:51,69.08495727464779,4.240491927627513,0.394443,845.6024901526141,6.82200023263479,0.832715,holdout
2018-11-15 23:59:51,69.13979850969075,4.269251540966722,0.39432,846.2411608079985,6.789845169766309,0.832585,holdout
2018-11-16 23:59:51,69.11270536762834,4.271015119061711,0.394196,844.9436337690826,6.814578197644612,0.832455,holdout
2018-11-18 00:05:51,69.15294341693871,4.24185949055712,0.394073,846.1690383421733,6.850580033455651,0.832195,holdout
2018-11-18 23:59:51,69.10613818361026,4.231531824910303,0.393949,845.2509037681523,6.78872033810493,0.832195,holdout
2018-11-19 23:59:51,69.07272621789355,4.247544729140125,0.393825,844.9180755032615,6.8244432188902255,0.832065,holdout
2018-11-20 23:59:51,69.08749595410013,4.220631002713147,0.393702,844.4274351293082,6.834323198174337,0.831935,holdout
2018-11-21 23:59:51,69.01524326239011,4.279032256736777,0.393578,845.1213273209471,6.82047355665904,0.831806,holdout
2018-11-22 23:59:51,69.14101203058124,4.259421831945344,0.393455,845.7375832618732,6.847711220634021,0.831676,holdout
2018-11-23 23:59:51,69.13416277150002,4.288773330509384,0.393331,846.3114785739024,6.800016515814729,0.831546,holdout
2018-11-24 23:59:51,69.26655437316059,4.281369546728219,0.393208,846.7188829584887,6.830022011401565,0.831416,holdout
2018-11-25 23:59:51,69.32854649600932,4.259171207334627,0.393084,847.837731368065,6.8150708744492405,0.831286,holdout
2018-11-26 23:59:51,69.20490926262136,4.2492629624869895,0.392961,846.5261408254909,6.825092887714654,0.831156,holdout
2018-11-27 23:59:51,69.19400364979087,4.282693504799259,0.392837,847.2285846808765,6.853443426473988,0.831026,holdout
2018-11-28 23:59:51,69.20344327220452,4.272057884169828,0.392714,846.0190126327548,6.809501766627105,0.830897,holdout
2018-11-29 23:59:51,69.23347570186992,4.2650565635847,0.39259,846.1610183366249,6.873605594006502,0.830767,holdout
2018-11-30 23:59:51,69.18116476069399,4.276968742691652,0.392467,845.850870763374,6.85114144343995,0.830637,holdout
2018-12-01 23:59:51,69.13603434466187,4.25549982594048,0.392343,844.4171032657358,6.8314684259037,0.830507,holdout
2018-12-02 23:59:51,69.19159799400778,4.27682245707046,0.39222,846.380173462621,6.800096862092236,0.830377,holdout
2018-12-03 23:59:51,69.06577273144649,4.257146892771443,0.392096,846.0478957764775,6.789132346562386,0.830247,holdout
2018-12-04 23:59:51,69.30121871522931,4.295385818508792,0.391973,846.5388471222992,6.810312498436364,0.830118,holdout
2018-12-05 23:59:51,69.326238026764,4.252699754236064,0.391849,847.1694539485125,6.864311403439015,0.829988,holdout
2018-12-06 23:59:51,69.32224944106068,4.259751880887285,0.391726,846.1132932334998,6.7982328584463705,0.829858,holdout
2018-12-07 23:59:51,69.30180990603402,4.272682473515279,0.391602,847.0185662049047,6.80752524752325,0.829728,holdout
2018-12-08 23:59:51,69.34824382128478,4.265033826762906,0.391479,846.9837955602544,6.838632688310881,0.829598,holdout
2018-12-09 23:59:51,69.27814195792426,4.28417448976616,0.391355,846.351023391077,6.842090368647569,0.829468,holdout
2018-12-10 23:59:51,69.38852235605445,4.2869831974056405,0.391231,847.8333324069692,6.803658425236071,0.829338,holdout
2018-12-11 23:59:51,69.44345662611138,4.245826367532143,0.391108,847.026989480808,6.8473287067583914,0.829208,holdout
2018-12-12 23:59:51,69.49519711553071,4.274557142758764,0.390984,848.2439129045177,6.769041045089546,0.829079,holdout
2018-12-13 23:59:51,69.4098928311224,4.272850808873237,0.390861,847.4951907392524,6.788348702553072,0.828949,holdout
2018-12-14 23:59:51,69.4542163657341,4.260904913059412,0.390737,847.6287672254774,6.791379351124497,0.828819,holdout
2018-12-15 23:59:51,69.47114430369653,4.248607500383716,0.390614,848.3116658130523,6.844274008441801,0.828689,holdout
2018-12-16 23:59:51,69.40337183895161,4.288410229996055,0.39049,847.5833494087599,6.799332067025743,0.828559,holdout
2018-12-17 23:59:51,69.33284791960006,4.232397530061074,0.390367,846.5229212666371,6.80134663613404,0.828429,holdout
2018-12-18 23:59:51,69.3069448807289,4.252386535358609,0.390243,847.4283203022071,6.82858291431631,0.8283,holdout
2018-12-19 23:59:51,69.3681107281091,4.258544152614956,0.39012,846.8060063812073,6.795785871519212,0.82817,holdout
2018-12-20 23:59:51,69.4128556596849,4.256337391247674,0.389996,847.5400748100539,6.82964204399742,0.82804,holdout
2018-12-21 23:59:51,69.42358853802725,4.274540643518755,0.389873,847.7898532342589,6.815253277657256,0.82791,holdout
2018-12-22 23:59:51,69.40682635089436,4.236720441937541,0.389749,847.3794103464401,6.811000393711632,0.82778,holdout
2018-12-23 23:59:51,69.397032670488,4.281134192811015,0.389626,847.4042024819985,6.775520976122201,0.82765,holdout
2018-12-24 23:59:51,69.35864258030982,4.2881308008806185,0.389502,847.3430396914255,6.848780929803585,0.82752,holdout
2018-12-25 23:59:51,69.54816324904749,4.24921352518225,0.389379,848.6164927454081,6.801557798382964,0.827391,holdout
2018-12-26 23:59:51,69.4631817192465,4.2530938418356055,0.389255,847.8890464902152,6.805457761124768,0.827261,holdout
2018-12-27 23:59:51,69.55527775339517,4.25232662530672,0.389132,848.3075497697537,6.822774619650753,0.827131,holdout
2018-12-28 23:59:51,69.5754879224053,4.281811222740406,0.389008,849.6096539171473,6.858456096793809,0.827001,holdout
2018-12-29 23:59:51,69.60274843109372,4.228540512072501,0.388885,850.0190089156462,6.82146335750133,0.826871,holdout
2018-12-30 23:59:51,69.71629896803607,4.239077143097623,0.388761,849.4937244224476,6.847539223271581,0.826741,holdout
2018-12-31 23:59:51,69.57216352431453,4.2394174766721395,0.388637,849.6625942275377,6.805928498737699,0.826482,holdout
2019-01-01 23:59:51,69.70539944175243,4.251777566197197,0.388514,849.6293184654971,6.805275189448207,0.826482,train
2019-01-02 23:59:51,69.77336701779961,4.2511969919806,0.38839,849.0777681964157,6.830644403609675,0.826352,train
2019-01-03 23:59:51,69.50877902664664,4.264155260596045,0.388267,848.185514109484,6.8310865246375405,0.826222,train
2019-01-04 23:59:51,69.49952184806514,4.217000869945444,0.388143,847.5267806915559,6.828549332081,0.826092,train
2019-01-05 23:59:51,69.50586983750033,4.275789916501058,0.38802,847.7619354987972,6.8419337764959165,0.825962,train
2019-01-06 23:59:51,69.48295868415633,4.259698979679926,0.387896,847.545785415259,6.827065988784771,0.825832,train
2019-01-07 23:59:51,69.55764360441208,4.2679376175674415,0.387773,848.3157968121782,6.8469706525742895,0.825702,train
2019-01-08 23:59:51,69.59845218085539,4.27535166791309,0.387649,848.2365060024351,6.758478788983413,0.825573,train
2019-01-09 23:59:51,69.46351803764672,4.256672507607786,0.387526,847.5865366079887,6.834815801577265,0.825443,train
2019-01-10 23:59:51,69.41144825973113,4.284510683709581,0.387402,846.895795748588,6.8302424218241455,0.825313,train
2019-01-11 23:59:51,69.51956801203897,4.237084142735664,0.387279,847.6053306625229,6.825537445231598,0.825183,train
2019-01-12 23:59:51,69.35069486745004,4.241591620896761,0.387155,846.8429478726284,6.7942275729349415,0.825053,train
2019-01-13 23:59:51,69.49735384811589,4.2958580924728045,0.387032,848.2199870824844,6.818644968852654,0.824923,train
2019-01-14 23:59:51,69.38632150173976,4.251892618049286,0.386908,847.1435896349238,6.841589068210969,0.824793,train
2019-01-15 23:59:51,69.39890950481993,4.253514033283938,0.386785,846.7897981020031,6.804312343475414,0.824664,train
2019-01-16 23:59:51,69.41671750405006,4.2597622224679395,0.386661,847.0031620417446,6.83371869423712,0.824534,train
2019-01-17 23:59:51,69.53658498266627,4.259241960839462,0.386538,847.7607499674044,6.846726830523601,0.824404,train
2019-01-18 23:59:51,69.46296534987978,4.243573776496385,0.386414,846.880985836317,6.81069688376277,0.824274,train
2019-01-19 23:59:51,69.41759529844471,4.240653327756925,0.386291,847.5681310728698,6.808702288290482,0.824144,train
2019-01-20 23:59:51,69.50591523213075,4.266983854376263,0.386167,847.5129404193013,6.817633179467601,0.824014,train
2019-01-21 23:59:51,69.57437369118547,4.2257235069241394,0.386043,849.1305067604457,6.793337082138747,0.823884,train
2019-01-22 23:59:51,69.69027165285091,4.266223506295593,0.38592,848.5784802188608,6.828022343558055,0.823755,train
2019-01-23 23:59:51,69.75465410132286,4.268957062839571,0.385796,850.8693751524131,6.843505656673851,0.823625,train
2019-01-24 23:59:51,69.93320808833043,4.268390120316472,0.385673,853.0268947246407,6.8129884802822795,0.823495,train
2019-01-25 23:59:51,70.12802546349315,4.256715728334975,0.385549,853.094625004257,6.817213337514009,0.823365,train
2019-01-26 23:59:51,69.97824186196654,4.250698878671129,0.385426,852.4447880293768,6.784626443947908,0.823235,train
2019-01-27 23:59:51,69.91991294551566,4.2724485558911205,0.385302,851.8650295116283,6.861526245639177,0.823105,train
2019-01-28 23:59:51,69.91736886664263,4.2384612563653565,0.385179,851.254287486679,6.835842606228754,0.822976,train
2019-01-29 23:59:51,69.72649012368129,4.244433197154369,0.385055,849.2292942621484,6.848034287663092,0.822846,train
2019-01-30 23:59:51,69.54343161219417,4.253825793673046,0.384932,848.3388126242687,6.852567317856866,0.822716,train
2019-01-31 23:59:51,69.2044917444426,4.31321506358012,0.384808,845.4490606981151,6.818928791094674,0.822586,train
2019-02-01 23:59:51,69.10846411321582,4.265413314055603,0.384685,845.1871312935116,6.837656201084972,0.822456,train
2019-02-02 23:59:51,69.13016759965413,4.294697833578444,0.384561,843.5988048452965,6.794469402985565,0.822326,train
2019-02-03 23:59:51,69.14961022688594,4.257284010357561,0.384438,845.1741751697176,6.807641335142821,0.822196,train
2019-02-04 23:59:51,69.17709384887625,4.29241792687125,0.384314,845.4346860118748,6.8434828926858025,0.822067,train
2019-02-05 23:59:51,69.16694513307328,4.270234080914698,0.384191,845.6919819202013,6.8263060640840445,0.821937,train
2019-02-06 23:59:51,69.06306738790944,4.252848548230366,0.384067,844.366047767308,6.825088418144525,0.821807,train
2019-02-07 23:59:51,69.2691689394533,4.284316652106949,0.383944,846.0078526997332,6.835166052575559,0.821677,train
2019-02-08 23:59:51,69.11951358327129,4.280906161325269,0.38382,845.0090236442909,6.8510888075712,0.821547,train
2019-02-09 23:59:51,69.07019548323889,4.289292381297689,0.383697,844.3159957891569,6.850517135750688,0.821417,train
2019-02-10 23:59:51,69.09843292068825,4.25600291700907,0.383573,843.9284341226358,6.843294769259867,0.821287,train
2019-02-11 23:59:51,69.19487244478691,4.27719542790154,0.38345,845.6950796213983,6.78287043682882,0.821158,train
2019-02-12 23:59:51,69.1625425900851,4.282269162466556,0.383326,844.7272159459407,6.810799812574766,0.821028,train
2019-02-13 23:59:51,69.20816359593393,4.2740284165806,0.383202,846.1138124819155,6.8472705756276735,0.820898,train
2019-02-14 23:59:51,69.3333579948632,4.273550716977121,0.383079,845.7031499720172,6.814094520472942,0.820768,train
2019-02-15 23:59:51,69.33270464614706,4.251537265784634,0.382955,846.0327057723737,6.877622644175604,0.820638,train
2019-02-16 23:59:51,69.32187455274288,4.287086799666805,0.382832,847.1092265953131,6.85930099179461,0.820508,train
2019-02-17 23:59:51,69.38184137145299,4.292085480940309,0.382708,847.6956882998736,6.879742567006287,0.820378,train
2019-02-18 23:59:51,69.50315102964043,4.294748906523847,0.382585,849.0017902839877,6.777025277203636,0.820249,train
2019-02-19 23:59:51,69.51808863000528,4.240345416548417,0.382461,849.580761447638,6.812856476178508,0.820119,train
2019-02-20 23:59:51,69.68122507133936,4.282371762311119,0.382338,850.9835278255059,6.8244821413168495,0.819989,train
2019-02-21 23:59:51,69.4844383406278,4.298356266731553,0.382214,849.557761216719,6.81210299512483,0.819859,train
2019-02-22 23:59:51,69.500552803259,4.272115167212898,0.382091,848.8060922737991,6.865253848102657,0.819729,train
2019-02-23 23:59:51,69.3696999715548,4.300924611288399,0.381967,846.6675691482021,6.832155468068442,0.819599,train
2019-02-24 23:59:51,69.2073697589866,4.289732815524937,0.381844,846.8508310695481,6.851010039961428,0.819469,train
2019-02-25 23:59:51,69.28723892601784,4.278962539960674,0.38172,846.5576929561173,6.841337562380513,0.81934,train
2019-02-26 23:59:51,69.23691828026031,4.261996001985341,0.381597,845.4539506292471,6.8682505060575645,0.81921,train
2019-02-27 23:59:51,69.17142697826239,4.296888972097824,0.381473,844.4564694995354,6.839274357050597,0.81908,train
2019-02-28 23:59:51,69.1083496599172,4.264798783502129,0.38135,844.1294526455434,6.838301956040358,0.81895,train
2019-03-01 23:59:51,69.07969058984652,4.280170350965785,0.381226,843.9762695621288,6.811209517724406,0.81882,train
2019-03-02 23:59:51,69.0601434342291,4.243642657180914,0.381103,844.451257159726,6.86284959912068,0.81869,train
2019-03-03 23:59:51,69.26571695401314,4.267461113661769,0.380979,845.4172651094988,6.870806985542163,0.81856,train
2019-03-04 23:59:51,69.19355952255717,4.260615446836971,0.380856,845.1174055917338,6.844907199481345,0.818431,train
2019-03-05 23:59:51,69.26582835535974,4.272605338242814,0.380732,846.3234698613727,6.853897349177242,0.818301,train
2019-03-07 23:59:51,69.28056409490371,4.277785122058339,0.380485,846.1801376915682,6.818967154753925,0.818041,train
2019-03-08 23:59:51,69.3347538664882,4.26947897501968,0.380361,846.0434533753164,6.786761942239672,0.817911,train
2019-03-09 23:59:51,69.27928626344634,4.286991165328189,0.380238,845.8051763250277,6.800003295183561,0.817781,train
2019-03-10 23:59:51,69.26606058555507,4.258509460030793,0.380114,846.5018654117242,6.856769854010562,0.817651,train
2019-03-11 23:59:51,69.09825858763949,4.289042457832483,0.379991,844.5802919762393,6.799579527914692,0.817522,train
2019-03-12 23:59:51,69.1905502283165,4.300815390631102,0.379867,844.2725759056881,6.770690498289749,0.817392,train
2019-03-13 23:59:51,69.20319928840112,4.262319160781307,0.379744,845.2745063891465,6.809069688327182,0.817262,train
2019-03-14 23:59:51,69.25318136830602,4.2815571860384365,0.37962,846.49258042013,6.806339667210207,0.817132,train
2019-03-15 23:59:51,69.34981504869747,4.252802579955641,0.379497,846.3638457504259,6.839583886054947,0.817002,train
2019-03-16 23:59:51,69.33866291797479,4.294021319499077,0.379373,846.7139852416262,6.838431512755068,0.816872,train
2019-03-17 23:59:51,69.51318458420214,4.275729465027494,0.37925,848.0788191350738,6.86962056091977,0.816742,train
2019-03-18 23:59:51,69.58662849621447,4.252952977517874,0.379126,848.9692160368603,6.83738525299261,0.816613,train
2019-03-19 23:59:51,69.62562779238073,4.28041776093918,0.379003,850.4078812105777,6.792037676568993,0.816483,train
2019-03-20 23:59:51,69.73701087958457,4.256648987481104,0.378879,850.1252761390261,6.773322705121243,0.816353,train
2019-03-21 23:59:51,69.73026228551876,4.300983777958431,0.378756,849.560145203934,6.800731575024677,0.816223,train
2019-03-22 23:59:51,69.65909241064216,4.280519625401442,0.378632,848.3881808117447,6.85901783514374,0.816093,train
2019-03-23 23:59:51,69.4349758054246,4.308765634781627,0.378509,847.1292622971507,6.812563745214359,0.815963,train
2019-03-24 23:59:51,69.25151272434246,4.25455117767282,0.378385,845.6667135985614,6.861493190369238,0.815834,train
2019-03-25 23:59:51,69.09359288503912,4.245516770702009,0.378262,843.5596562196572,6.85397111625251,0.815704,train
2019-03-26 23:59:51,69.10556617164879,4.240704654597422,0.378138,844.9724441097183,6.832569889696646,0.815574,train
2019-03-27 23:59:51,69.15545548854992,4.269987042810968,0.378015,844.3527963926459,6.825542513757599,0.815444,train
2019-03-28 23:59:51,69.12119969815505,4.267117910573195,0.377891,845.3767950362159,6.841613877018792,0.815314,train
2019-03-29 23:59:51,69.18065686254415,4.292145540514071,0.377767,845.8608517165522,6.844612809430525,0.815184,train
2019-03-30 23:59:51,69.29150867959812,4.264913564042636,0.377644,845.8888907299646,6.841787247497242,0.815054,train
2019-03-31 23:59:51,69.19680941255095,4.24943471255211,0.37752,844.1236451352783,6.789040094912866,0.814925,train
2019-04-01 23:59:51,69.32195694962121,4.272064352514124,0.377397,846.1279966663401,6.830842832645401,0.814795,train
2019-04-02 23:59:51,69.44514452101727,4.2664933508408405,0.377273,847.7550415101208,6.821894603752299,0.814665,train
2019-04-03 23:59:51,69.48389069609505,4.254198939523906,0.37715,848.0414093093318,6.85645024226541,0.814535,train
2019-04-04 23:59:51,69.32906397496286,4.302455959976328,0.377026,846.6299832977531,6.862766661793272,0.814405,train
2019-04-05 23:59:51,69.41622131848223,4.277099920942114,0.376903,847.2898160709411,6.859964261518469,0.814275,train
2019-04-06 23:59:51,69.3545625687131,4.267554289353016,0.376779,847.6136098227854,6.816551157796116,0.814145,train
2019-04-07 23:59:51,69.41421256175217,4.2671952807005535,0.376656,846.4513867322279,6.814363012315167,0.814016,train
2019-04-08 23:59:51,69.67280771520828,4.329863710797765,0.376532,848.4835591825408,6.829315006919755,0.813886,train
2019-04-09 23:59:51,69.71904214186812,4.298195173894006,0.376409,849.0665241371088,6.846251841678869,0.813756,train
2019-04-10 23:59:51,69.7237694198824,4.28971601714129,0.376285,850.2573228233778,6.850464945630178,0.813626,train
2019-04-11 23:59:51,69.97721342860218,4.28411743330966,0.376162,852.9763657864958,6.857460964336541,0.813496,train
2019-04-12 23:59:51,69.82390387076161,4.236875276577143,0.376038,852.8840582003891,6.837933650591307,0.813366,train
2019-04-13 23:59:51,70.06248250601779,4.261023886069218,0.375915,854.1493534720762,6.78916379595195,0.813236,train
2019-04-14 23:59:51,70.00366808473875,4.24778379489858,0.375791,853.3466643112162,6.830541227134078,0.813107,train
2019-04-15 23:59:51,69.72435260671718,4.271212259832398,0.375668,851.4370729359747,6.852278842359422,0.812977,train
2019-04-16 23:59:51,69.68195869881066,4.274628827302459,0.375544,850.4930702768787,6.83666780895624,0.812847,train
2019-04-17 23:59:51,69.52281347852909,4.307616946025508,0.375421,847.2392549722329,6.805064143767003,0.812717,train
2019-04-18 23:59:51,69.46650819315988,4.258419285163729,0.375297,848.4275471013785,6.820412186108017,0.812587,train
2019-04-19 23:59:51,69.31817733281075,4.292817984201937,0.375173,846.2568534685028,6.841309638101976,0.812457,train
2019-04-20 23:59:51,69.11135199793092,4.296420360234564,0.37505,844.7077143153147,6.845564920908928,0.812327,train
2019-04-21 23:59:51,69.27855304144138,4.272139976577277,0.374926,844.9949203992263,6.842148823529624,0.812198,train
2019-04-22 23:59:51,69.22296458855224,4.270402514315846,0.374803,845.692127820598,6.83613548141081,0.812068,train
2019-04-23 23:59:51,69.19781856177583,4.29801859292976,0.374679,845.6767873920617,6.860456482763253,0.811938,train
2019-04-24 23:59:51,69.15896177310077,4.284767821409221,0.374556,845.1591569284636,6.830692928174708,0.811808,train
2019-04-25 23:59:51,69.18184400463554,4.257199610324128,0.374432,844.2425801094,6.834655049925274,0.811678,train
2019-04-26 23:59:51,69.02285270756462,4.265261022381452,0.374309,843.2546172713116,6.81295572976715,0.811548,train
2019-04-27 23:59:51,69.08463813191351,4.2951587567454155,0.374185,844.3222845659405,6.8381520009483285,0.811418,train
2019-04-28 23:59:51,69.16172084502475,4.286009713946898,0.374062,844.9066805660505,6.834602758081089,0.811289,train
2019-04-29 23:59:51,69.11706132768629,4.269999216793398,0.373938,844.8993295293524,6.808538996230554,0.811159,train
2019-04-30 23:59:51,69.13379971435147,4.275619571217001,0.373815,845.1299664183125,6.832802085266783,0.811029,train
2019-05-01 23:59:51,69.17007215219978,4.310925386177709,0.373691,844.2000935017888,6.845156695805905,0.810899,train
2019-05-02 23:59:51,69.26672776188121,4.290626838328861,0.373568,845.0675257823236,6.843213384923935,0.810769,train
2019-05-03 23:59:51,69.2656061038483,4.287137606518835,0.373444,844.8505355263994,6.858871859032804,0.810639,train
2019-05-04 23:59:51,69.40872426322508,4.30058540484703,0.373321,846.2105637825034,6.83629588759159,0.810509,train
2019-05-05 23:59:51,69.57815259914294,4.268075584852088,0.373197,846.5204310689671,6.852864714877516,0.81038,train
2019-05-06 23:59:51,69.6933666276343,4.274834450234668,0.373074,849.2986819104747,6.854743562401345,0.81025,train
2019-05-07 23:59:51,69.75986708480468,4.292263036049374,0.37295,850.5509136404353,6.852901472281671,0.81012,train
2019-05-08 23:59:51,70.0488600483283,4.318950256510555,0.372827,853.0544264915867,6.818366534490521,0.80999,train
2019-05-09 23:59:51,70.12432087822636,4.256574891859242,0.372703,855.031731810296,6.841441247084461,0.80986,train
2019-05-10 23:59:51,70.13600715735767,4.263011224844826,0.372579,856.7173831828514,6.786258953361334,0.80973,train
2019-05-11 23:59:51,70.21781539613545,4.253330381684473,0.372456,856.3592824247695,6.814347545535284,0.8096,train
2019-05-12 23:59:51,70.16862825578416,4.222377556705856,0.372332,855.2954185226574,6.819461412203575,0.809471,train
2019-05-13 23:59:51,69.96831252408936,4.26204352503163,0.372209,853.7291383688665,6.79169226853454,0.809341,train
2019-05-14 23:59:51,69.8610573572346,4.245260842446278,0.372085,851.7004122186044,6.865507292582114,0.809211,train
2019-05-15 23:59:51,69.36646439055988,4.27962159631299,0.371962,848.23690307858,6.870136320194078,0.809081,train
2019-05-16 23:59:51,69.10945066641621,4.282249633840065,0.371838,846.1953286375726,6.822404935909235,0.808951,train
2019-05-17 23:59:51,69.01773314289696,4.26632347324463,0.371715,844.0731653449219,6.794901344398105,0.808821,train
2019-05-18 23:59:51,68.9490609096786,4.254006373197511,0.371591,843.1052779928029,6.840196125849633,0.808692,train
2019-05-19 23:59:51,68.8599020307477,4.26917105632698,0.371468,842.9749369039265,6.871464840994721,0.808562,train
2019-05-20 23:59:51,68.82923270321778,4.285745315003617,0.371344,843.3100632702377,6.850867464305361,0.808432,train
2019-05-21 23:59:51,68.84828800552444,4.282861366091876,0.371221,843.4406903900383,6.830334645828425,0.808302,train
2019-05-22 23:59:51,68.90053513002438,4.312005922064791,0.371097,843.3413504053956,6.822304452199533,0.808172,train
2019-05-23 23:59:51,68.88265357576468,4.278001558390538,0.370974,844.1206782980549,6.83837191776189,0.808042,train
2019-05-24 23:59:51,68.94546342281436,4.232542737388667,0.37085,844.7441734730537,6.856385398893469,0.807912,train
2019-05-25 23:59:51,69.01240482126406,4.285119325372857,0.370727,843.8446699397109,6.853151481094562,0.807783,train
2019-05-27 00:05:51,68.96947018675667,4.245840095831161,0.370603,844.343091332823,6.834288761609839,0.807523,train
2019-05-27 23:59:51,68.93912736177293,4.2463170712919345,0.37048,844.1042998358693,6.815223229526716,0.807523,train
2019-05-28 23:59:51,69.09248230580809,4.2542073542412115,0.370356,845.1696941778225,6.8422974695568355,0.807393,train
2019-05-29 23:59:51,69.05645526673815,4.271800288357094,0.370233,844.4314871855147,6.850358379442756,0.807263,train
2019-05-30 23:59:51,69.13068930939194,4.284982426311512,0.370109,844.307389442742,6.859332382657459,0.807133,train
2019-05-31 23:59:51,69.16484925254423,4.251190505825484,0.369985,845.122109302328,6.841403745196941,0.807003,train
2019-06-01 23:59:51,69.22065117736346,4.268479246982239,0.369862,845.4722586630925,6.812561059135916,0.806874,train
2019-06-02 23:59:51,69.4262594685719,4.276492001496908,0.369738,847.1221053589691,6.833034196275127,0.806744,train
2019-06-03 23:59:51,69.60918096144478,4.280368699726393,0.369615,850.0050633330828,6.83262964558302,0.806614,train
2019-06-04 23:59:51,69.66041639176765,4.265051813595588,0.369491,851.3426440970746,6.8376954877624225,0.806484,train
2019-06-05 23:59:51,69.77302761837713,4.3080877304288085,0.369368,852.3493423384232,6.833336939861891,0.806354,train
2019-06-06 23:59:51,69.85566715831837,4.277720878640266,0.369244,853.0266257712476,6.83693806262743,0.806224,train
2019-06-07 23:59:51,69.88233795775338,4.256519380825594,0.369121,853.6917944295543,6.8532562624014925,0.806094,train
2019-06-08 23:59:51,69.80565623380126,4.282350923263068,0.368997,853.0611631236368,6.857119022396811,0.805965,train
2019-06-09 23:59:51,69.62045205347984,4.290080521141347,0.368874,850.3362064087256,6.817526007379586,0.805835,train
2019-06-10 23:59:51,69.54911119573457,4.257273649300877,0.36875,848.9299866981113,6.805934754946785,0.805705,train
2019-06-11 23:59:51,69.24219785750755,4.308336222616488,0.368627,846.1883219412694,6.874281014421138,0.805575,train
2019-06-12 23:59:51,69.12906782260238,4.238016819519044,0.368503,845.5450414856897,6.831508092249284,0.805445,train
2019-06-13 23:59:51,69.01401676378497,4.235644795533352,0.36838,843.9459236478083,6.846709063416717,0.805315,train
2019-06-14 23:59:51,68.99570927086474,4.289172133616997,0.368256,843.7984319859005,6.841078061093497,0.805185,train
2019-06-15 23:59:51,68.87925811273323,4.265961564956373,0.368133,842.8657489915954,6.816263902836586,0.805056,train
2019-06-16 23:59:51,68.94700498375802,4.245646420634332,0.368009,843.4139773162613,6.865723858286264,0.804926,train
2019-06-17 23:59:51,68.93136393285,4.314394188117438,0.367886,841.896794750655,6.839208810961271,0.804796,train
2019-06-18 23:59:51,68.98621761311826,4.2816474224259995,0.367762,843.1365995811296,6.855125612085375,0.804666,train
2019-06-19 23:53:51,69.02765847320576,4.296440083438945,0.367762,843.8170384866705,6.8379147776938245,0.804536,train
2019-06-20 23:59:51,69.07753465532787,4.29855391677059,0.367515,844.5846935804827,6.86090631535942,0.804276,train
2019-06-21 23:59:51,69.05466283507151,4.249722898815717,0.367392,844.3470277158726,6.818869978188012,0.804147,train
2019-06-22 23:59:51,68.96839639025971,4.282788273386884,0.367268,843.7982962463775,6.81965896894961,0.804147,train
2019-06-23 23:59:51,69.0767799081034,4.2634255456477135,0.367144,844.9321074717005,6.803204239331184,0.804017,train
2019-06-24 23:59:51,69.1341561056115,4.248680996145749,0.367021,844.7112390557758,6.838630243696897,0.803887,train
2019-06-25 23:59:51,69.0787664571002,4.2693777438146086,0.366897,844.2427348413281,6.852354856841023,0.803757,train
2019-06-26 23:59:51,69.01523243405367,4.2622513882639845,0.366774,843.6589823010709,6.801590388406675,0.803627,train
2019-06-27 23:59:51,69.19774586477398,4.259591620817774,0.36665,845.0211606243571,6.849405216001033,0.803497,train
2019-06-28 23:59:51,69.27071079898916,4.268749348174186,0.366527,845.9562059528457,6.852840073744337,0.803367,train
2019-06-29 23:59:51,69.3939870974179,4.264633029593831,0.366403,847.0637391905938,6.81194151557134,0.803238,train
2019-06-30 23:59:51,69.51436484301531,4.295092511726765,0.36628,848.4397360748411,6.8713248444494965,0.803108,train
2019-07-01 23:59:51,69.66762357876624,4.299570032272748,0.366156,849.6813223568009,6.8108201970101,0.802978,train
2019-07-02 23:59:51,69.74918105861104,4.276732568721084,0.366033,850.0881526792142,6.848998351850317,0.802848,train
2019-07-03 23:59:51,69.65698351270751,4.241459408035296,0.365909,850.8104345285969,6.849002043466301,0.802718,train
2019-07-04 23:59:51,69.70201372350766,4.28614077078171,0.365786,850.426149663237,6.863938033984807,0.802588,train
2019-07-05 23:59:51,69.57068298032027,4.297809650943522,0.365662,849.1265799342881,6.803623762242612,0.802458,train
2019-07-06 23:59:51,69.51570504042762,4.295479499669171,0.365539,848.2157755702814,6.846453536610819,0.802329,train
2019-07-07 23:59:51,69.45408820632579,4.304401228604232,0.365415,846.6748301916425,6.828548425410305,0.802199,train
2019-07-08 23:59:51,69.35845886284847,4.277473805614669,0.365292,846.4831386069479,6.805569044799058,0.802069,train
2019-07-09 23:59:51,69.18389487488056,4.284924475620046,0.365168,845.3263026001163,6.836142936302759,0.801939,train
2019-07-10 23:59:51,69.1765088356526,4.278394523131757,0.365045,844.8842021538675,6.851626245324682,0.801809,train
2019-07-11 23:59:51,69.25719969682571,4.283456551056071,0.364921,845.019593821328,6.844663339257918,0.801679,train
2019-07-12 23:59:51,69.17881728778347,4.290478137573205,0.364798,844.5666942695966,6.838881752185502,0.801549,train
2019-07-13 23:59:51,69.21469292896188,4.253265562435497,0.364674,844.0805366732653,6.841776172999207,0.80142,train
2019-07-14 23:59:51,69.31545792813063,4.29538451789162,0.364551,845.2653682942273,6.845884927404393,0.80129,train
2019-07-15 23:59:51,69.29046217867538,4.280709727299727,0.364427,844.9938544338557,6.849568498008867,0.80116,train
2019-07-16 23:59:51,69.22994147285306,4.249095687549101,0.364303,844.308858139545,6.834568477097479,0.80103,train
2019-07-17 23:59:51,69.03584434076683,4.280682804953496,0.36418,842.9482019906799,6.844604034401525,0.8009,train
2019-07-18 23:59:51,69.17937025466128,4.281300204796955,0.364056,843.0488544593744,6.863433652935115,0.80077,train
2019-07-19 23:59:51,69.09548359286228,4.264158178785834,0.363933,844.142459985423,6.846822788916705,0.800641,train
2019-07-20 23:59:51,69.10436907357139,4.287413104236038,0.363809,843.5636095617721,6.800460638478233,0.800511,train
2019-07-21 23:59:51,69.24338058516832,4.249113169700659,0.363686,844.5708737406732,6.833349663119675,0.800381,train
2019-07-22 23:59:51,69.22754653786465,4.261729297537208,0.363562,844.7230395918752,6.838184319490602,0.800251,train
2019-07-23 23:59:51,69.32651528356881,4.297479091768248,0.363439,844.4626051242591,6.795817360873849,0.800121,train
2019-07-24 23:59:51,69.40311895855757,4.284948585182882,0.363315,845.4200385784213,6.854373908969734,0.799991,train
2019-07-25 23:59:51,69.47877773359195,4.284297225188834,0.363192,845.4650859903163,6.838638075759241,0.799861,train
2019-07-26 23:59:51,69.4419580764013,4.250802628402098,0.363068,846.3524904050823,6.854857861802635,0.799731,train
2019-07-27 23:59:51,69.48311820885327,4.254819416735333,0.362945,847.037993009785,6.849137811720539,0.799602,train
2019-07-28 23:59:51,69.68103901053622,4.28072173129881,0.362821,848.735339787772,6.83707257893322,0.799472,train
2019-07-29 23:59:51,69.76133254200383,4.276053641513446,0.362698,849.3987809858872,6.841929732805326,0.799342,train
2019-07-30 23:59:51,69.66815918275111,4.228032434301329,0.362574,849.1939057734565,6.806839503728887,0.799212,train
2019-07-31 23:59:51,69.75871215389175,4.260735142104619,0.362451,849.1175427722676,6.8404830795494345,0.799082,train
2019-08-01 23:59:51,69.72080352286035,4.2727797796605795,0.362327,849.5075074407425,6.865492474327967,0.798952,test
2019-08-02 23:59:51,69.60159474540731,4.26563460758919,0.362204,847.608896180481,6.843909593139794,0.798823,test
2019-08-03 23:59:51,69.46035717952884,4.253077260377719,0.36208,846.7219973925007,6.851106658036141,0.798693,test
2019-08-04 23:59:51,69.38999761023321,4.281558808876508,0.361957,845.7889025225596,6.809784491183364,0.798563,test
2019-08-05 23:59:51,69.49055840275102,4.269914095503248,0.361833,846.8094538955329,6.8326726261214565,0.798433,test
2019-08-06 23:59:51,69.40019588105109,4.280931504015718,0.361709,846.160395616063,6.839134468545998,0.798303,test
2019-08-07 23:59:51,69.49658054083802,4.275181767241679,0.361586,846.4337747852296,6.8386890220023675,0.798173,test
2019-08-08 23:59:51,69.4569153333569,4.280942854082388,0.361462,845.6498129253429,6.821017239368477,0.798043,test
2019-08-09 23:59:51,69.44147940654253,4.302953920473869,0.361339,846.2166242081199,6.854140571829028,0.797914,test
2019-08-10 23:59:51,69.4373859672794,4.294066974393421,0.361215,845.1047338228637,6.851937795935981,0.797784,test
2019-08-11 23:59:51,69.35436722727637,4.299538893736501,0.361092,845.2332693602242,6.852326250037551,0.797654,test
2019-08-12 23:59:51,69.24386153185324,4.238385037846177,0.360968,843.7224476908824,6.801003270839839,0.797524,test
2019-08-13 23:59:51,69.26209669057324,4.250339946530375,0.360845,844.4236186715624,6.833848053264474,0.797394,test
2019-08-14 23:59:51,69.40368887612546,4.27085975854828,0.360721,845.5493773676078,6.796371973948324,0.797264,test
2019-08-15 23:59:51,69.453449840383,4.237517255901476,0.360598,845.4711158706803,6.775495132334692,0.797134,test
2019-08-16 23:59:51,69.38002828983036,4.27242614534407,0.360474,844.9101166620165,6.843771424235742,0.797005,test
2019-08-17 23:59:51,69.37316434662867,4.27447378054622,0.360351,845.1677779170625,6.841467264843344,0.796875,test
2019-08-18 23:59:51,69.42906531836068,4.277570681995456,0.360227,844.6041388961366,6.848854272504755,0.796745,test
2019-08-19 23:59:51,69.45552644259878,4.263937985213123,0.360104,846.3427459009886,6.829351811535775,0.796615,test
2019-08-20 23:59:51,69.46859769904918,4.258099108877229,0.35998,846.4589224950463,6.8456044137600705,0.796485,test
2019-08-21 23:59:51,69.53118483856674,4.25706783356232,0.359857,845.6586882513686,6.870137886097084,0.796355,test
2019-08-22 23:59:51,69.55671569301803,4.310886627214019,0.359733,846.880713679491,6.814234256514758,0.796225,test
2019-08-23 23:59:51,69.59179669657296,4.292677150468215,0.35961,846.7828576300486,6.779292488248315,0.796096,test
2019-08-24 23:59:51,69.66059508838923,4.27475850284849,0.359486,847.5502498063996,6.876110232017359,0.795966,test
2019-08-25 23:59:51,69.62107726431263,4.294872991302801,0.359363,847.7634217780677,6.812735882909429,0.795836,test
2019-08-26 23:59:51,69.68246876217867,4.316841268573724,0.359239,848.1126263475121,6.858364508418419,0.795706,test
2019-08-27 23:59:51,69.69695336433014,4.272755362971347,0.359115,848.2124215692028,6.823743735933243,0.795576,test
2019-08-28 23:59:51,69.59505823129793,4.304050528123891,0.358992,847.9960253806428,6.8729987988976875,0.795446,test
2019-08-29 23:59:51,69.63555280285603,4.275637877804804,0.358868,847.5378045277148,6.881581919583158,0.795316,test
2019-08-30 23:59:51,69.55544022395894,4.262423849819056,0.358745,846.2575403004487,6.850967463885308,0.795187,test
2019-08-31 23:59:51,69.49960990781713,4.260714099643894,0.358621,845.8948983960408,6.84382319217743,0.795057,test
2019-09-01 23:59:51,69.46658406761959,4.289682270114166,0.358498,846.0452957978697,6.843135160044342,0.794927,test
2019-09-02 23:59:51,69.66620409626746,4.287656001045267,0.358374,846.976293919483,6.859444985661557,0.794797,test
2019-09-03 23:59:51,69.64916968943433,4.299445601333577,0.358251,846.8984541512482,6.806300966948758,0.794667,test
2019-09-04 23:59:51,69.59227179376408,4.281533730074664,0.358127,846.1718708721451,6.804845407272249,0.794537,test
2019-09-05 23:59:51,69.6189283310525,4.287019427505442,0.358004,845.9816770782995,6.845869691675014,0.794407,test
2019-09-06 23:59:51,69.667849103018,4.279104030692006,0.35788,847.1384722804453,6.84048134011837,0.794278,test
2019-09-07 23:59:51,69.72224626678296,4.28358618737339,0.357757,847.8463638643583,6.866405661303515,0.794148,test
2019-09-08 23:59:51,69.62098485767743,4.286555516952141,0.357633,845.8334321241365,6.850216100572458,0.794018,test
2019-09-09 23:59:51,69.63187342210779,4.251481065934989,0.35751,846.5989550376524,6.831316963177463,0.793888,test
2019-09-10 23:59:51,69.62070320137163,4.29851969189106,0.357386,845.3815603490486,6.822492079994445,0.793758,test
2019-09-11 23:59:51,69.63295331486191,4.286083477792525,0.357263,846.3736552456583,6.829010621912202,0.793628,test
2019-09-12 23:59:51,69.64017145242553,4.271052499251821,0.357139,846.4045821155045,6.84725132404405,0.793499,test
2019-09-13 23:59:51,69.58942397502264,4.25619180497724,0.357016,846.4361051918972,6.855378363826172,0.793369,test
2019-09-14 23:59:51,69.6448042152097,4.2818430829250085,0.356892,846.7722601573158,6.83627728246174,0.793239,test
2019-09-15 23:59:51,69.69318376443792,4.271685624270033,0.356769,847.1140120754992,6.849747783611551,0.793109,test
2019-09-16 23:59:51,69.76170007949175,4.288229361631968,0.356645,846.9456061311877,6.799501659148538,0.792979,test
2019-09-17 23:59:51,69.79627059940408,4.284134266918522,0.356521,848.1203881518993,6.836836527393502,0.792849,test
2019-09-18 23:59:51,69.71694446147148,4.290206282175965,0.356398,847.1178886439792,6.830650489274175,0.792719,test
2019-09-19 23:59:51,69.83372296700728,4.25719566068089,0.356274,848.8514259749126,6.850929076521183,0.792589,test
2019-09-20 23:59:51,69.88219876985475,4.260876553789477,0.356151,848.9065201254281,6.842057957488735,0.79246,test
2019-09-21 23:59:51,70.0225948276935,4.247246397603121,0.356027,849.8598855625389,6.816341957542758,0.79233,test
2019-09-22 23:59:51,69.94607096821719,4.284221971489083,0.355904,848.6647909600665,6.818574274494761,0.7922,test
2019-09-23 23:59:51,69.87064827230424,4.265748065082918,0.35578,848.32328006841,6.831664266024937,0.79207,test
2019-09-24 23:59:51,69.82845646488131,4.277177691698713,0.355657,848.2918280161746,6.848893040943328,0.79194,test
2019-09-25 23:59:51,69.85714403266319,4.279331482581539,0.355533,848.4515090540376,6.84903017859004,0.79181,test
2019-09-26 23:59:51,69.83992409982253,4.288458835999047,0.35541,848.2289580065618,6.8499977921824176,0.791681,test
2019-09-27 23:59:51,69.7947272111005,4.237337077790295,0.355286,848.305698367101,6.829717054002965,0.791551,test
2019-09-28 23:59:51,69.78141962136114,4.296489910564343,0.355163,846.9891364898817,6.853951863862551,0.791421,test
2019-09-29 23:59:51,69.78779134499112,4.30082274196847,0.355039,848.3672025053498,6.855757321889281,0.791291,test
2019-09-30 23:59:51,69.83664933224436,4.288525672516624,0.354916,847.661285072182,6.800845403316549,0.791161,test
2019-10-01 23:59:51,69.90549180063717,4.269673226560255,0.354792,848.1005320792376,6.8718739076287445,0.791031,test
2019-10-02 23:59:51,69.86729202061736,4.294645333474883,0.354669,848.5845860727297,6.864538482368624,0.790901,test
2019-10-03 23:59:51,69.96478591900495,4.2578354571069505,0.354545,848.6832988904574,6.814237658240382,0.790772,test
2019-10-04 23:59:51,70.003519064782,4.283054814209637,0.354422,848.8691370195601,6.856320979630575,0.790642,test
2019-10-05 23:59:51,69.96879715049815,4.320885948968266,0.354298,850.0770507896009,6.828884416335696,0.790512,test
2019-10-06 23:59:51,69.89957870149848,4.298773878060394,0.354175,848.9323680285842,6.8188091490892155,0.790382,test
2019-10-07 23:59:51,69.98807016255914,4.302656139276124,0.354051,848.8201455020019,6.815179774887111,0.790252,test
2019-10-08 23:59:51,69.90936802852787,4.319191794178643,0.353928,848.9091726154776,6.842103834902891,0.790122,test
2019-10-09 23:59:51,69.87058145489813,4.300078074625057,0.353804,848.6387764706295,6.846548921464189,0.789992,test
2019-10-10 23:59:51,69.92976143603806,4.28908086883195,0.35368,848.5010481148985,6.844858505479779,0.789863,test
2019-10-11 23:59:51,69.90750059353815,4.273099700661477,0.353557,848.2005901863455,6.86297877669058,0.789733,test
2019-10-12 23:53:51,69.95091174367094,4.247525496943458,0.353557,848.8697359469369,6.84592978960531,0.789603,test
2019-10-13 23:59:51,69.98399668648996,4.307462392397996,0.35331,848.5370706696842,6.836822839477846,0.789343,test
2019-10-14 23:59:51,70.04143146341563,4.259352489721066,0.353186,849.5428432684538,6.8562893730411965,0.789343,test
2019-10-15 23:59:51,69.99630421355312,4.258400948341675,0.353063,849.5711618767936,6.846954519327228,0.789213,test
2019-10-16 23:59:51,70.0959848597166,4.283767545466636,0.352939,850.5499023868638,6.810423706845519,0.789083,test
2019-10-17 23:59:51,70.11712270446355,4.280314661624455,0.352816,850.2878373932472,6.828144945243165,0.788954,test
2019-10-18 23:59:51,70.1887618973159,4.320298747042455,0.352692,851.6972111569298,6.833631912882842,0.788824,test
2019-10-19 23:59:51,70.22770111527745,4.325357999915214,0.352569,849.8616469049326,6.809883388768358,0.788694,test
2019-10-20 23:59:51,70.11432149565917,4.267301216880702,0.352445,849.6461367602868,6.818890124774642,0.788564,test
2019-10-21 23:59:51,70.28198144659524,4.284110167682294,0.352322,850.5276425771773,6.853768987424871,0.788434,test
2019-10-22 23:59:51,70.12487744477865,4.3014890888043436,0.352198,849.3925706548546,6.861259600261626,0.788304,test
2019-10-23 23:59:51,70.15180876492634,4.2681041430386655,0.352075,849.9977206385164,6.839187042105388,0.788174,test
2019-10-24 23:59:51,70.15672223726058,4.301327208258638,0.351951,849.7760376669879,6.819209437770278,0.788045,test
2019-10-25 23:59:51,70.26808406658205,4.262730090438992,0.351828,849.8516554014972,6.835101216293744,0.787915,test
2019-10-26 23:59:51,70.18495497497815,4.306909252694721,0.351704,849.7269741979374,6.853511325918134,0.787785,test
2019-10-27 23:59:51,70.30680446265474,4.282490617473264,0.351581,851.2430444081139,6.83818340875578,0.787655,test
2019-10-28 23:59:51,70.27008299495604,4.3054261240456535,0.351457,851.3583090792969,6.859140784256517,0.787525,test
2019-10-29 23:59:51,70.31204079616703,4.281165725455126,0.351334,850.7127889211023,6.8380355039530665,0.787395,test
2019-10-30 23:59:51,70.18440163668079,4.297538241112017,0.35121,851.1249478837681,6.815506743988106,0.787265,test
2019-10-31 23:59:51,70.24226021290251,4.26072471448936,0.351086,850.5188098833187,6.846089120613775,0.787136,test
2019-11-01 23:59:51,70.3413491528863,4.25365619020239,0.350963,851.1912481408242,6.856148095224144,0.787006,holdout
2019-11-02 23:59:51,70.44059930764735,4.292648126490683,0.350839,851.992595487626,6.803230353917956,0.786876,holdout
2019-11-03 23:59:51,70.40203165792548,4.2743794161961235,0.350716,851.9012822601136,6.853421152493038,0.786746,holdout
2019-11-04 23:59:51,70.32519192299316,4.285683290557919,0.350592,850.9381037310696,6.84006527049771,0.786616,holdout
2019-11-05 23:59:51,70.34509818766641,4.281958405065078,0.350469,851.1768648153167,6.839444754691513,0.786486,holdout
2019-11-06 23:59:51,70.3888950171901,4.275198148200162,0.350345,851.615068121783,6.840061788421977,0.786357,holdout
2019-11-07 23:59:51,70.28379432090263,4.303341063735643,0.350222,851.0786025222209,6.87246755869132,0.786227,holdout
2019-11-09 00:05:51,70.32136455595122,4.292951917230225,0.350098,851.2566655962404,6.84878183723258,0.786097,holdout
2019-11-10 00:05:51,70.39113054667567,4.278170781550434,0.349975,852.0941075075822,6.864604500155102,0.785837,holdout
2019-11-10 23:59:51,70.32498131184325,4.296994382187328,0.349851,851.3492922526182,6.849973567376564,0.785837,holdout
2019-11-11 23:59:51,70.31881007866595,4.272346177039413,0.349728,851.5896598715901,6.865479933547143,0.785707,holdout
2019-11-12 23:59:51,70.53184474344485,4.29798504802472,0.349604,853.2019905798214,6.847411233578657,0.785577,holdout
2019-11-13 23:59:51,70.52685724537352,4.285044149713212,0.349481,853.3772263431634,6.833270680860419,0.785447,holdout
2019-11-14 23:59:51,70.50838103566868,4.281377677103859,0.349357,853.1306019419247,6.862260020521082,0.785318,holdout
2019-11-15 23:59:51,70.64196606599998,4.293796541133477,0.349234,853.620840114629,6.803066060185137,0.785188,holdout
2019-11-16 23:59:51,70.67083625397761,4.272245431740735,0.34911,853.9118502445617,6.828383596631297,0.785058,holdout
2019-11-17 23:59:51,70.66900563868187,4.299721394819212,0.348987,854.1717371814985,6.819123818424024,0.784928,holdout
2019-11-18 23:59:51,70.73365731644118,4.304170024862216,0.348863,854.5398911093428,6.849577092038996,0.784798,holdout
2019-11-19 23:59:51,70.6457625027754,4.305064161997968,0.34874,853.0862627780755,6.861196363216116,0.784668,holdout
2019-11-20 23:59:51,70.74992037201801,4.293348357796828,0.348616,853.9745733050637,6.855119118391167,0.784539,holdout
2019-11-21 23:59:51,70.62417665279835,4.227780583728901,0.348493,853.070873891183,6.868448716816892,0.784409,holdout
2019-11-22 23:59:51,70.55715603335025,4.305373088993383,0.348369,853.5240938104836,6.836542054850964,0.784279,holdout
2019-11-23 23:59:51,70.63871697771408,4.27071955028522,0.348245,853.3327096096959,6.87028460920756,0.784149,holdout
2019-11-24 23:59:51,70.64121880215119,4.265758686515327,0.348122,854.2835899606466,6.806434542654497,0.784019,holdout
2019-11-25 23:59:51,70.65016027083755,4.303049502372876,0.347998,854.4455334164645,6.863222847425978,0.783889,holdout
2019-11-26 23:59:51,70.69619854755554,4.276817970179531,0.347875,854.347570598224,6.860668248341092,0.783759,holdout
2019-11-27 23:59:51,70.67558378613116,4.30063025093515,0.347751,853.8253430364938,6.838666854134209,0.78363,holdout
2019-11-28 23:59:51,70.64919022590101,4.321202562313228,0.347628,853.5988059551855,6.84517806558335,0.7835,holdout
2019-11-29 23:59:51,70.64212756553223,4.314545160304123,0.347504,853.4918787042133,6.823970221175542,0.78337,holdout
2019-11-30 23:59:51,70.61761035873066,4.264629973234241,0.347381,853.6276020488469,6.837616564589524,0.78324,holdout
2019-12-01 23:59:51,70.71355464729444,4.3048538966189485,0.347257,854.562912983583,6.831777421639254,0.78311,holdout
2019-12-02 23:59:51,70.68943376068974,4.288620055874623,0.347134,854.1544913803787,6.837965119752672,0.78298,holdout
2019-12-03 23:59:51,70.71695534430707,4.299789857914907,0.34701,853.5683357731083,6.827554396020386,0.78285,holdout
2019-12-04 23:59:51,70.72695308868342,4.27310556716645,0.346887,854.3218967398417,6.81409601632051,0.782721,holdout
2019-12-05 23:59:51,70.73893354186973,4.258601117903577,0.346763,853.2622740188293,6.839319449883407,0.782591,holdout
2019-12-06 23:59:51,70.73372183335226,4.318030945685325,0.34664,854.8526104915775,6.831751590734312,0.782461,holdout
2019-12-07 23:59:51,70.75335696952192,4.2782713354991735,0.346516,854.6742772600859,6.859089227905975,0.782331,holdout
2019-12-08 23:59:51,70.83122662404301,4.293335768215114,0.346393,855.4938939393014,6.867558413733793,0.782201,holdout
2019-12-09 23:59:51,70.81587724526662,4.302157802558794,0.346269,855.2265030029577,6.83500811891665,0.782071,holdout
2019-12-10 23:59:51,70.87780728558025,4.276072132387671,0.346146,855.7817623434107,6.816677102909582,0.781941,holdout
2019-12-11 23:59:51,70.89975288840701,4.292463287189598,0.346022,855.5658147121729,6.8372229053616955,0.781812,holdout
2019-12-12 23:59:51,70.93776795553678,4.273894192678243,0.345899,855.6636448370161,6.848828222191223,0.781682,holdout
2019-12-13 23:59:51,71.06288862962737,4.30707293045912,0.345775,857.4750979902849,6.793580765115103,0.781552,holdout
2019-12-14 23:59:51,70.96833581779998,4.282616117496167,0.345651,856.4294967428029,6.834889704435583,0.781422,holdout
2019-12-15 23:59:51,71.08596445801939,4.290804870017764,0.345528,857.8190028270844,6.817609418925637,0.781292,holdout
2019-12-16 23:59:51,71.0325995730856,4.316067818843965,0.345404,856.2810353923272,6.846279304420094,0.781162,holdout
2019-12-17 23:59:51,70.99401432390323,4.280332409295972,0.345281,856.2785896193485,6.857175970713865,0.781032,holdout
2019-12-18 23:59:51,70.97084297756969,4.311892219864884,0.345157,855.2351890827115,6.840969387172357,0.780903,holdout
2019-12-19 23:59:51,71.03176919585863,4.269396691643237,0.345034,856.1040925245271,6.826868234996286,0.780773,holdout
2019-12-20 23:59:51,70.97951838325966,4.302982347573438,0.34491,855.9540498239994,6.839395125644612,0.780643,holdout
2019-12-21 23:59:51,71.12404352632115,4.323858057372558,0.344787,857.4169355404351,6.849442847233019,0.780513,holdout
2019-12-22 23:59:51,71.02045144181496,4.308171782588987,0.344663,856.9093538691892,6.816538857057797,0.780383,holdout
2019-12-23 23:59:51,71.07934844580349,4.278136707337347,0.34454,857.7640657263493,6.820633375373629,0.780253,holdout
2019-12-24 23:59:51,71.05048441865661,4.281113090724658,0.344416,856.5355745402702,6.838352485923534,0.780123,holdout
2019-12-25 23:59:51,71.08500109329408,4.30592099163844,0.344293,856.8796189939216,6.873357307747043,0.779994,holdout
2019-12-26 23:59:51,71.09778449740804,4.26119914187508,0.344169,858.0250512213292,6.843194345763467,0.779864,holdout
2019-12-27 23:59:51,71.1010079280071,4.307485127145059,0.344046,857.3014570267521,6.839271773969316,0.779734,holdout
2019-12-28 23:59:51,71.119827727014,4.299826720503687,0.343922,856.5739811677217,6.826467511573025,0.779604,holdout
2019-12-29 23:59:51,71.00231834220813,4.31138158741925,0.343799,857.5564505378147,6.799661031350195,0.779474,holdout
2019-12-30 23:59:51,70.95585673131818,4.310520631682549,0.343675,857.0610160492631,6.813849206776617,0.779344,holdout
2019-12-31 23:59:51,71.05929182388104,4.311901666759227,0.343552,857.7656101373918,6.822478209199536,0.779085,holdout
2020-01-01 23:59:51,71.00884356479905,4.278872800039108,0.343428,855.8806409152452,6.815946022322522,0.779085,train
2020-01-02 23:59:51,71.141964560537,4.291622010608378,0.343305,857.0942221096914,6.816874537908918,0.778955,train
2020-01-03 23:59:51,71.0982394683933,4.287748011770775,0.343181,857.2889417017387,6.825142922680232,0.778825,train
2020-01-04 23:59:51,71.27061523795811,4.295866524742994,0.343057,857.7378285143293,6.820944320413892,0.778695,train
2020-01-05 23:59:51,71.09703393848521,4.299766414887064,0.342934,856.8277151343991,6.772257322690556,0.778565,train
2020-01-06 23:59:51,71.20048620999125,4.292261210969328,0.34281,858.316526270465,6.8450829020345365,0.778435,train
2020-01-07 23:59:51,71.30280112479804,4.293072982127354,0.342687,859.8157909112197,6.831061906741104,0.778305,train
2020-01-08 23:59:51,71.42712311139616,4.298676512948021,0.342563,859.9894804942998,6.790795805366118,0.778176,train
2020-01-09 23:59:51,71.45796911398145,4.267174813771536,0.34244,860.3595487359858,6.842579906736166,0.778046,train
2020-01-10 23:59:51,71.43150149245018,4.302469993493496,0.342316,859.3973752400856,6.866951091989157,0.777916,train
2020-01-11 23:59:51,71.37367588517562,4.3205089640743415,0.342193,859.064074171216,6.836011817148777,0.777786,train
2020-01-12 23:59:51,71.34723611926098,4.26714882006616,0.342069,858.8425892939986,6.83782521256955,0.777656,train
2020-01-13 23:59:51,71.34838288489136,4.287501691607107,0.341946,860.2414450444564,6.851441743215054,0.777526,train
2020-01-14 23:59:51,71.40967049683053,4.302591580464352,0.341822,859.2342393711746,6.838639685125846,0.777397,train
2020-01-15 23:59:51,71.3497090038034,4.251837683465263,0.341699,859.3172858647146,6.825233031766759,0.777267,train
2020-01-16 23:59:51,71.26726849752481,4.306947466968967,0.341575,858.3885877477435,6.826634779489977,0.777137,train
2020-01-17 23:59:51,71.28905876140733,4.294114202362649,0.341452,858.6903307423028,6.809804436281663,0.777007,train
2020-01-18 23:59:51,71.2382861335602,4.293841767038623,0.341328,858.3315483900188,6.873325455655983,0.776877,train
2020-01-19 23:59:51,71.19396158446334,4.2911591056868135,0.341205,857.356611627863,6.825811531163591,0.776747,train
2020-01-20 23:59:51,71.23100562482234,4.309098517963724,0.341081,858.5316938157754,6.842026985287949,0.776617,train
2020-01-21 23:59:51,71.25585234922293,4.320443334714704,0.340958,858.6957380302811,6.803492543443462,0.776488,train
2020-01-22 23:59:51,71.1464911746481,4.27682826786429,0.340834,858.4875909281669,6.7973640273363225,0.776358,train
2020-01-23 23:59:51,71.21119349546312,4.27004863922138,0.340711,858.9071952952855,6.8219429055058285,0.776228,train
2020-01-24 23:59:51,71.18463383131208,4.315431717554529,0.340587,858.9619284347373,6.876178363321878,0.776098,train
2020-01-25 23:59:51,71.38830534435037,4.320273142723305,0.340463,859.798541819274,6.8318187695066745,0.775968,train
2020-01-26 23:59:51,71.45613980848583,4.289385776319926,0.34034,859.6629693340949,6.840942556241942,0.775838,train
2020-01-27 23:59:51,71.4798424114962,4.2876793927131365,0.340216,860.4170269873271,6.840464531767419,0.775708,train
2020-01-28 23:59:51,70.9230193670612,4.294417551446176,0.340093,855.6505801004354,6.835730366228471,0.775579,train
2020-01-29 23:59:51,70.88340518073117,4.317585195146765,0.339969,855.867502932787,6.839672102696308,0.775449,train
2020-01-30 23:59:51,70.79901157761252,4.311664523519937,0.339846,855.3970805388212,6.8479536243670545,0.775319,train
2020-01-31 23:59:51,70.929111133205,4.273931234959137,0.339722,856.4096123606888,6.8576947582930075,0.775189,train
2020-02-01 23:59:51,70.94322120401412,4.300266195943933,0.339599,856.2499149803656,6.84422215342623,0.775059,train
2020-02-02 23:59:51,70.90044542504158,4.333274711656093,0.339475,856.2295980270209,6.838217846339897,0.774929,train
2020-02-03 23:59:51,70.80052506639952,4.2901426709912,0.339352,856.0586211631904,6.864430215488356,0.774799,train
2020-02-04 23:59:51,70.73466115060374,4.281409925612773,0.339228,855.1444415218339,6.855050543720232,0.77467,train
2020-02-05 23:59:51,70.84714418029883,4.332342181735946,0.339105,856.604047366707,6.81322437758219,0.77454,train
2020-02-06 23:59:51,70.84044957667707,4.319218639030441,0.338981,855.990387898965,6.843627859811235,0.77441,train
2020-02-07 23:59:51,70.82646574700351,4.298380778049692,0.338858,855.9238927821037,6.827382882795956,0.77428,train
2020-02-08 23:59:51,70.95712477544556,4.32853527249795,0.338734,855.9523147703416,6.862779231725321,0.77415,train
2020-02-09 23:59:51,70.86969536716616,4.328558093786553,0.338611,856.7692797042887,6.844715637325572,0.77402,train
2020-02-10 23:59:51,70.78308625189086,4.304817255695333,0.338487,855.9221663929601,6.875320984540444,0.77389,train
2020-02-11 23:59:51,70.87777156169533,4.322426634273448,0.338364,855.5283898665157,6.8037573625620915,0.773761,train
2020-02-12 23:59:51,70.84879476950948,4.307412929468508,0.33824,855.088405721285,6.852649437688446,0.773631,train
2020-02-13 23:59:51,70.78999102472181,4.326314129982389,0.338117,855.8566650151752,6.861880815640446,0.773501,train
2020-02-14 23:59:51,70.74439060589398,4.3269583225268935,0.337993,854.8814340003714,6.882260062855333,0.773371,train
2020-02-15 23:59:51,70.78967872812379,4.286255514218987,0.33787,854.6325897084737,6.862155369936502,0.773241,train
2020-02-16 23:59:51,70.77582784358731,4.288700000948699,0.337746,855.8742902303479,6.887409092904486,0.773111,train
2020-02-17 23:59:51,70.86874819475533,4.322260247419257,0.337622,856.4231389936515,6.834287667167522,0.772981,train
2020-02-18 23:59:51,70.73813564431141,4.2907390683982625,0.337499,855.0191758524693,6.830456927119105,0.772852,train
2020-02-19 23:59:51,70.77587123534387,4.319466500900929,0.337375,854.5474123474719,6.85963447637007,0.772722,train
2020-02-20 23:59:51,70.72865958624674,4.295638679550433,0.337252,855.4824821459545,6.857920516673883,0.772592,train
2020-02-21 23:59:51,70.8723612846393,4.3084415783646195,0.337128,855.5154564901057,6.819794619782649,0.772462,train
2020-02-22 23:59:51,70.88105617613985,4.29645583534173,0.337005,856.2268238871155,6.855446703346075,0.772332,train
2020-02-24 23:59:51,70.80083672138849,4.282777317912067,0.336758,856.2624611346582,6.884045729817645,0.772072,train
2020-02-25 23:59:51,70.80555364517245,4.298173285668349,0.336634,855.4348002080928,6.844798579219139,0.771943,train
2020-02-26 23:59:51,70.78616153767534,4.3381516652016465,0.336511,854.8459442418329,6.850526846640718,0.771813,train
2020-02-27 23:59:51,70.81658365005177,4.31427595822595,0.336387,855.6654210323078,6.844934560097819,0.771683,train
2020-02-28 23:59:51,70.8320021896974,4.304528783353343,0.336264,855.6059998964647,6.814394782861303,0.771553,train
2020-02-29 23:59:51,70.93371046507376,4.295031428146204,0.33614,856.9600454220961,6.859168320624808,0.771423,train
2020-03-01 23:59:51,70.94306602844591,4.282741848037906,0.336017,856.4373207932227,6.882619330825406,0.771293,train
2020-03-02 23:59:51,70.94810760532519,4.3194274500326735,0.335893,856.3248669465444,6.879338956062559,0.771163,train
2020-03-03 23:59:51,70.9305671504,4.303327837624843,0.33577,856.9041402214004,6.880769516951572,0.771034,train
2020-03-04 23:59:51,70.95506228638375,4.3036859765676985,0.335646,856.0920717963527,6.8676504007015176,0.770904,train
2020-03-05 23:59:51,70.9003552398837,4.312972317974125,0.335523,856.4030073995398,6.830618253796964,0.770774,train
2020-03-06 23:59:51,71.01364661203748,4.278277755657031,0.335399,857.49283383799,6.86342215083345,0.770644,train
2020-03-07 23:59:51,71.02132007404185,4.3113071018219085,0.335276,857.9002162617279,6.868361396379073,0.770514,train
2020-03-08 23:59:51,71.00172191815051,4.283781233421878,0.335152,856.7814841040433,6.8312502405121505,0.770384,train
2020-03-09 23:59:51,71.07484103590383,4.273029802697409,0.335028,857.7354484092981,6.865253243213471,0.770254,train
2020-03-10 23:59:51,71.10475894733287,4.325630683443137,0.334905,858.582863350201,6.838766652585236,0.770125,train
2020-03-11 23:59:51,70.9837068056687,4.298428646993798,0.334781,856.9842626477708,6.848278206709142,0.769995,train
2020-03-12 23:59:51,70.94553131624474,4.289200140121445,0.334658,857.0199193547849,6.847751839642513,0.769865,train
2020-03-13 23:59:51,70.94452293182854,4.313639649944239,0.334534,856.4222524302355,6.883691438514233,0.769735,train
2020-03-14 23:59:51,70.90884920008328,4.30654428332533,0.334411,856.1903843937355,6.840596215235157,0.769605,train
2020-03-15 23:59:51,70.9159616411104,4.363850604680497,0.334287,855.9989752121913,6.867612563066712,0.769475,train
2020-03-16 23:59:51,71.00978944755866,4.307312993001194,0.334164,856.570385427379,6.834796676677751,0.769346,train
2020-03-17 23:59:51,71.06901698982168,4.303212475378292,0.33404,858.067225682124,6.836456023415831,0.769216,train
2020-03-18 23:59:51,71.06689093806929,4.305180467843042,0.333917,857.3894011012103,6.844159064963644,0.769086,train
2020-03-19 23:59:51,71.14205229772446,4.306066641799533,0.333793,857.7735410420604,6.870304594151275,0.768956,train
2020-03-20 23:59:51,71.11372947972043,4.329395111013438,0.33367,857.4481017384742,6.834641832419174,0.768826,train
2020-03-21 23:59:51,71.08278651466287,4.291583930713265,0.333546,857.2974392712624,6.846042900982784,0.768696,train
2020-03-22 23:59:51,71.16012981779417,4.314749384435499,0.333423,859.0761365119747,6.863774108296504,0.768566,train
2020-03-23 23:59:51,71.05841513706919,4.328711887600516,0.333299,857.9611644009317,6.8784926587095425,0.768437,train
2020-03-24 23:59:51,71.24159005235379,4.314663215028378,0.333176,859.0865036317588,6.863052977708722,0.768307,train
2020-03-25 23:59:51,71.2106194005177,4.300468447325508,0.333052,859.2622343531634,6.816363645267955,0.768177,train
2020-03-26 23:59:51,70.9959109450655,4.293509986902122,0.332929,858.1263551900173,6.853696268905974,0.768047,train
2020-03-27 23:59:51,70.94367337721486,4.312083000081556,0.332805,857.656225468831,6.849937646536977,0.767917,train
2020-03-28 23:59:51,71.00029714365141,4.312706323910393,0.332682,857.5380387366296,6.855881035281252,0.767787,train
2020-03-29 23:59:51,71.03502915544912,4.308905116556814,0.332558,857.4510156632198,6.830819218211194,0.767657,train
2020-03-30 23:59:51,71.16591276156929,4.2759223654447105,0.332435,858.5551324654766,6.845437917807218,0.767528,train
2020-03-31 23:59:51,71.18543555437039,4.301644697890439,0.332311,858.0866593366605,6.855736470450819,0.767398,train
2020-04-01 23:59:51,71.20473624738374,4.311728719214009,0.332187,858.6595699314672,6.8752269900420595,0.767268,train
2020-04-02 23:59:51,71.11990915298219,4.267554648186085,0.332064,858.6947013541337,6.862181920262528,0.767138,train
2020-04-03 23:59:51,71.28731248966531,4.322598164670709,0.33194,858.8848172722237,6.866577603509068,0.767008,train
2020-04-04 23:59:51,71.2445796589307,4.301381651208059,0.331817,859.4425412916388,6.865221938268971,0.766878,train
2020-04-05 23:59:51,71.31115738763235,4.320345450564004,0.331693,859.5392285891127,6.885479820833776,0.766748,train
2020-04-06 23:59:51,71.29514314152136,4.349363538592527,0.33157,859.2570539903926,6.863085762359585,0.766619,train
2020-04-07 23:59:51,71.17242935897285,4.309843936894633,0.331446,858.9726713116696,6.843993649355435,0.766489,train
2020-04-08 23:59:51,71.1953769033004,4.319841574852576,0.331323,858.112666199616,6.864564545342255,0.766359,train
2020-04-09 23:59:51,71.21486341071763,4.294981294443238,0.331199,859.1898699626071,6.860699393727173,0.766229,train
2020-04-10 23:59:51,71.2692790296646,4.323169959869281,0.331076,858.7749499864398,6.869937529735388,0.766099,train
2020-04-11 23:59:51,71.19472827088428,4.342157169131768,0.330952,858.9565106236906,6.866465995836002,0.765969,train
2020-04-12 23:59:51,71.07815928214589,4.343123676496626,0.330829,858.2195705954198,6.872044872204322,0.765839,train
2020-04-13 23:59:51,71.18850806015236,4.300779335384653,0.330705,858.4845078924586,6.839604457395774,0.76571,train
2020-04-14 23:59:51,71.13892018632669,4.318581136308719,0.330582,858.6953886065362,6.842164720678166,0.76558,train
2020-04-15 23:59:51,71.12755833834929,4.343963758482105,0.330458,857.1384452042028,6.868042118501978,0.76545,train
2020-04-16 23:59:51,71.14755080452369,4.279676484625926,0.330335,858.4626123128053,6.855834996272066,0.76532,train
2020-04-17 23:59:51,71.05207489057854,4.346892192085056,0.330211,857.9327765211465,6.877409881114085,0.76519,train
2020-04-18 23:59:51,71.20731251582976,4.319021685737257,0.330088,858.5879436238995,6.8682239729041905,0.76506,train
2020-04-19 23:59:51,71.11290735868882,4.296453407389265,0.329964,857.9529026871921,6.852494943011104,0.76493,train
2020-04-20 23:59:51,71.14781495434525,4.332974147072954,0.329841,857.5563734825807,6.874844359246615,0.764801,train
2020-04-21 23:59:51,71.15544552091153,4.324280807943626,0.329717,858.373353093669,6.877888825140683,0.764671,train
2020-04-22 23:59:51,71.20932073703594,4.3069530869368995,0.329593,857.9314189161738,6.850947045521168,0.764541,train
2020-04-23 23:59:51,71.2616697786964,4.320418493155062,0.32947,858.7355298953489,6.877606845975779,0.764411,train
2020-04-24 23:59:51,71.25584457623711,4.349399947115096,0.329346,859.1701341036456,6.8624710410641825,0.764281,train
2020-04-25 23:59:51,71.2727304345493,4.302677250544162,0.329223,858.7423751498962,6.87673380998631,0.764151,train
2020-04-26 23:59:51,71.30290822981574,4.339652295984927,0.329099,859.6678953273948,6.877907210890042,0.764022,train
2020-04-27 23:59:51,71.38932699075072,4.3291255507749815,0.328976,860.1090474603922,6.870823432192768,0.763892,train
2020-04-28 23:59:51,71.42284830954446,4.3335419229850904,0.328852,860.9900696793176,6.866779337672515,0.763762,train
2020-04-29 23:59:51,71.50411035560296,4.335579976551227,0.328729,861.1672374467533,6.840516187153786,0.763632,train
2020-04-30 23:59:51,71.4139663917927,4.289300334000793,0.328605,861.237726672545,6.839378433961987,0.763502,train
2020-05-01 23:59:51,71.43784286952496,4.288209416806709,0.328482,859.3890439742726,6.839601708683312,0.763372,train
2020-05-02 23:59:51,71.38586573062453,4.301144423060197,0.328358,860.0462123943191,6.8863194952490465,0.763242,train
2020-05-03 23:59:51,71.2513494884845,4.31879174217156,0.328235,859.9577703952972,6.866904473724103,0.763112,train
2020-05-04 23:59:51,71.30557045749055,4.313043070084508,0.328111,859.401063592558,6.816537981764429,0.762983,train
2020-05-05 23:59:51,71.3124687468655,4.317129046702819,0.327988,859.7478716737277,6.883887977338097,0.762853,train
2020-05-06 23:59:51,71.31905935301313,4.333976222068773,0.327864,858.9891012958159,6.872458184185816,0.762723,train
2020-05-07 23:59:51,71.34222347547917,4.3019878072816455,0.327741,859.9062694206301,6.867904261148388,0.762593,train
2020-05-08 23:59:51,71.29492328008259,4.314548319770663,0.327617,859.9919749285802,6.846742481276173,0.762463,train
2020-05-09 23:59:51,71.31727091617009,4.29985479335405,0.327494,858.6026169401977,6.862092501217144,0.762333,train
2020-05-10 23:59:51,71.23533154650622,4.304407921257541,0.32737,857.9432181889613,6.839543618820406,0.762204,train
2020-05-11 23:59:51,71.28435027867886,4.3115114655747,0.327247,859.1503024097009,6.866575866036741,0.762074,train
2020-05-12 23:59:51,71.20939783596637,4.3253942549290745,0.327123,858.3273244728883,6.846264659832542,0.761944,train
2020-05-13 23:59:51,71.32089184507001,4.296858528816638,0.326999,859.2286935500157,6.851428736375472,0.761814,train
2020-05-14 23:59:51,71.2903173930229,4.318985406366501,0.326876,858.9303101370531,6.869665676629987,0.761684,train
2020-05-15 23:59:51,71.29171446472145,4.32807749548171,0.326752,858.9934298474172,6.864352840419019,0.761554,train
2020-05-16 23:59:51,71.34552969416089,4.3123481458083885,0.326629,859.5274184941791,6.84858622905212,0.761424,train
2020-05-17 23:59:51,71.52159723459316,4.334030704236738,0.326505,861.1784044780151,6.870052001773151,0.761295,train
2020-05-18 23:59:51,71.40670813509142,4.308700388934225,0.326382,859.7472216060056,6.866660082725684,0.761165,train
2020-05-19 23:59:51,71.40148234904473,4.317383854295782,0.326258,859.7382491544956,6.870966615643355,0.761035,train
2020-05-20 23:59:51,71.56159506126929,4.33597112228127,0.326135,860.4390738391232,6.887892189652726,0.760905,train
2020-05-21 23:59:51,71.67174604046173,4.3180768391932025,0.326011,861.4117819062775,6.83787632159659,0.760775,train
2020-05-22 23:59:51,71.69689486198818,4.288340464425762,0.325888,862.3586301809657,6.878377730814535,0.760645,train
2020-05-23 23:59:51,71.70906679421205,4.289392294435766,0.325764,862.1011089273001,6.850106590286487,0.760515,train
2020-05-24 23:59:51,71.58514820784426,4.322030809425153,0.325641,862.3796548958694,6.893011113114932,0.760386,train
2020-05-25 23:59:51,71.61462620255358,4.30223367638188,0.325517,861.1551416656117,6.890362845972779,0.760256,train
2020-05-26 23:59:51,71.69699125252289,4.354625176575666,0.325394,861.675453366647,6.826795076872086,0.760126,train
2020-05-27 23:59:51,71.54750106042466,4.31953497730853,0.32527,860.9854973337494,6.869812481832687,0.759996,train
2020-05-28 23:59:51,71.52920696209507,4.333706314628852,0.325147,859.4167154386661,6.845401680448427,0.759866,train
2020-05-29 23:59:51,71.51879588917677,4.332214148683988,0.325023,859.8193076552363,6.866124542314058,0.759736,train
2020-05-30 23:59:51,71.5323706185437,4.354295501516038,0.3249,860.3471584079738,6.849335090561752,0.759606,train
2020-05-31 23:59:51,71.50451231445841,4.271493888979811,0.324776,861.0083380193372,6.865566495730142,0.759477,train
2020-06-01 23:59:51,68.90104786815937,4.243929453710393,0.337238,861.0984616759656,6.833885587174005,0.759347,train
2020-06-02 23:59:51,68.95692251328522,4.267651604159275,0.337238,847.9201271345526,6.822521297691296,0.771802,train
2020-06-03 23:59:51,68.98242730464403,4.3131280677365655,0.337238,847.5219350802439,6.8543171137740355,0.771802,train
2020-06-04 23:59:51,69.14273742144384,4.315986849567874,0.337238,848.6044617019659,6.875008602489527,0.771802,train
2020-06-05 23:59:51,69.07786879072788,4.261622520176737,0.337238,848.7116702801857,6.836381102023084,0.771802,train
2020-06-06 23:59:51,68.99008741775694,4.302144760621482,0.337238,848.9875396674138,6.8435701706188645,0.771802,train
2020-06-07 23:59:51,69.05266295429767,4.270611626884816,0.337238,849.1305073003391,6.853908721994781,0.771802,train
2020-06-08 23:59:51,69.06270889976757,4.292485535701435,0.337238,848.6619443044993,6.85801772361537,0.771802,train
2020-06-09 23:59:51,69.02171176423914,4.2621540556134425,0.337238,848.4438118028537,6.849243731359567,0.771802,train
2020-06-10 23:59:51,68.8592999306468,4.2974566959036515,0.337238,847.6493333222014,6.838356075884239,0.771802,train
2020-06-11 23:59:51,68.81640639371267,4.256120752583712,0.337238,847.088277345094,6.847927614645113,0.771802,train
2020-06-12 23:59:51,68.61679554495387,4.292755772069817,0.337238,845.3298462067486,6.85937479090598,0.771802,train
2020-06-13 23:59:51,68.48105068335448,4.286390607261014,0.337238,844.2173425937345,6.800404428622382,0.771802,train
2020-06-14 23:59:51,68.55362039318184,4.295649558168939,0.337238,844.5814519054155,6.865958403398939,0.771802,train
2020-06-15 23:59:51,68.42790822714541,4.279396306516993,0.337238,843.0272611084217,6.862339469832188,0.771802,train
2020-06-16 23:59:51,68.53261328350425,4.293734396448711,0.337238,844.0277153190893,6.848890629190744,0.771802,train
2020-06-17 23:59:51,68.52998998697073,4.2924322377301545,0.337238,843.8253354847818,6.831505052257077,0.771802,train
2020-06-18 23:59:51,68.44343732158025,4.23522958344323,0.337238,844.1648793161651,6.854589349282075,0.771802,train
2020-06-19 23:59:51,68.52757370786023,4.262825704911715,0.337238,844.0487460932295,6.834681221294947,0.771802,train
2020-06-20 23:59:51,68.54733432217743,4.296033919507743,0.337238,844.923099681441,6.833398433880835,0.771802,train
2020-06-21 23:59:51,68.52644679053861,4.262742070697278,0.337238,844.7621170389632,6.831132059237383,0.771802,train
2020-06-22 23:59:51,68.48119505437653,4.284947539214668,0.337238,843.760007545847,6.80452824148973,0.771802,train
2020-06-23 23:59:51,68.46609959487652,4.274435129350216,0.337238,844.960614669895,6.840324913450026,0.771802,train
2020-06-24 23:59:51,68.52899927690585,4.262508794093355,0.337238,844.0719231159705,6.8056062900732135,0.771802,train
2020-06-25 23:59:51,68.36264337479226,4.2736155434449445,0.337238,843.3026242347805,6.854121634946535,0.771802,train
2020-06-26 23:59:51,68.30954223779439,4.256992350171157,0.337238,842.3179543839773,6.8322570345796345,0.771802,train
2020-06-27 23:59:51,68.40860177591524,4.265985480465383,0.337238,844.4620483406205,6.83697556627454,0.771802,train
2020-06-28 23:59:51,68.29600736059213,4.316234598239999,0.337238,842.4597443683435,6.8558583476254595,0.771802,train
2020-06-29 23:59:51,68.33631420074809,4.2582892802356,0.337238,843.8874496531818,6.827585639845119,0.771802,train
2020-06-30 23:59:51,68.30740595209822,4.314877691562115,0.337238,843.5256088585045,6.834933046244361,0.771802,train
2020-07-01 23:59:51,68.41166040984459,4.3048330305176785,0.337238,843.1999098204984,6.8716235579087375,0.771802,train
2020-07-02 23:59:51,68.35481904362302,4.294972318243347,0.337238,843.9360987190013,6.8555871882159645,0.771802,train
2020-07-03 23:59:51,68.50508466603814,4.257756676626665,0.337238,844.0074213490893,6.831031785315843,0.771802,train
2020-07-04 23:59:51,68.43962502051693,4.271264104293552,0.337238,844.9853791203741,6.853300464677724,0.771802,train
2020-07-05 23:59:51,68.41822953240569,4.2915936219744095,0.337238,844.293081126505,6.836089193453237,0.771802,train
2020-07-06 23:59:51,68.38374360001875,4.280895711058898,0.337238,844.4108829670649,6.845418055576355,0.771802,train
2020-07-07 23:59:51,68.33636573958036,4.27644465228479,0.337238,842.676550104006,6.857707239062006,0.771802,train
2020-07-08 23:59:51,68.12220657480208,4.24671111584033,0.337238,841.63305309636,6.837991704754476,0.771802,train
2020-07-09 23:59:51,68.20265697458856,4.233287770227401,0.337238,842.5682113577546,6.870018976053857,0.771802,train
2020-07-10 23:59:51,68.15468808708565,4.259600477131585,0.337238,841.4924915959942,6.812115460076594,0.771802,train
2020-07-11 23:59:51,68.0334892510245,4.253640325587245,0.337238,840.7456095529085,6.8604456845101085,0.771802,train
2020-07-12 23:59:51,67.97491735961125,4.273320489945159,0.337238,841.0366306642366,6.851202089347637,0.771802,train
2020-07-13 23:59:51,67.95645750389764,4.27703033488976,0.337238,840.6363133453178,6.840794002144848,0.771802,train
2020-07-14 23:59:51,67.9459688473828,4.282082303868985,0.337238,839.9777235953851,6.8081338074396305,0.771802,train
2020-07-15 23:59:51,68.11387354935856,4.26809022143565,0.337238,841.3704252462738,6.866618710291379,0.771802,train
2020-07-16 23:59:51,68.10483892257999,4.299330427375135,0.337238,841.6474171731101,6.839491659995784,0.771802,train
2020-07-17 23:59:51,68.01819066393234,4.315101559742442,0.337238,842.1761261370857,6.868216696717835,0.771802,train
2020-07-18 23:59:51,68.12126850884607,4.244467242755402,0.337238,841.2809119392658,6.806769223060545,0.771802,train
2020-07-19 23:59:51,68.0984369809351,4.268945291451481,0.337238,840.5375075047141,6.880476203985417,0.771802,train
2020-07-20 23:59:51,67.99556200865709,4.238520053685807,0.337238,841.2007101650561,6.873858163452227,0.771802,train
2020-07-21 23:59:51,67.9544274097213,4.2667191877067765,0.337238,840.7792388044029,6.832494257314904,0.771802,train
2020-07-22 23:59:51,67.93865274208655,4.276094035612219,0.337238,839.767227526307,6.8450097741467895,0.771802,train
2020-07-23 23:59:51,67.93870086567964,4.268149763992862,0.337238,839.5885503496304,6.844876784687405,0.771802,train
2020-07-24 23:59:51,67.93383014871219,4.259658231373329,0.337238,840.5343917054317,6.853419260637767,0.771802,train
2020-07-25 23:59:51,67.65021888770052,4.257351429961126,0.337238,836.8824449548653,6.851172468688888,0.771802,train
2020-07-26 23:59:51,67.7041731781369,4.291744762539009,0.337238,837.2593574431678,6.8476597980202785,0.771802,train
2020-07-27 23:59:51,67.60684596944496,4.282139765962311,0.337238,837.3229566333524,6.839957308781007,0.771802,train
2020-07-28 23:59:51,67.82953386888168,4.262901136423787,0.337238,839.3236174892345,6.854115299731556,0.771802,train
2020-07-29 23:59:51,67.84757148853859,4.243151134560187,0.337238,838.6242904468879,6.836963668356023,0.771802,train
2020-07-30 23:59:51,67.92023927327618,4.290671865914442,0.337238,838.9375810413184,6.803585626080336,0.771802,train
2020-07-31 23:59:51,68.01374108660565,4.295419882758116,0.337238,840.3855948917311,6.846717722541031,0.771802,train
2020-08-01 23:59:51,68.12052506357868,4.234423817447478,0.337238,840.9645312497281,6.87143595170826,0.771802,test
2020-08-02 23:59:51,68.1778749715012,4.258519337613018,0.337238,842.5117758291739,6.859309297126434,0.771802,test
2020-08-03 23:59:51,68.19521982256839,4.254151149302996,0.337238,842.9611363827886,6.862380622149871,0.771802,test
2020-08-04 23:59:51,68.14443896322649,4.240379580257939,0.337238,842.4039220257663,6.822619730611197,0.771802,test
2020-08-05 23:59:51,68.19589003889072,4.289550464863242,0.337238,842.6322523507663,6.815062293261545,0.771802,test
2020-08-06 23:59:51,68.08402549417872,4.262394345353911,0.337238,841.9919449130255,6.871393717525786,0.771802,test
2020-08-07 23:59:51,67.98214763628249,4.237542398001045,0.337238,840.9858098107165,6.857140776887255,0.771802,test
2020-08-08 23:59:51,67.8579081686699,4.255542303499005,0.337238,839.3301247801508,6.836444701613176,0.771802,test
2020-08-09 23:59:51,67.79389419545954,4.244330136684461,0.337238,838.2272590878994,6.845534929818257,0.771802,test
2020-08-10 23:59:51,67.649046012004,4.22995737504706,0.337238,838.6176184000853,6.846250135035593,0.771802,test
2020-08-11 23:59:51,67.51514118500941,4.252138350626115,0.337238,836.6423624666711,6.848412210733369,0.771802,test
2020-08-12 23:59:51,67.58843681019378,4.260888195506304,0.337238,836.5281723457483,6.825036440950273,0.771802,test
2020-08-13 23:59:51,67.64666800676783,4.257884379851748,0.337238,837.2899746287335,6.857347806458573,0.771802,test
2020-08-14 23:59:51,67.60910753968928,4.2910932868381915,0.337238,837.7676595498758,6.831388076704118,0.771802,test
2020-08-15 23:59:51,67.44925386516954,4.24876927865065,0.337238,835.7969054981575,6.807050041915927,0.771802,test
2020-08-16 23:59:51,67.5129052793705,4.2600054230878515,0.337238,836.2794944614616,6.8244067708680305,0.771802,test
2020-08-17 23:59:51,67.43512190633926,4.252932122828389,0.337238,836.4167297419601,6.862981617297303,0.771802,test
2020-08-18 23:59:51,67.38661904691268,4.246797179537465,0.337238,835.5654234593039,6.8448719392023065,0.771802,test
2020-08-19 23:59:51,67.44621876934731,4.26730663807872,0.337238,835.6918641020358,6.808802041348537,0.771802,test
2020-08-20 23:59:51,67.47970376130627,4.2708601305250795,0.337238,835.7349726961089,6.865235030037698,0.771802,test
2020-08-21 23:59:51,67.26240084561832,4.256413027195841,0.337238,835.3851703266553,6.8440256277288,0.771802,test
2020-08-22 23:59:51,67.32697671500875,4.284293689028416,0.337238,836.0903458237815,6.831125032174166,0.771802,test
2020-08-23 23:59:51,67.25843093570322,4.28268436350499,0.337238,834.9947447629319,6.864696775736186,0.771802,test
2020-08-24 23:59:51,67.24136994403025,4.235603555690735,0.337238,834.5919821992758,6.788076359119612,0.771802,test
2020-08-25 23:59:51,67.27495618265246,4.267006674016426,0.337238,835.4057777689297,6.823467735344883,0.771802,test
2020-08-26 23:59:51,67.31707608640626,4.266032154622113,0.337238,834.5622178794198,6.81604203854448,0.771802,test
2020-08-27 23:59:51,67.29426462091652,4.2430587338315195,0.337238,834.8858265507171,6.826632702612478,0.771802,test
2020-08-28 23:59:51,67.43949515961866,4.260228978628577,0.337238,836.3215589781853,6.830404835832546,0.771802,test
2020-08-29 23:59:51,67.34247035016476,4.277823975246696,0.337238,836.1254227939143,6.817144244151378,0.771802,test
2020-08-30 23:59:51,67.35517495313006,4.28355303282541,0.337238,836.0112203875009,6.856476709157556,0.771802,test
2020-08-31 23:59:51,67.39196723269433,4.249868243068057,0.337238,837.1211344177705,6.845967793147629,0.771802,test
2020-09-01 23:59:51,67.4160756092574,4.231957039688837,0.337238,837.1358305115547,6.840935589082948,0.771802,test
2020-09-02 23:59:51,67.34178734553957,4.259369111987694,0.337238,836.4526586494966,6.856061818044908,0.771802,test
2020-09-03 23:59:51,67.3614434243705,4.262658183332467,0.337238,836.0369460853711,6.81619143236177,0.771802,test
2020-09-04 23:59:51,67.22798708332728,4.2306773082885165,0.337238,834.9402735038797,6.798107078261773,0.771802,test
2020-09-05 23:59:51,67.29025273895361,4.225121153840311,0.337238,834.3540992780513,6.847751181945204,0.771802,test
2020-09-06 23:59:51,67.13099583102286,4.2384310258351,0.337238,834.6034559958973,6.828714509562076,0.771802,test
2020-09-07 23:59:51,67.20544169685594,4.272624041726241,0.337238,834.0941148446962,6.8664676482122955,0.771802,test
2020-09-08 23:59:51,67.0397101176882,4.288393972672609,0.337238,833.2371556594109,6.84023657477431,0.771802,test
2020-09-09 23:59:51,67.01675295207706,4.2387689886241615,0.337238,834.0488545865795,6.812186956844923,0.771802,test
2020-09-10 23:59:51,67.0491383494168,4.221513014807135,0.337238,833.8975161610327,6.824251299301844,0.771802,test
2020-09-11 23:59:51,66.98554340682746,4.22144817584449,0.337238,833.8140829716746,6.8252868362101085,0.771802,test
2020-09-12 23:59:51,67.01153694061556,4.204127555679662,0.337238,834.0557772469032,6.812476348750843,0.771802,test
2020-09-13 23:59:51,67.0348407351608,4.252369336727279,0.337238,834.0163146314297,6.821283453383423,0.771802,test
2020-09-14 23:59:51,66.93146760575686,4.233254151825029,0.337238,833.0412296490829,6.818294282366132,0.771802,test
2020-09-15 23:59:51,66.93416511646828,4.2366628136517335,0.337238,832.6615382434,6.844957223193979,0.771802,test
2020-09-16 23:59:51,66.92118782795035,4.289628978267653,0.337238,833.2092055089755,6.807091636689158,0.771802,test
2020-09-17 23:59:51,66.90207184831256,4.265615512305777,0.337238,831.7319260624297,6.833981726716557,0.771802,test
2020-09-18 23:59:51,67.01455446762546,4.265448778445885,0.337238,833.5507243630904,6.849289188533845,0.771802,test
2020-09-19 23:59:51,66.91654927545154,4.265651924593612,0.337238,832.6925608588946,6.8330924901451855,0.771802,test
2020-09-20 23:59:51,66.84705978965006,4.2379631173184835,0.337238,832.5418825968844,6.859214130266815,0.771802,test
2020-09-21 23:59:51,66.84542803177476,4.237777320044404,0.337238,832.9838070941667,6.842459946392713,0.771802,test
2020-09-22 23:59:51,66.9633025885751,4.211654058304632,0.337238,833.2892182757871,6.82369025719012,0.771802,test
2020-09-23 23:59:51,67.01191244602386,4.2640524197755765,0.337238,833.4420741594549,6.853551987391137,0.771802,test
2020-09-24 23:59:51,67.0065323543318,4.280595314779423,0.337238,833.8449929834429,6.832837385962901,0.771802,test
2020-09-25 23:59:51,67.14213430594742,4.243401926506011,0.337238,836.1102626587395,6.828952427746768,0.771802,test
2020-09-26 23:59:51,67.23408645956636,4.265581530157191,0.337238,836.9808917653095,6.876480873279555,0.771802,test
2020-09-27 23:59:51,67.27817466275086,4.236586983821998,0.337238,837.5708008511642,6.840771160419937,0.771802,test
2020-09-28 23:59:51,67.30649120473552,4.209191114559437,0.337238,837.9295182637742,6.844423478339827,0.771802,test
2020-09-29 23:59:51,67.23125822822966,4.218198057057964,0.337238,836.6213072662334,6.831665563472109,0.771802,test
2020-09-30 23:59:51,67.12471366781337,4.2352164478411956,0.337238,836.097010498513,6.857428349061258,0.771802,test
2020-10-01 23:59:51,67.05793076937961,4.242922622164036,0.337238,835.6626007120861,6.836690618291633,0.771802,test
2020-10-02 23:59:51,67.09557983191608,4.242920810353417,0.337238,834.6961875984471,6.813619011793653,0.771802,test
2020-10-03 23:59:51,66.91589466882478,4.267334004836521,0.337238,832.8679812803847,6.847256263480029,0.771802,test
2020-10-04 23:59:51,66.83940605961277,4.248527889312038,0.337238,832.8188885541549,6.848044029888971,0.771802,test
2020-10-05 23:59:51,66.8485257747869,4.234122153814762,0.337238,833.2708066144304,6.840625282506158,0.771802,test
2020-10-06 23:59:51,66.83527372319446,4.212916586948275,0.337238,833.1016454484242,6.842333334053819,0.771802,test
2020-10-07 23:59:51,66.7793661134911,4.225821066789282,0.337238,833.5415752353113,6.849486567894164,0.771802,test
2020-10-08 23:59:51,66.77280909459495,4.256421143351255,0.337238,833.096170107645,6.842649233715347,0.771802,test
2020-10-09 23:59:51,66.90271904639377,4.248043250066882,0.337238,833.7167011002207,6.847920187117588,0.771802,test
2020-10-10 23:59:51,66.9342926879777,4.277049212887652,0.337238,834.8535610935502,6.819010499916932,0.771802,test
2020-10-11 23:59:51,66.79337539201902,4.221790162141871,0.337238,832.9963856576068,6.81162609963183,0.771802,test
2020-10-12 23:59:51,66.80789639061608,4.234256727452226,0.337238,832.6172365215544,6.79742333127562,0.771802,test
2020-10-13 23:59:51,66.826601794829,4.268652027256175,0.337238,833.9948240049289,6.837390684607097,0.771802,test
2020-10-14 23:59:51,66.96962080357471,4.258097355710939,0.337238,833.2119174329504,6.841167921047925,0.771802,test
2020-10-15 23:59:51,66.7814526756377,4.274972811376715,0.337238,833.7644097540721,6.85626820726173,0.771802,test
2020-10-16 23:59:51,66.91535808276292,4.224466720175193,0.337238,834.0906086120955,6.836082666754018,0.771802,test
2020-10-17 23:59:51,66.87064985217249,4.234007569947815,0.337238,834.371219010151,6.852672087583432,0.771802,test
2020-10-18 23:59:51,66.938903186466,4.2706858935092455,0.337238,834.9667789575267,6.822259397887213,0.771802,test
2020-10-19 23:59:51,66.84796655907861,4.2346335918696685,0.337238,834.1872177269678,6.84142583168938,0.771802,test
2020-10-20 23:59:51,66.99401483952096,4.225868740609499,0.337238,834.641265572005,6.827895121733673,0.771802,test
2020-10-21 23:59:51,66.83071525712587,4.25436132915665,0.337238,834.1232575703868,6.854515728788607,0.771802,test
2020-10-22 23:59:51,66.9272579031924,4.253818962286432,0.337238,834.5296382964742,6.833632502715964,0.771802,test
2020-10-23 23:59:51,67.00058035057313,4.2654754073089,0.337238,835.1748775168049,6.84619390786079,0.771802,test
2020-10-24 23:59:51,67.09738275302918,4.233851700584451,0.337238,835.2041676965426,6.801682412110411,0.771802,test
2020-10-25 23:59:51,66.85232803762999,4.219633146424156,0.337238,837.4686079545984,6.82340799723245,0.771802,test
2020-10-26 23:59:51,67.06912359063128,4.1941521742635715,0.337238,838.6670452407773,6.806488933333505,0.771802,test
2020-10-27 23:59:51,66.96781798017166,4.262072500926643,0.337238,838.007547306441,6.856294739112017,0.771802,test
2020-10-28 23:59:51,67.0261149885273,4.25900186170093,0.337238,836.9109902689593,6.841176109097054,0.771802,test
2020-10-29 23:59:51,66.80246407490765,4.241559454544784,0.337238,836.3247107425324,6.830460702019323,0.771802,test
2020-10-30 23:59:51,66.66430480282649,4.207988301352439,0.337238,834.1153978073704,6.830309012804372,0.771802,test
2020-10-31 23:59:51,66.49969100503047,4.2155151573001435,0.337238,834.2211588970863,6.83562536989994,0.771802,test
2020-11-01 23:59:51,66.48277569806378,4.230797347814131,0.337238,833.3565559829026,6.832746039659373,0.771802,holdout
2020-11-02 23:59:51,66.53589305055951,4.2346526372401785,0.337238,833.841684375174,6.827574692286006,0.771802,holdout
2020-11-03 23:59:51,66.57935728571016,4.212319520269929,0.337238,834.089045185343,6.85079074560532,0.771802,holdout
2020-11-04 23:59:51,66.78904747013162,4.225185454591667,0.337238,836.0699021139262,6.851921416907647,0.771802,holdout
2020-11-05 23:59:51,66.82336851056635,4.2152890225222555,0.337238,836.6618155942734,6.844960454188687,0.771802,holdout
2020-11-06 23:59:51,67.05200480947487,4.228698663387888,0.337238,839.9280173015364,6.825679056793909,0.771802,holdout
2020-11-07 23:59:51,67.14776480263147,4.239893717095065,0.337238,840.6174903035513,6.820599239763919,0.771802,holdout
2020-11-08 23:59:51,67.10860355564607,4.23473665467686,0.337238,840.625600595609,6.853429145279638,0.771802,holdout
2020-11-09 23:59:51,67.10287211101232,4.257683528234023,0.337238,840.3653660245383,6.84158821304486,0.771802,holdout
2020-11-10 23:59:51,67.06215236368139,4.253348585446962,0.337238,840.1375867026262,6.831150063245084,0.771802,holdout
2020-11-11 23:59:51,66.90678050673705,4.227511350370493,0.337238,838.5688932607446,6.817567198463625,0.771802,holdout
2020-11-12 23:59:51,66.89098292925256,4.264568227891665,0.337238,838.2117633341347,6.815834138691704,0.771802,holdout
2020-11-13 23:59:51,66.80532266797191,4.259776635599763,0.337238,836.9013876752937,6.781423842405806,0.771802,holdout
2020-11-14 23:59:51,66.61540034953094,4.210975983434685,0.337238,834.9763126633042,6.825038772148087,0.771802,holdout
2020-11-15 23:59:51,66.43516399569982,4.2450017948751055,0.337238,835.5881585966802,6.808018770506898,0.771802,holdout
2020-11-16 23:59:51,66.56450066111903,4.236685669385387,0.337238,836.298516640427,6.7985227374032755,0.771802,holdout
2020-11-17 23:59:51,66.69894048799551,4.223281938346484,0.337238,837.0724048913094,6.838998537696065,0.771802,holdout
2020-11-18 23:59:51,66.79698658396121,4.232127384957692,0.337238,837.6486742831192,6.85046010524344,0.771802,holdout
2020-11-19 23:59:51,66.84756345301012,4.2903247330129455,0.337238,838.2859427039521,6.824246806061278,0.771802,holdout
2020-11-20 23:59:51,66.8061547601619,4.236561126304456,0.337238,837.5250649303521,6.815831657070515,0.771802,holdout
2020-11-21 23:59:51,66.79774076816946,4.2796353215202405,0.337238,838.3526507651092,6.826413792594266,0.771802,holdout
2020-11-22 23:59:51,66.86540779600742,4.258789482336083,0.337238,838.7321955712528,6.841424829557792,0.771802,holdout
2020-11-23 23:59:51,67.05229769709518,4.230710432563055,0.337238,839.4914979030419,6.849302570166215,0.771802,holdout
2020-11-24 23:59:51,67.31793704639186,4.237312884032482,0.337238,840.9947788121516,6.841797697728805,0.771802,holdout
2020-11-25 23:59:51,67.22753234897024,4.26790630799247,0.337238,841.5432829422942,6.845201629411443,0.771802,holdout
2020-11-26 23:59:51,67.30960781161258,4.262232356819455,0.337238,842.4135996112238,6.843319801429001,0.771802,holdout
2020-11-27 23:59:51,67.48831999482462,4.283393874619357,0.337238,844.8567758836682,6.83007284501191,0.771802,holdout
2020-11-28 23:59:51,67.72973184353738,4.249041886060855,0.337238,847.7923538792569,6.813399796765818,0.771802,holdout
2020-11-29 23:59:51,67.49882838008998,4.222642116903382,0.337238,847.3708694368673,6.80068019502261,0.771802,holdout
2020-11-30 23:59:51,67.82165496598465,4.215564251026113,0.337238,849.6547356627742,6.8076059111633755,0.771802,holdout
2020-12-01 23:59:51,67.80323444287316,4.240194959978134,0.337238,849.1941492906793,6.8241559586388565,0.771802,holdout
2020-12-02 23:59:51,67.70472188079056,4.241896606115775,0.337238,846.9933536559157,6.8202851385050085,0.771802,holdout
2020-12-03 23:59:51,67.73975490713538,4.264319382915156,0.337238,846.3976413808858,6.849935166294959,0.771802,holdout
2020-12-04 23:59:51,67.37022533322073,4.290214510127352,0.337238,844.212359391628,6.850293186184516,0.771802,holdout
2020-12-05 23:59:51,67.11619735786716,4.257667812915724,0.337238,842.0406896089406,6.818540651703952,0.771802,holdout
2020-12-06 23:59:51,66.85076610426329,4.240711801014689,0.337238,839.8750224890897,6.781573494888643,0.771802,holdout
2020-12-07 23:59:51,66.80518268637641,4.235016608665486,0.337238,840.0572268338062,6.847895736749109,0.771802,holdout
2020-12-08 23:59:51,66.67050675646682,4.235674415404004,0.337238,840.0153279711731,6.813314898186863,0.771802,holdout
2020-12-09 23:59:51,66.61895869630006,4.224386870055719,0.337238,838.118419637992,6.837839099950269,0.771802,holdout
2020-12-10 23:59:51,66.53336931431097,4.242900374916592,0.337238,836.0751271742483,6.814764432454135,0.771802,holdout
2020-12-11 23:59:51,66.3914624246702,4.241778437074358,0.337238,834.9957517837771,6.821984408834037,0.771802,holdout
2020-12-12 23:59:51,66.29157748956086,4.206279266059083,0.337238,833.8834029124016,6.779476000745082,0.771802,holdout
2020-12-13 23:59:51,66.35998946260645,4.224020718289606,0.337238,834.555318485982,6.845337646583407,0.771802,holdout
2020-12-14 23:59:51,66.30063160208933,4.279540547243019,0.337238,835.3932167792177,6.800744020380334,0.771802,holdout
2020-12-15 23:59:51,66.40837713287458,4.24827525954584,0.337238,836.0918774871224,6.834229798547627,0.771802,holdout
2020-12-16 23:59:51,66.57955889363802,4.24588738154402,0.337238,838.3136250885658,6.84579444949552,0.771802,holdout
2020-12-17 23:59:51,66.52697223316429,4.2571198689357415,0.337238,838.4343983098055,6.832285198052981,0.771802,holdout
2020-12-18 23:59:51,66.59095314888155,4.245067797362167,0.337238,839.1892127306146,6.811644377159791,0.771802,holdout
2020-12-19 23:59:51,66.51533775158445,4.223120556099552,0.337238,839.0890723101371,6.822781586629122,0.771802,holdout
2020-12-20 23:59:51,66.49494380132833,4.192308163117304,0.337238,837.6147365582207,6.836275163091876,0.771802,holdout
2020-12-21 23:59:51,66.54956560886224,4.229072931328673,0.337238,837.1939241919822,6.821056903837595,0.771802,holdout
2020-12-22 23:59:51,66.68928743935092,4.2316274003007655,0.337238,838.7364056589525,6.816798322371569,0.771802,holdout
2020-12-23 23:59:51,66.79835635905383,4.227393027643933,0.337238,839.6485294576545,6.818340264726074,0.771802,holdout
2020-12-24 23:59:51,66.8120336669144,4.207583952117608,0.337238,841.3961569121036,6.7838192177016206,0.771802,holdout
2020-12-25 23:59:51,66.902125657902,4.2072883074272855,0.337238,841.5350109710635,6.795933896302132,0.771802,holdout
2020-12-26 23:59:51,66.93886674207572,4.192173687149251,0.337238,843.9059392621502,6.8022330412681775,0.771802,holdout
2020-12-27 23:59:51,67.02085566699725,4.1826664904747055,0.337238,844.3046426315473,6.779122694888948,0.771802,holdout
2020-12-28 23:59:51,67.14177005703976,4.25389204903994,0.337238,844.0620551194886,6.7846259770312365,0.771802,holdout
2020-12-29 23:59:51,67.08067272728115,4.214742760948074,0.337238,845.248470787057,6.836081832782753,0.771802,holdout
2020-12-30 23:59:51,66.86256000657899,4.268455957520236,0.337238,842.3017191829247,6.796981376935889,0.771802,holdout
