# Released model (seed 1, epoch 135, models/autocal_uv_1600_1700_refined_final.pt) applied to SDOML-v2 frames as observed (stored frame x DEG_COR), mirrored left-right as in the evaluation.
# alpha_hat is the relative sensitivity, 1 = SDOML-v2's corrected level. It recovers DEG_COR; it is not an independent calibration of the official curve.
# All months are included; the report's error figures use the held-out months (Nov-Dec) only.
# Systematic: calibration bias up to 0.0053 (1600 A) and 0.0028 (1700 A) inside each channel's official range (report Table 1), not included in any column.
# Read with pandas.read_csv(path, comment='#'). Made by tools/make_curve.py.
# One row per frame pair; t_obs_1600A = T_OBS of the 1600 A frame (the 1700 A frame is at most 12 min away). split = train / test / holdout by month.
t_obs_1600A,split,alpha_hat_1600A,alpha_hat_1700A,deg_cor_1600A,deg_cor_1700A
2010-05-20 00:00:00,train,1.0078096,1.0182853,0.9908000,1.0023000
2010-05-20 23:53:54,train,1.0100073,1.0111719,0.9908000,1.0023000
2010-05-22 00:00:00,train,1.0131620,1.0121458,0.9904800,1.0023800
2010-05-23 00:00:00,train,1.0011834,0.9997036,0.9903200,1.0024200
2010-05-23 23:53:54,train,1.0066960,1.0007406,0.9903200,1.0024200
2010-05-27 00:00:00,train,0.9849201,0.9866987,0.9896800,1.0025800
2010-05-29 00:00:00,train,0.9924011,0.9987670,0.9893600,1.0026600
2010-05-30 00:00:00,train,0.9810508,0.9936602,0.9892000,1.0027000
2010-05-30 23:59:48,train,0.9878803,0.9912983,0.9890400,1.0027400
2010-06-01 00:00:00,train,0.9920212,0.9980693,0.9888800,1.0027800
2010-06-01 23:53:54,train,0.9865102,0.9911781,0.9888800,1.0027800
2010-06-02 23:59:54,train,0.9854680,0.9862422,0.9885600,1.0028600
2010-06-03 23:53:54,train,0.9872286,0.9812131,0.9885600,1.0028600
2010-06-05 00:05:54,train,0.9808470,0.9855300,0.9882400,1.0029400
2010-06-06 00:05:54,train,0.9843981,0.9899514,0.9880800,1.0029800
2010-06-07 00:05:54,train,0.9926722,0.9980580,0.9879200,1.0030200
2010-06-08 00:05:54,train,0.9947958,0.9942367,0.9877600,1.0030600
2010-06-09 00:05:54,train,0.9938805,0.9976336,0.9876000,1.0031000
2010-06-10 00:05:54,train,0.9891359,0.9959062,0.9874400,1.0031400
2010-06-10 23:59:54,train,0.9920765,1.0029682,0.9872800,1.0031800
2010-06-11 23:59:54,train,0.9985294,0.9963215,0.9871200,1.0032200
2010-06-12 23:59:54,train,1.0182194,1.0119572,0.9869600,1.0032600
2010-06-13 23:59:54,train,1.0066634,1.0050147,0.9868000,1.0033000
2010-06-14 23:59:54,train,0.9894992,1.0008423,0.9866400,1.0033400
2010-06-15 23:59:54,train,0.9911220,1.0031322,0.9864800,1.0033800
2010-06-16 23:59:54,train,0.9919794,1.0022140,0.9863200,1.0034200
2010-06-17 23:59:54,train,0.9978729,1.0017345,0.9861600,1.0034600
2010-06-18 23:59:54,train,0.9976667,1.0016773,0.9860000,1.0035000
2010-06-19 23:53:54,train,0.9971436,1.0006357,0.9860000,1.0035000
2010-06-20 23:59:54,train,0.9937506,1.0005810,0.9856800,1.0035800
2010-06-21 23:59:54,train,0.9912941,1.0062859,0.9855200,1.0036200
2010-06-22 23:59:54,train,0.9901461,0.9938630,0.9853600,1.0036600
2010-06-23 23:59:54,train,0.9943856,1.0056338,0.9852000,1.0037000
2010-06-24 23:59:54,train,0.9983239,1.0087044,0.9850400,1.0037400
2010-06-25 23:59:54,train,0.9919834,1.0054386,0.9848800,1.0037800
2010-06-26 23:59:54,train,0.9890468,1.0011675,0.9847200,1.0038200
2010-06-27 23:59:54,train,0.9797767,0.9964209,0.9845600,1.0038600
2010-06-28 23:59:54,train,0.9992152,1.0043589,0.9844000,1.0039000
2010-06-29 23:59:54,train,0.9949154,1.0083264,0.9842400,1.0039400
2010-06-30 23:59:54,train,0.9833238,0.9977569,0.9840800,1.0039800
2010-07-01 23:59:54,train,0.9785165,1.0018386,0.9839200,1.0040200
2010-07-02 23:53:54,train,0.9874794,0.9978722,0.9839200,1.0040200
2010-07-03 23:59:54,train,0.9892004,1.0001949,0.9836000,1.0041000
2010-07-04 23:59:54,train,0.9969628,1.0008467,0.9834400,1.0041400
2010-07-05 23:59:54,train,1.0006000,1.0044907,0.9832800,1.0041800
2010-07-06 23:59:54,train,0.9809665,0.9951121,0.9831200,1.0042200
2010-07-07 23:59:54,train,0.9943016,1.0042192,0.9829600,1.0042600
2010-07-08 23:59:54,train,0.9841307,1.0054107,0.9828000,1.0043000
2010-07-09 23:59:54,train,0.9848557,1.0047861,0.9826400,1.0043400
2010-07-10 23:59:54,train,0.9937000,1.0049833,0.9824800,1.0043800
2010-07-11 23:59:54,train,0.9893768,1.0091091,0.9823200,1.0044200
2010-07-12 23:53:54,train,0.9871637,1.0074064,0.9823200,1.0044200
2010-07-13 23:59:54,train,0.9865989,1.0078796,0.9820000,1.0045000
2010-07-14 23:59:54,train,0.9834964,0.9932121,0.9818400,1.0045400
2010-07-15 23:59:54,train,0.9777934,0.9990666,0.9816800,1.0045800
2010-07-16 23:59:54,train,0.9795735,1.0070752,0.9815200,1.0046200
2010-07-17 23:59:54,train,0.9785766,0.9970339,0.9813600,1.0046600
2010-07-18 23:59:54,train,0.9761300,0.9915971,0.9812000,1.0047000
2010-07-19 23:59:54,train,0.9812979,0.9947310,0.9810400,1.0047400
2010-07-20 23:59:54,train,0.9833167,0.9921129,0.9808800,1.0047800
2010-07-21 23:59:54,train,0.9922471,1.0039290,0.9807200,1.0048200
2010-07-22 23:53:54,train,0.9845704,1.0083503,0.9807200,1.0048200
2010-07-23 23:59:54,train,0.9947111,1.0061946,0.9804000,1.0049000
2010-07-24 23:53:54,train,0.9892840,1.0000639,0.9804000,1.0049000
2010-07-26 23:59:54,train,0.9802971,1.0048989,0.9799200,1.0050200
2010-07-28 00:05:54,train,0.9854893,1.0029465,0.9797600,1.0050600
2010-07-29 00:05:54,train,0.9812931,1.0057778,0.9796000,1.0051000
2010-07-29 23:59:54,train,0.9938448,1.0083462,0.9794400,1.0051400
2010-07-30 23:59:54,train,0.9934816,1.0121533,0.9792800,1.0051800
2010-07-31 23:59:54,train,0.9985700,1.0094371,0.9791200,1.0052200
2010-08-01 23:59:54,test,0.9821392,1.0006062,0.9789600,1.0052600
2010-08-02 23:59:54,test,0.9924978,1.0091128,0.9788000,1.0053000
2010-08-03 23:59:54,test,0.9935077,1.0065964,0.9786400,1.0053400
2010-08-04 23:59:54,test,0.9935179,1.0098051,0.9784800,1.0053800
2010-08-05 23:59:54,test,0.9890726,1.0062627,0.9783200,1.0054200
2010-08-06 23:59:54,test,0.9999913,1.0118841,0.9781600,1.0054600
2010-08-07 23:59:54,test,0.9869393,1.0116698,0.9780000,1.0055000
2010-08-08 23:53:54,test,0.9783022,1.0077442,0.9780000,1.0055000
2010-08-09 23:59:54,test,0.9909808,1.0093282,0.9776800,1.0055800
2010-08-10 23:53:54,test,0.9774187,1.0077509,0.9776800,1.0055800
2010-08-11 23:59:54,test,0.9872063,1.0091351,0.9773600,1.0056600
2010-08-12 23:53:54,test,0.9817952,1.0029577,0.9773600,1.0056600
2010-08-13 23:59:54,test,0.9886602,1.0005909,0.9770400,1.0057400
2010-08-14 23:59:54,test,0.9823367,1.0080119,0.9768800,1.0057800
2010-08-15 23:59:54,test,0.9836231,1.0073742,0.9767200,1.0058200
2010-08-16 23:59:54,test,0.9948587,1.0114999,0.9765600,1.0058600
2010-08-17 23:59:54,test,1.0059334,1.0184952,0.9764000,1.0059000
2010-08-18 23:59:54,test,0.9997154,1.0204091,0.9762400,1.0059400
2010-08-19 23:53:54,test,0.9963505,1.0192347,0.9762400,1.0059400
2010-08-20 23:59:54,test,1.0008322,1.0195069,0.9759200,1.0060200
2010-08-21 23:59:54,test,0.9955515,1.0194173,0.9757600,1.0060600
2010-08-22 23:53:54,test,0.9878275,1.0137581,0.9757600,1.0060600
2010-08-23 23:59:54,test,0.9975535,1.0167311,0.9754400,1.0061400
2010-08-24 23:59:54,test,0.9912243,1.0032746,0.9752800,1.0061800
2010-08-25 23:59:54,test,0.9984254,1.0210380,0.9751200,1.0062200
2010-08-26 23:59:54,test,0.9900894,1.0224314,0.9749600,1.0062600
2010-08-27 23:59:54,test,0.9862010,1.0151683,0.9748000,1.0063000
2010-08-28 23:59:54,test,0.9955016,1.0139781,0.9746400,1.0063400
2010-08-29 23:59:54,test,0.9940381,1.0285587,0.9744800,1.0063800
2010-08-30 23:59:54,test,0.9844367,1.0165125,0.9743200,1.0064200
2010-08-31 23:59:54,test,0.9937607,1.0125440,0.9741600,1.0064600
2010-09-01 23:59:54,test,0.9853110,1.0153487,0.9740000,1.0065000
2010-09-02 23:59:54,test,0.9883212,1.0136304,0.9738400,1.0065400
2010-09-03 23:59:54,test,0.9802435,1.0209645,0.9736800,1.0065800
2010-09-04 23:59:54,test,0.9792365,1.0099571,0.9735200,1.0066200
2010-09-05 23:59:54,test,0.9851882,1.0154716,0.9733600,1.0066600
2010-09-06 23:53:54,test,0.9728569,1.0069289,0.9733600,1.0066600
2010-09-07 23:59:54,test,0.9868992,1.0119752,0.9730400,1.0067400
2010-09-08 23:59:54,test,0.9907398,1.0158648,0.9728800,1.0067800
2010-09-09 23:53:54,test,0.9831655,1.0154357,0.9728800,1.0067800
2010-09-10 23:59:54,test,0.9865064,1.0118240,0.9725600,1.0068600
2010-09-11 23:59:54,test,0.9934214,1.0222875,0.9724000,1.0069000
2010-09-12 23:59:54,test,0.9969091,1.0176754,0.9722400,1.0069400
2010-09-13 23:59:54,test,0.9963304,1.0325298,0.9720800,1.0069800
2010-09-14 23:59:54,test,1.0031920,1.0254480,0.9719200,1.0070200
2010-09-15 23:59:54,test,0.9959343,1.0236838,0.9717600,1.0070600
2010-09-16 23:59:54,test,0.9915748,1.0254434,0.9716000,1.0071000
2010-09-17 23:59:54,test,0.9952351,1.0265584,0.9714400,1.0071400
2010-09-18 23:59:54,test,0.9915834,1.0273632,0.9712800,1.0071800
2010-09-19 23:59:54,test,0.9944385,1.0250160,0.9711200,1.0072200
2010-09-20 23:59:54,test,1.0010067,1.0305476,0.9709600,1.0072600
2010-09-21 23:59:54,test,0.9951124,1.0252569,0.9708000,1.0073000
2010-09-22 23:53:54,test,1.0002604,1.0221478,0.9708000,1.0073000
2010-09-23 23:59:54,test,0.9861820,1.0109836,0.9704800,1.0073800
2010-09-24 23:59:54,test,0.9822057,1.0171580,0.9703200,1.0074200
2010-09-25 23:59:54,test,0.9793615,1.0186228,0.9701600,1.0074600
2010-09-26 23:59:54,test,0.9837788,1.0097009,0.9700000,1.0075000
2010-09-27 23:59:54,test,0.9878282,1.0142919,0.9698400,1.0075400
2010-09-28 23:53:54,test,0.9680442,1.0119052,0.9698400,1.0075400
2010-09-29 23:59:54,test,0.9679649,1.0087532,0.9695200,1.0076200
2010-09-30 23:59:54,test,0.9607915,1.0056967,0.9693600,1.0076600
2010-10-01 23:59:54,test,0.9609048,1.0054150,0.9692000,1.0077000
2010-10-02 23:59:54,test,0.9765922,1.0175265,0.9690400,1.0077400
2010-10-03 23:59:54,test,0.9791093,1.0082419,0.9688800,1.0077800
2010-10-04 23:59:54,test,0.9803579,1.0118655,0.9687200,1.0078200
2010-10-05 23:59:54,test,0.9806299,1.0130256,0.9685600,1.0078600
2010-10-06 23:53:54,test,0.9761864,1.0110302,0.9685600,1.0078600
2010-10-07 23:59:54,test,0.9783971,1.0166631,0.9682400,1.0079400
2010-10-08 23:59:54,test,0.9709649,1.0137968,0.9680800,1.0079800
2010-10-09 23:59:54,test,0.9910254,1.0257698,0.9679200,1.0080200
2010-10-10 23:59:54,test,0.9926946,1.0288703,0.9677600,1.0080600
2010-10-11 23:59:54,test,0.9884677,1.0291725,0.9676000,1.0081000
2010-10-13 23:59:54,test,0.9833038,1.0226418,0.9672800,1.0081800
2010-10-14 23:59:54,test,0.9784094,1.0153855,0.9671200,1.0082200
2010-10-15 23:59:54,test,0.9794727,1.0159485,0.9669600,1.0082600
2010-10-19 23:59:54,test,0.9701981,1.0088559,0.9663200,1.0084200
2010-10-20 23:59:54,test,0.9792586,1.0139037,0.9661600,1.0084600
2010-10-21 23:59:54,test,0.9721043,1.0060014,0.9660000,1.0085000
2010-10-22 23:59:54,test,0.9660066,1.0045470,0.9658400,1.0085400
2010-10-23 23:59:54,test,0.9689106,1.0091870,0.9656800,1.0085800
2010-10-24 23:59:54,test,0.9645389,1.0039303,0.9655200,1.0086200
2010-10-25 23:59:54,test,0.9684191,1.0106081,0.9653600,1.0086600
2010-10-26 23:59:54,test,0.9579571,1.0050766,0.9652000,1.0087000
2010-10-27 23:59:54,test,0.9571207,0.9978681,0.9650400,1.0087400
2010-10-28 23:59:54,test,0.9547114,1.0037327,0.9648800,1.0087800
2010-10-29 23:59:54,test,0.9584469,1.0046537,0.9647200,1.0088200
2010-10-30 23:59:54,test,0.9623187,1.0063292,0.9645600,1.0088600
2010-10-31 23:59:54,test,0.9643226,1.0137446,0.9644000,1.0089000
2010-11-01 23:53:54,holdout,0.9664834,1.0143957,0.9644000,1.0089000
2010-11-02 23:59:54,holdout,0.9675540,1.0167606,0.9640800,1.0089800
2010-11-03 23:59:54,holdout,0.9630173,1.0162129,0.9639200,1.0090200
2010-11-04 23:59:54,holdout,0.9668423,1.0095338,0.9637600,1.0090600
2010-11-05 23:53:54,holdout,0.9698654,1.0201739,0.9637600,1.0090600
2010-11-06 23:59:54,holdout,0.9696955,1.0212468,0.9634400,1.0091400
2010-11-07 23:59:54,holdout,0.9604327,1.0139550,0.9632800,1.0091800
2010-11-08 23:59:54,holdout,0.9466982,1.0056087,0.9631200,1.0092200
2010-11-09 23:59:54,holdout,0.9662266,1.0101143,0.9629600,1.0092600
2010-11-10 23:53:54,holdout,0.9788865,1.0194353,0.9629600,1.0092600
2010-11-11 23:59:54,holdout,0.9510471,1.0020875,0.9626400,1.0093400
2010-11-12 23:59:54,holdout,0.9716865,1.0121403,0.9624800,1.0093800
2010-11-13 23:59:54,holdout,0.9494416,1.0050906,0.9623200,1.0094200
2010-11-14 23:59:54,holdout,0.9452925,1.0019375,0.9621600,1.0094600
2010-11-15 23:59:54,holdout,0.9628735,1.0131972,0.9620000,1.0095000
2010-11-16 23:59:54,holdout,0.9595975,1.0146979,0.9618400,1.0095400
2010-11-17 23:59:54,holdout,0.9729549,1.0105693,0.9616800,1.0095800
2010-11-18 23:59:54,holdout,0.9610792,1.0088693,0.9615200,1.0096200
2010-11-19 23:59:54,holdout,0.9501923,1.0010552,0.9613600,1.0096600
2010-11-20 23:59:54,holdout,0.9440504,1.0058733,0.9612000,1.0097000
2010-11-21 23:59:54,holdout,0.9605085,1.0102944,0.9610400,1.0097400
2010-11-22 23:59:54,holdout,0.9498540,1.0132349,0.9608800,1.0097800
2010-11-23 23:59:54,holdout,0.9591144,1.0168117,0.9607200,1.0098200
2010-11-24 23:59:54,holdout,0.9654517,1.0213686,0.9605600,1.0098600
2010-11-25 23:59:54,holdout,0.9720339,1.0191860,0.9604000,1.0099000
2010-11-26 23:59:54,holdout,0.9511154,1.0132190,0.9602400,1.0099400
2010-11-27 23:59:54,holdout,0.9695363,1.0162991,0.9600800,1.0099800
2010-11-28 23:59:54,holdout,0.9595777,1.0183786,0.9599200,1.0100200
2010-11-29 23:59:54,holdout,0.9603202,1.0168937,0.9597600,1.0100600
2010-11-30 23:59:54,holdout,0.9664351,1.0156689,0.9596000,1.0101000
2010-12-01 23:59:54,holdout,0.9629864,1.0192319,0.9594400,1.0101400
2010-12-02 23:59:54,holdout,0.9623917,1.0140202,0.9592800,1.0101800
2010-12-04 00:05:54,holdout,0.9666556,1.0163649,0.9591200,1.0102200
2010-12-04 23:59:54,holdout,0.9524244,1.0113554,0.9589600,1.0102600
2010-12-05 23:59:54,holdout,0.9557741,1.0172931,0.9588000,1.0103000
2010-12-06 23:59:54,holdout,0.9426245,1.0158446,0.9586400,1.0103400
2010-12-07 23:59:54,holdout,0.9563792,1.0172361,0.9584800,1.0103800
2010-12-08 23:59:54,holdout,0.9515535,1.0144153,0.9583200,1.0104200
2010-12-09 23:59:54,holdout,0.9520386,1.0072173,0.9581600,1.0104600
2010-12-10 23:59:54,holdout,0.9458308,1.0080308,0.9580000,1.0105000
2010-12-11 23:59:54,holdout,0.9558883,1.0143552,0.9578400,1.0105400
2010-12-12 23:59:54,holdout,0.9638507,1.0218152,0.9576800,1.0105800
2010-12-13 23:59:54,holdout,0.9604040,1.0046830,0.9575200,1.0106200
2010-12-14 23:59:54,holdout,0.9480356,1.0056025,0.9573600,1.0106600
2010-12-15 23:59:54,holdout,0.9453742,1.0008522,0.9572000,1.0107000
2010-12-16 23:59:54,holdout,0.9523148,1.0086623,0.9570400,1.0107400
2010-12-17 23:59:54,holdout,0.9385372,1.0041165,0.9568800,1.0107800
2010-12-18 23:59:54,holdout,0.9445400,1.0045581,0.9567200,1.0108200
2010-12-19 23:59:54,holdout,0.9474118,1.0082263,0.9565600,1.0108600
2010-12-20 23:59:54,holdout,0.9453787,1.0004755,0.9564000,1.0109000
2010-12-21 23:59:54,holdout,0.9465773,1.0045077,0.9562400,1.0109400
2010-12-22 23:59:54,holdout,0.9469260,1.0061762,0.9560800,1.0109800
2010-12-23 23:59:54,holdout,0.9459353,1.0055339,0.9559200,1.0110200
2010-12-24 23:59:54,holdout,0.9547411,1.0069110,0.9557600,1.0110600
2010-12-25 23:59:54,holdout,0.9496729,1.0033760,0.9556000,1.0111000
2010-12-26 23:59:54,holdout,0.9350521,0.9983116,0.9554400,1.0111400
2010-12-27 23:59:54,holdout,0.9458073,1.0132759,0.9552800,1.0111800
2010-12-28 23:59:54,holdout,0.9403731,1.0041692,0.9551200,1.0112200
2010-12-29 23:53:54,holdout,0.9372248,1.0016633,0.9551200,1.0112200
2010-12-30 23:59:54,holdout,0.9483784,1.0159367,0.9548000,1.0113000
2010-12-31 23:59:54,holdout,0.9259256,1.0035400,0.9546400,1.0113400
2011-01-01 23:59:54,train,0.9485459,1.0019972,0.9544800,1.0113800
2011-01-02 23:59:54,train,0.9328981,0.9969859,0.9543200,1.0114200
2011-01-03 23:59:54,train,0.9350957,1.0013415,0.9541600,1.0114600
2011-01-04 23:59:54,train,0.9505597,1.0036311,0.9540000,1.0115000
2011-01-05 23:59:54,train,0.9475368,1.0042809,0.9538400,1.0115400
2011-01-06 23:59:54,train,0.9319880,0.9972192,0.9536800,1.0115800
2011-01-07 23:59:54,train,0.9428483,1.0036491,0.9535200,1.0116200
2011-01-08 23:59:54,train,0.9375188,1.0039791,0.9533600,1.0116600
2011-01-09 23:59:54,train,0.9410495,0.9959226,0.9532000,1.0117000
2011-01-10 23:59:54,train,0.9324758,0.9907596,0.9530400,1.0117400
2011-01-11 23:59:54,train,0.9387070,1.0013528,0.9528800,1.0117800
2011-01-12 23:59:54,train,0.9502110,1.0059494,0.9527200,1.0118200
2011-01-13 23:59:54,train,0.9411028,0.9980319,0.9525600,1.0118600
2011-01-14 23:59:54,train,0.9478593,1.0076132,0.9524000,1.0119000
2011-01-15 23:59:54,train,0.9511749,1.0118235,0.9522400,1.0119400
2011-01-16 23:59:54,train,0.9473574,1.0068810,0.9520800,1.0119800
2011-01-17 23:53:54,train,0.9414644,1.0089933,0.9520800,1.0119800
2011-01-18 23:59:54,train,0.9544125,1.0175458,0.9517600,1.0120600
2011-01-19 23:59:54,train,0.9488836,1.0124016,0.9516000,1.0121000
2011-01-20 23:59:54,train,0.9495993,1.0107732,0.9514400,1.0121400
2011-01-21 23:59:54,train,0.9551247,1.0097867,0.9512800,1.0121800
2011-01-22 23:59:54,train,0.9506862,1.0043273,0.9511200,1.0122200
2011-01-23 23:59:54,train,0.9495003,1.0070705,0.9509600,1.0122600
2011-01-24 23:59:54,train,0.9429275,1.0056235,0.9508000,1.0123000
2011-01-25 23:59:54,train,0.9549522,1.0122480,0.9506400,1.0123400
2011-01-26 23:59:54,train,0.9511798,1.0063106,0.9504800,1.0123800
2011-01-27 23:59:54,train,0.9316360,0.9967406,0.9661130,1.0273600
2011-01-28 23:59:54,train,0.9405278,1.0049609,0.9656390,1.0270600
2011-01-29 23:59:54,train,0.9516259,1.0059512,0.9651660,1.0267600
2011-01-30 23:59:54,train,0.9531380,1.0079472,0.9646920,1.0264600
2011-01-31 23:59:54,train,0.9571955,1.0179795,0.9642180,1.0261600
2011-02-01 23:59:54,train,0.9545367,1.0175375,0.9637450,1.0258700
2011-02-02 23:53:54,train,0.9580469,1.0155300,0.9637450,1.0258700
2011-02-03 23:59:54,train,0.9606742,1.0201385,0.9627980,1.0252700
2011-02-04 23:59:54,train,0.9504065,1.0160565,0.9623240,1.0249700
2011-02-05 23:59:54,train,0.9514443,1.0199667,0.9618500,1.0246700
2011-02-06 23:53:54,train,0.9544277,1.0138669,0.9618500,1.0246700
2011-02-07 23:59:54,train,0.9553971,1.0180281,0.9609030,1.0240800
2011-02-08 23:59:54,train,0.9639844,1.0087802,0.9604300,1.0237800
2011-02-09 23:59:54,train,0.9628637,1.0232035,0.9599560,1.0234800
2011-02-10 23:59:54,train,0.9628102,1.0209949,0.9594820,1.0231800
2011-02-11 23:59:54,train,0.9574043,1.0254515,0.9590090,1.0228900
2011-02-12 23:59:54,train,0.9677857,1.0292938,0.9585350,1.0225900
2011-02-13 23:59:54,train,0.9648066,1.0118824,0.9580620,1.0222900
2011-02-14 23:59:54,train,0.9662843,1.0220970,0.9575880,1.0219900
2011-02-15 23:59:54,train,0.9538834,1.0093548,0.9571140,1.0216900
2011-02-16 23:59:54,train,0.9619982,1.0179536,0.9566410,1.0214000
2011-02-17 23:53:54,train,0.9426520,1.0148554,0.9566410,1.0214000
2011-02-18 23:59:54,train,0.9598333,1.0142294,0.9556940,1.0208000
2011-02-19 23:59:54,train,0.9560663,1.0182568,0.9552200,1.0205000
2011-02-20 23:59:54,train,0.9480734,1.0192142,0.9547460,1.0202000
2011-02-21 23:59:54,train,0.9614195,1.0209733,0.9542730,1.0199100
2011-02-22 23:59:54,train,0.9625684,1.0228150,0.9537990,1.0196100
2011-02-23 23:59:54,train,0.9677247,1.0238569,0.9533260,1.0193100
2011-02-24 23:59:54,train,0.9570108,1.0220844,0.9528520,1.0190100
2011-02-25 23:53:54,train,0.9691288,1.0339059,0.9528520,1.0190100
2011-02-27 23:59:54,train,0.9580451,1.0262365,0.9514310,1.0181200
2011-02-28 23:59:54,train,0.9629602,1.0298946,0.9509580,1.0178200
2011-03-01 23:59:54,train,0.9606720,1.0236543,0.9504840,1.0175200
2011-03-02 23:59:54,train,0.9694041,1.0308850,0.9500100,1.0172200
2011-03-03 23:59:54,train,0.9774370,1.0397707,0.9495370,1.0169300
2011-03-04 23:59:54,train,0.9701418,1.0263528,0.9490630,1.0166300
2011-03-05 23:53:54,train,0.9412643,1.0120376,0.9490630,1.0166300
2011-03-06 23:59:54,train,0.9421716,1.0268644,0.9481160,1.0160300
2011-03-07 23:53:54,train,0.9801843,1.0258987,0.9481160,1.0160300
2011-03-08 23:59:54,train,0.9688180,1.0234672,0.9471690,1.0154400
2011-03-09 23:59:54,train,0.9654973,1.0243624,0.9466950,1.0151400
2011-03-10 23:59:54,train,0.9558073,1.0181789,0.9462220,1.0148400
2011-03-11 23:59:54,train,0.9505295,1.0205019,0.9457480,1.0145400
2011-03-12 23:59:54,train,0.9345027,1.0150206,0.9452740,1.0142400
2011-03-13 23:59:54,train,0.9528165,1.0140360,0.9448010,1.0139500
2011-03-14 23:59:54,train,0.9451296,1.0165730,0.9443270,1.0136500
2011-03-15 23:59:54,train,0.9529113,1.0195467,0.9438540,1.0133500
2011-03-16 23:59:54,train,0.9446385,1.0173295,0.9433800,1.0130500
2011-03-17 23:59:54,train,0.9359444,1.0229240,0.9429060,1.0127500
2011-03-18 23:53:54,train,0.9555602,1.0249237,0.9429060,1.0127500
2011-03-19 23:59:54,train,0.9493735,1.0226980,0.9419590,1.0121600
2011-03-20 23:59:54,train,0.9463531,1.0144376,0.9414860,1.0118600
2011-03-21 23:59:54,train,0.9610724,1.0177627,0.9410120,1.0115600
2011-03-22 23:59:54,train,0.9595359,1.0210518,0.9405380,1.0112600
2011-03-23 23:59:54,train,0.9679700,1.0305837,0.9400650,1.0109600
2011-03-24 23:59:54,train,0.9666784,1.0356911,0.9395910,1.0106700
2011-03-25 23:59:54,train,0.9773968,1.0425508,0.9391180,1.0103700
2011-03-26 23:53:54,train,0.9574412,1.0310316,0.9391180,1.0103700
2011-03-27 23:59:54,train,0.9600326,1.0282909,0.9381700,1.0097700
2011-03-28 23:59:54,train,0.9632893,1.0264972,0.9376970,1.0094700
2011-03-29 23:59:54,train,0.9540275,1.0267850,0.9372230,1.0091800
2011-03-30 23:59:54,train,0.9491907,1.0208342,0.9367500,1.0088800
2011-04-01 00:05:54,train,0.9395259,1.0143247,0.9362760,1.0085800
2011-04-01 23:59:54,train,0.9407389,1.0166029,0.9358030,1.0082800
2011-04-02 23:59:54,train,0.9419976,1.0168139,0.9353290,1.0079800
2011-04-03 23:59:54,train,0.9364246,0.9983261,0.9348550,1.0076900
2011-04-04 23:59:54,train,0.9358685,1.0057086,0.9343820,1.0073900
2011-04-05 23:59:54,train,0.9272260,1.0000968,0.9339080,1.0070900
2011-04-06 23:59:54,train,0.9471394,1.0156440,0.9334340,1.0067900
2011-04-07 23:59:54,train,0.9566594,1.0097167,0.9329610,1.0064900
2011-04-08 23:59:54,train,0.9473145,1.0125161,0.9324870,1.0062000
2011-04-09 23:59:54,train,0.9467790,1.0046872,0.9320140,1.0059000
2011-04-10 23:59:54,train,0.9328681,1.0002118,0.9315400,1.0056000
2011-04-11 23:59:54,train,0.9331295,1.0121255,0.9310670,1.0053000
2011-04-12 23:59:54,train,0.9442284,1.0051358,0.9305930,1.0050000
2011-04-14 23:53:54,train,0.9423057,1.0088489,0.9301190,1.0047100
2011-04-15 23:59:54,train,0.9404345,1.0177078,0.9291720,1.0041100
2011-04-16 23:59:54,train,0.9430043,1.0150898,0.9286990,1.0038100
2011-04-17 23:59:54,train,0.9391874,1.0084766,0.9282250,1.0035100
2011-04-18 23:59:54,train,0.9352942,1.0022224,0.9277510,1.0032200
2011-04-19 23:59:54,train,0.9391320,1.0130945,0.9272780,1.0029200
2011-04-20 23:59:54,train,0.9388359,1.0177168,0.9268040,1.0026200
2011-04-21 23:59:54,train,0.9617705,1.0148345,0.9263310,1.0023200
2011-04-22 23:59:54,train,0.9500062,1.0233247,0.9258570,1.0020200
2011-04-23 23:59:54,train,0.9476059,1.0157578,0.9253830,1.0017300
2011-04-24 23:53:54,train,0.9424154,1.0097286,0.9253830,1.0017300
2011-04-25 23:59:54,train,0.9446881,1.0145935,0.9244360,1.0011300
2011-04-26 23:59:54,train,0.9429722,1.0186236,0.9239630,1.0008300
2011-04-27 23:59:54,train,0.9368193,0.9983249,0.9234890,1.0005300
2011-04-28 23:59:54,train,0.9148020,0.9978181,0.9230150,1.0002400
2011-04-29 23:59:54,train,0.9274709,0.9947519,0.9225420,0.9999390
2011-04-30 23:59:54,train,0.9352574,1.0118614,0.9220680,0.9996410
2011-05-01 23:59:54,train,0.9326605,1.0026236,0.9215950,0.9993430
2011-05-02 23:59:54,train,0.9301301,0.9988043,0.9211210,0.9990450
2011-05-03 23:59:54,train,0.9260802,1.0028496,0.9206470,0.9987470
2011-05-04 23:59:54,train,0.9194901,1.0025742,0.9201740,0.9984490
2011-05-05 23:59:54,train,0.9223554,1.0018048,0.9197000,0.9981510
2011-05-06 23:53:54,train,0.9288709,0.9992108,0.9197000,0.9981510
2011-05-07 23:59:54,train,0.9194085,1.0005298,0.9187530,0.9975550
2011-05-08 23:59:54,train,0.9088485,0.9882611,0.9182790,0.9972570
2011-05-09 23:59:54,train,0.9261358,0.9945504,0.9178060,0.9969590
2011-05-10 23:59:54,train,0.9192926,0.9897855,0.9173320,0.9966610
2011-05-11 23:59:54,train,0.9268815,0.9977807,0.9168590,0.9963630
2011-05-12 23:59:54,train,0.9287992,0.9935403,0.9163850,0.9960650
2011-05-13 23:59:54,train,0.9233660,0.9936424,0.9159110,0.9957670
2011-05-14 23:59:54,train,0.9274083,1.0055206,0.9154380,0.9954690
2011-05-16 00:05:54,train,0.9173853,0.9956437,0.9149640,0.9951710
2011-05-16 23:59:54,train,0.9178477,0.9968367,0.9144910,0.9948730
2011-05-17 23:53:54,train,0.9123214,0.9829920,0.9144910,0.9948730
2011-05-18 23:59:54,train,0.9281078,1.0077128,0.9135430,0.9942770
2011-05-19 23:59:54,train,0.9315693,1.0111253,0.9130700,0.9939790
2011-05-20 23:59:54,train,0.9252293,0.9998636,0.9125960,0.9936810
2011-05-21 23:59:54,train,0.9351428,1.0145170,0.9121230,0.9933830
2011-05-22 23:53:54,train,0.9275677,1.0054697,0.9121230,0.9933830
2011-05-24 23:59:54,train,0.9297159,1.0071669,0.9107020,0.9924890
2011-05-25 23:59:54,train,0.9241962,0.9943926,0.9102280,0.9921900
2011-05-26 23:59:54,train,0.9101140,0.9904115,0.9097550,0.9918920
2011-05-27 23:59:54,train,0.9108242,0.9999697,0.9092810,0.9915940
2011-05-28 23:59:54,train,0.9305456,1.0053519,0.9088070,0.9912960
2011-05-29 23:59:54,train,0.9263163,0.9984237,0.9083340,0.9909980
2011-05-30 23:59:54,train,0.9155457,1.0006007,0.9078600,0.9907000
2011-05-31 23:59:54,train,0.9158181,1.0002086,0.9073870,0.9904020
2011-06-01 23:59:54,train,0.9136454,0.9985834,0.9069130,0.9901040
2011-06-02 23:59:54,train,0.9144209,0.9953764,0.9064390,0.9898060
2011-06-03 23:53:54,train,0.9087467,0.9961287,0.9064390,0.9898060
2011-06-05 23:59:54,train,0.9034984,0.9880393,0.9050190,0.9889120
2011-06-06 23:53:54,train,0.9017728,0.9888927,0.9050190,0.9889120
2011-06-08 23:59:54,train,0.9010839,0.9850432,0.9035980,0.9880180
2011-06-09 23:59:54,train,0.9078231,0.9940826,0.9031240,0.9877200
2011-06-10 23:59:54,train,0.9136624,1.0005233,0.9026510,0.9874220
2011-06-11 23:59:54,train,0.9197019,1.0012473,0.9021770,0.9871240
2011-06-12 23:59:54,train,0.9201455,1.0057960,0.9017030,0.9868260
2011-06-13 23:53:54,train,0.9159994,1.0006818,0.9017030,0.9868260
2011-06-14 23:59:54,train,0.9202623,1.0026659,0.9007560,0.9862300
2011-06-15 23:59:54,train,0.9281494,1.0098672,0.9002830,0.9859320
2011-06-16 23:59:54,train,0.9192139,1.0010960,0.8998090,0.9856340
2011-06-17 23:59:54,train,0.9042078,0.9919938,0.8993350,0.9853360
2011-06-18 23:59:54,train,0.9158087,0.9887755,0.8988620,0.9850380
2011-06-19 23:59:54,train,0.9150000,0.9916583,0.8983880,0.9847400
2011-06-20 23:59:54,train,0.9000931,0.9849883,0.8979150,0.9844420
2011-06-21 23:59:54,train,0.9021316,0.9874176,0.8974410,0.9841440
2011-06-22 23:59:54,train,0.9030698,0.9902967,0.8969670,0.9838460
2011-06-23 23:59:54,train,0.8970745,0.9827883,0.8964940,0.9835480
2011-06-24 23:59:54,train,0.9015034,0.9865477,0.8960200,0.9832500
2011-06-25 23:59:54,train,0.9038962,0.9881156,0.8955470,0.9829520
2011-06-26 23:59:54,train,0.8980843,0.9898899,0.8950730,0.9826540
2011-06-27 23:59:54,train,0.9058294,0.9888015,0.8945990,0.9823560
2011-06-28 23:59:54,train,0.9016030,0.9976264,0.8941260,0.9820580
2011-06-29 23:59:54,train,0.9029596,0.9843184,0.8936520,0.9817600
2011-06-30 23:59:54,train,0.9248324,1.0020107,0.8931790,0.9814620
2011-07-01 23:59:54,train,0.9152393,0.9973656,0.8927050,0.9811640
2011-07-02 23:53:54,train,0.9035423,0.9990832,0.8927050,0.9811640
2011-07-04 23:59:54,train,0.9013001,0.9889897,0.8912840,0.9802700
2011-07-05 23:59:54,train,0.9029386,0.9902506,0.8908110,0.9799720
2011-07-06 23:59:54,train,0.9107736,0.9838255,0.8903370,0.9796740
2011-07-07 23:59:54,train,0.9040990,0.9936675,0.8898630,0.9793760
2011-07-08 23:59:54,train,0.8973507,0.9846976,0.8893900,0.9790780
2011-07-09 23:53:54,train,0.9017986,0.9936492,0.8893900,0.9790780
2011-07-11 23:59:54,train,0.8978747,0.9929230,0.8879690,0.9781840
2011-07-12 23:59:54,train,0.8991181,0.9841586,0.8874950,0.9778860
2011-07-13 23:59:54,train,0.8971067,0.9853222,0.8870220,0.9775880
2011-07-14 23:59:54,train,0.8884379,0.9848601,0.8865480,0.9772900
2011-07-15 23:59:54,train,0.8965401,0.9832787,0.8860750,0.9769920
2011-07-16 23:59:54,train,0.8909274,0.9764631,0.8856010,0.9766940
2011-07-17 23:59:54,train,0.8906953,0.9792638,0.8851270,0.9763960
2011-07-18 23:59:54,train,0.8901181,0.9780654,0.8846540,0.9760980
2011-07-19 23:59:54,train,0.8897123,0.9808609,0.8841800,0.9758000
2011-07-20 23:59:54,train,0.8896593,0.9792513,0.8837070,0.9755020
2011-07-21 23:59:54,train,0.8901261,0.9788070,0.8832330,0.9752040
2011-07-22 23:59:54,train,0.8959930,0.9859067,0.8827600,0.9749060
2011-07-23 23:59:54,train,0.8879598,0.9863799,0.8822860,0.9746080
2011-07-24 23:59:54,train,0.8868553,0.9806194,0.8818120,0.9743100
2011-07-25 23:59:54,train,0.8930545,0.9856677,0.8813390,0.9740120
2011-07-26 23:59:54,train,0.8829016,0.9740258,0.8808650,0.9737140
2011-07-27 23:59:54,train,0.8869991,0.9783755,0.8803910,0.9734160
2011-07-28 23:59:54,train,0.9082267,0.9925533,0.8799180,0.9731180
2011-07-29 23:59:54,train,0.8862284,0.9866533,0.8794440,0.9728200
2011-07-30 23:59:54,train,0.8960069,0.9855762,0.8789710,0.9725220
2011-07-31 23:59:54,train,0.8983740,0.9901661,0.8784970,0.9722240
2011-08-01 23:59:54,test,0.8916825,0.9834398,0.8780240,0.9719260
2011-08-02 23:59:54,test,0.8818458,0.9761855,0.8775500,0.9716280
2011-08-03 23:59:54,test,0.8840547,0.9770303,0.8770760,0.9713300
2011-08-04 23:59:54,test,0.8881562,0.9777858,0.8766030,0.9710320
2011-08-05 23:53:54,test,0.8868746,0.9830852,0.8766030,0.9710320
2011-08-06 23:59:54,test,0.8718787,0.9692894,0.8756560,0.9704360
2011-08-07 23:59:54,test,0.8793018,0.9739706,0.8751820,0.9701380
2011-08-08 23:59:54,test,0.8773351,0.9726051,0.8747080,0.9698400
2011-08-09 23:59:54,test,0.8718048,0.9733328,0.8742350,0.9695420
2011-08-10 23:59:54,test,0.8761588,0.9809853,0.8737610,0.9692440
2011-08-11 23:59:54,test,0.8805767,0.9738662,0.8732870,0.9689460
2011-08-12 23:59:54,test,0.8785033,0.9730890,0.8728140,0.9686480
2011-08-13 23:59:54,test,0.8669826,0.9655130,0.8723400,0.9683500
2011-08-14 23:59:54,test,0.8669723,0.9691194,0.8718670,0.9680520
2011-08-15 23:59:54,test,0.8721900,0.9766854,0.8713930,0.9677540
2011-08-16 23:59:54,test,0.8784921,0.9792158,0.8709200,0.9674560
2011-08-17 23:59:54,test,0.8804907,0.9773947,0.8704460,0.9671580
2011-08-18 23:59:54,test,0.8878868,0.9798697,0.8699720,0.9668600
2011-08-19 23:59:54,test,0.8854054,0.9804062,0.8694990,0.9665620
2011-08-20 23:59:54,test,0.8923944,0.9926918,0.8690250,0.9662640
2011-08-21 23:59:54,test,0.8759231,0.9781619,0.8685520,0.9659660
2011-08-22 23:53:54,test,0.8631639,0.9681787,0.8685520,0.9659660
2011-08-23 23:59:54,test,0.8728168,0.9762977,0.8676040,0.9653700
2011-08-24 23:59:54,test,0.8700714,0.9763859,0.8671310,0.9650720
2011-08-25 23:59:54,test,0.8672170,0.9751040,0.8666570,0.9647740
2011-08-26 23:59:54,test,0.8627973,0.9633255,0.8661840,0.9644760
2011-08-27 23:59:54,test,0.8727803,0.9662639,0.8657100,0.9641780
2011-08-28 23:59:54,test,0.8738098,0.9746910,0.8652360,0.9638800
2011-08-29 23:59:54,test,0.8735932,0.9733383,0.8647630,0.9635820
2011-08-30 23:59:54,test,0.8694665,0.9640496,0.8642890,0.9632840
2011-08-31 23:59:54,test,0.8664836,0.9615889,0.8638160,0.9629860
2011-09-01 23:59:54,test,0.8607493,0.9677371,0.8633420,0.9626880
2011-09-02 23:53:54,test,0.8610185,0.9646760,0.8633420,0.9626880
2011-09-03 23:59:54,test,0.8611587,0.9638082,0.8623950,0.9620920
2011-09-04 23:59:54,test,0.8616799,0.9632055,0.8619210,0.9617940
2011-09-05 23:59:54,test,0.8688600,0.9640657,0.8614480,0.9614960
2011-09-06 23:59:54,test,0.8623065,0.9640505,0.8609740,0.9611980
2011-09-07 23:59:54,test,0.8670496,0.9657173,0.8605000,0.9609000
2011-09-08 23:59:54,test,0.8632969,0.9606870,0.8600270,0.9606020
2011-09-09 23:59:54,test,0.8598570,0.9588081,0.8595530,0.9603040
2011-09-10 23:59:54,test,0.8532777,0.9638425,0.8590800,0.9600060
2011-09-11 23:59:54,test,0.8508275,0.9611800,0.8586060,0.9597080
2011-09-12 23:59:54,test,0.8631903,0.9565105,0.8581320,0.9594100
2011-09-13 23:59:54,test,0.8577023,0.9666166,0.8576590,0.9591120
2011-09-14 23:59:54,test,0.8669738,0.9521976,0.8571850,0.9588130
2011-09-15 23:59:54,test,0.8576713,0.9402549,0.8567120,0.9585160
2011-09-16 23:53:54,test,0.8616896,0.9622787,0.8567120,0.9585160
2011-09-17 23:59:54,test,0.8629677,0.9499469,0.8557640,0.9579190
2011-09-18 23:53:54,test,0.8464524,0.9580250,0.8557640,0.9579190
2011-09-20 23:59:54,test,0.8548301,0.9606885,0.8543440,0.9570250
2011-09-21 23:59:54,test,0.8461813,0.9532030,0.8538700,0.9567270
2011-09-22 23:59:54,test,0.8501800,0.9537035,0.8533960,0.9564290
2011-09-23 23:59:54,test,0.8469682,0.9414378,0.8529230,0.9561310
2011-09-24 23:59:54,test,0.8619751,0.9575846,0.8524490,0.9558330
2011-09-26 00:05:54,test,0.8666168,0.9620227,0.8519760,0.9555350
2011-09-26 23:59:54,test,0.8511062,0.9613495,0.8515020,0.9552370
2011-09-27 23:59:54,test,0.8407738,0.9446753,0.8510280,0.9549390
2011-09-28 23:59:54,test,0.8439103,0.9540368,0.8505550,0.9546410
2011-09-29 23:53:54,test,0.8443932,0.9506909,0.8505550,0.9546410
2011-09-30 23:59:54,test,0.8308432,0.9446398,0.8496080,0.9540450
2011-10-01 23:59:54,test,0.8457623,0.9555520,0.8491340,0.9537470
2011-10-02 23:59:54,test,0.8421444,0.9482686,0.8486600,0.9534490
2011-10-03 23:59:54,test,0.8354437,0.9482366,0.8481870,0.9531510
2011-10-04 23:59:54,test,0.8499023,0.9514566,0.8477130,0.9528530
2011-10-05 23:59:54,test,0.8602856,0.9632059,0.8472400,0.9525550
2011-10-06 23:59:54,test,0.8456683,0.9474575,0.8467660,0.9522570
2011-10-07 23:59:54,test,0.8414635,0.9466161,0.8462920,0.9519590
2011-10-08 23:59:54,test,0.8324409,0.9447433,0.8458190,0.9516610
2011-10-09 23:59:54,test,0.8260550,0.9396523,0.8453450,0.9513630
2011-10-10 23:59:54,test,0.8346787,0.9458445,0.8448720,0.9510650
2011-10-11 23:53:54,test,0.8342577,0.9443007,0.8448720,0.9510650
2011-10-13 23:59:54,test,0.8361796,0.9478684,0.8434510,0.9501710
2011-10-14 23:59:54,test,0.8270476,0.9381793,0.8429770,0.9498730
2011-10-15 23:59:54,test,0.8168190,0.9320098,0.8425040,0.9495750
2011-10-16 23:59:54,test,0.8253831,0.9283359,0.8420300,0.9492770
2011-10-17 23:59:54,test,0.8299315,0.9363502,0.8415560,0.9489790
2011-10-18 23:59:54,test,0.8335790,0.9400693,0.8410830,0.9486810
2011-10-19 23:59:54,test,0.8271624,0.9375756,0.8406090,0.9483830
2011-10-20 23:59:54,test,0.8294470,0.9380560,0.8401360,0.9480850
2011-10-21 23:59:54,test,0.8189566,0.9426777,0.8396620,0.9477870
2011-10-22 23:59:54,test,0.8294417,0.9374239,0.8391880,0.9474890
2011-10-23 23:59:54,test,0.8293791,0.9420570,0.8387150,0.9471910
2011-10-24 23:59:54,test,0.8209408,0.9371278,0.8382410,0.9468930
2011-10-25 23:59:54,test,0.8144399,0.9316292,0.8377680,0.9465950
2011-10-27 23:59:54,test,0.8246585,0.9332750,0.8368200,0.9459990
2011-10-28 23:59:54,test,0.8314970,0.9332389,0.8363470,0.9457010
2011-10-29 23:59:54,test,0.8212496,0.9251710,0.8358730,0.9454030
2011-10-30 23:59:54,test,0.8319635,0.9418870,0.8354000,0.9451050
2011-10-31 23:59:54,test,0.8199289,0.9352450,0.8349260,0.9448070
2011-11-01 23:59:54,holdout,0.8271688,0.9401874,0.8344520,0.9445090
2011-11-02 23:53:54,holdout,0.8255834,0.9332402,0.8344520,0.9445090
2011-11-03 23:59:54,holdout,0.8232352,0.9347743,0.8335050,0.9439130
2011-11-04 23:59:54,holdout,0.8190438,0.9363747,0.8330320,0.9436150
2011-11-05 23:59:54,holdout,0.8141778,0.9296635,0.8325580,0.9433170
2011-11-06 23:59:54,holdout,0.8073526,0.9324698,0.8320840,0.9430190
2011-11-07 23:59:54,holdout,0.8257408,0.9425063,0.8316110,0.9427210
2011-11-08 23:59:54,holdout,0.8176334,0.9376918,0.8311370,0.9424230
2011-11-09 23:59:54,holdout,0.8197768,0.9268945,0.8306640,0.9421250
2011-11-10 23:59:54,holdout,0.8185014,0.9291906,0.8301900,0.9418270
2011-11-11 23:53:54,holdout,0.8220245,0.9370653,0.8301900,0.9418270
2011-11-12 23:59:54,holdout,0.8241761,0.9414044,0.8292430,0.9412310
2011-11-13 23:53:54,holdout,0.8168030,0.9199910,0.8292430,0.9412310
2011-11-14 23:59:54,holdout,0.8090005,0.9212285,0.8282960,0.9406350
2011-11-15 23:59:54,holdout,0.8076358,0.9235684,0.8278220,0.9403370
2011-11-16 23:59:54,holdout,0.8244157,0.9281937,0.8273480,0.9403370
2011-11-17 23:59:54,holdout,0.8276854,0.9350867,0.8268750,0.9400390
2011-11-18 23:59:54,holdout,0.8252603,0.9247817,0.8264010,0.9397410
2011-11-19 23:59:54,holdout,0.8363723,0.9359207,0.8259280,0.9394430
2011-11-20 23:59:54,holdout,0.8182456,0.9277019,0.8254540,0.9391450
2011-11-21 23:59:54,holdout,0.8228381,0.9300702,0.8249800,0.9388470
2011-11-22 23:59:54,holdout,0.8269805,0.9221491,0.8245070,0.9385490
2011-11-23 23:59:54,holdout,0.8162805,0.9223260,0.8240330,0.9382510
2011-11-24 23:53:54,holdout,0.8217726,0.9268244,0.8240330,0.9379530
2011-11-25 23:59:54,holdout,0.8119979,0.9156989,0.8230860,0.9373570
2011-11-26 23:53:54,holdout,0.8079986,0.9224786,0.8230860,0.9373570
2011-11-27 23:59:54,holdout,0.8093845,0.9285692,0.8221390,0.9367610
2011-11-28 23:59:54,holdout,0.8097001,0.9259837,0.8216650,0.9367610
2011-11-29 23:59:54,holdout,0.8075665,0.9247723,0.8211920,0.9364630
2011-11-30 23:59:54,holdout,0.8185314,0.9385765,0.8207180,0.9361650
2011-12-01 23:59:54,holdout,0.8064720,0.9271694,0.8202440,0.9358670
2011-12-02 23:59:54,holdout,0.8093412,0.9270329,0.8197710,0.9355690
2011-12-03 23:59:54,holdout,0.8151569,0.9408019,0.8192970,0.9352710
2011-12-04 23:59:54,holdout,0.8068032,0.9305538,0.8188240,0.9349730
2011-12-05 23:59:54,holdout,0.8086881,0.9285591,0.8183500,0.9346750
2011-12-06 23:59:54,holdout,0.8079048,0.9181030,0.8178770,0.9343770
2011-12-08 00:05:54,holdout,0.7918873,0.9174666,0.8174030,0.9340790
2011-12-08 23:59:54,holdout,0.8053301,0.9217838,0.8169290,0.9337810
2011-12-09 23:59:54,holdout,0.8028495,0.9142506,0.8164560,0.9334830
2011-12-10 23:59:54,holdout,0.8212881,0.9229110,0.8159820,0.9331850
2011-12-11 23:53:54,holdout,0.7950288,0.9170708,0.8159820,0.9328870
2011-12-13 23:59:54,holdout,0.8006479,0.9152626,0.8145610,0.9319930
2011-12-14 23:59:54,holdout,0.8066309,0.9220181,0.8140880,0.9319930
2011-12-16 23:59:54,holdout,0.8124179,0.9135073,0.8131410,0.9313970
2011-12-17 23:59:54,holdout,0.8033280,0.9226728,0.8126670,0.9310990
2011-12-18 23:59:54,holdout,0.8035917,0.9189725,0.8121930,0.9308010
2011-12-19 23:59:54,holdout,0.8053627,0.9197534,0.8117200,0.9305030
2011-12-20 23:59:54,holdout,0.7904875,0.9102037,0.8112460,0.9302050
2011-12-21 23:59:54,holdout,0.7884566,0.9033349,0.8107730,0.9299070
2011-12-22 23:59:54,holdout,0.7870508,0.9063269,0.8102990,0.9296090
2011-12-23 23:59:54,holdout,0.8006900,0.9084948,0.8098250,0.9293110
2011-12-24 23:59:54,holdout,0.7952117,0.9043854,0.8093520,0.9290130
2011-12-25 23:59:54,holdout,0.7899703,0.9001280,0.8088780,0.9287150
2011-12-26 23:59:54,holdout,0.7963114,0.9043866,0.8084050,0.9284170
2011-12-27 23:59:54,holdout,0.8090243,0.9257193,0.8079310,0.9281190
2011-12-28 23:59:54,holdout,0.8088421,0.9165102,0.8074570,0.9278210
2011-12-29 23:59:54,holdout,0.8090714,0.9159647,0.8069840,0.9275230
2011-12-30 23:53:54,holdout,0.7930995,0.9087378,0.8069840,0.9272250
2011-12-31 23:59:54,holdout,0.8016404,0.8396277,0.7297070,0.8427330
2012-01-01 23:59:54,train,0.7413214,0.8466861,0.7297070,0.8427330
2012-01-02 23:59:54,train,0.7272052,0.8433939,0.7297070,0.8428590
2012-01-03 23:59:54,train,0.7285682,0.8356501,0.7297070,0.8429850
2012-01-04 23:59:54,train,0.7252049,0.8376080,0.7297070,0.8431120
2012-01-05 23:59:54,train,0.7258007,0.8317281,0.7297070,0.8432380
2012-01-06 23:59:54,train,0.7240349,0.8382701,0.7297070,0.8433650
2012-01-07 23:59:54,train,0.7223172,0.8434097,0.7297070,0.8434910
2012-01-08 23:59:54,train,0.7321166,0.8454015,0.7297070,0.8436170
2012-01-09 23:59:54,train,0.7236202,0.8417944,0.7297070,0.8437440
2012-01-10 23:59:54,train,0.7355877,0.8452306,0.7297070,0.8438700
2012-01-11 23:59:54,train,0.7307593,0.8438026,0.7297070,0.8439970
2012-01-12 23:59:54,train,0.7411077,0.8461606,0.7297070,0.8441230
2012-01-13 23:59:54,train,0.7270101,0.8367150,0.7297070,0.8442490
2012-01-14 23:59:54,train,0.7341422,0.8404939,0.7297070,0.8443760
2012-01-15 23:59:54,train,0.7314489,0.8454498,0.7297070,0.8445020
2012-01-16 23:59:54,train,0.7377310,0.8483338,0.7297070,0.8446290
2012-01-17 23:59:54,train,0.7299581,0.8429216,0.7297070,0.8447550
2012-01-18 23:59:54,train,0.7418328,0.8427856,0.7297070,0.8448820
2012-01-19 23:59:54,train,0.7416465,0.8500649,0.7297070,0.8450080
2012-01-20 23:59:54,train,0.7415569,0.8460217,0.7297070,0.8451340
2012-01-21 23:59:54,train,0.7441943,0.8520672,0.7297070,0.8452610
2012-01-22 23:59:54,train,0.7384304,0.8484854,0.7297070,0.8453870
2012-01-23 23:53:54,train,0.7386023,0.8523797,0.7297070,0.8455140
2012-01-24 23:59:54,train,0.7400172,0.8486726,0.7297070,0.8457660
2012-01-25 23:59:54,train,0.7450718,0.8478581,0.7297070,0.8457660
2012-01-26 23:59:54,train,0.7553079,0.8518410,0.7297070,0.8458930
2012-01-27 23:53:54,train,0.7447445,0.8533424,0.7297070,0.8460190
2012-01-28 23:59:54,train,0.7436252,0.8528627,0.7297070,0.8462720
2012-01-29 23:59:54,train,0.7314135,0.8461101,0.7297070,0.8462720
2012-01-30 23:59:54,train,0.7236772,0.8437445,0.7297070,0.8463980
2012-01-31 23:59:54,train,0.7316719,0.8482047,0.7297070,0.8465250
2012-02-01 23:59:54,train,0.7233478,0.8450770,0.7297070,0.8466510
2012-02-02 23:59:54,train,0.7407058,0.8539935,0.7297070,0.8467780
2012-02-03 23:59:54,train,0.7361364,0.8507899,0.7297070,0.8469040
2012-02-04 23:59:54,train,0.7389017,0.8489619,0.7297070,0.8470310
2012-02-05 23:59:54,train,0.7338285,0.8510690,0.7297070,0.8471570
2012-02-06 23:59:54,train,0.7331099,0.8507467,0.7297070,0.8472830
2012-02-07 23:59:54,train,0.7371191,0.8557854,0.7297070,0.8474100
2012-02-08 23:59:54,train,0.7384489,0.8403749,0.7297070,0.8475360
2012-02-09 23:59:54,train,0.7367661,0.8538466,0.7297070,0.8476630
2012-02-10 23:59:54,train,0.7380220,0.8508688,0.7297070,0.8477890
2012-02-11 23:59:54,train,0.7393192,0.8552338,0.7297070,0.8479150
2012-02-12 23:59:54,train,0.7275082,0.8565049,0.7297070,0.8480420
2012-02-13 23:59:54,train,0.7197549,0.8508322,0.7297070,0.8481680
2012-02-14 23:59:54,train,0.7451488,0.8614852,0.7297070,0.8482950
2012-02-15 23:59:54,train,0.7450948,0.8536180,0.7297070,0.8484210
2012-02-16 23:59:54,train,0.7435945,0.8543111,0.7297070,0.8485470
2012-02-17 23:59:54,train,0.7447389,0.8475764,0.7297070,0.8486740
2012-02-18 23:59:54,train,0.7374094,0.8472726,0.7297070,0.8488000
2012-02-19 23:59:54,train,0.7400077,0.8586084,0.7297070,0.8489270
2012-02-20 23:59:54,train,0.7419835,0.8594179,0.7297070,0.8490530
2012-02-21 23:59:54,train,0.7330271,0.8531651,0.7297070,0.8491790
2012-02-22 23:59:54,train,0.7326704,0.8517129,0.7297070,0.8493060
2012-02-23 23:59:54,train,0.7314753,0.8487970,0.7297070,0.8494320
2012-02-24 23:59:54,train,0.7295799,0.8501737,0.7297070,0.8495590
2012-02-25 23:59:54,train,0.7261701,0.8510716,0.7297070,0.8496850
2012-02-26 23:59:54,train,0.7278141,0.8518445,0.7297070,0.8498110
2012-02-27 23:59:54,train,0.7287747,0.8497112,0.7297070,0.8499380
2012-02-28 23:59:54,train,0.7179137,0.8386893,0.7297070,0.8500640
2012-02-29 23:59:54,train,0.7308776,0.8439168,0.7297070,0.8501910
2012-03-01 23:53:54,train,0.7264937,0.8451492,0.7297070,0.8503170
2012-03-02 23:59:54,train,0.7282526,0.8504806,0.7297070,0.8505700
2012-03-03 23:59:54,train,0.7235209,0.8528753,0.7297070,0.8505700
2012-03-04 23:53:54,train,0.7407892,0.8590028,0.7297070,0.8506960
2012-03-05 23:59:54,train,0.7264039,0.8562771,0.7297070,0.8509490
2012-03-06 23:59:54,train,0.7253905,0.8452949,0.7297070,0.8509490
2012-03-07 23:59:54,train,0.7269571,0.8465284,0.7297070,0.8510760
2012-03-08 23:59:54,train,0.7354302,0.8570198,0.7297070,0.8512020
2012-03-09 23:59:54,train,0.7267430,0.8477001,0.7297070,0.8513280
2012-03-10 23:59:54,train,0.7213385,0.8547224,0.7297070,0.8514550
2012-03-11 23:53:54,train,0.7346510,0.8601273,0.7297070,0.8515810
2012-03-12 23:59:54,train,0.7217395,0.8517774,0.7297070,0.8518340
2012-03-13 23:59:54,train,0.7266811,0.8518954,0.7297070,0.8518340
2012-03-14 23:59:54,train,0.7237362,0.8500835,0.7297070,0.8519600
2012-03-15 23:59:54,train,0.7227176,0.8494213,0.7297070,0.8520870
2012-03-16 23:59:54,train,0.7241651,0.8494914,0.7297070,0.8522130
2012-03-17 23:59:54,train,0.7269430,0.8521107,0.7297070,0.8523400
2012-03-18 23:59:54,train,0.7266668,0.8509204,0.7297070,0.8524660
2012-03-19 23:59:54,train,0.7252483,0.8505689,0.7297070,0.8525930
2012-03-20 23:59:54,train,0.7196385,0.8455221,0.7297070,0.8527190
2012-03-21 23:59:54,train,0.7282969,0.8450327,0.7297070,0.8528450
2012-03-22 23:59:54,train,0.7268182,0.8501546,0.7297070,0.8529720
2012-03-23 23:53:54,train,0.7191473,0.8513320,0.7297070,0.8530980
2012-03-24 23:59:54,train,0.7337625,0.8621077,0.7297070,0.8533510
2012-03-25 23:59:54,train,0.7309682,0.8466873,0.7297070,0.8533510
2012-03-26 23:59:54,train,0.7281795,0.8496246,0.7297070,0.8534770
2012-03-27 23:53:54,train,0.7215793,0.8580535,0.7297070,0.8536040
2012-03-28 23:59:54,train,0.7330568,0.8546494,0.7297070,0.8538570
2012-03-29 23:59:54,train,0.7240374,0.8525037,0.7297070,0.8538570
2012-03-30 23:59:54,train,0.7180760,0.8472004,0.7297070,0.8539830
2012-03-31 23:59:54,train,0.7193145,0.8484668,0.7297070,0.8541090
2012-04-01 23:59:54,train,0.7084758,0.8452587,0.7297070,0.8542360
2012-04-02 23:59:54,train,0.7224722,0.8473729,0.7297070,0.8543620
2012-04-03 23:59:54,train,0.7157808,0.8500851,0.7297070,0.8544890
2012-04-04 23:59:54,train,0.7132939,0.8431703,0.7297070,0.8546150
2012-04-05 23:59:54,train,0.7078896,0.8485232,0.7297070,0.8547420
2012-04-06 23:59:54,train,0.7183042,0.8453215,0.7297070,0.8548680
2012-04-07 23:53:54,train,0.7083903,0.8451879,0.7297070,0.8549940
2012-04-08 23:59:54,train,0.7034292,0.8443249,0.7297070,0.8552470
2012-04-09 23:59:54,train,0.7114595,0.8480632,0.6995820,0.8552470
2012-04-10 23:59:54,train,0.7018734,0.8446779,0.6993720,0.8401160
2012-04-11 23:59:54,train,0.6862601,0.8004861,0.6991620,0.8400070
2012-04-12 23:59:54,train,0.6888467,0.8155863,0.6989520,0.8398980
2012-04-13 23:53:54,train,0.6884825,0.8165218,0.6989520,0.8397890
2012-04-14 23:59:54,train,0.6840672,0.8191705,0.6985320,0.8395700
2012-04-15 23:59:54,train,0.6868929,0.8192294,0.6983220,0.8395700
2012-04-16 23:53:54,train,0.6848570,0.8167646,0.6983220,0.8394610
2012-04-17 23:59:54,train,0.6930414,0.8218454,0.6979030,0.8392430
2012-04-18 23:59:54,train,0.6870667,0.8095109,0.6976930,0.8392430
2012-04-19 23:59:54,train,0.7076181,0.8219385,0.6974830,0.8391330
2012-04-20 23:59:54,train,0.6973155,0.8193699,0.6972730,0.8390240
2012-04-21 23:59:54,train,0.7039117,0.8086945,0.6970630,0.8389150
2012-04-22 23:59:54,train,0.6881961,0.8234823,0.6968530,0.8388060
2012-04-23 23:59:54,train,0.6985564,0.8239330,0.6966430,0.8386960
2012-04-24 23:59:54,train,0.6829816,0.8189508,0.6964330,0.8385870
2012-04-25 23:59:54,train,0.7028260,0.8294012,0.6962240,0.8384780
2012-04-26 23:59:54,train,0.6956151,0.8214685,0.6960140,0.8383690
2012-04-27 23:59:54,train,0.7007925,0.8258669,0.6958040,0.8382600
2012-04-28 23:59:54,train,0.6992863,0.8326641,0.6955940,0.8381500
2012-04-29 23:59:54,train,0.7114490,0.8317645,0.6953840,0.8380410
2012-04-30 23:59:54,train,0.7039628,0.8408874,0.6951740,0.8379320
2012-05-01 23:59:54,train,0.6993936,0.8267500,0.6949640,0.8378230
2012-05-02 23:59:54,train,0.6810931,0.8223087,0.6947540,0.8377140
2012-05-03 23:53:54,train,0.6935775,0.8319386,0.6947540,0.8376040
2012-05-04 23:59:54,train,0.6981490,0.8344520,0.6943350,0.8373860
2012-05-05 23:53:54,train,0.6783809,0.8252765,0.6943350,0.8373860
2012-05-06 23:59:54,train,0.6979340,0.8361557,0.6939150,0.8371670
2012-05-07 23:59:54,train,0.6864315,0.8346692,0.6937050,0.8371670
2012-05-08 23:59:54,train,0.7003053,0.8430362,0.6934950,0.8370580
2012-05-09 23:59:54,train,0.6996644,0.8407885,0.6932850,0.8369490
2012-05-10 23:59:54,train,0.7088923,0.8454781,0.6930750,0.8368400
2012-05-11 23:59:54,train,0.6871269,0.8284281,0.6928660,0.8367310
2012-05-12 23:59:54,train,0.6898091,0.8288478,0.6926560,0.8366210
2012-05-13 23:59:54,train,0.6950768,0.8373490,0.6924460,0.8365120
2012-05-14 23:59:54,train,0.6879681,0.8329095,0.6922360,0.8364030
2012-05-15 23:59:54,train,0.7040929,0.8402934,0.6920260,0.8362940
2012-05-16 23:59:54,train,0.6942236,0.8409110,0.6918160,0.8361850
2012-05-17 23:59:54,train,0.6903974,0.8301620,0.6916060,0.8360750
2012-05-18 23:59:54,train,0.6948720,0.8362232,0.6913960,0.8359660
2012-05-19 23:59:54,train,0.6728572,0.8236165,0.6911870,0.8358570
2012-05-20 23:59:54,train,0.6872574,0.8266140,0.6909770,0.8357480
2012-05-21 23:53:54,train,0.6898867,0.8411723,0.6909770,0.8356380
2012-05-22 23:59:54,train,0.6920553,0.8325984,0.6905570,0.8354200
2012-05-23 23:59:54,train,0.6788935,0.8271760,0.6903470,0.8354200
2012-05-25 23:59:54,train,0.6999746,0.8367997,0.6899270,0.8350920
2012-05-26 23:59:54,train,0.7089856,0.8464307,0.6897170,0.8350920
2012-05-27 23:59:54,train,0.7021390,0.8471183,0.6895080,0.8349830
2012-05-28 23:53:54,train,0.7063967,0.8457182,0.6895080,0.8348740
2012-05-30 23:59:54,train,0.7003382,0.8425901,0.6888780,0.8345460
2012-05-31 23:59:54,train,0.6935816,0.8475561,0.6886680,0.8345460
2012-06-01 23:59:54,train,0.6987657,0.8433371,0.6884580,0.8344370
2012-06-02 23:59:54,train,0.7022979,0.8366382,0.6882480,0.8343280
2012-06-03 23:53:54,train,0.6956199,0.8432196,0.6882480,0.8342190
2012-06-04 23:59:54,train,0.7031266,0.8472056,0.6878290,0.8340000
2012-06-06 23:59:54,train,0.6963225,0.8404092,0.6874090,0.8338910
2012-06-07 23:59:54,train,0.7055410,0.8448814,0.6871990,0.8337820
2012-06-08 23:59:54,train,0.6944975,0.8379740,0.6869890,0.8336730
2012-06-09 23:59:54,train,0.6975988,0.8485162,0.6867790,0.8335630
2012-06-10 23:59:54,train,0.6940501,0.8396546,0.6865690,0.8334540
2012-06-11 23:59:54,train,0.6935698,0.8357530,0.6863600,0.8333450
2012-06-12 23:59:54,train,0.6877998,0.8391386,0.6861500,0.8332360
2012-06-13 23:53:54,train,0.6991373,0.8364680,0.6861500,0.8331260
2012-06-14 23:59:54,train,0.6892573,0.8402270,0.6857300,0.8329080
2012-06-15 23:53:54,train,0.6941274,0.8400942,0.6857300,0.8329080
2012-06-16 23:59:54,train,0.6853572,0.8363063,0.6853100,0.8326900
2012-06-17 23:59:54,train,0.6885053,0.8340062,0.6851000,0.8326900
2012-06-18 23:59:54,train,0.6884258,0.8379933,0.6848900,0.8325800
2012-06-19 23:59:54,train,0.6928189,0.8385534,0.6846810,0.8324710
2012-06-20 23:59:54,train,0.6906561,0.8376007,0.6844710,0.8323620
2012-06-21 23:59:54,train,0.6802218,0.8259671,0.6842610,0.8322530
2012-06-22 23:59:54,train,0.6895085,0.8420775,0.6840510,0.8321440
2012-06-23 23:59:54,train,0.6945152,0.8400679,0.6838410,0.8320340
2012-06-24 23:59:54,train,0.6927770,0.8401349,0.6836310,0.8319250
2012-06-25 23:59:54,train,0.7044235,0.8443456,0.6834210,0.8318160
2012-06-26 23:59:54,train,0.6864177,0.8400263,0.6832110,0.8317070
2012-06-27 23:59:54,train,0.6956768,0.8351566,0.6830020,0.8315980
2012-06-28 23:59:54,train,0.6927379,0.8366096,0.6827920,0.8314880
2012-06-29 23:59:54,train,0.6880978,0.8413429,0.6825820,0.8313790
2012-06-30 23:59:54,train,0.6858001,0.8422993,0.6823720,0.8312700
2012-07-01 23:53:53,train,0.6961603,0.8408673,0.6823720,0.8311610
2012-07-02 23:59:53,train,0.6965446,0.8396603,0.6819520,0.8309420
2012-07-03 23:59:53,train,0.6960429,0.8337771,0.6817420,0.8309420
2012-07-04 23:59:53,train,0.6801513,0.8248184,0.6815320,0.8308330
2012-07-05 23:59:53,train,0.6839285,0.8368858,0.6813230,0.8307240
2012-07-06 23:59:53,train,0.6944839,0.8434959,0.6811130,0.8306150
2012-07-07 23:59:53,train,0.6814858,0.8404994,0.6809030,0.8305050
2012-07-08 23:59:53,train,0.6890202,0.8409450,0.6806930,0.8303960
2012-07-09 23:59:53,train,0.6871237,0.8436668,0.6804830,0.8302870
2012-07-10 23:59:53,train,0.6911060,0.8428315,0.6802730,0.8301780
2012-07-11 23:59:53,train,0.6922639,0.8423981,0.6800630,0.8300680
2012-07-12 23:59:53,train,0.7012986,0.8492070,0.6798530,0.8299590
2012-07-13 23:59:53,train,0.6960819,0.8445514,0.6796440,0.8298500
2012-07-14 23:59:53,train,0.6913484,0.8380167,0.6794340,0.8297410
2012-07-15 23:59:53,train,0.6973947,0.8413316,0.6792240,0.8296320
2012-07-16 23:53:53,train,0.6776270,0.8370882,0.6792240,0.8295220
2012-07-17 23:59:53,train,0.6941346,0.8359674,0.6788040,0.8293040
2012-07-18 23:53:53,train,0.6887081,0.8401333,0.6788040,0.8293040
2012-07-19 23:59:53,train,0.6883894,0.8468657,0.6783840,0.8290860
2012-07-20 23:59:53,train,0.6957622,0.8461173,0.6781740,0.8290860
2012-07-21 23:53:53,train,0.6945988,0.8467013,0.6781740,0.8289760
2012-07-22 23:59:53,train,0.6914972,0.8476634,0.6777550,0.8287580
2012-07-23 23:59:53,train,0.6934302,0.8425040,0.6775450,0.8287580
2012-07-24 23:59:53,train,0.6954414,0.8446678,0.6773350,0.8286490
2012-07-25 23:59:53,train,0.6836864,0.8429079,0.6771250,0.8285390
2012-07-26 23:59:53,train,0.6826656,0.8436369,0.6769150,0.8284300
2012-07-27 23:59:53,train,0.6913199,0.8428571,0.6767050,0.8283210
2012-07-28 23:59:53,train,0.6902986,0.8462632,0.6764950,0.8282120
2012-07-29 23:59:53,train,0.6688172,0.8385501,0.6762860,0.8281030
2012-07-30 23:59:53,train,0.6827266,0.8308440,0.6760760,0.8279930
2012-07-31 23:59:53,train,0.6816027,0.8354642,0.6758660,0.8278840
2012-08-01 23:59:53,test,0.6782227,0.8199065,0.6756560,0.8277750
2012-08-02 23:59:53,test,0.6726049,0.8271840,0.6754460,0.8276660
2012-08-03 23:59:53,test,0.6829922,0.8348760,0.6752360,0.8275570
2012-08-04 23:59:53,test,0.6851985,0.8352236,0.6750260,0.8274470
2012-08-05 23:53:53,test,0.6800367,0.8301096,0.6750260,0.8273380
2012-08-06 23:59:53,test,0.6823695,0.8411161,0.6746070,0.8271200
2012-08-07 23:59:53,test,0.6725853,0.8280886,0.6743970,0.8271200
2012-08-08 23:59:53,test,0.6868306,0.8302457,0.6741870,0.8270100
2012-08-09 23:59:53,test,0.6803973,0.8272328,0.6739770,0.8269010
2012-08-10 23:59:53,test,0.6763722,0.8306066,0.6737670,0.8267920
2012-08-11 23:59:53,test,0.6821991,0.8353902,0.6735570,0.8266830
2012-08-12 23:53:53,test,0.6758080,0.8269016,0.6735570,0.8265740
2012-08-13 23:59:53,test,0.6773828,0.8313641,0.6731370,0.8263550
2012-08-14 23:53:53,test,0.6727512,0.8315602,0.6731370,0.8263550
2012-08-15 23:59:53,test,0.6858990,0.8358709,0.6727180,0.8261370
2012-08-17 00:05:53,test,0.6676323,0.8246879,0.6725080,0.8261370
2012-08-17 23:59:53,test,0.6687751,0.8239579,0.6722980,0.8260280
2012-08-18 23:59:53,test,0.6658307,0.8250769,0.6720880,0.8259180
2012-08-19 23:59:53,test,0.6688684,0.8268988,0.6718780,0.8258090
2012-08-20 23:59:53,test,0.6724306,0.8300269,0.6716680,0.8257000
2012-08-21 23:59:53,test,0.6765618,0.8379912,0.6714580,0.8255910
2012-08-22 23:59:53,test,0.6715456,0.8326699,0.6712490,0.8254810
2012-08-23 23:53:53,test,0.6668572,0.8257233,0.6712490,0.8253720
2012-08-24 23:59:53,test,0.6622221,0.8251785,0.6708290,0.8251540
2012-08-25 23:59:53,test,0.6510223,0.8205236,0.6706190,0.8251540
2012-08-26 23:59:53,test,0.6624304,0.8203481,0.6704090,0.8250450
2012-08-27 23:59:53,test,0.6551356,0.8164460,0.6701990,0.8249350
2012-08-28 23:59:53,test,0.6710967,0.8258786,0.6699890,0.8248260
2012-08-29 23:53:53,test,0.6471847,0.8299127,0.6699890,0.8247170
2012-08-31 00:05:53,test,0.6686156,0.8268221,0.6695700,0.8244990
2012-08-31 23:59:53,test,0.6638197,0.8145537,0.6693600,0.8244990
2012-09-01 23:59:53,test,0.6833510,0.8300316,0.6691500,0.8243890
2012-09-02 23:59:53,test,0.6807065,0.8269266,0.6689400,0.8242800
2012-09-03 23:59:53,test,0.6766851,0.8335308,0.6687300,0.8241710
2012-09-04 23:59:53,test,0.6748294,0.8432730,0.6685200,0.8240620
2012-09-05 23:53:53,test,0.6614988,0.8307221,0.6685200,0.8239520
2012-09-06 23:59:53,test,0.6739479,0.8301740,0.6681000,0.8237340
2012-09-07 23:59:53,test,0.6765103,0.8245035,0.6678910,0.8237340
2012-09-08 23:59:53,test,0.6773183,0.8316782,0.6676810,0.8236250
2012-09-09 23:59:53,test,0.6714088,0.8302242,0.6674710,0.8235160
2012-09-10 23:59:53,test,0.6699795,0.8210608,0.6672610,0.8234060
2012-09-11 23:59:53,test,0.6735031,0.8244124,0.6670510,0.8232970
2012-09-12 23:59:53,test,0.6775207,0.8223865,0.6668410,0.8231880
2012-09-13 23:59:53,test,0.6719860,0.8224355,0.6666310,0.8230790
2012-09-14 23:59:53,test,0.6601375,0.8229527,0.6664210,0.8229690
2012-09-15 23:59:53,test,0.6666357,0.8228778,0.6662120,0.8228600
2012-09-16 23:59:53,test,0.6680549,0.8234455,0.6660020,0.8227510
2012-09-17 23:53:53,test,0.6692492,0.8271072,0.6660020,0.8226420
2012-09-18 23:59:53,test,0.6577424,0.8173677,0.6655820,0.8224230
2012-09-19 23:59:53,test,0.6576334,0.8194349,0.6653720,0.8224230
2012-09-20 23:59:53,test,0.6639412,0.8327614,0.6651620,0.8223140
2012-09-21 23:59:53,test,0.6673789,0.8323510,0.6649520,0.8222050
2012-09-22 23:59:53,test,0.6599995,0.8244324,0.6647420,0.8220960
2012-09-23 23:59:53,test,0.6543702,0.8145383,0.6645330,0.8219870
2012-09-24 23:59:53,test,0.6530828,0.8244244,0.6643230,0.8218770
2012-09-25 23:59:53,test,0.6660463,0.8252463,0.6641130,0.8217680
2012-09-26 23:59:53,test,0.6653712,0.8263425,0.6639030,0.8216590
2012-09-27 23:59:53,test,0.6696878,0.8271694,0.6636930,0.8215500
2012-09-28 23:59:53,test,0.6710248,0.8262774,0.6634830,0.8214410
2012-09-29 23:59:53,test,0.6636248,0.8217316,0.6632730,0.8213310
2012-09-30 23:59:53,test,0.6550841,0.8230789,0.6630630,0.8212220
2012-10-01 23:59:53,test,0.6640822,0.8201376,0.6628540,0.8211130
2012-10-02 23:59:53,test,0.6793526,0.8287871,0.6626440,0.8210040
2012-10-04 23:59:53,test,0.6677582,0.8259343,0.6622240,0.8207850
2012-10-05 23:59:53,test,0.6669317,0.8237578,0.6620140,0.8206760
2012-10-06 23:59:53,test,0.6709549,0.8244883,0.6618040,0.8205670
2012-10-07 23:53:53,test,0.6672536,0.8223441,0.6618040,0.8204580
2012-10-08 23:59:53,test,0.6691925,0.8279444,0.6613840,0.8202390
2012-10-09 23:59:53,test,0.6617774,0.8228641,0.6611750,0.8202390
2012-10-10 23:59:53,test,0.6585882,0.8279063,0.6609650,0.8201300
2012-10-11 23:59:53,test,0.6650312,0.8307468,0.6607550,0.8200210
2012-10-12 23:59:53,test,0.6721853,0.8294433,0.6605450,0.8199110
2012-10-13 23:59:53,test,0.6625627,0.8272117,0.6603350,0.8198020
2012-10-14 23:59:53,test,0.6716584,0.8322749,0.6601250,0.8196930
2012-10-15 23:59:53,test,0.6682089,0.8265160,0.6599150,0.8195840
2012-10-16 23:59:53,test,0.6700928,0.8286101,0.6597050,0.8194750
2012-10-17 23:59:53,test,0.6634946,0.8276663,0.6594960,0.8193650
2012-10-18 23:59:53,test,0.6557426,0.8185246,0.6592860,0.8192560
2012-10-19 23:59:53,test,0.6585580,0.8186543,0.6590760,0.8191470
2012-10-20 23:59:53,test,0.6560090,0.8148335,0.6588660,0.8190380
2012-10-21 23:59:53,test,0.6562921,0.8183261,0.6586560,0.8189290
2012-10-22 23:59:53,test,0.6607636,0.8212512,0.6584460,0.8188190
2012-10-23 23:59:53,test,0.6631150,0.8222591,0.6582360,0.8187100
2012-10-24 23:59:53,test,0.6671652,0.8281904,0.6580260,0.8186010
2012-10-25 23:59:53,test,0.6716958,0.8247973,0.6578170,0.8184920
2012-10-26 23:59:53,test,0.6703064,0.8246052,0.6576070,0.8183820
2012-10-27 23:59:53,test,0.6665522,0.8281763,0.6573970,0.8182730
2012-10-28 23:59:53,test,0.6686159,0.8317289,0.6571870,0.8181640
2012-10-29 23:59:53,test,0.6757891,0.8375403,0.6569770,0.8180550
2012-10-30 23:59:53,test,0.6650408,0.8288798,0.6567670,0.8179460
2012-10-31 23:59:53,test,0.6740795,0.8258656,0.6565570,0.8178360
2012-11-01 23:59:53,holdout,0.6603659,0.8253278,0.6563470,0.8177270
2012-11-02 23:59:53,holdout,0.6605009,0.8243173,0.6561380,0.8176180
2012-11-03 23:59:53,holdout,0.6584252,0.8258371,0.6559280,0.8175090
2012-11-04 23:59:53,holdout,0.6556187,0.8206469,0.6557180,0.8174000
2012-11-05 23:59:53,holdout,0.6495728,0.8254989,0.6555080,0.8172900
2012-11-06 23:59:53,holdout,0.6612523,0.8250747,0.6552980,0.8171810
2012-11-07 23:59:53,holdout,0.6602275,0.8209754,0.6550880,0.8170720
2012-11-08 23:59:53,holdout,0.6645285,0.8169608,0.6548780,0.8169630
2012-11-09 23:59:53,holdout,0.6535224,0.8202517,0.6546680,0.8168530
2012-11-10 23:59:53,holdout,0.6561418,0.8285112,0.6544590,0.8167440
2012-11-11 23:59:53,holdout,0.6543295,0.8197391,0.6542490,0.8166350
2012-11-12 23:59:53,holdout,0.6473332,0.8147745,0.6540390,0.8165260
2012-11-14 23:59:53,holdout,0.6486189,0.8188491,0.6536190,0.8163070
2012-11-15 23:59:53,holdout,0.6478881,0.8166978,0.6534090,0.8161980
2012-11-16 23:59:53,holdout,0.6492629,0.8218607,0.6531990,0.8160890
2012-11-17 23:59:53,holdout,0.6526922,0.8119066,0.6529890,0.8159800
2012-11-18 23:59:53,holdout,0.6481279,0.8076707,0.6527800,0.8158710
2012-11-19 23:59:53,holdout,0.6528227,0.8139024,0.6525700,0.8157610
2012-11-20 23:53:53,holdout,0.6521996,0.8110924,0.6525700,0.8156520
2012-11-21 23:59:53,holdout,0.6530117,0.8091162,0.6521500,0.8154340
2012-11-22 23:59:53,holdout,0.6580294,0.8175001,0.6519400,0.8154340
2012-11-23 23:59:53,holdout,0.6547802,0.8201951,0.6517300,0.8153240
2012-11-24 23:53:53,holdout,0.6461095,0.8148137,0.6517300,0.8152150
2012-11-25 23:59:53,holdout,0.6677576,0.8230137,0.6513100,0.8149970
2012-11-26 23:59:53,holdout,0.6556674,0.8233267,0.6511010,0.8149970
2012-11-27 23:59:53,holdout,0.6537111,0.8203630,0.6508910,0.8148880
2012-11-28 23:59:53,holdout,0.6507910,0.8239260,0.6506810,0.8147780
2012-11-29 23:59:53,holdout,0.6503730,0.8211626,0.6504710,0.8146690
2012-11-30 23:59:53,holdout,0.6582294,0.8184838,0.6502610,0.8145600
2012-12-01 23:59:53,holdout,0.6497230,0.8160298,0.6500510,0.8144510
2012-12-02 23:59:53,holdout,0.6583696,0.8184023,0.6498410,0.8143410
2012-12-03 23:59:53,holdout,0.6551554,0.8194632,0.6496310,0.8142320
2012-12-04 23:59:53,holdout,0.6521671,0.8185899,0.6494220,0.8141230
2012-12-05 23:59:53,holdout,0.6537217,0.8201858,0.6492120,0.8140140
2012-12-06 23:59:53,holdout,0.6516930,0.8188714,0.6490020,0.8139050
2012-12-07 23:59:53,holdout,0.6504303,0.8165045,0.6487920,0.8137950
2012-12-08 23:59:53,holdout,0.6436540,0.8151255,0.6485820,0.8136860
2012-12-09 23:59:53,holdout,0.6576012,0.8089080,0.6483720,0.8135770
2012-12-10 23:59:53,holdout,0.6507086,0.8172237,0.6481620,0.8134680
2012-12-11 23:59:53,holdout,0.6437171,0.8109443,0.6479520,0.8133590
2012-12-12 23:59:53,holdout,0.6449748,0.8136227,0.6477430,0.8132490
2012-12-13 23:59:53,holdout,0.6403045,0.8104959,0.6475330,0.8131400
2012-12-14 23:53:53,holdout,0.6429906,0.8108357,0.6475330,0.8130310
2012-12-15 23:59:53,holdout,0.6433002,0.8099994,0.6471130,0.8128130
2012-12-16 23:59:53,holdout,0.6426190,0.8029496,0.6469030,0.8128130
2012-12-17 23:59:53,holdout,0.6461800,0.8112476,0.6466930,0.8127030
2012-12-18 23:59:53,holdout,0.6450130,0.8111526,0.6464830,0.8125940
2012-12-19 23:59:53,holdout,0.6527097,0.8226569,0.6462730,0.8124850
2012-12-20 23:53:53,holdout,0.6571911,0.8190954,0.6462730,0.8123760
2012-12-21 23:59:53,holdout,0.6526294,0.8168267,0.6458540,0.8121570
2012-12-22 23:53:53,holdout,0.6543475,0.8129136,0.6458540,0.8121570
2012-12-23 23:59:53,holdout,0.6563626,0.8213322,0.6454340,0.8119390
2012-12-24 23:59:53,holdout,0.6596036,0.8176641,0.6452240,0.8119390
2012-12-25 23:59:53,holdout,0.6548441,0.8172182,0.6450140,0.8118300
2012-12-26 23:59:53,holdout,0.6517299,0.8168939,0.6448040,0.8117200
2012-12-27 23:59:53,holdout,0.6452536,0.8111425,0.6445940,0.8116110
2012-12-28 23:59:53,holdout,0.6532307,0.8116050,0.6443850,0.8115020
2012-12-29 23:59:53,holdout,0.6454026,0.8123901,0.6441750,0.8113930
2012-12-30 23:53:53,holdout,0.6442552,0.8182210,0.6441750,0.8112830
2012-12-31 23:59:53,holdout,0.6502159,0.8173088,0.6437550,0.8110650
2013-01-01 23:59:53,train,0.6439908,0.8071720,0.6435450,0.8110650
2013-01-02 23:59:53,train,0.6482194,0.8091651,0.6433350,0.8109560
2013-01-03 23:59:53,train,0.6368855,0.8020368,0.6431250,0.8108470
2013-01-04 23:59:53,train,0.6332146,0.8070128,0.6429150,0.8107370
2013-01-05 23:59:53,train,0.6377536,0.8029947,0.6427060,0.8106280
2013-01-06 23:59:53,train,0.6427901,0.8031875,0.6424960,0.8105190
2013-01-07 23:59:53,train,0.6448921,0.8057166,0.6422860,0.8104100
2013-01-08 23:59:53,train,0.6374570,0.7989078,0.6420760,0.8103010
2013-01-09 23:59:53,train,0.6296995,0.8066855,0.6418660,0.8101910
2013-01-10 23:59:53,train,0.6507394,0.8088117,0.6416560,0.8100820
2013-01-11 23:59:53,train,0.6349959,0.7994128,0.6414460,0.8099730
2013-01-12 23:59:53,train,0.6307093,0.8094595,0.6412360,0.8098640
2013-01-13 23:59:53,train,0.6421222,0.8105614,0.6410270,0.8097540
2013-01-14 23:59:53,train,0.6334015,0.8086477,0.6408170,0.8096450
2013-01-15 23:59:53,train,0.6375248,0.8077729,0.6406070,0.8095360
2013-01-16 23:59:53,train,0.6379803,0.8047079,0.6403970,0.8094270
2013-01-17 23:59:53,train,0.6433203,0.8080459,0.6401870,0.8093180
2013-01-18 23:59:53,train,0.6408840,0.8127703,0.6399770,0.8092080
2013-01-19 23:59:53,train,0.6477069,0.8150386,0.6397670,0.8090990
2013-01-20 23:59:53,train,0.6403960,0.8107395,0.6395570,0.8089900
2013-01-21 23:59:53,train,0.6450832,0.8155879,0.6393480,0.8088810
2013-01-22 23:59:53,train,0.6474017,0.8106511,0.6391380,0.8087720
2013-01-23 23:59:53,train,0.6455391,0.8104005,0.6389280,0.8086620
2013-01-24 23:59:53,train,0.6375377,0.8125852,0.6387180,0.8085530
2013-01-25 23:59:53,train,0.6430609,0.8096636,0.6385080,0.8084440
2013-01-26 23:59:53,train,0.6351661,0.8082805,0.6382980,0.8083350
2013-01-27 23:53:53,train,0.6392202,0.8121399,0.6382980,0.8082250
2013-01-28 23:59:53,train,0.6446986,0.8101212,0.6378780,0.8080070
2013-01-29 23:59:53,train,0.6380095,0.8084075,0.6376690,0.8080070
2013-01-30 23:59:53,train,0.6351538,0.8089427,0.6374590,0.8078980
2013-01-31 23:59:53,train,0.6319588,0.8045902,0.6372490,0.8077890
2013-02-01 23:53:53,train,0.6360849,0.8102711,0.6372490,0.8076790
2013-02-02 23:59:53,train,0.6467348,0.8186165,0.6368290,0.8074610
2013-02-03 23:59:53,train,0.6430421,0.8167452,0.6366190,0.8074610
2013-02-04 23:59:53,train,0.6566566,0.8181028,0.6364090,0.8073520
2013-02-05 23:59:53,train,0.6440451,0.8180350,0.6361990,0.8072430
2013-02-06 23:59:53,train,0.6274019,0.8112528,0.6359900,0.8071330
2013-02-07 23:59:53,train,0.6319888,0.8095284,0.6357800,0.8070240
2013-02-08 23:59:53,train,0.6302612,0.8068491,0.6355700,0.8069150
2013-02-09 23:59:53,train,0.6373924,0.8113285,0.6353600,0.8068060
2013-02-10 23:59:53,train,0.6380935,0.8078927,0.6351500,0.8066960
2013-02-11 23:59:53,train,0.6380106,0.8058828,0.6349400,0.8065870
2013-02-12 23:59:53,train,0.6393797,0.8102561,0.6347300,0.8064780
2013-02-13 23:59:53,train,0.6361265,0.8120437,0.6345210,0.8063690
2013-02-14 23:59:53,train,0.6371970,0.8094569,0.6343110,0.8062600
2013-02-15 23:59:53,train,0.6333765,0.8068905,0.6407540,0.8061500
2013-02-16 23:59:53,train,0.6186656,0.7957628,0.6405040,0.8102380
2013-02-17 23:59:53,train,0.6339663,0.8125690,0.6402540,0.8100110
2013-02-18 23:59:53,train,0.6344920,0.8078693,0.6400040,0.8097840
2013-02-19 23:53:53,train,0.6339031,0.8149672,0.6400040,0.8095570
2013-02-20 23:59:53,train,0.6338401,0.8081077,0.6395040,0.8091040
2013-02-21 23:59:53,train,0.6315677,0.8063191,0.6392540,0.8091040
2013-02-22 23:59:53,train,0.6283556,0.8100553,0.6390040,0.8088770
2013-02-23 23:59:53,train,0.6373331,0.8126525,0.6387540,0.8086500
2013-02-24 23:59:53,train,0.6354324,0.8185780,0.6385040,0.8084230
2013-02-25 23:59:53,train,0.6333408,0.8154352,0.6382540,0.8081960
2013-02-26 23:59:53,train,0.6370864,0.8193139,0.6380040,0.8079690
2013-02-27 23:59:53,train,0.6444508,0.8144163,0.6377540,0.8077420
2013-02-28 23:53:53,train,0.6433173,0.8188251,0.6377540,0.8075150
2013-03-01 23:59:53,train,0.6378705,0.8132855,0.6372540,0.8070610
2013-03-02 23:59:53,train,0.6302046,0.8043307,0.6370040,0.8070610
2013-03-03 23:59:53,train,0.6366404,0.8111830,0.6367540,0.8068340
2013-03-04 23:59:53,train,0.6508130,0.8162953,0.6365040,0.8066070
2013-03-05 23:59:53,train,0.6429712,0.8094256,0.6362540,0.8063800
2013-03-06 23:59:53,train,0.6339845,0.8135902,0.6360040,0.8061530
2013-03-07 23:59:53,train,0.6331053,0.8024536,0.6357540,0.8059270
2013-03-08 23:59:53,train,0.6365449,0.8130343,0.6355040,0.8057000
2013-03-09 23:59:53,train,0.6292470,0.8032695,0.6352540,0.8054730
2013-03-10 23:59:53,train,0.6306999,0.8011807,0.6350040,0.8052460
2013-03-11 23:59:53,train,0.6425169,0.8160690,0.6347540,0.8050190
2013-03-12 23:59:53,train,0.6186558,0.8035817,0.6345040,0.8047920
2013-03-13 23:59:53,train,0.6206756,0.7998636,0.6342540,0.8045650
2013-03-14 23:59:53,train,0.6220974,0.7985299,0.6340040,0.8043380
2013-03-15 23:59:53,train,0.6312610,0.8059611,0.6337540,0.8041110
2013-03-16 23:59:53,train,0.6200022,0.8004023,0.6335040,0.8038840
2013-03-17 23:59:53,train,0.6212496,0.7966298,0.6332540,0.8036570
2013-03-18 23:59:53,train,0.6252667,0.8016141,0.6330040,0.8034300
2013-03-19 23:59:53,train,0.6201501,0.8006230,0.6327540,0.8032030
2013-03-20 23:59:53,train,0.6276923,0.8066374,0.6325040,0.8029760
2013-03-21 23:59:53,train,0.6217353,0.8035702,0.6322540,0.8027500
2013-03-22 23:59:53,train,0.6186609,0.7962177,0.6320040,0.8025230
2013-03-23 23:59:53,train,0.6269941,0.8087110,0.6317550,0.8022960
2013-03-24 23:59:53,train,0.6296608,0.8048363,0.6315040,0.8020690
2013-03-25 23:59:53,train,0.6375751,0.8119248,0.6312540,0.8018420
2013-03-26 23:53:53,train,0.6291716,0.8112657,0.6312540,0.8016150
2013-03-27 23:59:53,train,0.6312135,0.8079217,0.6307550,0.8011610
2013-03-28 23:59:53,train,0.6350058,0.8102255,0.6305050,0.8011610
2013-03-29 23:59:53,train,0.6333944,0.8116090,0.6302550,0.8009340
2013-03-30 23:53:53,train,0.6274367,0.8079053,0.6302550,0.8007070
2013-03-31 23:59:53,train,0.6313406,0.8020126,0.6297550,0.8002530
2013-04-01 23:59:53,train,0.6330560,0.8092834,0.6295050,0.8002530
2013-04-02 23:59:53,train,0.6239038,0.8036773,0.6292550,0.8000260
2013-04-03 23:59:53,train,0.6194622,0.8028296,0.6290050,0.7997990
2013-04-04 23:59:53,train,0.6219896,0.8057247,0.6287550,0.7995720
2013-04-05 23:59:53,train,0.6114427,0.7980351,0.6285050,0.7993460
2013-04-06 23:59:53,train,0.6247313,0.8027836,0.6282550,0.7991190
2013-04-07 23:59:53,train,0.6134370,0.8025043,0.6280050,0.7988920
2013-04-08 23:59:53,train,0.6073381,0.7882529,0.6277550,0.7986650
2013-04-09 23:59:53,train,0.6255084,0.8047491,0.6275050,0.7984380
2013-04-10 23:59:53,train,0.6229631,0.7980770,0.6272550,0.7982110
2013-04-11 23:59:53,train,0.6154733,0.7925404,0.6270050,0.7979840
2013-04-12 23:53:53,train,0.6163745,0.7983989,0.6270050,0.7977570
2013-04-13 23:59:53,train,0.6350089,0.8147119,0.6265050,0.7973030
2013-04-14 23:59:53,train,0.6260231,0.7986837,0.6262550,0.7973030
2013-04-15 23:59:53,train,0.6175643,0.7982761,0.6260050,0.7970760
2013-04-16 23:59:53,train,0.6222113,0.7972866,0.6257550,0.7968490
2013-04-18 00:05:53,train,0.6190269,0.8058866,0.6255050,0.7963950
2013-04-18 23:59:53,train,0.6228034,0.8038929,0.6252550,0.7963950
2013-04-19 23:59:53,train,0.6258895,0.8008715,0.6250050,0.7961690
2013-04-20 23:59:53,train,0.6211944,0.8012349,0.6247550,0.7959420
2013-04-21 23:59:53,train,0.6265114,0.8025821,0.6245050,0.7957150
2013-04-22 23:53:53,train,0.6190132,0.8004460,0.6245050,0.7954880
2013-04-23 23:59:53,train,0.6234922,0.8042688,0.6240050,0.7950340
2013-04-24 23:59:53,train,0.6232407,0.8065089,0.6237550,0.7950340
2013-04-25 23:59:53,train,0.6164132,0.8035694,0.6235050,0.7948070
2013-04-26 23:59:53,train,0.6161051,0.8043585,0.6232550,0.7945800
2013-04-27 23:59:53,train,0.6172293,0.8023027,0.6230050,0.7943530
2013-04-28 23:53:53,train,0.6120738,0.7997782,0.6230050,0.7941260
2013-04-29 23:59:53,train,0.6241465,0.8045173,0.6225050,0.7936720
2013-04-30 23:59:53,train,0.6099006,0.7945651,0.6222550,0.7936720
2013-05-01 23:59:53,train,0.6148589,0.7977990,0.6064640,0.7934450
2013-05-02 23:59:53,train,0.6101211,0.8017320,0.6062330,0.7870830
2013-05-03 23:59:53,train,0.6107144,0.7954524,0.6060030,0.7869570
2013-05-04 23:59:53,train,0.5977734,0.7867317,0.6057720,0.7868310
2013-05-05 23:59:53,train,0.6014029,0.7868173,0.6055420,0.7867050
2013-05-06 23:59:53,train,0.6005487,0.7838796,0.6053110,0.7865800
2013-05-07 23:59:53,train,0.6011248,0.7891218,0.6050810,0.7864540
2013-05-08 23:59:53,train,0.5974881,0.7856055,0.6048500,0.7863280
2013-05-09 23:59:53,train,0.5967557,0.7903925,0.6046200,0.7862020
2013-05-10 23:59:53,train,0.6015379,0.7900010,0.6043890,0.7860760
2013-05-11 23:59:53,train,0.6028597,0.7917842,0.6041590,0.7859500
2013-05-12 23:59:53,train,0.6037120,0.7865439,0.6039280,0.7858240
2013-05-13 23:59:53,train,0.5954949,0.7771574,0.6036970,0.7856980
2013-05-14 23:59:53,train,0.5958120,0.7828208,0.6034670,0.7855720
2013-05-15 23:59:53,train,0.5968356,0.7884316,0.6032360,0.7854460
2013-05-16 23:59:53,train,0.5949851,0.7813404,0.6030060,0.7853200
2013-05-17 23:59:53,train,0.5945931,0.7883562,0.6027750,0.7851940
2013-05-18 23:59:53,train,0.5828401,0.7871152,0.6025450,0.7850680
2013-05-19 23:59:53,train,0.5967192,0.7778340,0.6023140,0.7849420
2013-05-20 23:59:53,train,0.5892135,0.7830383,0.6020840,0.7848160
2013-05-21 23:59:53,train,0.5949524,0.7790618,0.6018530,0.7846900
2013-05-22 23:59:53,train,0.5999162,0.7976043,0.6016230,0.7845640
2013-05-23 23:59:53,train,0.5927108,0.7861237,0.6013920,0.7844380
2013-05-24 23:59:53,train,0.5942355,0.7792758,0.6011610,0.7843120
2013-05-25 23:59:53,train,0.5992208,0.7847508,0.6009310,0.7841860
2013-05-26 23:59:53,train,0.5867946,0.7840687,0.6007000,0.7840600
2013-05-27 23:59:53,train,0.5903494,0.7830293,0.6004700,0.7839350
2013-05-28 23:59:53,train,0.6025846,0.7828925,0.6002390,0.7838090
2013-05-29 23:59:53,train,0.5934877,0.7863671,0.6000090,0.7836830
2013-05-30 23:59:53,train,0.5943615,0.7863658,0.5997780,0.7835570
2013-05-31 23:59:53,train,0.5814952,0.7800594,0.5995480,0.7834310
2013-06-01 23:59:53,train,0.5825073,0.7777754,0.5993170,0.7833050
2013-06-02 23:59:53,train,0.5810481,0.7728181,0.5990870,0.7831790
2013-06-03 23:59:53,train,0.5897208,0.7749311,0.5988560,0.7830530
2013-06-04 23:59:53,train,0.5929720,0.7831875,0.5986260,0.7829270
2013-06-05 23:59:53,train,0.5820897,0.7789149,0.5983950,0.7828010
2013-06-06 23:59:53,train,0.5860109,0.7817346,0.5981640,0.7826750
2013-06-07 23:59:53,train,0.5906120,0.7800236,0.5979340,0.7825490
2013-06-08 23:59:53,train,0.5848411,0.7839439,0.5977030,0.7824230
2013-06-09 23:59:53,train,0.5910787,0.7819455,0.5974730,0.7822970
2013-06-10 23:59:53,train,0.5822738,0.7792032,0.5972420,0.7821710
2013-06-11 23:59:53,train,0.5879106,0.7841021,0.5970120,0.7820450
2013-06-12 23:59:53,train,0.5948440,0.7806450,0.5967810,0.7819190
2013-06-13 23:59:53,train,0.5928993,0.7847911,0.5965510,0.7817930
2013-06-14 23:59:53,train,0.5937598,0.7821523,0.5963200,0.7816670
2013-06-15 23:59:53,train,0.5957443,0.7833604,0.5960900,0.7815410
2013-06-16 23:59:53,train,0.5929531,0.7927239,0.5958590,0.7814150
2013-06-17 23:59:53,train,0.5994489,0.7889680,0.5956280,0.7812900
2013-06-18 23:59:53,train,0.5800704,0.7819020,0.5953980,0.7811640
2013-06-19 23:59:53,train,0.5787222,0.7755432,0.5951670,0.7810380
2013-06-21 00:05:53,train,0.5936308,0.7849135,0.5949370,0.7807860
2013-06-21 23:59:53,train,0.5834369,0.7755668,0.5947060,0.7807860
2013-06-22 23:59:53,train,0.5901635,0.7866372,0.5944760,0.7806600
2013-06-23 23:59:53,train,0.5850040,0.7745963,0.5942450,0.7805340
2013-06-24 23:59:53,train,0.5886348,0.7844953,0.5940150,0.7804080
2013-06-25 23:59:53,train,0.5888185,0.7805757,0.5937840,0.7802820
2013-06-26 23:59:53,train,0.5887046,0.7827848,0.5935540,0.7801560
2013-06-27 23:59:53,train,0.5809431,0.7746794,0.5933230,0.7800300
2013-06-28 23:59:53,train,0.5880595,0.7802385,0.5930920,0.7799040
2013-06-29 23:59:53,train,0.5827750,0.7731682,0.5928620,0.7797780
2013-06-30 23:59:53,train,0.5862170,0.7792579,0.5926310,0.7796520
2013-07-01 23:59:53,train,0.5822676,0.7803594,0.5924010,0.7795260
2013-07-02 23:59:53,train,0.5818143,0.7781195,0.5921700,0.7794000
2013-07-03 23:59:53,train,0.5884772,0.7758887,0.5919400,0.7792740
2013-07-04 23:59:53,train,0.5919380,0.7809897,0.5917090,0.7791480
2013-07-05 23:59:53,train,0.5924453,0.7821854,0.5914790,0.7790220
2013-07-06 23:59:53,train,0.5977822,0.7849408,0.5912480,0.7788960
2013-07-07 23:59:53,train,0.5953485,0.7847001,0.5910180,0.7787700
2013-07-08 23:59:53,train,0.5903417,0.7866390,0.5907870,0.7786440
2013-07-09 23:59:53,train,0.5898300,0.7775029,0.5905570,0.7785180
2013-07-10 23:59:53,train,0.5930917,0.7862773,0.5903260,0.7783930
2013-07-11 23:59:53,train,0.5952443,0.7934762,0.5900950,0.7782670
2013-07-12 23:59:53,train,0.5897424,0.7826717,0.5898650,0.7781410
2013-07-13 23:59:53,train,0.5817872,0.7804825,0.5896340,0.7780150
2013-07-14 23:59:53,train,0.5705386,0.7762700,0.5894040,0.7778890
2013-07-15 23:59:53,train,0.5722669,0.7740418,0.5891730,0.7777630
2013-07-16 23:59:53,train,0.5815934,0.7733858,0.5889430,0.7776370
2013-07-17 23:59:53,train,0.5734690,0.7753821,0.5887120,0.7775110
2013-07-18 23:59:53,train,0.5852600,0.7774869,0.5884820,0.7773850
2013-07-19 23:59:53,train,0.5847251,0.7753260,0.5882510,0.7772590
2013-07-20 23:59:53,train,0.5886619,0.7785523,0.5880210,0.7771330
2013-07-21 23:59:53,train,0.5861825,0.7799893,0.5877900,0.7770070
2013-07-22 23:59:53,train,0.5888827,0.7763531,0.5875590,0.7768810
2013-07-23 23:59:53,train,0.5793621,0.7719033,0.5873290,0.7767550
2013-07-24 23:59:53,train,0.5808238,0.7716462,0.5870980,0.7766290
2013-07-25 23:59:53,train,0.5771890,0.7762254,0.5868680,0.7765030
2013-07-26 23:59:53,train,0.5872229,0.7785494,0.5866370,0.7763770
2013-07-27 23:59:53,train,0.5889592,0.7778792,0.5864070,0.7762510
2013-07-28 23:59:53,train,0.5907692,0.7891669,0.5861760,0.7761250
2013-07-29 23:59:53,train,0.5897185,0.7809286,0.5859460,0.7759990
2013-07-30 23:59:53,train,0.5897887,0.7823560,0.5857150,0.7758730
2013-07-31 23:59:53,train,0.5897210,0.7799641,0.5854850,0.7757480
2013-08-01 23:59:53,test,0.5771625,0.7781673,0.5852540,0.7756220
2013-08-02 23:59:53,test,0.5792059,0.7752604,0.5850230,0.7754960
2013-08-03 23:59:53,test,0.5687634,0.7687392,0.5847930,0.7753700
2013-08-04 23:59:53,test,0.5730282,0.7726934,0.5845620,0.7752440
2013-08-05 23:59:53,test,0.5840856,0.7711604,0.5843320,0.7751180
2013-08-06 23:59:53,test,0.5775385,0.7681715,0.5841010,0.7749920
2013-08-07 23:59:53,test,0.5753264,0.7683655,0.5838710,0.7748660
2013-08-08 23:59:53,test,0.5714773,0.7722054,0.5836400,0.7747400
2013-08-09 23:59:53,test,0.5733651,0.7681635,0.5834100,0.7746140
2013-08-10 23:59:53,test,0.5776825,0.7733618,0.5831790,0.7744880
2013-08-11 23:59:53,test,0.5694473,0.7719347,0.5829490,0.7743620
2013-08-12 23:59:53,test,0.5831826,0.7709495,0.5827180,0.7742360
2013-08-13 23:59:53,test,0.5694836,0.7698827,0.5824870,0.7741100
2013-08-14 23:59:53,test,0.5649329,0.7715960,0.5822570,0.7739840
2013-08-15 23:59:53,test,0.5862458,0.7754972,0.6484450,0.7738580
2013-08-16 23:59:53,test,0.6264650,0.8365344,0.6482630,0.8149560
2013-08-17 23:59:53,test,0.6243629,0.8365929,0.6480820,0.8152170
2013-08-18 23:59:53,test,0.6315156,0.8327004,0.6479000,0.8154770
2013-08-19 23:59:53,test,0.6255707,0.8300761,0.6477180,0.8157380
2013-08-20 23:59:53,test,0.6207563,0.8387741,0.6475370,0.8159990
2013-08-21 23:59:53,test,0.6265935,0.8315626,0.6473550,0.8162600
2013-08-22 23:59:53,test,0.6050826,0.8240910,0.6471740,0.8165200
2013-08-23 23:59:53,test,0.6240509,0.8303565,0.6469920,0.8167810
2013-08-24 23:59:53,test,0.6248422,0.8300272,0.6468100,0.8170420
2013-08-25 23:59:53,test,0.6302230,0.8363310,0.6466290,0.8173030
2013-08-26 23:59:53,test,0.6249145,0.8388633,0.6464470,0.8175630
2013-08-27 23:59:53,test,0.6200630,0.8323609,0.6462660,0.8178240
2013-08-28 23:59:53,test,0.6160449,0.8223172,0.6460840,0.8180850
2013-08-29 23:59:53,test,0.6088985,0.8188973,0.6459030,0.8183460
2013-08-30 23:59:53,test,0.6174768,0.8315328,0.6457210,0.8186060
2013-08-31 23:59:53,test,0.6175675,0.8258106,0.6455390,0.8188670
2013-09-01 23:59:53,test,0.6209225,0.8287646,0.6453580,0.8191280
2013-09-02 23:59:53,test,0.6156544,0.8233936,0.6451760,0.8193890
2013-09-03 23:59:53,test,0.6184959,0.8314035,0.6449950,0.8196490
2013-09-04 23:59:53,test,0.6146016,0.8271161,0.6448130,0.8199100
2013-09-05 23:59:53,test,0.6164401,0.8309078,0.6446310,0.8201710
2013-09-06 23:59:53,test,0.6130240,0.8248404,0.6444500,0.8204320
2013-09-07 23:59:53,test,0.6182466,0.8328201,0.6442680,0.8206920
2013-09-08 23:59:53,test,0.6246536,0.8290358,0.6440870,0.8209530
2013-09-09 23:59:53,test,0.6176896,0.8316498,0.6439050,0.8212140
2013-09-10 23:59:53,test,0.6239552,0.8315439,0.6437230,0.8214750
2013-09-11 23:59:53,test,0.6213685,0.8326816,0.6435420,0.8217350
2013-09-12 23:59:53,test,0.6133234,0.8316379,0.6433600,0.8219960
2013-09-13 23:59:53,test,0.6165122,0.8269310,0.6431790,0.8222570
2013-09-14 23:59:53,test,0.6154426,0.8283044,0.6429970,0.8225180
2013-09-15 23:59:53,test,0.6161762,0.8274447,0.6428150,0.8227780
2013-09-16 23:59:53,test,0.6138050,0.8290672,0.6426340,0.8230390
2013-09-17 23:59:53,test,0.6151342,0.8298840,0.6424520,0.8233000
2013-09-18 23:59:53,test,0.6171460,0.8276710,0.6422710,0.8235610
2013-09-19 23:59:53,test,0.6232086,0.8291553,0.6420890,0.8238210
2013-09-20 23:59:53,test,0.6249757,0.8405483,0.6419080,0.8240820
2013-09-21 23:59:53,test,0.6163818,0.8346533,0.6417260,0.8243430
2013-09-22 23:59:53,test,0.6097762,0.8271483,0.6415440,0.8246030
2013-09-23 23:59:53,test,0.6101003,0.8277196,0.6413630,0.8248640
2013-09-24 23:59:53,test,0.6118475,0.8342243,0.6411810,0.8251250
2013-09-25 23:59:53,test,0.6121528,0.8259705,0.6410000,0.8253860
2013-09-26 23:59:53,test,0.6074656,0.8200634,0.6408180,0.8256460
2013-09-27 23:59:53,test,0.6026586,0.8164033,0.6406360,0.8259070
2013-09-28 23:59:53,test,0.6134494,0.8245221,0.6404550,0.8261680
2013-09-29 23:59:53,test,0.6093616,0.8264372,0.6402730,0.8264290
2013-09-30 23:59:53,test,0.6174268,0.8249909,0.6400920,0.8266890
2013-10-01 23:59:53,test,0.6046811,0.8282902,0.6399100,0.8269500
2013-10-03 23:59:53,test,0.6111161,0.8283095,0.6395470,0.8274720
2013-10-04 23:59:53,test,0.6119816,0.8315882,0.6393650,0.8277320
2013-10-05 23:59:53,test,0.6215000,0.8270884,0.6391840,0.8279930
2013-10-06 23:59:53,test,0.6087266,0.8266887,0.6390020,0.8282540
2013-10-07 23:59:53,test,0.6202006,0.8299410,0.6388210,0.8285150
2013-10-08 23:59:53,test,0.6201509,0.8291752,0.6386390,0.8287750
2013-10-09 23:59:53,test,0.6259412,0.8296961,0.6384570,0.8290360
2013-10-10 23:59:53,test,0.6286162,0.8357357,0.6382760,0.8292970
2013-10-11 23:59:53,test,0.6144662,0.8298133,0.6380940,0.8295580
2013-10-12 23:59:53,test,0.6047205,0.8150735,0.6379130,0.8298180
2013-10-13 23:59:53,test,0.6086766,0.8218582,0.6377310,0.8300790
2013-10-14 23:59:53,test,0.6085540,0.8165550,0.6375490,0.8303400
2013-10-15 23:59:53,test,0.6136930,0.8302288,0.6373680,0.8306010
2013-10-16 23:59:53,test,0.6223221,0.8318586,0.6371860,0.8308610
2013-10-17 23:59:53,test,0.6148418,0.8294137,0.6370050,0.8311220
2013-10-18 23:59:53,test,0.6094770,0.8301715,0.6368230,0.8313830
2013-10-19 23:59:53,test,0.6080073,0.8306948,0.6366410,0.8316440
2013-10-20 23:59:53,test,0.6110119,0.8312607,0.6364600,0.8319040
2013-10-21 23:59:53,test,0.6117945,0.8242670,0.6362780,0.8321650
2013-10-22 23:59:53,test,0.6070862,0.8211024,0.6360970,0.8324260
2013-10-23 23:59:53,test,0.6088610,0.8212196,0.6359150,0.8326870
2013-10-24 23:53:53,test,0.6055022,0.8184687,0.6359150,0.8329470
2013-10-25 23:59:53,test,0.6243165,0.8292241,0.6355520,0.8334690
2013-10-26 23:59:53,test,0.6074840,0.8265353,0.6353700,0.8334690
2013-10-27 23:59:53,test,0.6090513,0.8277591,0.6351890,0.8337300
2013-10-28 23:59:53,test,0.6146440,0.8336837,0.6350070,0.8339900
2013-10-29 23:59:53,test,0.6210445,0.8283672,0.6348260,0.8342510
2013-10-30 23:59:53,test,0.6130489,0.8254491,0.6346440,0.8345120
2013-10-31 23:59:53,test,0.6143299,0.8283753,0.6344620,0.8347730
2013-11-01 23:59:53,holdout,0.6164569,0.8292112,0.6342810,0.8350330
2013-11-02 23:59:53,holdout,0.6158037,0.8332696,0.6340990,0.8352940
2013-11-03 23:59:53,holdout,0.6242721,0.8343306,0.6339180,0.8355550
2013-11-04 23:59:53,holdout,0.6191831,0.8322913,0.6337360,0.8358150
2013-11-05 23:59:53,holdout,0.6186131,0.8351144,0.6335540,0.8360760
2013-11-06 23:59:53,holdout,0.6307097,0.8557714,0.6333730,0.8363370
2013-11-07 23:59:53,holdout,0.6302583,0.8611029,0.6331910,0.8365980
2013-11-08 23:59:53,holdout,0.6333286,0.8587126,0.6330100,0.8368580
2013-11-09 23:59:53,holdout,0.6315825,0.8529175,0.6328280,0.8371190
2013-11-10 23:59:53,holdout,0.6309117,0.8578945,0.6326460,0.8373800
2013-11-11 23:59:53,holdout,0.6311130,0.8594045,0.6324650,0.8376410
2013-11-12 23:59:53,holdout,0.6433342,0.8626508,0.6322830,0.8379010
2013-11-13 23:59:53,holdout,0.6341231,0.8638977,0.6321020,0.8381620
2013-11-14 23:59:53,holdout,0.6388162,0.8665712,0.6319200,0.8384230
2013-11-15 23:59:53,holdout,0.6313273,0.8702224,0.6317380,0.8386840
2013-11-16 23:59:53,holdout,0.6323300,0.8627450,0.6315570,0.8389440
2013-11-17 23:59:53,holdout,0.6332620,0.8528854,0.6313750,0.8392050
2013-11-18 23:59:53,holdout,0.6340603,0.8592089,0.6311940,0.8394660
2013-11-19 23:59:53,holdout,0.6267987,0.8553540,0.6310120,0.8397270
2013-11-20 23:59:53,holdout,0.6201991,0.8475871,0.6308310,0.8399870
2013-11-21 23:59:53,holdout,0.6288822,0.8562009,0.6306490,0.8402480
2013-11-22 23:59:53,holdout,0.6209716,0.8494397,0.6304670,0.8405090
2013-11-23 23:59:53,holdout,0.6222938,0.8493808,0.6302860,0.8407700
2013-11-24 23:59:53,holdout,0.6235679,0.8551460,0.6301040,0.8410300
2013-11-25 23:59:53,holdout,0.6317324,0.8513855,0.6299230,0.8412910
2013-11-26 23:59:53,holdout,0.6363103,0.8569190,0.6297410,0.8415520
2013-11-27 23:59:53,holdout,0.6280592,0.8619561,0.6295590,0.8418130
2013-11-28 23:59:53,holdout,0.6298518,0.8554390,0.6293780,0.8420730
2013-11-29 23:59:53,holdout,0.6368263,0.8615882,0.6291960,0.8423340
2013-11-30 23:59:53,holdout,0.6367025,0.8630936,0.6290150,0.8425950
2013-12-01 23:59:53,holdout,0.6284382,0.8579686,0.6288330,0.8428560
2013-12-02 23:59:53,holdout,0.6226795,0.8546974,0.6286510,0.8431160
2013-12-03 23:59:53,holdout,0.6226775,0.8548152,0.6284700,0.8433770
2013-12-04 23:59:53,holdout,0.6344096,0.8661169,0.6282880,0.8436380
2013-12-05 23:59:53,holdout,0.6388915,0.8596210,0.6281070,0.8438990
2013-12-06 23:59:53,holdout,0.6398704,0.8621303,0.6279250,0.8441590
2013-12-07 23:59:53,holdout,0.6249777,0.8589926,0.6277440,0.8444200
2013-12-08 23:59:53,holdout,0.6210552,0.8531606,0.6275620,0.8446810
2013-12-09 23:59:53,holdout,0.6282310,0.8617233,0.6273800,0.8449420
2013-12-10 23:59:53,holdout,0.6352025,0.8684746,0.6271990,0.8452020
2013-12-11 23:59:53,holdout,0.6160950,0.8534943,0.6270170,0.8454630
2013-12-12 23:59:53,holdout,0.6205396,0.8594025,0.6268360,0.8457240
2013-12-13 23:59:53,holdout,0.6254594,0.8526816,0.6266540,0.8459850
2013-12-14 23:59:53,holdout,0.6283939,0.8516057,0.6264720,0.8462450
2013-12-15 23:59:53,holdout,0.6195531,0.8432719,0.6262910,0.8465060
2013-12-16 23:59:53,holdout,0.6134297,0.8425885,0.6261090,0.8467670
2013-12-17 23:59:53,holdout,0.6202695,0.8449813,0.6259280,0.8470270
2013-12-18 23:59:53,holdout,0.6212165,0.8485951,0.6257460,0.8472880
2013-12-19 23:59:53,holdout,0.6159330,0.8455394,0.6255640,0.8475490
2013-12-20 23:59:53,holdout,0.6224520,0.8466142,0.6253830,0.8478100
2013-12-21 23:59:53,holdout,0.6206183,0.8513203,0.6252010,0.8480700
2013-12-23 00:05:53,holdout,0.6205936,0.8510500,0.6250200,0.8483310
2013-12-23 23:59:53,holdout,0.6245787,0.8516394,0.6248380,0.8485920
2013-12-24 23:59:53,holdout,0.6253758,0.8610117,0.6246560,0.8488530
2013-12-25 23:59:53,holdout,0.6233885,0.8565717,0.6244750,0.8491130
2013-12-26 23:59:53,holdout,0.6310548,0.8524349,0.6242930,0.8493740
2013-12-27 23:59:53,holdout,0.6246088,0.8498538,0.6241120,0.8496350
2013-12-28 23:59:53,holdout,0.6261601,0.8521309,0.6239300,0.8498960
2013-12-29 23:59:53,holdout,0.6309875,0.8526099,0.6237490,0.8501560
2013-12-30 23:59:53,holdout,0.6229396,0.8548378,0.6235670,0.8504170
2013-12-31 23:59:53,holdout,0.6262157,0.8533156,0.6233850,0.8509390
2014-01-01 23:59:53,train,0.6277453,0.8528143,0.6232040,0.8509390
2014-01-02 23:59:53,train,0.6320887,0.8609179,0.6230220,0.8511990
2014-01-03 23:59:53,train,0.6291787,0.8568869,0.6228410,0.8514600
2014-01-04 23:59:53,train,0.6269435,0.8572418,0.6226590,0.8517210
2014-01-05 23:59:53,train,0.6212069,0.8450633,0.6224770,0.8519820
2014-01-06 23:59:53,train,0.5972360,0.8337601,0.6222960,0.8522420
2014-01-07 23:59:53,train,0.6125995,0.8430045,0.6221140,0.8525030
2014-01-08 23:59:53,train,0.6077349,0.8343034,0.6219330,0.8527640
2014-01-09 23:59:53,train,0.6066361,0.8390480,0.6217510,0.8530250
2014-01-10 23:59:53,train,0.6129159,0.8405674,0.6215690,0.8532850
2014-01-11 23:59:53,train,0.6136230,0.8514249,0.6213880,0.8535460
2014-01-12 23:59:53,train,0.6019663,0.8396665,0.6212060,0.8538070
2014-01-13 23:59:53,train,0.6167288,0.8494815,0.6210250,0.8540680
2014-01-14 23:59:53,train,0.6169081,0.8452207,0.6208430,0.8543280
2014-01-15 23:59:53,train,0.6139610,0.8468098,0.6206610,0.8545890
2014-01-16 23:59:53,train,0.6146771,0.8492312,0.6204800,0.8548500
2014-01-17 23:59:53,train,0.6083232,0.8422983,0.6202980,0.8551110
2014-01-18 23:59:53,train,0.6131544,0.8565386,0.6201170,0.8553710
2014-01-19 23:59:53,train,0.6208718,0.8552635,0.6199350,0.8556320
2014-01-20 23:59:53,train,0.6306522,0.8606164,0.6197540,0.8558930
2014-01-21 23:59:53,train,0.6261092,0.8586552,0.6195720,0.8561540
2014-01-22 23:59:53,train,0.6253039,0.8541081,0.6193900,0.8564140
2014-01-23 23:59:53,train,0.6232877,0.8596012,0.6192090,0.8566750
2014-01-24 23:59:53,train,0.6234307,0.8580018,0.6190270,0.8569360
2014-01-25 23:59:53,train,0.6173068,0.8501548,0.6188460,0.8571970
2014-01-26 23:59:53,train,0.6155990,0.8553175,0.6186640,0.8574570
2014-01-27 23:59:53,train,0.6301833,0.8588817,0.6184820,0.8577180
2014-01-28 23:59:53,train,0.6209855,0.8550077,0.6183010,0.8579790
2014-01-29 23:59:53,train,0.6231874,0.8574013,0.6181190,0.8582390
2014-01-30 23:59:53,train,0.6166590,0.8590738,0.6179380,0.8585000
2014-01-31 23:59:53,train,0.6183996,0.8584421,0.6177560,0.8587610
2014-02-01 23:59:53,train,0.6228892,0.8567870,0.6175740,0.8590220
2014-02-02 23:59:53,train,0.6201136,0.8551962,0.6173930,0.8592820
2014-02-03 23:59:53,train,0.6138174,0.8586431,0.6172110,0.8595430
2014-02-04 23:59:53,train,0.6170061,0.8607435,0.6170300,0.8598040
2014-02-05 23:59:53,train,0.6148080,0.8564322,0.6168480,0.8600650
2014-02-06 23:59:53,train,0.6164538,0.8577777,0.6166670,0.8603250
2014-02-07 23:59:53,train,0.6044785,0.8533630,0.6164850,0.8605860
2014-02-08 23:59:53,train,0.6100845,0.8552558,0.6163030,0.8608470
2014-02-09 23:59:53,train,0.6154025,0.8549422,0.6161220,0.8611080
2014-02-10 23:59:53,train,0.6178126,0.8549715,0.6159400,0.8613680
2014-02-11 23:53:53,train,0.6122742,0.8467993,0.6159400,0.8616290
2014-02-12 23:59:53,train,0.6120503,0.8593506,0.6155770,0.8621510
2014-02-13 23:59:53,train,0.6155445,0.8556417,0.6153950,0.8621510
2014-02-14 23:59:53,train,0.6172394,0.8593847,0.6152140,0.8624110
2014-02-15 23:59:53,train,0.6308455,0.8693632,0.6150320,0.8626720
2014-02-16 23:53:53,train,0.6163677,0.8624268,0.6150320,0.8629330
2014-02-18 23:59:53,train,0.6109626,0.8630649,0.6144870,0.8637150
2014-02-19 23:59:53,train,0.6140579,0.8579015,0.6143060,0.8637150
2014-02-20 23:59:53,train,0.6108443,0.8579071,0.6141240,0.8639760
2014-02-21 23:59:53,train,0.6188516,0.8554791,0.6139430,0.8642370
2014-02-22 23:59:53,train,0.6041271,0.8525334,0.6137610,0.8644970
2014-02-23 23:59:53,train,0.6168752,0.8612922,0.6135800,0.8647580
2014-02-24 23:59:53,train,0.6134950,0.8621201,0.6133980,0.8650190
2014-02-25 23:59:53,train,0.6141884,0.8718744,0.6132160,0.8652800
2014-02-26 23:59:53,train,0.6116328,0.8643677,0.6130350,0.8655400
2014-02-27 23:53:53,train,0.6114098,0.8586001,0.6130350,0.8658010
2014-02-28 23:59:53,train,0.6080993,0.8786493,0.6126720,0.8663230
2014-03-01 23:59:53,train,0.6143203,0.8748119,0.6124900,0.8663230
2014-03-02 23:59:53,train,0.6135054,0.8797203,0.6123080,0.8665830
2014-03-03 23:59:53,train,0.6136308,0.8811235,0.6121270,0.8668440
2014-03-04 23:53:53,train,0.6072072,0.8856350,0.6121270,0.8671050
2014-03-05 23:59:53,train,0.6250379,0.8776751,0.6117640,0.8676260
2014-03-06 23:53:53,train,0.6115319,0.8705721,0.6117640,0.8676260
2014-03-07 23:59:53,train,0.6162407,0.8751587,0.6114000,0.8681480
2014-03-08 23:59:53,train,0.6149716,0.8819406,0.6112190,0.8681480
2014-03-09 23:59:53,train,0.6191292,0.8856174,0.6110370,0.8684090
2014-03-10 23:59:53,train,0.6328769,0.8772527,0.6108560,0.8686690
2014-03-11 23:59:53,train,0.6235433,0.8811307,0.6106740,0.8689300
2014-03-12 23:59:53,train,0.6223509,0.8782080,0.6104920,0.8691910
2014-03-13 23:59:53,train,0.6170099,0.8806367,0.6103110,0.8694510
2014-03-14 23:59:53,train,0.6186598,0.8788816,0.6101290,0.8697120
2014-03-15 23:59:53,train,0.6123052,0.8807443,0.6099480,0.8699730
2014-03-16 23:59:53,train,0.6141821,0.8794864,0.6097660,0.8702340
2014-03-17 23:59:53,train,0.6171850,0.8838950,0.6095850,0.8704940
2014-03-18 23:59:53,train,0.6118357,0.8782365,0.6094030,0.8707550
2014-03-19 23:59:53,train,0.5944318,0.8669772,0.6092210,0.8710160
2014-03-20 23:59:53,train,0.6045256,0.8741957,0.6090400,0.8712770
2014-03-21 23:59:53,train,0.6111570,0.8759889,0.6088580,0.8715370
2014-03-22 23:59:53,train,0.6095452,0.8772466,0.6086770,0.8717980
2014-03-23 23:59:53,train,0.6099597,0.8714059,0.6084950,0.8720590
2014-03-24 23:59:53,train,0.5982000,0.8688335,0.6083130,0.8723200
2014-03-25 23:59:53,train,0.6106765,0.8772079,0.6081320,0.8725800
2014-03-26 23:59:53,train,0.6197054,0.8807908,0.6079500,0.8728410
2014-03-27 23:59:53,train,0.6107156,0.8742271,0.6077690,0.8731020
2014-03-28 23:59:53,train,0.5913652,0.8496527,0.6075870,0.8733630
2014-03-29 23:59:53,train,0.6072069,0.8759056,0.6074050,0.8736230
2014-03-30 23:59:53,train,0.6074113,0.8789300,0.6072240,0.8738840
2014-03-31 23:59:53,train,0.5932578,0.8629581,0.6070420,0.8741450
2014-04-01 23:59:53,train,0.6025079,0.8636518,0.6068610,0.8744060
2014-04-02 23:59:53,train,0.5943430,0.8607830,0.6066790,0.8746660
2014-04-03 23:59:53,train,0.5989191,0.8719086,0.6064970,0.8749270
2014-04-04 23:59:53,train,0.6227630,0.8869006,0.6063160,0.8751880
2014-04-05 23:59:53,train,0.6147486,0.8761898,0.6061340,0.8754490
2014-04-06 23:53:53,train,0.6079700,0.8763002,0.6061340,0.8757090
2014-04-07 23:59:53,train,0.5990832,0.8721296,0.6057710,0.8762310
2014-04-08 23:59:53,train,0.6126129,0.8777378,0.6055900,0.8762310
2014-04-09 23:59:53,train,0.6081125,0.8777791,0.6054080,0.8764920
2014-04-10 23:59:53,train,0.6016061,0.8774136,0.6052260,0.8767520
2014-04-11 23:59:53,train,0.6014934,0.8729975,0.6050450,0.8770130
2014-04-12 23:59:53,train,0.6043086,0.8710619,0.6048630,0.8772740
2014-04-13 23:59:53,train,0.6022483,0.8792015,0.6046820,0.8775350
2014-04-14 23:59:53,train,0.6013982,0.8654839,0.6045000,0.8777950
2014-04-15 23:59:53,train,0.6084145,0.8805913,0.6043180,0.8780560
2014-04-16 23:59:53,train,0.6036243,0.8712949,0.6041370,0.8783170
2014-04-17 23:59:53,train,0.5975697,0.8787975,0.6039550,0.8785780
2014-04-18 23:59:53,train,0.6090960,0.8738663,0.6037740,0.8788380
2014-04-19 23:59:53,train,0.6073648,0.8763261,0.6035920,0.8790990
2014-04-20 23:59:53,train,0.6142105,0.8854251,0.6034100,0.8793600
2014-04-21 23:59:53,train,0.6172751,0.8862824,0.6032290,0.8796200
2014-04-22 23:59:53,train,0.6097677,0.8718328,0.6030470,0.8798810
2014-04-23 23:59:53,train,0.6082010,0.8686312,0.6028660,0.8801420
2014-04-24 23:59:53,train,0.6102747,0.8783099,0.6026840,0.8804030
2014-04-25 23:59:53,train,0.6043508,0.8720677,0.6025030,0.8806640
2014-04-26 23:59:53,train,0.6098259,0.8729195,0.6023210,0.8809240
2014-04-27 23:59:53,train,0.6148638,0.8742197,0.6021390,0.8811850
2014-04-28 23:59:53,train,0.6086613,0.8714384,0.6019580,0.8814460
2014-04-29 23:59:53,train,0.6036888,0.8715048,0.6017760,0.8817060
2014-04-30 23:59:53,train,0.6017943,0.8714258,0.6015950,0.8819670
2014-05-01 23:59:53,train,0.6132080,0.8784407,0.6015050,0.8822280
2014-05-02 23:59:53,train,0.6167927,0.8797630,0.6013370,0.8810960
2014-05-03 23:59:53,train,0.6047988,0.8760432,0.6011680,0.8810870
2014-05-04 23:59:53,train,0.6124290,0.8858536,0.6010000,0.8810780
2014-05-05 23:59:53,train,0.6140975,0.8779947,0.6008310,0.8810690
2014-05-06 23:59:53,train,0.5985573,0.8812408,0.6006630,0.8810610
2014-05-07 23:59:53,train,0.6050307,0.8759156,0.6004940,0.8810520
2014-05-08 23:53:53,train,0.6086115,0.8850522,0.6004940,0.8810430
2014-05-09 23:59:53,train,0.6209423,0.8925279,0.6001570,0.8810250
2014-05-10 23:59:53,train,0.6131442,0.8866810,0.5999890,0.8810250
2014-05-11 23:59:53,train,0.6006374,0.8706533,0.5998200,0.8810170
2014-05-12 23:59:53,train,0.6128003,0.8852873,0.5996520,0.8810080
2014-05-13 23:59:53,train,0.6163709,0.8901843,0.5994840,0.8809990
2014-05-14 23:59:53,train,0.6020001,0.8789718,0.5993150,0.8809900
2014-05-15 23:59:53,train,0.5876172,0.8779832,0.5991470,0.8809810
2014-05-16 23:59:53,train,0.6067724,0.8796372,0.5989780,0.8809730
2014-05-17 23:59:53,train,0.6056637,0.8884231,0.5988100,0.8809640
2014-05-18 23:59:53,train,0.6036344,0.8806285,0.5986410,0.8809550
2014-05-19 23:59:53,train,0.6027227,0.8739746,0.5984730,0.8809460
2014-05-20 23:59:53,train,0.5951111,0.8751112,0.5983040,0.8809370
2014-05-21 23:59:53,train,0.6074162,0.8790808,0.5981360,0.8809280
2014-05-22 23:59:53,train,0.6048989,0.8783887,0.5979670,0.8809200
2014-05-23 23:59:53,train,0.6050299,0.8804693,0.5977990,0.8809110
2014-05-24 23:59:53,train,0.6105770,0.8830288,0.5976300,0.8809020
2014-05-25 23:59:53,train,0.6059847,0.8686147,0.5974620,0.8808930
2014-05-26 23:53:53,train,0.6164172,0.8877745,0.5974620,0.8808840
2014-05-27 23:59:53,train,0.6046864,0.8816269,0.5971250,0.8808670
2014-05-28 23:53:53,train,0.6020505,0.8759304,0.5971250,0.8808670
2014-05-29 23:59:53,train,0.6108887,0.8782988,0.5967880,0.8808490
2014-05-30 23:53:53,train,0.6104869,0.8868972,0.5967880,0.8808490
2014-05-31 23:59:53,train,0.6076983,0.8828179,0.5964510,0.8808310
2014-06-01 23:59:53,train,0.6092221,0.8778451,0.5962830,0.8808310
2014-06-02 23:59:53,train,0.6061737,0.8848937,0.5961140,0.8808230
2014-06-03 23:59:53,train,0.6066708,0.8757197,0.5959460,0.8808140
2014-06-04 23:59:53,train,0.6082380,0.8835700,0.5957770,0.8808050
2014-06-05 23:59:53,train,0.6063767,0.8772667,0.5956090,0.8807960
2014-06-06 23:59:53,train,0.6060699,0.8778029,0.5954400,0.8807870
2014-06-07 23:59:53,train,0.6039558,0.8801813,0.5952720,0.8807790
2014-06-08 23:59:53,train,0.6041635,0.8835330,0.5951030,0.8807700
2014-06-09 23:59:53,train,0.6033337,0.8854397,0.5949350,0.8807610
2014-06-10 23:59:53,train,0.5991649,0.8737520,0.5947660,0.8807520
2014-06-11 23:59:53,train,0.5974569,0.8744370,0.5945980,0.8807430
2014-06-12 23:53:53,train,0.6113527,0.8707359,0.5945980,0.8807350
2014-06-13 23:59:53,train,0.6012662,0.8787250,0.5942610,0.8807170
2014-06-14 23:59:53,train,0.5935874,0.8732018,0.5940930,0.8807170
2014-06-15 23:59:53,train,0.5939106,0.8701475,0.5939240,0.8807080
2014-06-16 23:59:53,train,0.6029925,0.8745769,0.5937560,0.8806990
2014-06-17 23:53:53,train,0.6027965,0.8801082,0.5937560,0.8806910
2014-06-18 23:59:53,train,0.5928448,0.8688560,0.5934190,0.8806730
2014-06-19 23:59:53,train,0.5992743,0.8765019,0.5932500,0.8806730
2014-06-20 23:59:53,train,0.6010373,0.8782766,0.5930820,0.8806640
2014-06-21 23:53:53,train,0.5986814,0.8724241,0.5930820,0.8806550
2014-06-22 23:59:53,train,0.6095203,0.8799478,0.5927450,0.8806380
2014-06-23 23:59:53,train,0.6031699,0.8774453,0.5925760,0.8806380
2014-06-24 23:59:53,train,0.6053282,0.8794754,0.5924080,0.8806290
2014-06-25 23:59:53,train,0.6062952,0.8845795,0.5922390,0.8806200
2014-06-26 23:59:53,train,0.5996641,0.8768568,0.5920710,0.8806110
2014-06-27 23:59:53,train,0.6059114,0.8800664,0.5919020,0.8806020
2014-06-28 23:59:53,train,0.6078119,0.8852436,0.5917340,0.8805940
2014-06-29 23:59:53,train,0.6042982,0.8858133,0.5915660,0.8805850
2014-06-30 23:53:53,train,0.6038308,0.8898757,0.5915660,0.8805760
2014-07-02 23:59:53,train,0.6035017,0.8904079,0.5910600,0.8805580
2014-07-03 23:59:53,train,0.6024976,0.8968444,0.5908920,0.8805500
2014-07-04 23:59:53,train,0.6040948,0.8931990,0.5907230,0.8805410
2014-07-05 23:59:53,train,0.6050568,0.8894826,0.5905550,0.8805320
2014-07-06 23:59:53,train,0.6020437,0.8823125,0.5903860,0.8805230
2014-07-07 23:59:53,train,0.5945757,0.8835460,0.5902180,0.8805140
2014-07-08 23:59:53,train,0.5960012,0.8800695,0.5900490,0.8805060
2014-07-09 23:59:53,train,0.5889079,0.8736993,0.5898810,0.8804970
2014-07-10 23:59:53,train,0.6006262,0.8758686,0.5897120,0.8804880
2014-07-11 23:59:53,train,0.5992816,0.8747723,0.5895440,0.8804790
2014-07-12 23:59:53,train,0.6078125,0.8871151,0.5893750,0.8804700
2014-07-13 23:59:53,train,0.5996484,0.8809206,0.5892070,0.8804610
2014-07-14 23:59:53,train,0.5895542,0.8729424,0.5890380,0.8804530
2014-07-15 23:59:53,train,0.5991040,0.8731819,0.5888700,0.8804440
2014-07-17 00:05:53,train,0.5959836,0.8782906,0.5887020,0.8804260
2014-07-17 23:53:53,train,0.5987711,0.8832089,0.5887020,0.8804260
2014-07-18 23:59:53,train,0.6014962,0.8770389,0.5883650,0.8804090
2014-07-19 23:59:53,train,0.5965288,0.8775911,0.5881960,0.8804090
2014-07-20 23:59:53,train,0.5979255,0.8738524,0.5880280,0.8804000
2014-07-21 23:59:53,train,0.5966173,0.8782421,0.5878590,0.8803910
2014-07-22 23:59:53,train,0.5943760,0.8746970,0.5876910,0.8803820
2014-07-23 23:59:53,train,0.5922574,0.8729060,0.5875220,0.8803730
2014-07-24 23:59:53,train,0.5935613,0.8814498,0.5873540,0.8803650
2014-07-25 23:59:53,train,0.5985428,0.8791860,0.5871850,0.8803560
2014-07-26 23:59:53,train,0.5936977,0.8787649,0.5870170,0.8803470
2014-07-27 23:59:53,train,0.6003694,0.8806027,0.5868480,0.8803380
2014-07-28 23:59:53,train,0.5978552,0.8880566,0.5866800,0.8803290
2014-07-29 23:53:53,train,0.5890982,0.8786516,0.5866800,0.8803200
2014-07-30 23:59:53,train,0.5936412,0.8797813,0.5863430,0.8803030
2014-07-31 23:59:53,train,0.5925656,0.8777415,0.5861750,0.8803030
2014-08-01 23:59:53,test,0.5975662,0.8839635,0.5860060,0.8802940
2014-08-02 23:59:53,test,0.5944446,0.8913772,0.5858380,0.8802850
2014-08-03 23:59:53,test,0.5996267,0.8848349,0.5856690,0.8802760
2014-08-04 23:59:53,test,0.5955491,0.8794504,0.5855010,0.8802680
2014-08-06 00:05:53,test,0.5943996,0.8832090,0.5853320,0.8802500
2014-08-06 23:59:53,test,0.6003819,0.8834857,0.5851640,0.8802500
2014-08-07 23:59:53,test,0.5939209,0.8842793,0.5849950,0.8802410
2014-08-08 23:59:53,test,0.5903258,0.8801168,0.5848270,0.8802320
2014-08-09 23:59:53,test,0.5941706,0.8780028,0.5846580,0.8802240
2014-08-10 23:59:53,test,0.5890325,0.8740615,0.5844900,0.8802150
2014-08-11 23:59:53,test,0.5906281,0.8790755,0.5843210,0.8802060
2014-08-12 23:59:53,test,0.5911522,0.8846466,0.5841530,0.8801970
2014-08-13 23:59:53,test,0.5911786,0.8790084,0.5839840,0.8801880
2014-08-14 23:59:53,test,0.5909087,0.8782399,0.5838160,0.8801790
2014-08-15 23:59:53,test,0.5944275,0.8856116,0.5836470,0.8801710
2014-08-16 23:59:53,test,0.5989670,0.8852321,0.5834790,0.8801620
2014-08-17 23:59:53,test,0.5958374,0.8898515,0.5833110,0.8801530
2014-08-18 23:59:53,test,0.5876591,0.8784470,0.5831420,0.8801440
2014-08-19 23:53:53,test,0.5938700,0.8880387,0.5831420,0.8801350
2014-08-22 23:59:53,test,0.5802945,0.8821847,0.5824680,0.8801000
2014-08-23 23:53:53,test,0.5820578,0.8758641,0.5824680,0.8801000
2014-08-25 23:59:53,test,0.5916257,0.8853755,0.5819630,0.8800740
2014-08-26 23:59:53,test,0.5858898,0.8848157,0.5817940,0.8800740
2014-08-27 23:59:53,test,0.5946770,0.8827763,0.5816260,0.8800650
2014-08-28 23:59:53,test,0.5872462,0.8844891,0.5814570,0.8800560
2014-08-29 23:59:53,test,0.5899963,0.8812873,0.5812890,0.8800470
2014-08-30 23:59:53,test,0.5817026,0.8764531,0.5811200,0.8800380
2014-08-31 23:59:53,test,0.5900668,0.8805274,0.5809520,0.8800300
2014-09-01 23:59:53,test,0.5857322,0.8776685,0.5807840,0.8800210
2014-09-02 23:53:53,test,0.5872606,0.8794996,0.5807840,0.8800120
2014-09-03 23:59:53,test,0.5964051,0.8853927,0.5804470,0.8799940
2014-09-04 23:59:53,test,0.5884352,0.8773386,0.5802780,0.8799940
2014-09-05 23:59:53,test,0.5900177,0.8810285,0.5801100,0.8799860
2014-09-06 23:59:53,test,0.5981833,0.8867191,0.5799410,0.8799770
2014-09-07 23:59:53,test,0.5902791,0.8880247,0.5797730,0.8799680
2014-09-08 23:59:53,test,0.5840372,0.8869426,0.5796040,0.8799590
2014-09-09 23:59:53,test,0.5876463,0.8791505,0.5794360,0.8799500
2014-09-10 23:53:53,test,0.5902791,0.8880333,0.5794360,0.8799420
2014-09-11 23:59:53,test,0.5884687,0.8907520,0.5790990,0.8799240
2014-09-12 23:59:53,test,0.5934123,0.8871191,0.5789300,0.8799240
2014-09-13 23:53:53,test,0.5901904,0.8841776,0.5789300,0.8799150
2014-09-14 23:59:53,test,0.5868073,0.8797117,0.5785930,0.8798980
2014-09-15 23:53:53,test,0.5824330,0.8837488,0.5785930,0.8798980
2014-09-16 23:59:53,test,0.5748703,0.8675306,0.5782560,0.8798800
2014-09-17 23:59:53,test,0.5777088,0.8813201,0.5780880,0.8798800
2014-09-18 23:59:53,test,0.5837031,0.8861120,0.5779200,0.8798710
2014-09-19 23:53:53,test,0.5846064,0.8780615,0.5779200,0.8798620
2014-09-20 23:59:53,test,0.5836505,0.8698741,0.5775830,0.8798450
2014-09-21 23:59:53,test,0.5831079,0.8803185,0.5774140,0.8798450
2014-09-22 23:59:53,test,0.5835390,0.8773889,0.5772460,0.8798360
2014-09-24 00:05:53,test,0.5756686,0.8808791,0.5770770,0.8798180
2014-09-24 23:59:53,test,0.5804625,0.8781370,0.5769090,0.8798180
2014-09-25 23:59:53,test,0.5875442,0.8839974,0.5767400,0.8798090
2014-09-26 23:59:53,test,0.5856275,0.8793149,0.5765720,0.8798010
2014-09-27 23:59:53,test,0.5819191,0.8844490,0.5764030,0.8797920
2014-09-28 23:59:53,test,0.5694876,0.8738905,0.5762350,0.8797830
2014-09-29 23:53:53,test,0.5869860,0.8830416,0.5762350,0.8797740
2014-10-01 23:59:53,test,0.5868524,0.8780148,0.5757290,0.8797480
2014-10-02 23:59:53,test,0.5903007,0.8847002,0.5755610,0.8797480
2014-10-03 23:53:53,test,0.5825702,0.8825057,0.5755610,0.8797390
2014-10-04 23:59:53,test,0.5868380,0.8838252,0.5752240,0.8797210
2014-10-05 23:59:53,test,0.5853214,0.8831264,0.5750560,0.8797210
2014-10-06 23:59:53,test,0.5815871,0.8718028,0.5748870,0.8797130
2014-10-07 23:59:53,test,0.5743539,0.8732606,0.5747190,0.8797040
2014-10-09 23:59:53,test,0.5875850,0.8816311,0.5743820,0.8796860
2014-10-10 23:59:53,test,0.5795785,0.8723913,0.5742130,0.8796770
2014-10-11 23:59:53,test,0.5735243,0.8726504,0.5740450,0.8796680
2014-10-12 23:59:53,test,0.5761913,0.8723580,0.5738760,0.8796600
2014-10-13 23:59:53,test,0.5837236,0.8740192,0.5737080,0.8796510
2014-10-14 23:59:53,test,0.5799847,0.8803603,0.5735390,0.8796420
2014-10-15 23:59:53,test,0.5780058,0.8732693,0.5733710,0.8796330
2014-10-16 23:59:53,test,0.5790760,0.8758544,0.5732020,0.8796240
2014-10-17 23:59:53,test,0.5775524,0.8735676,0.5730340,0.8796160
2014-10-18 23:59:53,test,0.5962760,0.8750182,0.5728650,0.8796070
2014-10-19 23:59:53,test,0.5784112,0.8803003,0.5726970,0.8795980
2014-10-20 23:59:53,test,0.5810016,0.8813848,0.5725290,0.8795800
2014-10-21 23:53:53,test,0.5889563,0.8805726,0.5725290,0.8795800
2014-10-22 23:59:53,test,0.5880865,0.8863978,0.5721920,0.8795630
2014-10-23 23:53:53,test,0.5809037,0.8880482,0.5721920,0.8795630
2014-10-24 23:59:53,test,0.5877268,0.8835635,0.5718550,0.8795450
2014-10-26 00:05:53,test,0.5853122,0.8805417,0.5716860,0.8795450
2014-10-26 23:59:53,test,0.5915560,0.8868810,0.5715180,0.8795360
2014-10-27 23:53:53,test,0.5815197,0.8852581,0.5715180,0.8795270
2014-10-28 23:59:53,test,0.5924411,0.8933963,0.5711810,0.8795100
2014-10-29 23:59:53,test,0.5901626,0.8889622,0.5710120,0.8795100
2014-10-30 23:59:53,test,0.5843428,0.8820198,0.5708440,0.8795010
2014-10-31 23:59:53,test,0.5738975,0.8788649,0.5706750,0.8794920
2014-11-01 23:59:53,holdout,0.5841475,0.8899407,0.5705070,0.8794830
2014-11-02 23:59:53,holdout,0.5842568,0.8818138,0.5703380,0.8794750
2014-11-03 23:59:53,holdout,0.5730038,0.8779839,0.5701700,0.8794660
2014-11-04 23:59:53,holdout,0.5767644,0.8674869,0.5700020,0.8794570
2014-11-05 23:53:53,holdout,0.5850188,0.8786072,0.5700020,0.8794480
2014-11-07 23:59:53,holdout,0.5872057,0.8766840,0.5694960,0.8794220
2014-11-08 23:59:53,holdout,0.5781047,0.8758346,0.5693280,0.8794220
2014-11-09 23:59:53,holdout,0.5975568,0.8796944,0.5691590,0.8794130
2014-11-10 23:59:53,holdout,0.5827009,0.8584443,0.5689910,0.8794040
2014-11-11 23:59:53,holdout,0.5833913,0.8821918,0.5688220,0.8793950
2014-11-12 23:59:53,holdout,0.5783852,0.8832377,0.5686540,0.8793860
2014-11-13 23:59:53,holdout,0.5846147,0.8885227,0.5684850,0.8793780
2014-11-14 23:53:53,holdout,0.5843510,0.8874157,0.5684850,0.8793690
2014-11-15 23:59:53,holdout,0.5786342,0.8801984,0.5681480,0.8793510
2014-11-16 23:53:53,holdout,0.5902482,0.8914087,0.5681480,0.8793510
2014-11-17 23:59:53,holdout,0.5879931,0.8894619,0.5678110,0.8793340
2014-11-18 23:59:53,holdout,0.5824841,0.8894715,0.5676430,0.8793340
2014-11-19 23:59:53,holdout,0.5806249,0.8860126,0.5674740,0.8793250
2014-11-20 23:53:53,holdout,0.5808189,0.8806723,0.5674740,0.8793160
2014-11-22 23:59:53,holdout,0.5839860,0.8929274,0.5669690,0.8792900
2014-11-23 23:59:53,holdout,0.5935126,0.8949050,0.5668010,0.8792900
2014-11-24 23:59:53,holdout,0.5841186,0.8965607,0.5666320,0.8792720
2014-11-25 23:59:53,holdout,0.5799600,0.8822108,0.5664640,0.8792720
2014-11-26 23:59:53,holdout,0.5783726,0.8886540,0.5662950,0.8792630
2014-11-27 23:59:53,holdout,0.5924606,0.8927030,0.5661270,0.8792540
2014-11-28 23:59:53,holdout,0.5799688,0.8863006,0.5659580,0.8792460
2014-11-30 23:59:53,holdout,0.5932467,0.8863400,0.5656210,0.8792190
2014-12-02 00:05:53,holdout,0.5781188,0.8830824,0.5654530,0.8792190
2014-12-02 23:59:53,holdout,0.5908801,0.8793106,0.5652840,0.8792100
2014-12-03 23:59:53,holdout,0.5893372,0.8802106,0.5651160,0.8792010
2014-12-04 23:59:53,holdout,0.5836931,0.8910759,0.5649470,0.8791930
2014-12-05 23:59:53,holdout,0.5834632,0.8829369,0.5647790,0.8791840
2014-12-06 23:59:53,holdout,0.5860640,0.8807641,0.5646110,0.8791750
2014-12-07 23:59:53,holdout,0.5883006,0.8859552,0.5644420,0.8791660
2014-12-08 23:59:53,holdout,0.5825242,0.8840563,0.5642740,0.8791570
2014-12-09 23:53:53,holdout,0.5779132,0.8832960,0.5642740,0.8791490
2014-12-11 23:59:53,holdout,0.5718071,0.8891414,0.5637680,0.8791220
2014-12-12 23:53:53,holdout,0.5750717,0.8771831,0.5637680,0.8791220
2014-12-13 23:59:53,holdout,0.5792226,0.8891615,0.5634310,0.8791050
2014-12-14 23:59:53,holdout,0.5884876,0.8907833,0.5632630,0.8791050
2014-12-15 23:53:53,holdout,0.5649144,0.8813297,0.5632630,0.8790960
2014-12-16 23:59:53,holdout,0.5728506,0.8745468,0.5629260,0.8790780
2014-12-17 23:59:53,holdout,0.5644379,0.8650854,0.5627570,0.8790780
2014-12-18 23:59:53,holdout,0.5666940,0.8704154,0.5625890,0.8790690
2014-12-19 23:59:53,holdout,0.5620849,0.8723144,0.5624200,0.8790610
2014-12-20 23:59:53,holdout,0.5742898,0.8829582,0.5622520,0.8790520
2014-12-21 23:53:53,holdout,0.5701333,0.8712900,0.5622520,0.8790430
2014-12-22 23:59:53,holdout,0.5718358,0.8808061,0.5619150,0.8790250
2014-12-23 23:59:53,holdout,0.5729528,0.8763577,0.5617470,0.8790250
2014-12-24 23:59:53,holdout,0.5752517,0.8812529,0.5615780,0.8790160
2014-12-25 23:59:53,holdout,0.5677443,0.8739273,0.5614100,0.8790080
2014-12-26 23:59:53,holdout,0.5548199,0.8675995,0.5612410,0.8789990
2014-12-27 23:53:53,holdout,0.5509966,0.8664409,0.5612410,0.8789900
2014-12-28 23:59:53,holdout,0.5574273,0.8696292,0.5609040,0.8789720
2014-12-29 23:59:53,holdout,0.5642933,0.8627878,0.5607360,0.8789720
2014-12-30 23:59:53,holdout,0.5645166,0.8688805,0.5605670,0.8789640
2014-12-31 23:59:53,holdout,0.5639908,0.8752440,0.5603990,0.8789460
2015-01-01 23:59:53,train,0.5701532,0.8762388,0.5602300,0.8789460
2015-01-02 23:59:53,train,0.5645726,0.8721693,0.5600620,0.8789370
2015-01-03 23:59:53,train,0.5669404,0.8743367,0.5598930,0.8789280
2015-01-04 23:59:53,train,0.5680669,0.8740135,0.5597250,0.8789190
2015-01-05 23:59:53,train,0.5629221,0.8706005,0.5595560,0.8789110
2015-01-06 23:59:53,train,0.5642636,0.8731164,0.5593880,0.8789020
2015-01-07 23:59:53,train,0.5567696,0.8706502,0.5592200,0.8788930
2015-01-08 23:59:53,train,0.5606888,0.8730751,0.5590510,0.8788840
2015-01-09 23:59:53,train,0.5610929,0.8806155,0.5588830,0.8788750
2015-01-10 23:59:53,train,0.5573609,0.8712583,0.5587140,0.8788670
2015-01-11 23:59:53,train,0.5652752,0.8801770,0.5585460,0.8788580
2015-01-12 23:59:53,train,0.5470704,0.8669652,0.5583770,0.8788490
2015-01-13 23:59:53,train,0.5585501,0.8718959,0.5582090,0.8788400
2015-01-14 23:59:53,train,0.5557760,0.8674384,0.5580400,0.8788310
2015-01-15 23:59:53,train,0.5621050,0.8728669,0.5578720,0.8788230
2015-01-16 23:59:53,train,0.5603126,0.8766639,0.5577030,0.8788140
2015-01-17 23:59:53,train,0.5624202,0.8765826,0.5575350,0.8788050
2015-01-18 23:59:53,train,0.5597004,0.8813500,0.5573660,0.8787960
2015-01-19 23:59:53,train,0.5787371,0.8856517,0.5571980,0.8787870
2015-01-20 23:59:53,train,0.5709473,0.8781341,0.5570290,0.8787790
2015-01-21 23:59:53,train,0.5684696,0.8803715,0.5568610,0.8787700
2015-01-22 23:59:53,train,0.5648240,0.8777915,0.5566930,0.8787610
2015-01-23 23:59:53,train,0.5608419,0.8756525,0.5565240,0.8787520
2015-01-24 23:59:53,train,0.5661883,0.8844994,0.5563560,0.8787430
2015-01-25 23:59:53,train,0.5539410,0.8744984,0.5561870,0.8787340
2015-01-26 23:59:53,train,0.5593144,0.8760461,0.5560190,0.8787260
2015-01-27 23:59:53,train,0.5690346,0.8875871,0.5558500,0.8787170
2015-01-28 23:59:53,train,0.5716040,0.8866594,0.5556820,0.8787080
2015-01-29 23:59:53,train,0.5711862,0.8832139,0.5555130,0.8786990
2015-01-30 23:59:53,train,0.5622299,0.8897750,0.5553450,0.8786900
2015-01-31 23:59:53,train,0.5643862,0.8810351,0.5551760,0.8786820
2015-02-01 23:59:53,train,0.5712214,0.8913617,0.5550080,0.8786730
2015-02-02 23:59:53,train,0.5575100,0.8822286,0.5548390,0.8786640
2015-02-03 23:53:53,train,0.5666317,0.8849908,0.5548390,0.8786550
2015-02-04 23:59:53,train,0.5631229,0.8857859,0.5545020,0.8786380
2015-02-05 23:59:53,train,0.5721512,0.8845242,0.5543340,0.8786380
2015-02-06 23:59:53,train,0.5647371,0.8841566,0.5541650,0.8786290
2015-02-07 23:59:53,train,0.5567991,0.8757060,0.5539970,0.8786200
2015-02-08 23:59:53,train,0.5579284,0.8799303,0.5538290,0.8786110
2015-02-09 23:59:53,train,0.5509583,0.8698248,0.5536600,0.8786020
2015-02-10 23:59:53,train,0.5633309,0.8866649,0.5534920,0.8785940
2015-02-11 23:59:53,train,0.5592300,0.8809601,0.5533230,0.8785850
2015-02-12 23:59:53,train,0.5611563,0.8800158,0.5531550,0.8785760
2015-02-13 23:59:53,train,0.5665529,0.8878015,0.5529860,0.8785670
2015-02-14 23:59:53,train,0.5613897,0.8751130,0.5528180,0.8785580
2015-02-15 23:59:53,train,0.5700504,0.8827375,0.5526490,0.8785490
2015-02-16 23:53:53,train,0.5622190,0.8741175,0.5526490,0.8785410
2015-02-17 23:59:53,train,0.5690235,0.8806921,0.5523120,0.8785230
2015-02-18 23:59:53,train,0.5555497,0.8715463,0.5521440,0.8785230
2015-02-19 23:59:53,train,0.5611238,0.8846625,0.5519750,0.8785140
2015-02-20 23:59:53,train,0.5556391,0.8837097,0.5518070,0.8785050
2015-02-21 23:59:53,train,0.5534501,0.8795726,0.5516380,0.8784970
2015-02-22 23:59:53,train,0.5638255,0.8784566,0.5514700,0.8784880
2015-02-23 23:59:53,train,0.5490539,0.8734269,0.5513020,0.8784790
2015-02-24 23:59:53,train,0.5533320,0.8679121,0.5511330,0.8784700
2015-02-25 23:59:53,train,0.5487618,0.8648830,0.5509650,0.8784610
2015-02-26 23:59:53,train,0.5566230,0.8771777,0.5507960,0.8784530
2015-02-27 23:59:53,train,0.5516120,0.8704818,0.5506280,0.8784440
2015-02-28 23:59:53,train,0.5612637,0.8816443,0.5504590,0.8784350
2015-03-01 23:59:53,train,0.5572131,0.8768407,0.5502910,0.8784260
2015-03-02 23:53:53,train,0.5496066,0.8783811,0.5502910,0.8784170
2015-03-05 23:59:53,train,0.5559258,0.8739650,0.5496170,0.8783820
2015-03-06 23:59:53,train,0.5433201,0.8610851,0.5494480,0.8783820
2015-03-07 23:53:53,train,0.5395261,0.8680596,0.5494480,0.8783730
2015-03-08 23:59:53,train,0.5525037,0.8701032,0.5491110,0.8783560
2015-03-09 23:59:53,train,0.5761744,0.8584184,0.5489430,0.8783560
2015-03-10 23:59:53,train,0.5364282,0.8531391,0.5487740,0.8783470
2015-03-11 23:59:53,train,0.5532653,0.8771104,0.5486060,0.8783380
2015-03-12 23:59:53,train,0.5531303,0.8786009,0.5484380,0.8783290
2015-03-13 23:59:53,train,0.5581900,0.8794096,0.5482690,0.8783200
2015-03-14 23:53:53,train,0.5591049,0.8775683,0.5482690,0.8783120
2015-03-15 23:59:53,train,0.5575240,0.8711559,0.5479320,0.8782940
2015-03-16 23:53:53,train,0.5538102,0.8787954,0.5479320,0.8782940
2015-03-17 23:59:53,train,0.5467864,0.8663069,0.5475950,0.8782760
2015-03-18 23:59:53,train,0.5417053,0.8657717,0.5474270,0.8782760
2015-03-19 23:59:53,train,0.5404497,0.8696314,0.5472580,0.8782670
2015-03-20 23:59:53,train,0.5529249,0.8750769,0.5470900,0.8782590
2015-03-21 23:59:53,train,0.5513446,0.8779541,0.5469210,0.8782500
2015-03-22 23:59:53,train,0.5475941,0.8778226,0.5467530,0.8782410
2015-03-23 23:59:53,train,0.5505372,0.8786381,0.5465840,0.8782320
2015-03-24 23:59:53,train,0.5515917,0.8778641,0.5464160,0.8782230
2015-03-25 23:59:53,train,0.5489383,0.8788713,0.5462470,0.8782150
2015-03-26 23:59:53,train,0.5423188,0.8762977,0.5460790,0.8782060
2015-03-27 23:59:53,train,0.5514047,0.8827651,0.5459110,0.8781970
2015-03-28 23:59:53,train,0.5561173,0.8794668,0.5457420,0.8781880
2015-03-29 23:59:53,train,0.5585119,0.8691080,0.5455740,0.8781790
2015-03-30 23:59:53,train,0.5479485,0.8773522,0.5454050,0.8781710
2015-03-31 23:59:53,train,0.5409278,0.8661986,0.5452370,0.8781620
2015-04-01 23:53:53,train,0.5372640,0.8719768,0.5452370,0.8781530
2015-04-02 23:59:53,train,0.5474594,0.8654813,0.5449000,0.8781350
2015-04-03 23:59:53,train,0.5513510,0.8691728,0.5447310,0.8781350
2015-04-04 23:59:53,train,0.5500196,0.8726731,0.5445630,0.8781270
2015-04-05 23:59:53,train,0.5519390,0.8757833,0.5443940,0.8781180
2015-04-06 23:59:53,train,0.5475847,0.8737303,0.5442260,0.8781090
2015-04-07 23:59:53,train,0.5486054,0.8751937,0.5440570,0.8781000
2015-04-08 23:53:53,train,0.5483954,0.8740917,0.5440570,0.8780910
2015-04-09 23:59:53,train,0.5462837,0.8703990,0.5437200,0.8780740
2015-04-10 23:59:53,train,0.5472314,0.8783723,0.5435520,0.8780740
2015-04-11 23:59:53,train,0.5499061,0.8720965,0.5433830,0.8780650
2015-04-12 23:59:53,train,0.5475413,0.8730350,0.5432150,0.8780560
2015-04-13 23:59:53,train,0.5382338,0.8702149,0.5430470,0.8780470
2015-04-14 23:59:53,train,0.5431319,0.8691257,0.5428780,0.8780380
2015-04-15 23:59:53,train,0.5465330,0.8801208,0.5427100,0.8780300
2015-04-16 23:59:53,train,0.5463576,0.8790075,0.5425410,0.8780210
2015-04-17 23:59:53,train,0.5428367,0.8784751,0.5423730,0.8780120
2015-04-18 23:59:53,train,0.5396432,0.8792425,0.5422040,0.8780030
2015-04-19 23:53:53,train,0.5412422,0.8804497,0.5422040,0.8779940
2015-04-20 23:59:53,train,0.5395251,0.8737251,0.5418670,0.8779770
2015-04-21 23:59:53,train,0.5350319,0.8705467,0.5416990,0.8779770
2015-04-22 23:59:53,train,0.5448314,0.8715287,0.5415300,0.8779680
2015-04-23 23:59:53,train,0.5289462,0.8624601,0.5413620,0.8779590
2015-04-24 23:59:53,train,0.5397958,0.8710881,0.5411930,0.8779500
2015-04-25 23:59:53,train,0.5387585,0.8705726,0.5410250,0.8779410
2015-04-26 23:59:53,train,0.5401584,0.8673400,0.5408560,0.8779330
2015-04-27 23:59:53,train,0.5388681,0.8735399,0.5406880,0.8779240
2015-04-28 23:59:53,train,0.5400453,0.8684325,0.5405200,0.8779150
2015-04-29 23:59:53,train,0.5450227,0.8744080,0.5403510,0.8779060
2015-04-30 23:59:53,train,0.5513294,0.8791290,0.5401830,0.8778970
2015-05-01 23:59:53,train,0.5505766,0.8791966,0.5400140,0.8778890
2015-05-02 23:59:53,train,0.5526850,0.8917679,0.5398460,0.8778800
2015-05-03 23:59:53,train,0.5514314,0.8824890,0.5396770,0.8778710
2015-05-04 23:59:53,train,0.5539692,0.8864667,0.5395090,0.8778620
2015-05-05 23:59:53,train,0.5466925,0.8795677,0.5393400,0.8778530
2015-05-06 23:59:53,train,0.5420589,0.8805736,0.5391720,0.8778450
2015-05-07 23:59:53,train,0.5460098,0.8873281,0.5390030,0.8778360
2015-05-08 23:59:53,train,0.5401899,0.8803173,0.5388350,0.8778270
2015-05-09 23:59:53,train,0.5388597,0.8740447,0.5386660,0.8778180
2015-05-10 23:59:53,train,0.5467392,0.8782955,0.5384980,0.8778090
2015-05-11 23:59:53,train,0.5404519,0.8766640,0.5383290,0.8778010
2015-05-12 23:59:53,train,0.5286761,0.8745118,0.5381610,0.8777920
2015-05-13 23:59:53,train,0.5336190,0.8686296,0.5379920,0.8777830
2015-05-14 23:59:53,train,0.5365037,0.8765727,0.5378240,0.8777740
2015-05-15 23:59:53,train,0.5363007,0.8761031,0.5376560,0.8777650
2015-05-16 23:59:53,train,0.5325832,0.8726628,0.5374870,0.8777560
2015-05-17 23:59:53,train,0.5325753,0.8714452,0.5373190,0.8777480
2015-05-18 23:59:53,train,0.5298759,0.8733508,0.5371500,0.8777390
2015-05-19 23:59:53,train,0.5397598,0.8693674,0.5369820,0.8777300
2015-05-20 23:59:53,train,0.5403185,0.8821276,0.5368130,0.8777210
2015-05-21 23:59:53,train,0.5331213,0.8701555,0.5366450,0.8777120
2015-05-22 23:59:53,train,0.5363210,0.8760667,0.5364760,0.8777040
2015-05-23 23:59:53,train,0.5430857,0.8787998,0.5363080,0.8776950
2015-05-24 23:59:53,train,0.5351773,0.8714693,0.5361390,0.8776860
2015-05-25 23:59:53,train,0.5378990,0.8730352,0.5359710,0.8776770
2015-05-26 23:59:53,train,0.5388845,0.8790083,0.5358020,0.8776680
2015-05-27 23:59:53,train,0.5532376,0.8852068,0.5356340,0.8776600
2015-05-28 23:59:53,train,0.5495652,0.8867055,0.5354650,0.8776510
2015-05-29 23:59:53,train,0.5462984,0.8904650,0.5352970,0.8776420
2015-05-30 23:59:53,train,0.5458360,0.8881117,0.5351290,0.8776330
2015-05-31 23:59:53,train,0.5476460,0.8876200,0.5349600,0.8776240
2015-06-01 23:59:53,train,0.5422791,0.8847720,0.5347920,0.8776150
2015-06-02 23:59:53,train,0.5461699,0.8865600,0.5346230,0.8776070
2015-06-03 23:59:53,train,0.5437981,0.8810131,0.5344550,0.8775980
2015-06-04 23:59:53,train,0.5354494,0.8781846,0.5342860,0.8775890
2015-06-05 23:59:53,train,0.5313988,0.8762623,0.5341180,0.8775800
2015-06-06 23:59:53,train,0.5405006,0.8811696,0.5339490,0.8775710
2015-06-07 23:59:53,train,0.5375921,0.8813928,0.5337810,0.8775630
2015-06-08 23:59:53,train,0.5303654,0.8756429,0.5336120,0.8775540
2015-06-09 23:59:53,train,0.5350083,0.8844603,0.5334440,0.8775450
2015-06-10 23:59:53,train,0.5375856,0.8733079,0.5332750,0.8775360
2015-06-11 23:59:53,train,0.5282754,0.8692050,0.5331070,0.8775270
2015-06-12 23:59:53,train,0.5424423,0.8745979,0.5329380,0.8775190
2015-06-13 23:59:53,train,0.5262105,0.8795750,0.5327700,0.8775100
2015-06-14 23:59:53,train,0.5246850,0.8720680,0.5326020,0.8775010
2015-06-15 23:59:53,train,0.5344070,0.8788593,0.5324330,0.8774920
2015-06-16 23:59:53,train,0.5347024,0.8685696,0.5322650,0.8774830
2015-06-17 23:59:53,train,0.5368936,0.8749009,0.5320960,0.8774740
2015-06-18 23:59:53,train,0.5381122,0.8761104,0.5319280,0.8774660
2015-06-19 23:59:53,train,0.5383469,0.8759366,0.5317590,0.8774570
2015-06-20 23:59:53,train,0.5309462,0.8754841,0.5315910,0.8774480
2015-06-21 23:59:53,train,0.5327133,0.8712969,0.5314220,0.8774390
2015-06-22 23:59:53,train,0.5356884,0.8739631,0.5312540,0.8774300
2015-06-23 23:59:53,train,0.5353588,0.8786819,0.5310850,0.8774220
2015-06-24 23:59:53,train,0.5345762,0.8833935,0.5309170,0.8774130
2015-06-25 23:59:53,train,0.5461388,0.8838971,0.5307480,0.8774040
2015-06-26 23:59:53,train,0.5423178,0.8859381,0.5305800,0.8773950
2015-06-27 23:59:53,train,0.5295110,0.8763050,0.5304110,0.8773860
2015-06-28 23:59:53,train,0.5376710,0.8850223,0.5302430,0.8773780
2015-06-29 23:59:53,train,0.5407399,0.8777072,0.5300740,0.8773690
2015-06-30 23:59:53,train,0.5340231,0.8833044,0.5299060,0.8773600
2015-07-01 23:59:52,train,0.5400267,0.8805080,0.5297380,0.8773510
2015-07-02 23:59:52,train,0.5372211,0.8799631,0.5295690,0.8773420
2015-07-03 23:59:52,train,0.5468937,0.8889610,0.5294010,0.8773340
2015-07-04 23:59:52,train,0.5357385,0.8804976,0.5292320,0.8773250
2015-07-05 23:59:52,train,0.5403211,0.8846824,0.5290640,0.8773160
2015-07-06 23:59:52,train,0.5265552,0.8739849,0.5288950,0.8773070
2015-07-07 23:59:52,train,0.5335057,0.8768684,0.5287270,0.8772980
2015-07-08 23:59:52,train,0.5252601,0.8679789,0.5285580,0.8772890
2015-07-09 23:59:52,train,0.5265296,0.8666981,0.5283900,0.8772810
2015-07-10 23:59:52,train,0.5259169,0.8722145,0.5282210,0.8772720
2015-07-11 23:59:52,train,0.5273680,0.8777419,0.5280530,0.8772630
2015-07-12 23:59:52,train,0.5241811,0.8709795,0.5278840,0.8772540
2015-07-13 23:59:52,train,0.5249371,0.8692092,0.5277160,0.8772450
2015-07-14 23:59:52,train,0.5276862,0.8745150,0.5275470,0.8772370
2015-07-15 23:59:52,train,0.5258201,0.8729405,0.5273790,0.8772280
2015-07-16 23:59:52,train,0.5358363,0.8742176,0.5272110,0.8772190
2015-07-17 23:59:52,train,0.5352704,0.8794354,0.5270420,0.8772100
2015-07-18 23:59:52,train,0.5393894,0.8787239,0.5268740,0.8772010
2015-07-19 23:59:52,train,0.5316434,0.8723646,0.5267050,0.8771930
2015-07-20 23:59:52,train,0.5328099,0.8709004,0.5265370,0.8771840
2015-07-21 23:59:52,train,0.5365086,0.8799044,0.5263680,0.8771750
2015-07-22 23:59:52,train,0.5281318,0.8694939,0.5262000,0.8771660
2015-07-23 23:59:52,train,0.5331561,0.8793199,0.5260310,0.8771570
2015-07-24 23:59:52,train,0.5296846,0.8727863,0.5258630,0.8771490
2015-07-25 23:59:52,train,0.5296048,0.8738993,0.5256940,0.8771400
2015-07-26 23:59:52,train,0.5288070,0.8745776,0.5255260,0.8771310
2015-07-27 23:59:52,train,0.5346232,0.8766555,0.5253570,0.8771220
2015-07-28 23:59:52,train,0.5316119,0.8808880,0.5251890,0.8771130
2015-07-29 23:59:52,train,0.5402742,0.8735306,0.5250200,0.8771040
2015-07-30 23:59:52,train,0.5307717,0.8785841,0.5248520,0.8770960
2015-07-31 23:59:52,train,0.5299382,0.8697743,0.5246830,0.8770870
2015-08-01 23:59:52,test,0.5260069,0.8715074,0.5245150,0.8770780
2015-08-02 23:59:52,test,0.5280102,0.8809497,0.5243470,0.8770690
2015-08-03 23:59:52,test,0.5218265,0.8610651,0.5241780,0.8770600
2015-08-04 23:59:52,test,0.5220956,0.8687039,0.5240100,0.8770520
2015-08-05 23:59:52,test,0.5209116,0.8729208,0.5238410,0.8770430
2015-08-06 23:59:52,test,0.5235639,0.8723616,0.5236730,0.8770340
2015-08-07 23:59:52,test,0.5209901,0.8662906,0.5235040,0.8770250
2015-08-08 23:59:52,test,0.5255070,0.8722746,0.5233360,0.8770160
2015-08-09 23:59:52,test,0.5272827,0.8724794,0.5231670,0.8770080
2015-08-10 23:59:52,test,0.5260673,0.8727141,0.5229990,0.8769990
2015-08-11 23:59:52,test,0.5191231,0.8767791,0.5228300,0.8769900
2015-08-12 23:59:52,test,0.5282402,0.8712487,0.5226620,0.8769810
2015-08-13 23:59:52,test,0.5236157,0.8685702,0.5224930,0.8769720
2015-08-14 23:59:52,test,0.5285587,0.8684513,0.5223250,0.8769630
2015-08-15 23:59:52,test,0.5308690,0.8778607,0.5221560,0.8769550
2015-08-16 23:59:52,test,0.5252922,0.8746031,0.5219880,0.8769460
2015-08-17 23:59:52,test,0.5331438,0.8780789,0.5218200,0.8769370
2015-08-18 23:59:52,test,0.5289979,0.8787248,0.5216510,0.8769280
2015-08-19 23:59:52,test,0.5322840,0.8763028,0.5214830,0.8769190
2015-08-20 23:59:52,test,0.5294765,0.8769808,0.5213140,0.8769110
2015-08-21 23:59:52,test,0.5261435,0.8734038,0.5211460,0.8769020
2015-08-22 23:59:52,test,0.5307201,0.8797538,0.5209770,0.8768930
2015-08-23 23:59:52,test,0.5251018,0.8733515,0.5208090,0.8768840
2015-08-24 23:59:52,test,0.5185863,0.8699496,0.5206400,0.8768750
2015-08-25 23:59:52,test,0.5254459,0.8731654,0.5204720,0.8768670
2015-08-26 23:59:52,test,0.5314019,0.8741295,0.5203030,0.8768580
2015-08-27 23:59:52,test,0.5213174,0.8738751,0.5201350,0.8768490
2015-08-28 23:59:52,test,0.5238246,0.8697819,0.5199660,0.8768400
2015-08-29 23:59:52,test,0.5203008,0.8693489,0.5197980,0.8768310
2015-08-30 23:59:52,test,0.5243290,0.8700263,0.5196290,0.8768220
2015-08-31 23:59:52,test,0.5262336,0.8776221,0.5194610,0.8768140
2015-09-01 23:59:52,test,0.5237142,0.8731626,0.5192920,0.8768050
2015-09-02 23:59:52,test,0.5176854,0.8719181,0.5191240,0.8767960
2015-09-03 23:59:52,test,0.5270260,0.8779141,0.5189560,0.8767870
2015-09-04 23:59:52,test,0.5247282,0.8730336,0.5187870,0.8767780
2015-09-05 23:59:52,test,0.5269152,0.8836637,0.5186190,0.8767700
2015-09-06 23:59:52,test,0.5290204,0.8757076,0.5184500,0.8767610
2015-09-07 23:59:52,test,0.5320589,0.8791906,0.5182820,0.8767520
2015-09-08 23:59:52,test,0.5322319,0.8780816,0.5181130,0.8767430
2015-09-09 23:59:52,test,0.5216708,0.8766440,0.5179450,0.8767340
2015-09-10 23:59:52,test,0.5336897,0.8737303,0.5177760,0.8767260
2015-09-11 23:59:52,test,0.5310807,0.8805454,0.5176080,0.8767170
2015-09-12 23:59:52,test,0.5294240,0.8760446,0.5174390,0.8767080
2015-09-13 23:59:52,test,0.5315390,0.8762973,0.5172710,0.8766990
2015-09-14 23:59:52,test,0.5325603,0.8826668,0.5171020,0.8766900
2015-09-15 23:59:52,test,0.5312086,0.8765248,0.5169340,0.8766820
2015-09-16 23:59:52,test,0.5287376,0.8815309,0.5167650,0.8766730
2015-09-17 23:59:52,test,0.5227268,0.8720913,0.5165970,0.8766640
2015-09-18 23:59:52,test,0.5247837,0.8844667,0.5164290,0.8766550
2015-09-19 23:59:52,test,0.5270989,0.8792524,0.5162600,0.8766460
2015-09-20 23:59:52,test,0.5256966,0.8749231,0.5160920,0.8766370
2015-09-21 23:59:52,test,0.5312636,0.8718550,0.5159230,0.8766290
2015-09-22 23:59:52,test,0.5196361,0.8795694,0.5157550,0.8766200
2015-09-23 23:59:52,test,0.5220103,0.8711798,0.5155860,0.8766110
2015-09-24 23:59:52,test,0.5208622,0.8701067,0.5154180,0.8766020
2015-09-25 23:59:52,test,0.5178221,0.8704793,0.5152490,0.8765930
2015-09-26 23:59:52,test,0.5221928,0.8699516,0.5150810,0.8765850
2015-09-27 23:59:52,test,0.5195013,0.8769958,0.5149120,0.8765760
2015-09-28 23:59:52,test,0.5263119,0.8791102,0.5147440,0.8765670
2015-09-29 23:59:52,test,0.5201739,0.8762588,0.5145750,0.8765580
2015-09-30 23:59:52,test,0.5216810,0.8717156,0.5144070,0.8765490
2015-10-01 23:59:52,test,0.5199189,0.8701746,0.5142380,0.8765410
2015-10-02 23:59:52,test,0.5224990,0.8763385,0.5140700,0.8765320
2015-10-03 23:59:52,test,0.5300704,0.8792008,0.5139010,0.8765230
2015-10-04 23:59:52,test,0.5210769,0.8763232,0.5137330,0.8765140
2015-10-05 23:59:52,test,0.5260274,0.8757595,0.5135650,0.8765050
2015-10-06 23:59:52,test,0.5245688,0.8771812,0.5133960,0.8764960
2015-10-07 23:59:52,test,0.5287925,0.8751378,0.5132280,0.8764880
2015-10-08 23:59:52,test,0.5251775,0.8799102,0.5130590,0.8764790
2015-10-09 23:59:52,test,0.5260369,0.8774395,0.5128910,0.8764700
2015-10-10 23:59:52,test,0.5274697,0.8784762,0.5127220,0.8764610
2015-10-11 23:59:52,test,0.5261144,0.8801281,0.5125540,0.8764520
2015-10-12 23:59:52,test,0.5245205,0.8788605,0.5123850,0.8764440
2015-10-13 23:59:52,test,0.5231637,0.8792766,0.5122170,0.8764350
2015-10-14 23:59:52,test,0.5254396,0.8723842,0.5120480,0.8764260
2015-10-15 23:59:52,test,0.5300758,0.8818920,0.5118800,0.8764170
2015-10-16 23:59:52,test,0.5188654,0.8730380,0.5117110,0.8764080
2015-10-17 23:59:52,test,0.5238200,0.8797554,0.5115430,0.8764000
2015-10-18 23:59:52,test,0.5251042,0.8737003,0.5113740,0.8763910
2015-10-19 23:59:52,test,0.5446423,0.8837528,0.5112060,0.8763820
2015-10-20 23:59:52,test,0.5328150,0.8839952,0.5110380,0.8763730
2015-10-21 23:59:52,test,0.5240308,0.8841585,0.5108690,0.8763640
2015-10-22 23:59:52,test,0.5138133,0.8720567,0.5107010,0.8763550
2015-10-23 23:59:52,test,0.5178322,0.8713378,0.5105320,0.8763470
2015-10-24 23:59:52,test,0.5231879,0.8695384,0.5103640,0.8763380
2015-10-25 23:59:52,test,0.5219611,0.8747743,0.5101950,0.8763290
2015-10-26 23:59:52,test,0.5240416,0.8812707,0.5100270,0.8763200
2015-10-27 23:59:52,test,0.5180598,0.8747078,0.5098580,0.8763110
2015-10-28 23:59:52,test,0.5202798,0.8761162,0.5096900,0.8763030
2015-10-29 23:59:52,test,0.5187203,0.8709546,0.5095210,0.8762940
2015-10-30 23:59:52,test,0.5214154,0.8797029,0.5093530,0.8762850
2015-10-31 23:59:52,test,0.5201859,0.8787381,0.5091840,0.8762760
2015-11-01 23:59:52,holdout,0.5218307,0.8781942,0.5090160,0.8762670
2015-11-02 23:59:52,holdout,0.5167565,0.8802090,0.5088470,0.8762590
2015-11-03 23:59:52,holdout,0.5181134,0.8753710,0.5086790,0.8762500
2015-11-04 23:59:52,holdout,0.5216084,0.8819870,0.5085100,0.8762410
2015-11-05 23:59:52,holdout,0.5214479,0.8810592,0.5083420,0.8762320
2015-11-06 23:59:52,holdout,0.5251978,0.8795008,0.5081740,0.8762230
2015-11-07 23:59:52,holdout,0.5292855,0.8870387,0.5080050,0.8762150
2015-11-08 23:59:52,holdout,0.5257341,0.8881658,0.5078370,0.8762060
2015-11-09 23:59:52,holdout,0.5186490,0.8840835,0.5076680,0.8761970
2015-11-10 23:59:52,holdout,0.5265410,0.8822484,0.5075000,0.8761880
2015-11-11 23:59:52,holdout,0.5296563,0.8848798,0.5073310,0.8761790
2015-11-12 23:59:52,holdout,0.5255898,0.8844933,0.5071630,0.8761700
2015-11-13 23:59:52,holdout,0.5242659,0.8858712,0.5069940,0.8761620
2015-11-14 23:59:52,holdout,0.5280137,0.8811541,0.5068260,0.8761530
2015-11-15 23:59:52,holdout,0.5293767,0.8851362,0.5066570,0.8761440
2015-11-16 23:59:52,holdout,0.5217370,0.8824660,0.5064890,0.8761350
2015-11-17 23:59:52,holdout,0.5193288,0.8766999,0.5063200,0.8761260
2015-11-18 23:59:52,holdout,0.5181494,0.8756419,0.5061520,0.8761180
2015-11-19 23:59:52,holdout,0.5122706,0.8771803,0.5059830,0.8761090
2015-11-20 23:59:52,holdout,0.5201054,0.8780584,0.5058150,0.8761000
2015-11-21 23:59:52,holdout,0.5250204,0.8783813,0.5056470,0.8760910
2015-11-22 23:59:52,holdout,0.5203240,0.8798885,0.5054780,0.8760820
2015-11-23 23:59:52,holdout,0.5158330,0.8765503,0.5053100,0.8760740
2015-11-24 23:59:52,holdout,0.5151099,0.8780438,0.5051410,0.8760650
2015-11-25 23:59:52,holdout,0.5256382,0.8851726,0.5049730,0.8760560
2015-11-26 23:59:52,holdout,0.5174936,0.8806666,0.5048040,0.8760470
2015-11-27 23:59:52,holdout,0.5211264,0.8844252,0.5046360,0.8760380
2015-11-28 23:59:52,holdout,0.5151862,0.8765007,0.5044670,0.8760290
2015-11-29 23:59:52,holdout,0.5123370,0.8788773,0.5042990,0.8760210
2015-11-30 23:59:52,holdout,0.5114985,0.8769122,0.5041300,0.8760120
2015-12-01 23:59:52,holdout,0.5155668,0.8763800,0.5039620,0.8760030
2015-12-02 23:59:52,holdout,0.5156884,0.8825485,0.5037930,0.8759940
2015-12-03 23:59:52,holdout,0.5145754,0.8862948,0.5036250,0.8759850
2015-12-04 23:59:52,holdout,0.5158381,0.8804388,0.5034560,0.8759770
2015-12-05 23:59:52,holdout,0.5240337,0.8864597,0.5032880,0.8759680
2015-12-06 23:59:52,holdout,0.5194204,0.8893772,0.5031200,0.8759590
2015-12-07 23:59:52,holdout,0.5180917,0.8861461,0.5029510,0.8759500
2015-12-08 23:59:52,holdout,0.5187105,0.8826868,0.5027830,0.8759410
2015-12-09 23:59:52,holdout,0.5236019,0.8889646,0.5026140,0.8759330
2015-12-10 23:59:52,holdout,0.5291209,0.8858779,0.5024460,0.8759240
2015-12-11 23:59:52,holdout,0.5215750,0.8838679,0.5022770,0.8759150
2015-12-12 23:59:52,holdout,0.5162567,0.8774333,0.5021090,0.8759060
2015-12-13 23:59:52,holdout,0.5237570,0.8822582,0.5019400,0.8758970
2015-12-14 23:59:52,holdout,0.5183764,0.8795676,0.5017720,0.8758890
2015-12-15 23:59:52,holdout,0.5150067,0.8718016,0.5016030,0.8758800
2015-12-16 23:59:52,holdout,0.5209752,0.8785047,0.5014350,0.8758710
2015-12-17 23:59:52,holdout,0.5067090,0.8713319,0.5012660,0.8758620
2015-12-18 23:59:52,holdout,0.5101898,0.8641213,0.5010980,0.8758530
2015-12-19 23:59:52,holdout,0.5090882,0.8744312,0.5009290,0.8758440
2015-12-20 23:59:52,holdout,0.5123039,0.8693894,0.5007610,0.8758360
2015-12-21 23:59:52,holdout,0.5077046,0.8708488,0.5005920,0.8758270
2015-12-22 23:59:52,holdout,0.5094994,0.8714941,0.5004240,0.8758180
2015-12-23 23:59:52,holdout,0.5051116,0.8725858,0.5002560,0.8758090
2015-12-24 23:59:52,holdout,0.5060621,0.8683804,0.5000870,0.8758000
2015-12-25 23:59:52,holdout,0.5187973,0.8744233,0.4999190,0.8757920
2015-12-28 23:59:52,holdout,0.5173561,0.8805783,0.4994130,0.8757650
2015-12-29 23:59:52,holdout,0.5152613,0.8756291,0.4992450,0.8757560
2015-12-30 23:59:52,holdout,0.5174797,0.8774386,0.4990760,0.8757480
2015-12-31 23:59:52,holdout,0.5156079,0.8775561,0.4989080,0.8757300
2016-01-01 23:59:52,train,0.5240675,0.8762789,0.4987390,0.8757300
2016-01-02 23:59:52,train,0.5131463,0.8798654,0.4985710,0.8757210
2016-01-03 23:59:52,train,0.5193267,0.8834709,0.4984020,0.8757120
2016-01-04 23:59:52,train,0.5184904,0.8809211,0.4982340,0.8757030
2016-01-05 23:59:52,train,0.5099733,0.8744502,0.4980650,0.8756950
2016-01-06 23:59:52,train,0.5013741,0.8725234,0.4978970,0.8756860
2016-01-07 23:59:52,train,0.5013303,0.8724544,0.4977280,0.8756770
2016-01-08 23:59:52,train,0.5080446,0.8724253,0.4975600,0.8756680
2016-01-09 23:59:52,train,0.5047726,0.8725388,0.4973920,0.8756590
2016-01-10 23:59:52,train,0.5128576,0.8794880,0.4972230,0.8756510
2016-01-11 23:59:52,train,0.4963532,0.8685000,0.4970550,0.8756420
2016-01-12 23:59:52,train,0.5050813,0.8781115,0.4968860,0.8756330
2016-01-13 23:59:52,train,0.5009431,0.8721651,0.4967180,0.8756240
2016-01-14 23:59:52,train,0.5068599,0.8728627,0.4965490,0.8756150
2016-01-15 23:59:52,train,0.5075234,0.8728782,0.4963810,0.8756070
2016-01-16 23:59:52,train,0.5037269,0.8711438,0.4962120,0.8755980
2016-01-17 23:59:52,train,0.5067288,0.8758595,0.4960440,0.8755890
2016-01-18 23:59:52,train,0.5214702,0.8830608,0.4958750,0.8755800
2016-01-19 23:59:52,train,0.5095418,0.8772277,0.4957070,0.8755710
2016-01-20 23:59:52,train,0.5163652,0.8811394,0.4955380,0.8755620
2016-01-21 23:59:52,train,0.5161164,0.8790149,0.4953700,0.8755540
2016-01-22 23:59:52,train,0.5130908,0.8885256,0.4952010,0.8755450
2016-01-23 23:59:52,train,0.5131701,0.8848550,0.4950330,0.8755360
2016-01-24 23:59:52,train,0.5133964,0.8848789,0.4948650,0.8755270
2016-01-25 23:59:52,train,0.5214055,0.8866165,0.4946960,0.8755180
2016-01-26 23:59:52,train,0.5221612,0.8886393,0.4945280,0.8755100
2016-01-27 23:59:52,train,0.5168015,0.8870301,0.4943590,0.8755010
2016-01-28 23:59:52,train,0.5140221,0.8876331,0.4941910,0.8754920
2016-01-29 23:59:52,train,0.5060499,0.8864738,0.4940220,0.8754830
2016-01-30 23:59:52,train,0.5148518,0.8890059,0.4938540,0.8754740
2016-01-31 23:59:52,train,0.5182368,0.8915549,0.4936850,0.8754660
2016-02-01 23:59:52,train,0.5054049,0.8855270,0.4935170,0.8754570
2016-02-02 23:59:52,train,0.5160077,0.8790427,0.4933480,0.8754480
2016-02-03 23:59:52,train,0.5096115,0.8827961,0.4931800,0.8754390
2016-02-04 23:59:52,train,0.5088453,0.8758346,0.4930110,0.8754300
2016-02-05 23:59:52,train,0.5037368,0.8797952,0.4928430,0.8754220
2016-02-06 23:59:52,train,0.5056418,0.8851063,0.4926740,0.8754130
2016-02-07 23:59:52,train,0.5037988,0.8837071,0.4925060,0.8754040
2016-02-08 23:59:52,train,0.5090779,0.8762262,0.4923370,0.8753950
2016-02-09 23:59:52,train,0.5037693,0.8783752,0.4921690,0.8753860
2016-02-10 23:59:52,train,0.5075216,0.8789354,0.4920010,0.8753770
2016-02-11 23:59:52,train,0.4997442,0.8757184,0.4918320,0.8753690
2016-02-12 23:59:52,train,0.5085974,0.8852790,0.4916640,0.8753600
2016-02-13 23:59:52,train,0.5078803,0.8823597,0.4914950,0.8753510
2016-02-14 23:59:52,train,0.5071363,0.8822471,0.4913270,0.8753420
2016-02-15 23:59:52,train,0.5071896,0.8855416,0.4911580,0.8753330
2016-02-16 23:59:52,train,0.4963379,0.8724949,0.4909900,0.8753250
2016-02-17 23:59:52,train,0.5084215,0.8786668,0.4908210,0.8753160
2016-02-18 23:59:52,train,0.5023657,0.8730985,0.4906530,0.8753070
2016-02-19 23:59:52,train,0.4971127,0.8754802,0.4904840,0.8752980
2016-02-20 23:59:52,train,0.5043882,0.8772055,0.4903160,0.8752890
2016-02-21 23:59:52,train,0.5029838,0.8750420,0.4901470,0.8752810
2016-02-22 23:59:52,train,0.4989604,0.8821276,0.4899790,0.8752720
2016-02-23 23:59:52,train,0.4954037,0.8746918,0.4898100,0.8752630
2016-02-24 23:59:52,train,0.4971486,0.8741188,0.4896420,0.8752540
2016-02-25 23:59:52,train,0.5001080,0.8834186,0.4894740,0.8752450
2016-02-26 23:59:52,train,0.4986242,0.8722888,0.4893050,0.8752370
2016-02-27 23:59:52,train,0.5003122,0.8765188,0.4891370,0.8752280
2016-02-28 23:59:52,train,0.5003891,0.8776221,0.4889680,0.8752190
2016-02-29 23:59:52,train,0.5049272,0.8741789,0.4888000,0.8752100
2016-03-01 23:59:52,train,0.5022199,0.8744338,0.4886310,0.8752010
2016-03-02 23:59:52,train,0.4963540,0.8717578,0.4884630,0.8751920
2016-03-03 23:59:52,train,0.5089264,0.8828337,0.4882940,0.8751840
2016-03-04 23:59:52,train,0.4961832,0.8749822,0.4881260,0.8751750
2016-03-05 23:59:52,train,0.4980628,0.8739498,0.4879570,0.8751660
2016-03-06 23:59:52,train,0.4980008,0.8732917,0.4877890,0.8751570
2016-03-07 23:59:52,train,0.5025411,0.8769268,0.4876200,0.8751480
2016-03-08 23:59:52,train,0.4955587,0.8664030,0.4874520,0.8751400
2016-03-09 23:59:52,train,0.4992698,0.8736190,0.4872830,0.8751310
2016-03-10 23:59:52,train,0.4953136,0.8750100,0.4871150,0.8751220
2016-03-11 23:59:52,train,0.4954633,0.8754309,0.4869470,0.8751130
2016-03-12 23:59:52,train,0.4970640,0.8760840,0.4867780,0.8751040
2016-03-13 23:59:52,train,0.5028599,0.8775165,0.4866100,0.8750960
2016-03-14 23:59:52,train,0.5008727,0.8781973,0.4864410,0.8750870
2016-03-15 23:59:52,train,0.5002713,0.8787475,0.4862730,0.8750780
2016-03-16 23:59:52,train,0.5032588,0.8780640,0.4861040,0.8750690
2016-03-17 23:59:52,train,0.5053911,0.8786084,0.4859360,0.8750600
2016-03-18 23:59:52,train,0.4964468,0.8724902,0.4857670,0.8750510
2016-03-19 23:59:52,train,0.4965868,0.8756791,0.4855990,0.8750430
2016-03-20 23:59:52,train,0.5006577,0.8764649,0.4854300,0.8750340
2016-03-21 23:59:52,train,0.4994620,0.8777884,0.4852620,0.8750250
2016-03-22 23:59:52,train,0.5015754,0.8785246,0.4850930,0.8750160
2016-03-23 23:59:52,train,0.5128465,0.8871232,0.4849250,0.8750070
2016-03-24 23:59:52,train,0.4995322,0.8815643,0.4847560,0.8749990
2016-03-25 23:59:52,train,0.4977466,0.8798326,0.4845880,0.8749900
2016-03-26 23:59:52,train,0.4984748,0.8776907,0.4844190,0.8749810
2016-03-27 23:59:52,train,0.4997632,0.8803509,0.4842510,0.8749720
2016-03-28 23:59:52,train,0.4974631,0.8787721,0.4840830,0.8749630
2016-03-29 23:59:52,train,0.4977658,0.8785441,0.4839140,0.8749550
2016-03-30 23:59:52,train,0.4986041,0.8834471,0.4837460,0.8749460
2016-03-31 23:59:52,train,0.4945081,0.8750563,0.4835770,0.8749370
2016-04-01 23:59:52,train,0.4997589,0.8799312,0.4834090,0.8749280
2016-04-02 23:59:52,train,0.4927405,0.8767274,0.4832400,0.8749190
2016-04-03 23:59:52,train,0.4974837,0.8783182,0.4830720,0.8749100
2016-04-04 23:59:52,train,0.4956733,0.8727524,0.4829030,0.8749020
2016-04-05 23:59:52,train,0.4984024,0.8768330,0.4827350,0.8748930
2016-04-06 23:59:52,train,0.4964396,0.8798369,0.4825660,0.8748840
2016-04-07 23:59:52,train,0.5046512,0.8856958,0.4823980,0.8748750
2016-04-08 23:59:52,train,0.4985825,0.8775765,0.4822290,0.8748660
2016-04-09 23:59:52,train,0.4995564,0.8794881,0.4820610,0.8748580
2016-04-10 23:59:52,train,0.5012384,0.8799605,0.4818920,0.8748490
2016-04-11 23:59:52,train,0.4998938,0.8806303,0.4817240,0.8748400
2016-04-12 23:59:52,train,0.4979796,0.8804852,0.4815560,0.8748310
2016-04-13 23:59:52,train,0.4917275,0.8720278,0.4813870,0.8748220
2016-04-14 23:59:52,train,0.4900961,0.8793044,0.4812190,0.8748140
2016-04-15 23:59:52,train,0.4894797,0.8709382,0.4810500,0.8748050
2016-04-16 23:59:52,train,0.5038171,0.8807000,0.4808820,0.8747960
2016-04-17 23:59:52,train,0.5022092,0.8879495,0.4807130,0.8747870
2016-04-18 23:59:52,train,0.4967960,0.8785313,0.4805450,0.8747780
2016-04-19 23:59:52,train,0.4998331,0.8829140,0.4803760,0.8747700
2016-04-20 23:59:52,train,0.4972102,0.8867529,0.4802080,0.8747610
2016-04-21 23:59:52,train,0.4938974,0.8833088,0.4800390,0.8747520
2016-04-22 23:59:52,train,0.4937087,0.8783292,0.4798710,0.8747430
2016-04-23 23:59:52,train,0.4891197,0.8770277,0.4797020,0.8747340
2016-04-24 23:59:52,train,0.4960833,0.8821160,0.4795340,0.8747250
2016-04-25 23:59:52,train,0.4920182,0.8774257,0.4793650,0.8747170
2016-04-26 23:59:52,train,0.4934687,0.8771834,0.4791970,0.8747080
2016-04-27 23:59:52,train,0.4857045,0.8686311,0.4790280,0.8746990
2016-04-28 23:59:52,train,0.4893213,0.8767324,0.4788600,0.8746900
2016-04-29 23:59:52,train,0.4970266,0.8781984,0.4786920,0.8746810
2016-04-30 23:59:52,train,0.4984071,0.8754219,0.4785230,0.8746730
2016-05-01 23:59:52,train,0.4911605,0.8740880,0.4802530,0.8746640
2016-05-02 23:59:52,train,0.4883998,0.8758655,0.4801710,0.8720840
2016-05-03 23:59:52,train,0.4853541,0.8745838,0.4800900,0.8720760
2016-05-04 23:59:52,train,0.4953152,0.8729593,0.4800080,0.8720670
2016-05-05 23:59:52,train,0.4879881,0.8723032,0.4799260,0.8720580
2016-05-06 23:59:52,train,0.4926848,0.8754792,0.4798450,0.8720490
2016-05-07 23:59:52,train,0.4894267,0.8724758,0.4797630,0.8720410
2016-05-08 23:59:52,train,0.4951478,0.8777912,0.4796810,0.8720320
2016-05-09 23:59:52,train,0.4972582,0.8802205,0.4796000,0.8720230
2016-05-10 23:59:52,train,0.4884151,0.8704449,0.4795180,0.8720150
2016-05-11 23:59:52,train,0.4929887,0.8658632,0.4794370,0.8720060
2016-05-12 23:59:52,train,0.4883409,0.8739266,0.4793550,0.8719970
2016-05-13 23:59:52,train,0.4901849,0.8738812,0.4792730,0.8719880
2016-05-14 23:59:52,train,0.4905367,0.8743603,0.4791920,0.8719800
2016-05-15 23:59:52,train,0.4815603,0.8728929,0.4791100,0.8719710
2016-05-16 23:59:52,train,0.4877974,0.8755608,0.4790280,0.8719620
2016-05-17 23:59:52,train,0.4932469,0.8803998,0.4789470,0.8719530
2016-05-18 23:59:52,train,0.4931491,0.8806999,0.4788650,0.8719450
2016-05-19 23:59:52,train,0.4953057,0.8789840,0.4787830,0.8719360
2016-05-20 23:59:52,train,0.4919550,0.8775036,0.4787020,0.8719270
2016-05-21 23:59:52,train,0.4943200,0.8823696,0.4786200,0.8719190
2016-05-22 23:59:52,train,0.4872888,0.8733360,0.4785380,0.8719100
2016-05-23 23:59:52,train,0.4921361,0.8734911,0.4784570,0.8719010
2016-05-24 23:59:52,train,0.4880076,0.8781629,0.4783750,0.8718920
2016-05-25 23:59:52,train,0.4890559,0.8783850,0.4782930,0.8718840
2016-05-26 23:59:52,train,0.4850018,0.8755634,0.4782120,0.8718750
2016-05-27 23:59:52,train,0.4909939,0.8787003,0.4781300,0.8718660
2016-05-28 23:59:52,train,0.4882912,0.8763119,0.4780480,0.8718580
2016-05-29 23:59:52,train,0.4885786,0.8761927,0.4779670,0.8718490
2016-05-30 23:59:52,train,0.4894389,0.8750612,0.4778850,0.8718400
2016-05-31 23:59:52,train,0.4816957,0.8748272,0.4778030,0.8718310
2016-06-02 00:05:52,train,0.4848257,0.8728408,0.4777220,0.8718140
2016-06-02 23:59:52,train,0.4874810,0.8756365,0.4776400,0.8718140
2016-06-03 23:59:52,train,0.4952274,0.8763314,0.4775580,0.8718050
2016-06-04 23:59:52,train,0.4889399,0.8767932,0.4774770,0.8717960
2016-06-05 23:59:52,train,0.4905868,0.8723991,0.4773950,0.8717880
2016-06-06 23:59:52,train,0.4899081,0.8772845,0.4773130,0.8717790
2016-06-07 23:59:52,train,0.4849430,0.8729917,0.4772320,0.8717700
2016-06-08 23:59:52,train,0.4803082,0.8734187,0.4771500,0.8717620
2016-06-09 23:59:52,train,0.4871846,0.8738669,0.4770680,0.8717530
2016-06-10 23:59:52,train,0.4865883,0.8716016,0.4769870,0.8717440
2016-06-11 23:59:52,train,0.4799491,0.8710775,0.4769050,0.8717350
2016-06-12 23:59:52,train,0.4879322,0.8765758,0.4768230,0.8717270
2016-06-13 23:59:52,train,0.4922777,0.8795096,0.4767420,0.8717180
2016-06-14 23:59:52,train,0.4891116,0.8800078,0.4766600,0.8717090
2016-06-15 23:59:52,train,0.4897388,0.8822992,0.4765790,0.8717010
2016-06-16 23:59:52,train,0.4906405,0.8779921,0.4764970,0.8716920
2016-06-17 23:59:52,train,0.4963970,0.8823260,0.4764150,0.8716830
2016-06-18 23:59:52,train,0.4854782,0.8746649,0.4763340,0.8716740
2016-06-19 23:59:52,train,0.4877619,0.8807605,0.4762520,0.8716660
2016-06-20 23:59:52,train,0.4812641,0.8755344,0.4761700,0.8716570
2016-06-21 23:59:52,train,0.4837050,0.8733821,0.4760890,0.8716480
2016-06-22 23:59:52,train,0.4912342,0.8732071,0.4760070,0.8716400
2016-06-23 23:59:52,train,0.4920748,0.8774635,0.4759250,0.8716310
2016-06-24 23:59:52,train,0.4878908,0.8770769,0.4758440,0.8716220
2016-06-25 23:59:52,train,0.4897728,0.8781486,0.4757620,0.8716130
2016-06-26 23:59:52,train,0.4880449,0.8727953,0.4756800,0.8716050
2016-06-27 23:59:52,train,0.4856068,0.8772308,0.4755990,0.8715960
2016-06-28 23:59:52,train,0.4875649,0.8738043,0.4755170,0.8715870
2016-06-29 23:59:52,train,0.4903706,0.8759008,0.4754350,0.8715790
2016-06-30 23:59:52,train,0.4939045,0.8789952,0.4753540,0.8715700
2016-07-01 23:59:52,train,0.4849394,0.8787198,0.4752720,0.8715610
2016-07-02 23:59:52,train,0.4867430,0.8774645,0.4751900,0.8715520
2016-07-03 23:59:52,train,0.4791262,0.8703151,0.4751090,0.8715440
2016-07-04 23:59:52,train,0.4800262,0.8697510,0.4750270,0.8715350
2016-07-05 23:59:52,train,0.4834239,0.8734399,0.4749450,0.8715260
2016-07-06 23:59:52,train,0.4892052,0.8760721,0.4748640,0.8715170
2016-07-07 23:59:52,train,0.4843479,0.8735349,0.4747820,0.8715090
2016-07-08 23:59:52,train,0.4874902,0.8757419,0.4747000,0.8715000
2016-07-09 23:59:52,train,0.4901929,0.8803080,0.4746190,0.8714910
2016-07-10 23:59:52,train,0.4899367,0.8774018,0.4745370,0.8714830
2016-07-11 23:59:52,train,0.4905339,0.8825459,0.4744550,0.8714740
2016-07-12 23:59:52,train,0.4854877,0.8860924,0.4743740,0.8714650
2016-07-13 23:59:52,train,0.4862144,0.8779755,0.4742920,0.8714560
2016-07-14 23:59:52,train,0.4900383,0.8832654,0.4742100,0.8714480
2016-07-15 23:59:52,train,0.4842287,0.8744547,0.4741290,0.8714390
2016-07-16 23:59:52,train,0.4798660,0.8752237,0.4740470,0.8714300
2016-07-17 23:59:52,train,0.4834877,0.8773450,0.4739650,0.8714220
2016-07-18 23:59:52,train,0.4846032,0.8738486,0.4738840,0.8714130
2016-07-19 23:59:52,train,0.4813681,0.8696934,0.4738020,0.8714040
2016-07-20 23:59:52,train,0.4835504,0.8777990,0.4737210,0.8713950
2016-07-21 23:59:52,train,0.4815794,0.8697329,0.4736390,0.8713870
2016-07-22 23:59:52,train,0.4819270,0.8747409,0.4735570,0.8713780
2016-07-23 23:59:52,train,0.4869876,0.8740799,0.4734760,0.8713690
2016-07-24 23:59:52,train,0.4838111,0.8757796,0.4733940,0.8713600
2016-07-25 23:59:52,train,0.4921600,0.8754647,0.4733120,0.8713520
2016-07-26 23:59:52,train,0.4858823,0.8741230,0.4732310,0.8713430
2016-07-27 23:59:52,train,0.4895272,0.8758010,0.4731490,0.8713340
2016-07-28 23:59:52,train,0.4838422,0.8774375,0.4730670,0.8713260
2016-07-29 23:59:52,train,0.4839507,0.8771899,0.4729860,0.8713080
2016-07-30 23:59:52,train,0.4865601,0.8753594,0.4729040,0.8713080
2016-07-31 23:59:52,train,0.4835035,0.8744073,0.4728220,0.8712990
2016-08-01 23:59:52,test,0.4845819,0.8754486,0.4727410,0.8712910
2016-08-10 23:59:52,test,0.4837552,0.8684003,0.4720060,0.8712120
2016-08-11 23:59:52,test,0.4788081,0.8733832,0.4719240,0.8712030
2016-08-12 23:59:52,test,0.4801562,0.8755680,0.4718420,0.8711950
2016-08-13 23:59:52,test,0.4785041,0.8697122,0.4717610,0.8711860
2016-08-14 23:59:52,test,0.4785454,0.8724176,0.4716790,0.8711770
2016-08-15 23:59:52,test,0.4824697,0.8737530,0.4715970,0.8711690
2016-08-16 23:59:52,test,0.4849441,0.8756727,0.4715160,0.8711600
2016-08-17 23:59:52,test,0.4805966,0.8763135,0.4714340,0.8711510
2016-08-19 00:05:52,test,0.4803258,0.8788097,0.4713520,0.8711420
2016-08-19 23:59:52,test,0.4789349,0.8762143,0.4712710,0.8711340
2016-08-20 23:59:52,test,0.4827379,0.8758045,0.4711890,0.8711250
2016-08-21 23:59:52,test,0.4852420,0.8779269,0.4711080,0.8711160
2016-08-22 23:59:52,test,0.4845497,0.8755830,0.4710260,0.8711080
2016-08-23 23:59:52,test,0.4867635,0.8784621,0.4709440,0.8710990
2016-08-24 23:59:52,test,0.4812226,0.8745477,0.4708630,0.8710900
2016-08-25 23:59:52,test,0.4806938,0.8818247,0.4707810,0.8710810
2016-08-26 23:59:52,test,0.4890208,0.8808074,0.4706990,0.8710730
2016-08-27 23:59:52,test,0.4793771,0.8687801,0.4706180,0.8710640
2016-08-28 23:59:52,test,0.4838842,0.8770534,0.4705360,0.8710550
2016-08-29 23:59:52,test,0.4830082,0.8739164,0.4704540,0.8710460
2016-08-30 23:59:52,test,0.4856183,0.8781212,0.4703730,0.8710380
2016-08-31 23:59:52,test,0.4820655,0.8789226,0.4702910,0.8710290
2016-09-01 23:59:52,test,0.4827504,0.8750176,0.4702090,0.8710200
2016-09-02 23:59:52,test,0.4831500,0.8759228,0.4701280,0.8710120
2016-09-03 23:59:52,test,0.4793251,0.8755251,0.4700460,0.8710030
2016-09-04 23:59:52,test,0.4778934,0.8714088,0.4699640,0.8709940
2016-09-05 23:59:52,test,0.4767192,0.8748514,0.4698830,0.8709850
2016-09-06 23:59:52,test,0.4755810,0.8773638,0.4698010,0.8709770
2016-09-07 23:59:52,test,0.4809821,0.8797460,0.4697190,0.8709680
2016-09-08 23:59:52,test,0.4842371,0.8754137,0.4696380,0.8709590
2016-09-09 23:59:52,test,0.4735986,0.8714222,0.4695560,0.8709510
2016-09-10 23:59:52,test,0.4765822,0.8725042,0.4694740,0.8709420
2016-09-11 23:59:52,test,0.4773990,0.8724130,0.4693930,0.8709330
2016-09-12 23:53:52,test,0.4777589,0.8751400,0.4693930,0.8709240
2016-09-13 23:59:52,test,0.4819449,0.8744339,0.4692290,0.8709070
2016-09-14 23:59:52,test,0.4836520,0.8757988,0.4691480,0.8709070
2016-09-15 23:59:52,test,0.4796540,0.8732603,0.4690660,0.8708980
2016-09-16 23:59:52,test,0.4817807,0.8786300,0.4689840,0.8708900
2016-09-17 23:59:52,test,0.4815487,0.8775296,0.4689030,0.8708810
2016-09-18 23:59:52,test,0.4814638,0.8797174,0.4688210,0.8708720
2016-09-19 23:59:52,test,0.4727136,0.8770531,0.4687390,0.8708630
2016-09-20 23:59:52,test,0.4802238,0.8736398,0.4686580,0.8708550
2016-09-21 23:59:52,test,0.4808997,0.8768946,0.4685760,0.8708460
2016-09-22 23:59:52,test,0.4800970,0.8759511,0.4684940,0.8708370
2016-09-23 23:59:52,test,0.4788969,0.8758075,0.4684130,0.8708290
2016-09-24 23:59:52,test,0.4770114,0.8687152,0.4683310,0.8708200
2016-09-25 23:59:52,test,0.4836051,0.8742780,0.4682490,0.8708110
2016-09-26 23:59:52,test,0.4824016,0.8768307,0.4681680,0.8708020
2016-09-27 23:59:52,test,0.4801093,0.8736997,0.4680860,0.8707940
2016-09-28 23:53:52,test,0.4805310,0.8732669,0.4680860,0.8707850
2016-09-29 23:59:52,test,0.4790032,0.8753952,0.4679230,0.8707670
2016-09-30 23:59:52,test,0.4745481,0.8732575,0.4678410,0.8707670
2016-10-01 23:59:52,test,0.4747762,0.8741103,0.4677600,0.8707590
2016-10-02 23:59:52,test,0.4777281,0.8733182,0.4676780,0.8707500
2016-10-03 23:59:52,test,0.4778455,0.8744720,0.4675960,0.8707410
2016-10-04 23:59:52,test,0.4797204,0.8754138,0.4675150,0.8707330
2016-10-05 23:59:52,test,0.4798758,0.8771176,0.4674330,0.8707240
2016-10-06 23:59:52,test,0.4781184,0.8809090,0.4673510,0.8707150
2016-10-07 23:59:52,test,0.4792158,0.8786178,0.4672700,0.8707060
2016-10-08 23:59:52,test,0.4742719,0.8779876,0.4671880,0.8706980
2016-10-09 23:53:52,test,0.4805765,0.8754150,0.4671880,0.8706890
2016-10-10 23:59:52,test,0.4773193,0.8750860,0.4670250,0.8706720
2016-10-11 23:59:52,test,0.4749477,0.8722051,0.4669430,0.8706720
2016-10-12 23:59:52,test,0.4743584,0.8740575,0.4668610,0.8706630
2016-10-13 23:59:52,test,0.4781993,0.8767867,0.4667800,0.8706540
2016-10-14 23:59:52,test,0.4755392,0.8733454,0.4666980,0.8706450
2016-10-15 23:59:52,test,0.4712931,0.8670874,0.4666160,0.8706370
2016-10-16 23:59:52,test,0.4764506,0.8717374,0.4665350,0.8706280
2016-10-17 23:59:52,test,0.4783396,0.8728933,0.4664530,0.8706190
2016-10-18 23:53:52,test,0.4723546,0.8726958,0.4664530,0.8706100
2016-10-19 23:59:52,test,0.4764218,0.8757913,0.4662900,0.8705930
2016-10-20 23:59:52,test,0.4765659,0.8755724,0.4662080,0.8705930
2016-10-21 23:59:52,test,0.4724640,0.8744791,0.4661260,0.8705840
2016-10-22 23:59:52,test,0.4735418,0.8728833,0.4660450,0.8705760
2016-10-23 23:59:52,test,0.4788517,0.8774008,0.4659630,0.8705670
2016-10-24 23:59:52,test,0.4749593,0.8713647,0.4658810,0.8705580
2016-10-26 00:05:52,test,0.4776253,0.8759592,0.4658000,0.8705490
2016-10-26 23:59:52,test,0.4773725,0.8781797,0.4657180,0.8705410
2016-10-27 23:59:52,test,0.4790266,0.8772278,0.4656360,0.8705320
2016-10-28 23:59:52,test,0.4749905,0.8753560,0.4655550,0.8705230
2016-10-29 23:59:52,test,0.4805908,0.8758135,0.4654730,0.8705150
2016-10-30 23:59:52,test,0.4774088,0.8791991,0.4653920,0.8705060
2016-10-31 23:59:52,test,0.4725901,0.8725501,0.4653100,0.8704970
2016-11-01 23:59:52,holdout,0.4766913,0.8750207,0.4652280,0.8704880
2016-11-02 23:59:52,holdout,0.4711657,0.8746592,0.4651470,0.8704800
2016-11-03 23:59:52,holdout,0.4753931,0.8739749,0.4650650,0.8704710
2016-11-04 23:59:52,holdout,0.4813648,0.8790940,0.4649830,0.8704620
2016-11-05 23:59:52,holdout,0.4772550,0.8780574,0.4649020,0.8704530
2016-11-06 23:59:52,holdout,0.4809692,0.8766000,0.4648200,0.8704450
2016-11-07 23:59:52,holdout,0.4738712,0.8771739,0.4647380,0.8704360
2016-11-08 23:53:52,holdout,0.4804137,0.8806315,0.4647380,0.8704270
2016-11-09 23:59:52,holdout,0.4757152,0.8728281,0.4645750,0.8704100
2016-11-10 23:59:52,holdout,0.4759224,0.8808395,0.4644930,0.8704100
2016-11-11 23:59:52,holdout,0.4758066,0.8773948,0.4644120,0.8704010
2016-11-12 23:59:52,holdout,0.4786046,0.8789501,0.4643300,0.8703920
2016-11-13 23:59:52,holdout,0.4721366,0.8718165,0.4642480,0.8703840
2016-11-14 23:59:52,holdout,0.4756140,0.8780142,0.4641670,0.8703750
2016-11-15 23:59:52,holdout,0.4727224,0.8752692,0.4640850,0.8703660
2016-11-16 23:59:52,holdout,0.4731698,0.8769851,0.4640030,0.8703580
2016-11-17 23:59:52,holdout,0.4784872,0.8800869,0.4639220,0.8703490
2016-11-18 23:59:52,holdout,0.4729409,0.8736222,0.4638400,0.8703400
2016-11-19 23:59:52,holdout,0.4713390,0.8748106,0.4637580,0.8703310
2016-11-20 23:53:52,holdout,0.4743387,0.8728504,0.4637580,0.8703230
2016-11-21 23:59:52,holdout,0.4706698,0.8748590,0.4635950,0.8703050
2016-11-22 23:59:52,holdout,0.4740955,0.8789322,0.4635130,0.8703050
2016-11-23 23:59:52,holdout,0.4731979,0.8788340,0.4634320,0.8702970
2016-11-24 23:59:52,holdout,0.4764314,0.8785419,0.4633500,0.8702880
2016-11-25 23:59:52,holdout,0.4748819,0.8820854,0.4632680,0.8702790
2016-11-26 23:59:52,holdout,0.4777364,0.8789407,0.4631870,0.8702700
2016-11-27 23:59:52,holdout,0.4767569,0.8791920,0.4631050,0.8702620
2016-11-28 23:59:52,holdout,0.4688504,0.8759476,0.4630230,0.8702530
2016-11-29 23:59:52,holdout,0.4706968,0.8731309,0.4629420,0.8702440
2016-11-30 23:59:52,holdout,0.4768904,0.8750886,0.4628600,0.8702350
2016-12-01 23:59:52,holdout,0.4783468,0.8770629,0.4627790,0.8702270
2016-12-02 23:59:52,holdout,0.4772619,0.8785273,0.4626970,0.8702180
2016-12-03 23:59:52,holdout,0.4760535,0.8785293,0.4626150,0.8702090
2016-12-04 23:59:52,holdout,0.4723076,0.8784135,0.4625340,0.8702010
2016-12-05 23:59:52,holdout,0.4741885,0.8775536,0.4624520,0.8701920
2016-12-06 23:59:52,holdout,0.4793289,0.8831205,0.4623700,0.8701830
2016-12-07 23:59:52,holdout,0.4766959,0.8819095,0.4622890,0.8701740
2016-12-08 23:59:52,holdout,0.4776993,0.8812952,0.4622070,0.8701660
2016-12-09 23:59:52,holdout,0.4764710,0.8777648,0.4621250,0.8701570
2016-12-10 23:59:52,holdout,0.4774945,0.8773683,0.4620440,0.8701480
2016-12-11 23:59:52,holdout,0.4769992,0.8789548,0.4619620,0.8701400
2016-12-12 23:59:52,holdout,0.4701220,0.8778616,0.4618800,0.8701310
2016-12-13 23:59:52,holdout,0.4753289,0.8746517,0.4617990,0.8701220
2016-12-14 23:59:52,holdout,0.4743267,0.8752102,0.4617170,0.8701130
2016-12-15 23:59:52,holdout,0.4788779,0.8797929,0.4616350,0.8701050
2016-12-16 23:59:52,holdout,0.4683584,0.8784090,0.4615540,0.8700960
2016-12-17 23:59:52,holdout,0.4718965,0.8768417,0.4614720,0.8700870
2016-12-18 23:59:52,holdout,0.4708606,0.8774140,0.4613900,0.8700790
2016-12-19 23:59:52,holdout,0.4739335,0.8745504,0.4613090,0.8700700
2016-12-20 23:59:52,holdout,0.4712256,0.8778772,0.4612270,0.8700610
2016-12-21 23:59:52,holdout,0.4729449,0.8784340,0.4611450,0.8700520
2016-12-22 23:59:52,holdout,0.4719305,0.8773475,0.4610640,0.8700440
2016-12-23 23:59:52,holdout,0.4683820,0.8764932,0.4609820,0.8700350
2016-12-24 23:59:52,holdout,0.4678476,0.8768224,0.4609000,0.8700260
2016-12-25 23:59:52,holdout,0.4695475,0.8755474,0.4608190,0.8700170
2016-12-26 23:59:52,holdout,0.4607578,0.8737217,0.4607370,0.8700090
2016-12-27 23:59:52,holdout,0.4695947,0.8738180,0.4606550,0.8700000
2016-12-28 23:59:52,holdout,0.4710032,0.8757774,0.4605740,0.8699910
2016-12-29 23:59:52,holdout,0.4662770,0.8715687,0.4604920,0.8699830
2016-12-30 23:59:52,holdout,0.4650486,0.8722624,0.4604100,0.8699740
2016-12-31 23:59:52,holdout,0.4718323,0.8789696,0.4603290,0.8699560
2017-01-01 23:59:51,train,0.4708166,0.8757079,0.4602470,0.8699560
2017-01-02 23:59:51,train,0.4714757,0.8783445,0.4601650,0.8699480
2017-01-03 23:59:51,train,0.4740295,0.8743308,0.4600840,0.8699390
2017-01-04 23:59:51,train,0.4695879,0.8734420,0.4600020,0.8699300
2017-01-05 23:59:51,train,0.4696900,0.8756097,0.4599200,0.8699220
2017-01-06 23:59:51,train,0.4706869,0.8741870,0.4598390,0.8699130
2017-01-07 23:59:51,train,0.4727558,0.8776250,0.4597570,0.8699040
2017-01-08 23:59:51,train,0.4696781,0.8768286,0.4596760,0.8698950
2017-01-09 23:59:51,train,0.4710673,0.8773825,0.4595940,0.8698870
2017-01-10 23:59:51,train,0.4702348,0.8757584,0.4595120,0.8698780
2017-01-11 23:59:51,train,0.4688897,0.8780092,0.4594310,0.8698690
2017-01-12 23:59:51,train,0.4700538,0.8811753,0.4593490,0.8698600
2017-01-13 23:59:51,train,0.4746316,0.8789449,0.4592670,0.8698520
2017-01-14 23:59:51,train,0.4738196,0.8800860,0.4591860,0.8698430
2017-01-15 23:59:51,train,0.4689417,0.8765732,0.4591040,0.8698340
2017-01-16 23:59:51,train,0.4675497,0.8793193,0.4590220,0.8698260
2017-01-17 23:59:51,train,0.4681247,0.8749472,0.4589410,0.8698170
2017-01-18 23:59:51,train,0.4717731,0.8788065,0.4588590,0.8698080
2017-01-19 23:59:51,train,0.4696321,0.8784883,0.4587770,0.8697990
2017-01-20 23:59:51,train,0.4663962,0.8761430,0.4586960,0.8697910
2017-01-21 23:59:51,train,0.4669421,0.8771936,0.4586140,0.8697820
2017-01-22 23:59:51,train,0.4771825,0.8797427,0.4585320,0.8697730
2017-01-23 23:59:51,train,0.4650256,0.8754635,0.4584510,0.8697650
2017-01-24 23:59:51,train,0.4675877,0.8773136,0.4583690,0.8697560
2017-01-25 23:59:51,train,0.4693133,0.8817676,0.4582870,0.8697470
2017-01-26 23:59:51,train,0.4715234,0.8788814,0.4582060,0.8697380
2017-01-27 23:59:51,train,0.4673245,0.8780087,0.4581240,0.8697300
2017-01-28 23:59:51,train,0.4685000,0.8780976,0.4580420,0.8697210
2017-01-29 23:59:51,train,0.4654190,0.8749054,0.4579610,0.8697120
2017-01-30 23:59:51,train,0.4706615,0.8797952,0.4578790,0.8697030
2017-01-31 23:59:51,train,0.4622374,0.8740417,0.4577970,0.8696950
2017-02-01 23:59:51,train,0.4615388,0.8722650,0.4577160,0.8696860
2017-02-02 23:59:51,train,0.4634214,0.8735830,0.4576340,0.8696770
2017-02-03 23:59:51,train,0.4677666,0.8784171,0.4575520,0.8696690
2017-02-04 23:59:51,train,0.4648664,0.8753631,0.4574710,0.8696600
2017-02-05 23:59:51,train,0.4648475,0.8780586,0.4573890,0.8696510
2017-02-06 23:59:51,train,0.4694055,0.8788233,0.4573070,0.8696420
2017-02-07 23:59:51,train,0.4709573,0.8789113,0.4572260,0.8696340
2017-02-08 23:59:51,train,0.4649405,0.8780026,0.4571440,0.8696250
2017-02-10 00:05:51,train,0.4668033,0.8799952,0.4570630,0.8696160
2017-02-10 23:59:51,train,0.4680394,0.8795783,0.4569810,0.8696080
2017-02-11 23:59:51,train,0.4656036,0.8768109,0.4568990,0.8695990
2017-02-12 23:59:51,train,0.4626721,0.8776431,0.4568180,0.8695900
2017-02-13 23:59:51,train,0.4659586,0.8774766,0.4567360,0.8695810
2017-02-14 23:59:51,train,0.4644936,0.8722535,0.4566540,0.8695730
2017-02-15 23:59:51,train,0.4611476,0.8719989,0.4565730,0.8695640
2017-02-16 23:59:51,train,0.4657447,0.8753370,0.4564910,0.8695550
2017-02-17 23:59:51,train,0.4622363,0.8743327,0.4564090,0.8695470
2017-02-18 23:59:51,train,0.4644695,0.8775667,0.4563280,0.8695380
2017-02-19 23:59:51,train,0.4611979,0.8760274,0.4562460,0.8695290
2017-02-20 23:59:51,train,0.4636499,0.8756300,0.4561640,0.8695200
2017-02-21 23:59:51,train,0.4600269,0.8736008,0.4560830,0.8695120
2017-02-22 23:59:51,train,0.4574905,0.8726853,0.4560010,0.8695030
2017-02-23 23:59:51,train,0.4565337,0.8688580,0.4559190,0.8694940
2017-02-24 23:59:51,train,0.4592862,0.8707871,0.4558380,0.8694850
2017-02-25 23:59:51,train,0.4572487,0.8732709,0.4557560,0.8694770
2017-02-26 23:59:51,train,0.4620530,0.8741374,0.4556740,0.8694680
2017-02-27 23:59:51,train,0.4586464,0.8718586,0.4555930,0.8694590
2017-02-28 23:59:51,train,0.4645845,0.8752599,0.4555110,0.8694510
2017-03-01 23:59:51,train,0.4649881,0.8759406,0.4554290,0.8694420
2017-03-02 23:59:51,train,0.4625357,0.8764451,0.4553480,0.8694330
2017-03-03 23:59:51,train,0.4633323,0.8754952,0.4552660,0.8694240
2017-03-04 23:59:51,train,0.4651751,0.8757382,0.4551840,0.8694160
2017-03-05 23:59:51,train,0.4661048,0.8770641,0.4551030,0.8694070
2017-03-06 23:59:51,train,0.4609442,0.8774458,0.4550210,0.8693980
2017-03-07 23:59:51,train,0.4632727,0.8724977,0.4549390,0.8693900
2017-03-08 23:59:51,train,0.4658711,0.8771544,0.4548580,0.8693810
2017-03-09 23:59:51,train,0.4611127,0.8759418,0.4547760,0.8693720
2017-03-10 23:59:51,train,0.4627255,0.8763636,0.4546940,0.8693630
2017-03-11 23:59:51,train,0.4652564,0.8770530,0.4546130,0.8693550
2017-03-12 23:59:51,train,0.4642816,0.8757761,0.4545310,0.8693460
2017-03-13 23:59:51,train,0.4634817,0.8752935,0.4544500,0.8693370
2017-03-14 23:59:51,train,0.4648466,0.8776574,0.4543680,0.8693280
2017-03-15 23:59:51,train,0.4642454,0.8764220,0.4542860,0.8693200
2017-03-16 23:59:51,train,0.4604735,0.8758236,0.4542050,0.8693110
2017-03-17 23:59:51,train,0.4650870,0.8761252,0.4541230,0.8693020
2017-03-18 23:59:51,train,0.4556668,0.8719949,0.4540410,0.8692940
2017-03-19 23:59:51,train,0.4620632,0.8761349,0.4539600,0.8692850
2017-03-20 23:59:51,train,0.4577765,0.8727378,0.4538780,0.8692760
2017-03-21 23:59:51,train,0.4610538,0.8762260,0.4537960,0.8692670
2017-03-22 23:59:51,train,0.4597118,0.8750816,0.4537150,0.8692590
2017-03-23 23:59:51,train,0.4571787,0.8746761,0.4536330,0.8692500
2017-03-24 23:59:51,train,0.4593558,0.8744009,0.4535510,0.8692410
2017-03-25 23:59:51,train,0.4584468,0.8697788,0.4534700,0.8692330
2017-03-26 23:59:51,train,0.4581056,0.8720538,0.4533880,0.8692240
2017-03-27 23:59:51,train,0.4558564,0.8739563,0.4533060,0.8692150
2017-03-28 23:59:51,train,0.4636528,0.8740588,0.4532250,0.8692060
2017-03-29 23:59:51,train,0.4540106,0.8681022,0.4531430,0.8691980
2017-03-30 23:59:51,train,0.4556479,0.8720996,0.4530610,0.8691890
2017-03-31 23:59:51,train,0.4570417,0.8731977,0.4529800,0.8691800
2017-04-01 23:59:51,train,0.4605902,0.8721738,0.4528980,0.8691720
2017-04-02 23:59:51,train,0.4498652,0.8645902,0.4528160,0.8691630
2017-04-03 23:59:51,train,0.4555744,0.8770245,0.4527350,0.8691540
2017-04-04 23:59:51,train,0.4577280,0.8812398,0.4526530,0.8691450
2017-04-05 23:59:51,train,0.4596271,0.8806285,0.4525710,0.8691370
2017-04-06 23:59:51,train,0.4634816,0.8806716,0.4524900,0.8691280
2017-04-07 23:59:51,train,0.4614525,0.8777246,0.4524080,0.8691190
2017-04-08 23:59:51,train,0.4637901,0.8776620,0.4523260,0.8691100
2017-04-09 23:59:51,train,0.4636025,0.8754572,0.4522450,0.8691020
2017-04-10 23:59:51,train,0.4599937,0.8756536,0.4521630,0.8690930
2017-04-11 23:59:51,train,0.4576340,0.8774398,0.4520810,0.8690840
2017-04-12 23:59:51,train,0.4585428,0.8797206,0.4520000,0.8690760
2017-04-13 23:59:51,train,0.4613638,0.8801796,0.4519180,0.8690670
2017-04-14 23:59:51,train,0.4619546,0.8789790,0.4518360,0.8690580
2017-04-15 23:59:51,train,0.4659524,0.8808425,0.4517550,0.8690490
2017-04-16 23:59:51,train,0.4626015,0.8782365,0.4516730,0.8690410
2017-04-17 23:59:51,train,0.4572549,0.8743470,0.4515910,0.8690320
2017-04-18 23:59:51,train,0.4530357,0.8728037,0.4515100,0.8690230
2017-04-19 23:59:51,train,0.4502979,0.8706507,0.4514280,0.8690150
2017-04-20 23:59:51,train,0.4558652,0.8764511,0.4513470,0.8690060
2017-04-21 23:59:51,train,0.4509595,0.8730950,0.4512650,0.8689970
2017-04-22 23:59:51,train,0.4538019,0.8739026,0.4511830,0.8689880
2017-04-23 23:59:51,train,0.4576846,0.8759065,0.4511020,0.8689800
2017-04-24 23:59:51,train,0.4543016,0.8710148,0.4510200,0.8689710
2017-04-25 23:59:51,train,0.4565876,0.8724600,0.4509380,0.8689620
2017-04-26 23:59:51,train,0.4556747,0.8752693,0.4508570,0.8689530
2017-04-27 23:59:51,train,0.4556872,0.8725458,0.4507750,0.8689450
2017-04-28 23:59:51,train,0.4563752,0.8714664,0.4506930,0.8689360
2017-04-29 23:59:51,train,0.4558678,0.8747725,0.4506120,0.8689270
2017-04-30 23:59:51,train,0.4557171,0.8779527,0.4505300,0.8689190
2017-05-01 23:59:51,train,0.4564358,0.8780584,0.4504480,0.8689100
2017-05-02 23:59:51,train,0.4581818,0.8711235,0.4503670,0.8689010
2017-05-03 23:59:51,train,0.4560545,0.8776776,0.4502850,0.8688920
2017-05-04 23:59:51,train,0.4572827,0.8765135,0.4502030,0.8688840
2017-05-05 23:59:51,train,0.4554647,0.8732313,0.4501220,0.8688750
2017-05-06 23:59:51,train,0.4542519,0.8724026,0.4500400,0.8688660
2017-05-07 23:59:51,train,0.4531238,0.8744294,0.4499580,0.8688580
2017-05-08 23:59:51,train,0.4541808,0.8737088,0.4498770,0.8688490
2017-05-09 23:59:51,train,0.4540175,0.8747294,0.4497950,0.8688400
2017-05-10 23:59:51,train,0.4559708,0.8731562,0.4497130,0.8688310
2017-05-11 23:59:51,train,0.4506069,0.8725917,0.4496320,0.8688230
2017-05-12 23:59:51,train,0.4521239,0.8756113,0.4495500,0.8688140
2017-05-13 23:59:51,train,0.4525452,0.8758404,0.4494680,0.8688050
2017-05-14 23:59:51,train,0.4554272,0.8791935,0.4493870,0.8687970
2017-05-15 23:59:51,train,0.4536096,0.8765622,0.4493050,0.8687880
2017-05-16 23:59:51,train,0.4542237,0.8740042,0.4492230,0.8687790
2017-05-17 23:59:51,train,0.4524200,0.8781893,0.4491420,0.8687700
2017-05-18 23:59:51,train,0.4519200,0.8701421,0.4490600,0.8687620
2017-05-19 23:59:51,train,0.4529838,0.8727573,0.4489780,0.8687530
2017-05-20 23:59:51,train,0.4567949,0.8737854,0.4488970,0.8687440
2017-05-21 23:59:51,train,0.4565304,0.8698961,0.4488150,0.8687350
2017-05-22 23:59:51,train,0.4509046,0.8707232,0.4487340,0.8687270
2017-05-23 23:59:51,train,0.4582108,0.8778022,0.4486520,0.8687180
2017-05-24 23:59:51,train,0.4510826,0.8701538,0.4485700,0.8687090
2017-05-25 23:59:51,train,0.4490176,0.8698913,0.4484890,0.8687010
2017-05-26 23:59:51,train,0.4524313,0.8725479,0.4484070,0.8686920
2017-05-27 23:59:51,train,0.4493158,0.8740575,0.4483250,0.8686830
2017-05-28 23:59:51,train,0.4511958,0.8740663,0.4482440,0.8686740
2017-05-29 23:59:51,train,0.4549797,0.8754944,0.4481620,0.8686660
2017-05-30 23:59:51,train,0.4513653,0.8737648,0.4480800,0.8686570
2017-05-31 23:59:51,train,0.4527964,0.8758653,0.4479990,0.8686480
2017-06-01 23:59:51,train,0.4530309,0.8766837,0.4479170,0.8686400
2017-06-02 23:59:51,train,0.4542130,0.8740901,0.4478350,0.8686310
2017-06-03 23:59:51,train,0.4549055,0.8749973,0.4477540,0.8686220
2017-06-04 23:59:51,train,0.4501885,0.8720012,0.4476720,0.8686130
2017-06-05 23:59:51,train,0.4501832,0.8728797,0.4475900,0.8686050
2017-06-06 23:59:51,train,0.4492597,0.8774421,0.4475090,0.8685960
2017-06-07 23:59:51,train,0.4509127,0.8714418,0.4474270,0.8685870
2017-06-08 23:59:51,train,0.4498669,0.8709874,0.4473450,0.8685780
2017-06-09 23:59:51,train,0.4506135,0.8714111,0.4472640,0.8685700
2017-06-10 23:59:51,train,0.4511583,0.8734560,0.4471820,0.8685610
2017-06-11 23:59:51,train,0.4456456,0.8705514,0.4471000,0.8685520
2017-06-12 23:59:51,train,0.4491940,0.8714306,0.4470190,0.8685440
2017-06-13 23:59:51,train,0.4501459,0.8717892,0.4469370,0.8685350
2017-06-14 23:59:51,train,0.4468364,0.8688343,0.4468550,0.8685260
2017-06-15 23:59:51,train,0.4506459,0.8701935,0.4467740,0.8685170
2017-06-16 23:59:51,train,0.4461626,0.8713185,0.4466920,0.8685090
2017-06-17 23:59:51,train,0.4491264,0.8687665,0.4466100,0.8685000
2017-06-18 23:59:51,train,0.4412249,0.8702893,0.4465290,0.8684910
2017-06-19 23:59:51,train,0.4408632,0.8665631,0.4464470,0.8684830
2017-06-20 23:59:51,train,0.4439167,0.8662136,0.4463650,0.8684740
2017-06-21 23:59:51,train,0.4481458,0.8664429,0.4462840,0.8684650
2017-06-22 23:59:51,train,0.4490398,0.8681410,0.4462020,0.8684560
2017-06-23 23:59:51,train,0.4494817,0.8705164,0.4461210,0.8684480
2017-06-24 23:59:51,train,0.4508637,0.8724565,0.4460390,0.8684390
2017-06-25 23:59:51,train,0.4501500,0.8706912,0.4459570,0.8684300
2017-06-26 23:59:51,train,0.4505465,0.8734771,0.4458760,0.8684210
2017-06-27 23:59:51,train,0.4488720,0.8713040,0.4457940,0.8684130
2017-06-28 23:59:51,train,0.4497681,0.8726456,0.4457120,0.8684040
2017-06-29 23:59:51,train,0.4493606,0.8699668,0.4456310,0.8683950
2017-06-30 23:59:51,train,0.4480528,0.8701289,0.4455490,0.8683870
2017-07-01 23:59:51,train,0.4493806,0.8698955,0.4454670,0.8683780
2017-07-02 23:59:51,train,0.4475119,0.8724656,0.4453860,0.8683690
2017-07-03 23:59:51,train,0.4494808,0.8722590,0.4453040,0.8683600
2017-07-04 23:59:51,train,0.4496110,0.8707685,0.4452220,0.8683520
2017-07-05 23:59:51,train,0.4535732,0.8764533,0.4451410,0.8683430
2017-07-06 23:59:51,train,0.4480225,0.8742053,0.4450590,0.8683340
2017-07-07 23:59:51,train,0.4530035,0.8753315,0.4449770,0.8683260
2017-07-08 23:59:51,train,0.4508544,0.8712515,0.4448960,0.8683170
2017-07-09 23:59:51,train,0.4527976,0.8731470,0.4448140,0.8683080
2017-07-10 23:59:51,train,0.4469646,0.8740142,0.4447320,0.8682990
2017-07-11 23:59:51,train,0.4469098,0.8707684,0.4446510,0.8682910
2017-07-12 23:59:51,train,0.4432862,0.8658935,0.4445690,0.8682820
2017-07-13 23:59:51,train,0.4458684,0.8674392,0.4444870,0.8682730
2017-07-14 23:59:51,train,0.4490673,0.8641930,0.4444060,0.8682650
2017-07-15 23:59:51,train,0.4406575,0.8673346,0.4443240,0.8682560
2017-07-16 23:59:51,train,0.4454338,0.8636240,0.4442420,0.8682470
2017-07-17 23:59:51,train,0.4387920,0.8653603,0.4441610,0.8682380
2017-07-18 23:59:51,train,0.4483015,0.8669167,0.4440790,0.8682300
2017-07-19 23:59:51,train,0.4440089,0.8697231,0.4439970,0.8682210
2017-07-20 23:59:51,train,0.4479705,0.8767046,0.4439160,0.8682120
2017-07-21 23:59:51,train,0.4452348,0.8729507,0.4438340,0.8682030
2017-07-22 23:59:51,train,0.4478728,0.8721225,0.4437520,0.8681860
2017-07-23 23:59:51,train,0.4480231,0.8712201,0.4436710,0.8681860
2017-07-24 23:59:51,train,0.4420084,0.8678135,0.4435890,0.8681770
2017-07-25 23:59:51,train,0.4462071,0.8704632,0.4435070,0.8681690
2017-07-26 23:59:51,train,0.4428095,0.8686503,0.4434260,0.8681600
2017-07-27 23:59:51,train,0.4461583,0.8691937,0.4433440,0.8681510
2017-07-28 23:59:51,train,0.4412082,0.8713050,0.4432620,0.8681420
2017-07-29 23:59:51,train,0.4462159,0.8743795,0.4431810,0.8681340
2017-07-30 23:59:51,train,0.4485994,0.8723022,0.4430990,0.8681250
2017-07-31 23:59:51,train,0.4493532,0.8713927,0.4430180,0.8681160
2017-08-01 23:59:51,test,0.4462085,0.8711939,0.4429360,0.8681080
2017-08-02 23:59:51,test,0.4487458,0.8709181,0.4428540,0.8680990
2017-08-03 23:59:51,test,0.4494483,0.8715852,0.4427730,0.8680900
2017-08-04 23:59:51,test,0.4486865,0.8714292,0.4426910,0.8680810
2017-08-05 23:59:51,test,0.4502556,0.8756747,0.4426090,0.8680730
2017-08-06 23:59:51,test,0.4430837,0.8716199,0.4425280,0.8680640
2017-08-07 23:59:51,test,0.4445211,0.8694346,0.4424460,0.8680550
2017-08-08 23:59:51,test,0.4480462,0.8706914,0.4423640,0.8680470
2017-08-09 23:59:51,test,0.4459575,0.8666968,0.4422830,0.8680380
2017-08-10 23:59:51,test,0.4419968,0.8653585,0.4422010,0.8680290
2017-08-11 23:59:51,test,0.4403431,0.8649300,0.4421190,0.8680120
2017-08-12 23:59:51,test,0.4424961,0.8674694,0.4420380,0.8680120
2017-08-13 23:59:51,test,0.4414800,0.8645126,0.4419560,0.8680030
2017-08-14 23:59:51,test,0.4442100,0.8678389,0.4418740,0.8679940
2017-08-15 23:59:51,test,0.4429523,0.8686045,0.4417930,0.8679850
2017-08-16 23:59:51,test,0.4433660,0.8696332,0.4417110,0.8679770
2017-08-17 23:59:51,test,0.4443005,0.8700347,0.4416290,0.8679680
2017-08-18 23:59:51,test,0.4443574,0.8726805,0.4415480,0.8679590
2017-08-19 23:59:51,test,0.4447123,0.8694605,0.4414660,0.8679510
2017-08-20 23:59:51,test,0.4384210,0.8647689,0.4413840,0.8679420
2017-08-21 23:59:51,test,0.4385495,0.8697293,0.4413030,0.8679330
2017-08-22 23:59:51,test,0.4406706,0.8674156,0.4412210,0.8679240
2017-08-23 23:59:51,test,0.4417365,0.8681517,0.4411390,0.8679160
2017-08-24 23:59:51,test,0.4402934,0.8689455,0.4410580,0.8679070
2017-08-25 23:59:51,test,0.4389927,0.8668007,0.4409760,0.8678980
2017-08-26 23:59:51,test,0.4421779,0.8663032,0.4408940,0.8678900
2017-08-27 23:59:51,test,0.4413476,0.8683173,0.4408130,0.8678810
2017-08-28 23:59:51,test,0.4464561,0.8721372,0.4407310,0.8678720
2017-08-29 23:59:51,test,0.4388917,0.8671839,0.4406490,0.8678630
2017-08-30 23:59:51,test,0.4435451,0.8690298,0.4405680,0.8678550
2017-08-31 23:59:51,test,0.4468047,0.8693020,0.4404860,0.8678460
2017-09-01 23:59:51,test,0.4480948,0.8716146,0.4404050,0.8678370
2017-09-02 23:59:51,test,0.4381088,0.8741438,0.4403230,0.8678280
2017-09-03 23:59:51,test,0.4441278,0.8701343,0.4402410,0.8678200
2017-09-04 23:59:51,test,0.4396831,0.8695441,0.4401600,0.8678110
2017-09-05 23:59:51,test,0.4435545,0.8677760,0.4400780,0.8678020
2017-09-06 23:59:51,test,0.4357657,0.8678128,0.4399960,0.8677940
2017-09-07 23:59:51,test,0.4336123,0.8645801,0.4399150,0.8677850
2017-09-08 23:59:51,test,0.4379316,0.8639984,0.4398330,0.8677760
2017-09-09 23:59:51,test,0.4363897,0.8609998,0.4397510,0.8677670
2017-09-10 23:59:51,test,0.4425274,0.8629569,0.4396700,0.8677590
2017-09-11 23:59:51,test,0.4439135,0.8638145,0.4395880,0.8677500
2017-09-12 23:59:51,test,0.4434359,0.8655548,0.4395060,0.8677410
2017-09-13 23:59:51,test,0.4425341,0.8667007,0.4394250,0.8677330
2017-09-14 23:59:51,test,0.4395575,0.8629904,0.4393430,0.8677240
2017-09-15 23:59:51,test,0.4397830,0.8651249,0.4392610,0.8677150
2017-09-16 23:59:51,test,0.4395524,0.8661631,0.4391800,0.8677060
2017-09-17 23:59:51,test,0.4415670,0.8688314,0.4390980,0.8676980
2017-09-18 23:59:51,test,0.4404901,0.8650636,0.4390160,0.8676890
2017-09-19 23:59:51,test,0.4401018,0.8677504,0.4389350,0.8676800
2017-09-20 23:59:51,test,0.4381627,0.8658377,0.4388530,0.8676710
2017-09-21 23:59:51,test,0.4391119,0.8630328,0.4387710,0.8676630
2017-09-22 23:59:51,test,0.4385628,0.8626074,0.4386900,0.8676540
2017-09-23 23:59:51,test,0.4432916,0.8689719,0.4386080,0.8676450
2017-09-24 23:59:51,test,0.4491741,0.8729879,0.4385260,0.8676370
2017-09-25 23:59:51,test,0.4426962,0.8678155,0.4384450,0.8676280
2017-09-26 23:59:51,test,0.4408163,0.8659240,0.4383630,0.8676190
2017-09-27 23:59:51,test,0.4435430,0.8655900,0.4382810,0.8676100
2017-09-28 23:59:51,test,0.4394324,0.8696760,0.4382000,0.8676020
2017-09-29 23:59:51,test,0.4390291,0.8673986,0.4381180,0.8675930
2017-09-30 23:59:51,test,0.4404900,0.8646860,0.4380360,0.8675840
2017-10-01 23:59:51,test,0.4358842,0.8654287,0.4379550,0.8675760
2017-10-03 00:05:51,test,0.4432750,0.8631435,0.4378730,0.8675670
2017-10-03 23:59:51,test,0.4358343,0.8617333,0.4377910,0.8675580
2017-10-04 23:59:51,test,0.4387045,0.8601254,0.4377100,0.8675490
2017-10-05 23:59:51,test,0.4377319,0.8664469,0.4376280,0.8675410
2017-10-06 23:59:51,test,0.4366638,0.8598189,0.4375470,0.8675320
2017-10-07 23:59:51,test,0.4373668,0.8642494,0.4374650,0.8675230
2017-10-08 23:59:51,test,0.4378459,0.8652319,0.4373830,0.8675150
2017-10-09 23:59:51,test,0.4384310,0.8646580,0.4373020,0.8675060
2017-10-10 23:59:51,test,0.4383389,0.8646232,0.4372200,0.8674970
2017-10-11 23:59:51,test,0.4405367,0.8680077,0.4371380,0.8674880
2017-10-12 23:59:51,test,0.4402361,0.8662837,0.4370570,0.8674800
2017-10-13 23:59:51,test,0.4399377,0.8695429,0.4369750,0.8674710
2017-10-14 23:59:51,test,0.4398163,0.8668008,0.4368930,0.8674620
2017-10-15 23:59:51,test,0.4391415,0.8650090,0.4368120,0.8674540
2017-10-16 23:59:51,test,0.4384518,0.8652488,0.4367300,0.8674450
2017-10-17 23:59:51,test,0.4388632,0.8668247,0.4366480,0.8674360
2017-10-18 23:59:51,test,0.4375551,0.8652939,0.4365670,0.8674270
2017-10-19 23:59:51,test,0.4376810,0.8653364,0.4364850,0.8674190
2017-10-20 23:59:51,test,0.4356062,0.8654825,0.4364030,0.8674100
2017-10-21 23:59:51,test,0.4393595,0.8683838,0.4363220,0.8674010
2017-10-22 23:59:51,test,0.4394583,0.8674915,0.4362400,0.8673920
2017-10-24 00:05:51,test,0.4371444,0.8676421,0.4361580,0.8673750
2017-10-24 23:59:51,test,0.4392280,0.8652685,0.4360770,0.8673750
2017-10-25 23:59:51,test,0.4374103,0.8677748,0.4359950,0.8673660
2017-10-26 23:59:51,test,0.4384175,0.8698805,0.4359130,0.8673580
2017-10-27 23:59:51,test,0.4384514,0.8664083,0.4358320,0.8673490
2017-10-28 23:59:51,test,0.4389531,0.8659331,0.4357500,0.8673400
2017-10-29 23:59:51,test,0.4336600,0.8626300,0.4356680,0.8673310
2017-10-30 23:59:51,test,0.4333191,0.8619266,0.4355870,0.8673230
2017-10-31 23:59:51,test,0.4351246,0.8617573,0.4355050,0.8673140
2017-11-01 23:59:51,holdout,0.4379543,0.8636879,0.4354230,0.8673050
2017-11-02 23:59:51,holdout,0.4349496,0.8659797,0.4353420,0.8672970
2017-11-03 23:59:51,holdout,0.4342515,0.8626856,0.4352600,0.8672880
2017-11-04 23:59:51,holdout,0.4381909,0.8671598,0.4351780,0.8672790
2017-11-05 23:59:51,holdout,0.4417406,0.8713117,0.4350970,0.8672700
2017-11-06 23:59:51,holdout,0.4387873,0.8672643,0.4350150,0.8672620
2017-11-08 23:59:51,holdout,0.4404394,0.8685836,0.4348520,0.8672440
2017-11-09 23:59:51,holdout,0.4424846,0.8671933,0.4347700,0.8672350
2017-11-10 23:59:51,holdout,0.4397690,0.8665230,0.4346890,0.8672270
2017-11-11 23:59:51,holdout,0.4383536,0.8662224,0.4346070,0.8672180
2017-11-12 23:59:51,holdout,0.4354456,0.8662481,0.4345250,0.8672090
2017-11-13 23:59:51,holdout,0.4316179,0.8628116,0.4344440,0.8672010
2017-11-14 23:59:51,holdout,0.4393353,0.8631058,0.4343620,0.8671920
2017-11-15 23:59:51,holdout,0.4375663,0.8678479,0.4342800,0.8671830
2017-11-16 23:59:51,holdout,0.4412497,0.8711269,0.4341990,0.8671740
2017-11-17 23:59:51,holdout,0.4388428,0.8690969,0.4341170,0.8671660
2017-11-18 23:59:51,holdout,0.4438860,0.8711848,0.4340350,0.8671570
2017-11-19 23:59:51,holdout,0.4428431,0.8735651,0.4339540,0.8671480
2017-11-20 23:59:51,holdout,0.4423995,0.8715011,0.4338720,0.8671400
2017-11-21 23:59:51,holdout,0.4366399,0.8707272,0.4337900,0.8671310
2017-11-22 23:59:51,holdout,0.4389649,0.8678557,0.4337090,0.8671220
2017-11-23 23:59:51,holdout,0.4366845,0.8659433,0.4336270,0.8671130
2017-11-24 23:59:51,holdout,0.4367303,0.8674304,0.4335450,0.8671050
2017-11-25 23:59:51,holdout,0.4404095,0.8648744,0.4334640,0.8670960
2017-11-26 23:59:51,holdout,0.4373462,0.8685692,0.4333820,0.8670870
2017-11-27 23:59:51,holdout,0.4331725,0.8628505,0.4333000,0.8670780
2017-11-28 23:59:51,holdout,0.4360658,0.8646687,0.4332190,0.8670700
2017-11-29 23:59:51,holdout,0.4355369,0.8647999,0.4331370,0.8670610
2017-11-30 23:59:51,holdout,0.4383698,0.8674409,0.4330550,0.8670520
2017-12-01 23:59:51,holdout,0.4375731,0.8701613,0.4329740,0.8670440
2017-12-02 23:59:51,holdout,0.4376749,0.8667967,0.4328920,0.8670350
2017-12-03 23:59:51,holdout,0.4378819,0.8680562,0.4328100,0.8670260
2017-12-04 23:59:51,holdout,0.4343623,0.8669271,0.4327290,0.8670170
2017-12-05 23:59:51,holdout,0.4404090,0.8718200,0.4326470,0.8670090
2017-12-06 23:59:51,holdout,0.4382608,0.8692661,0.4325650,0.8670000
2017-12-07 23:59:51,holdout,0.4381548,0.8677731,0.4324840,0.8669910
2017-12-08 23:59:51,holdout,0.4378078,0.8692065,0.4324020,0.8669830
2017-12-09 23:59:51,holdout,0.4392475,0.8675731,0.4323200,0.8669740
2017-12-10 23:59:51,holdout,0.4363876,0.8670772,0.4322390,0.8669650
2017-12-11 23:59:51,holdout,0.4385891,0.8698853,0.4321570,0.8669560
2017-12-12 23:59:51,holdout,0.4379494,0.8663098,0.4320760,0.8669480
2017-12-13 23:59:51,holdout,0.4368658,0.8708727,0.4319940,0.8669390
2017-12-14 23:59:51,holdout,0.4382321,0.8696879,0.4319120,0.8669300
2017-12-15 23:59:51,holdout,0.4385050,0.8670155,0.4318310,0.8669210
2017-12-16 23:59:51,holdout,0.4361319,0.8666819,0.4317490,0.8669130
2017-12-17 23:59:51,holdout,0.4335407,0.8673446,0.4316670,0.8669040
2017-12-18 23:59:51,holdout,0.4372673,0.8663672,0.4315860,0.8668950
2017-12-19 23:59:51,holdout,0.4294393,0.8641954,0.4315040,0.8668870
2017-12-20 23:59:51,holdout,0.4401372,0.8637109,0.4314220,0.8668780
2017-12-21 23:59:51,holdout,0.4315694,0.8597826,0.4313410,0.8668690
2017-12-22 23:59:51,holdout,0.4338297,0.8593718,0.4312590,0.8668600
2017-12-23 23:59:51,holdout,0.4282895,0.8603882,0.4311770,0.8668520
2017-12-24 23:59:51,holdout,0.4269164,0.8566769,0.4310960,0.8668430
2017-12-25 23:59:51,holdout,0.4273079,0.8582801,0.4310140,0.8668340
2017-12-26 23:59:51,holdout,0.4322539,0.8610722,0.4309320,0.8668260
2017-12-27 23:59:51,holdout,0.4314503,0.8630556,0.4308510,0.8668170
2017-12-28 23:59:51,holdout,0.4331333,0.8620384,0.4307690,0.8668080
2017-12-29 23:59:51,holdout,0.4337364,0.8628321,0.4306870,0.8667990
2017-12-30 23:59:51,holdout,0.4311199,0.8616192,0.4306060,0.8667910
2017-12-31 23:59:51,holdout,0.4339608,0.8633749,0.4305240,0.8667730
2018-01-01 23:59:51,train,0.4312901,0.8624050,0.4304420,0.8667730
2018-01-02 23:59:51,train,0.4320979,0.8619416,0.4303610,0.8667650
2018-01-03 23:59:51,train,0.4318986,0.8581754,0.4302790,0.8667560
2018-01-04 23:59:51,train,0.4287125,0.8654315,0.4301970,0.8667470
2018-01-05 23:59:51,train,0.4276452,0.8628043,0.4301160,0.8667380
2018-01-06 23:59:51,train,0.4291128,0.8638626,0.4300340,0.8667300
2018-01-07 23:59:51,train,0.4327505,0.8658451,0.4299520,0.8667210
2018-01-08 23:59:51,train,0.4296968,0.8617181,0.4298710,0.8667120
2018-01-09 23:59:51,train,0.4329443,0.8648406,0.4297890,0.8667040
2018-01-10 23:59:51,train,0.4347735,0.8632374,0.4297070,0.8666950
2018-01-11 23:59:51,train,0.4310082,0.8653869,0.4296260,0.8666860
2018-01-12 23:59:51,train,0.4333222,0.8676614,0.4295440,0.8666770
2018-01-13 23:59:51,train,0.4319497,0.8640248,0.4294620,0.8666690
2018-01-14 23:59:51,train,0.4363701,0.8651528,0.4293810,0.8666600
2018-01-15 23:59:51,train,0.4313103,0.8650171,0.4292990,0.8666510
2018-01-16 23:59:51,train,0.4311848,0.8629919,0.4292180,0.8666420
2018-01-17 23:59:51,train,0.4291781,0.8637235,0.4291360,0.8666340
2018-01-18 23:59:51,train,0.4291637,0.8610648,0.4290540,0.8666250
2018-01-19 23:59:51,train,0.4317223,0.8653441,0.4289730,0.8666160
2018-01-20 23:59:51,train,0.4316413,0.8638502,0.4288910,0.8666080
2018-01-21 23:59:51,train,0.4314100,0.8627827,0.4288090,0.8665990
2018-01-22 23:59:51,train,0.4328547,0.8631308,0.4287280,0.8665900
2018-01-25 00:05:51,train,0.4325814,0.8652199,0.4285640,0.8665640
2018-01-25 23:59:51,train,0.4348437,0.8645428,0.4284830,0.8665640
2018-01-26 23:59:51,train,0.4349285,0.8649130,0.4284010,0.8665550
2018-01-27 23:59:51,train,0.4319149,0.8619218,0.4283190,0.8665470
2018-01-28 23:59:51,train,0.4323838,0.8654448,0.4282380,0.8665380
2018-01-29 23:59:51,train,0.4331130,0.8658771,0.4281560,0.8665290
2018-01-30 23:59:51,train,0.4319980,0.8665888,0.4280740,0.8665200
2018-01-31 23:59:51,train,0.4329509,0.8651657,0.4279930,0.8665120
2018-02-01 23:59:51,train,0.4308955,0.8649981,0.4279110,0.8665030
2018-02-02 23:59:51,train,0.4322844,0.8651225,0.4278290,0.8664940
2018-02-03 23:59:51,train,0.4309760,0.8669725,0.4277480,0.8664850
2018-02-04 23:59:51,train,0.4310822,0.8657017,0.4276660,0.8664770
2018-02-05 23:59:51,train,0.4326451,0.8692368,0.4275840,0.8664680
2018-02-06 23:59:51,train,0.4318055,0.8678718,0.4275030,0.8664590
2018-02-07 23:59:51,train,0.4323452,0.8670219,0.4274210,0.8664510
2018-02-08 23:59:51,train,0.4286384,0.8654662,0.4273390,0.8664420
2018-02-09 23:59:51,train,0.4323255,0.8659804,0.4272580,0.8664330
2018-02-10 23:59:51,train,0.4319189,0.8641645,0.4271760,0.8664240
2018-02-11 23:59:51,train,0.4280188,0.8648034,0.4270940,0.8664160
2018-02-12 23:59:51,train,0.4312913,0.8654662,0.4270130,0.8664070
2018-02-13 23:59:51,train,0.4281287,0.8621556,0.4269310,0.8663980
2018-02-14 23:59:51,train,0.4315628,0.8668597,0.4268490,0.8663900
2018-02-15 23:59:51,train,0.4286170,0.8658316,0.4267680,0.8663810
2018-02-16 23:59:51,train,0.4311013,0.8629239,0.4266860,0.8663720
2018-02-17 23:59:51,train,0.4281821,0.8597488,0.4266040,0.8663630
2018-02-18 23:59:51,train,0.4307534,0.8644460,0.4265230,0.8663550
2018-02-19 23:59:51,train,0.4332758,0.8644887,0.4264410,0.8663460
2018-02-20 23:59:51,train,0.4323891,0.8630490,0.4263600,0.8663370
2018-02-21 23:59:51,train,0.4310965,0.8635656,0.4262780,0.8663280
2018-02-22 23:59:51,train,0.4280083,0.8622929,0.4261960,0.8663200
2018-02-23 23:59:51,train,0.4269462,0.8584977,0.4261150,0.8663110
2018-02-24 23:59:51,train,0.4282871,0.8605174,0.4260330,0.8663020
2018-02-25 23:59:51,train,0.4207432,0.8579963,0.4259510,0.8662940
2018-02-26 23:59:51,train,0.4243509,0.8563809,0.4258700,0.8662850
2018-02-27 23:59:51,train,0.4258762,0.8582497,0.4257880,0.8662760
2018-02-28 23:59:51,train,0.4279299,0.8595038,0.4257060,0.8662670
2018-03-01 23:59:51,train,0.4273249,0.8580324,0.4256250,0.8662590
2018-03-02 23:59:51,train,0.4259513,0.8576931,0.4255430,0.8662500
2018-03-03 23:59:51,train,0.4232537,0.8561906,0.4254610,0.8662410
2018-03-04 23:59:51,train,0.4252511,0.8581130,0.4253800,0.8662330
2018-03-05 23:59:51,train,0.4267434,0.8590214,0.4258180,0.8662240
2018-03-06 23:59:51,train,0.4235090,0.8585164,0.4256940,0.8655680
2018-03-07 23:59:51,train,0.4243878,0.8585016,0.4255710,0.8654380
2018-03-08 23:59:51,train,0.4247172,0.8604439,0.4254470,0.8653080
2018-03-09 23:59:51,train,0.4272500,0.8623850,0.4253240,0.8651780
2018-03-10 23:59:51,train,0.4240222,0.8568433,0.4252000,0.8650480
2018-03-11 23:59:51,train,0.4240097,0.8559743,0.4250770,0.8649190
2018-03-12 23:59:51,train,0.4242450,0.8589805,0.4249530,0.8647890
2018-03-13 23:59:51,train,0.4232090,0.8554864,0.4248300,0.8646590
2018-03-14 23:59:51,train,0.4224424,0.8570899,0.4247060,0.8645290
2018-03-15 23:59:51,train,0.4254699,0.8590249,0.4245830,0.8643990
2018-03-16 23:59:51,train,0.4243400,0.8558327,0.4244590,0.8642690
2018-03-17 23:59:51,train,0.4227227,0.8574808,0.4243360,0.8641390
2018-03-18 23:59:51,train,0.4238270,0.8584256,0.4242120,0.8640100
2018-03-19 23:59:51,train,0.4244142,0.8591779,0.4240890,0.8638800
2018-03-20 23:59:51,train,0.4237469,0.8554405,0.4239650,0.8637500
2018-03-21 23:59:51,train,0.4232645,0.8567219,0.4238420,0.8636200
2018-03-22 23:59:51,train,0.4237940,0.8580568,0.4237180,0.8634900
2018-03-23 23:59:51,train,0.4231526,0.8576198,0.4235940,0.8633600
2018-03-24 23:59:51,train,0.4232653,0.8566023,0.4234710,0.8632300
2018-03-25 23:59:51,train,0.4208493,0.8558531,0.4233470,0.8631010
2018-03-26 23:59:51,train,0.4216653,0.8545387,0.4232240,0.8629710
2018-03-27 23:59:51,train,0.4225493,0.8542646,0.4231000,0.8628410
2018-03-28 23:59:51,train,0.4341494,0.8614180,0.4229770,0.8627110
2018-03-29 23:59:51,train,0.4319936,0.8640347,0.4228530,0.8625810
2018-03-30 23:59:51,train,0.4334969,0.8621382,0.4227300,0.8624510
2018-03-31 23:59:51,train,0.4328667,0.8635619,0.4226060,0.8623210
2018-04-01 23:59:51,train,0.4324491,0.8644323,0.4224830,0.8621920
2018-04-02 23:59:51,train,0.4325728,0.8648089,0.4223590,0.8620620
2018-04-03 23:59:51,train,0.4327028,0.8640165,0.4222360,0.8619320
2018-04-04 23:59:51,train,0.4325283,0.8602770,0.4221120,0.8618020
2018-04-05 23:59:51,train,0.4301776,0.8568348,0.4219890,0.8616720
2018-04-06 23:59:51,train,0.4359135,0.8638114,0.4218650,0.8615420
2018-04-07 23:59:51,train,0.4359382,0.8597333,0.4217420,0.8614120
2018-04-08 23:59:51,train,0.4309761,0.8565891,0.4216180,0.8612830
2018-04-09 23:59:51,train,0.4315755,0.8587230,0.4214950,0.8611530
2018-04-10 23:59:51,train,0.4346791,0.8589417,0.4213710,0.8610230
2018-04-11 23:59:51,train,0.4326894,0.8565764,0.4212480,0.8608930
2018-04-12 23:59:51,train,0.4325596,0.8556057,0.4211240,0.8607630
2018-04-13 23:59:51,train,0.4339891,0.8585706,0.4210010,0.8606330
2018-04-14 23:59:51,train,0.4335763,0.8578409,0.4208770,0.8605030
2018-04-15 23:59:51,train,0.4329967,0.8557300,0.4207530,0.8603740
2018-04-16 23:59:51,train,0.4324406,0.8583007,0.4206300,0.8602440
2018-04-17 23:59:51,train,0.4288542,0.8517027,0.4205060,0.8601140
2018-04-18 23:59:51,train,0.4286143,0.8565479,0.4203830,0.8599840
2018-04-19 23:59:51,train,0.4297328,0.8576972,0.4202590,0.8598540
2018-04-20 23:59:51,train,0.4274325,0.8533779,0.4201360,0.8597240
2018-04-21 23:59:51,train,0.4282086,0.8544143,0.4200120,0.8595950
2018-04-22 23:59:51,train,0.4303881,0.8547609,0.4198890,0.8594650
2018-04-23 23:59:51,train,0.4269597,0.8511708,0.4197650,0.8593350
2018-04-24 23:59:51,train,0.4305628,0.8540470,0.4196420,0.8592050
2018-04-25 23:59:51,train,0.4187343,0.8517953,0.4195180,0.8590750
2018-04-26 23:59:51,train,0.4179914,0.8517242,0.4193950,0.8589450
2018-04-27 23:59:51,train,0.4182808,0.8503289,0.4192710,0.8588150
2018-04-28 23:59:51,train,0.4184403,0.8504342,0.4191480,0.8586860
2018-04-29 23:59:51,train,0.4189594,0.8490391,0.4190240,0.8585560
2018-04-30 23:59:51,train,0.4184638,0.8507007,0.4189010,0.8584260
2018-05-01 23:59:51,train,0.4173612,0.8500657,0.4187770,0.8582960
2018-05-02 23:59:51,train,0.4197244,0.8524994,0.4186540,0.8581660
2018-05-03 23:59:51,train,0.4193225,0.8508622,0.4185300,0.8580360
2018-05-04 23:59:51,train,0.4184021,0.8491651,0.4184070,0.8579060
2018-05-05 23:59:51,train,0.4231211,0.8515984,0.4182830,0.8577770
2018-05-06 23:59:51,train,0.4189145,0.8564935,0.4181590,0.8576470
2018-05-07 23:59:51,train,0.4194507,0.8558938,0.4180360,0.8575170
2018-05-08 23:59:51,train,0.4219036,0.8581984,0.4179120,0.8573870
2018-05-09 23:59:51,train,0.4197579,0.8568826,0.4177890,0.8572570
2018-05-10 23:59:51,train,0.4208207,0.8565970,0.4176650,0.8571270
2018-05-11 23:59:51,train,0.4183071,0.8558496,0.4175420,0.8569970
2018-05-12 23:59:51,train,0.4155423,0.8522119,0.4174180,0.8568680
2018-05-13 23:59:51,train,0.4148677,0.8514309,0.4172950,0.8567380
2018-05-14 23:59:51,train,0.4188983,0.8519562,0.4171710,0.8566080
2018-05-15 23:59:51,train,0.4167447,0.8563420,0.4170480,0.8564780
2018-05-16 23:59:51,train,0.4126469,0.8525690,0.4169240,0.8563480
2018-05-17 23:59:51,train,0.4166295,0.8542824,0.4168010,0.8562180
2018-05-18 23:59:51,train,0.4146998,0.8538209,0.4166770,0.8560880
2018-05-19 23:59:51,train,0.4126216,0.8542660,0.4165540,0.8559590
2018-05-20 23:59:51,train,0.4145387,0.8533983,0.4164300,0.8558290
2018-05-21 23:59:51,train,0.4161436,0.8552664,0.4163070,0.8556990
2018-05-22 23:59:51,train,0.4145742,0.8520933,0.4161830,0.8555690
2018-05-23 23:59:51,train,0.4110393,0.8481060,0.4160600,0.8554390
2018-05-24 23:59:51,train,0.4114974,0.8465892,0.4159360,0.8553090
2018-05-25 23:59:51,train,0.4155080,0.8523542,0.4158130,0.8551790
2018-05-26 23:59:51,train,0.4084931,0.8475837,0.4156890,0.8550500
2018-05-27 23:59:51,train,0.4190075,0.8519343,0.4155650,0.8549200
2018-05-28 23:59:51,train,0.4105805,0.8533369,0.4154420,0.8547900
2018-05-29 23:59:51,train,0.4128330,0.8496976,0.4153180,0.8546600
2018-05-30 23:59:51,train,0.4069353,0.8506549,0.4151950,0.8545300
2018-05-31 23:59:51,train,0.4140647,0.8483748,0.4150710,0.8544000
2018-06-01 23:59:51,train,0.4108788,0.8494683,0.4149480,0.8542700
2018-06-02 23:59:51,train,0.4155965,0.8511873,0.4148240,0.8541410
2018-06-03 23:59:51,train,0.4084560,0.8468551,0.4147010,0.8540110
2018-06-04 23:59:51,train,0.4096157,0.8480023,0.4145770,0.8538810
2018-06-05 23:59:51,train,0.4149778,0.8514230,0.4144540,0.8537510
2018-06-06 23:59:51,train,0.4141531,0.8485582,0.4143300,0.8536210
2018-06-07 23:59:51,train,0.4148213,0.8497130,0.4142070,0.8534910
2018-06-08 23:59:51,train,0.4163783,0.8509481,0.4140830,0.8533610
2018-06-09 23:59:51,train,0.4156855,0.8533422,0.4139600,0.8532320
2018-06-10 23:59:51,train,0.4142795,0.8509899,0.4138360,0.8531020
2018-06-11 23:59:51,train,0.4152959,0.8514869,0.4137130,0.8529720
2018-06-12 23:59:51,train,0.4147122,0.8523124,0.4135890,0.8528420
2018-06-13 23:59:51,train,0.4122022,0.8513943,0.4134660,0.8527120
2018-06-14 23:59:51,train,0.4138244,0.8511509,0.4133420,0.8525820
2018-06-15 23:59:51,train,0.4134108,0.8514301,0.4132190,0.8524530
2018-06-16 23:59:51,train,0.4124424,0.8515043,0.4130950,0.8523230
2018-06-17 23:59:51,train,0.4109479,0.8464654,0.4129710,0.8521930
2018-06-18 23:59:51,train,0.4125348,0.8511499,0.4128480,0.8520630
2018-06-19 23:59:51,train,0.4092759,0.8504437,0.4127240,0.8519330
2018-06-20 23:59:51,train,0.4103823,0.8505540,0.4126010,0.8518030
2018-06-21 23:59:51,train,0.4163063,0.8545694,0.4124770,0.8516730
2018-06-22 23:59:51,train,0.4105651,0.8510736,0.4123540,0.8515440
2018-06-23 23:59:51,train,0.4077233,0.8477303,0.4122300,0.8514140
2018-06-24 23:59:51,train,0.4112979,0.8447826,0.4121070,0.8512840
2018-06-25 23:59:51,train,0.4060540,0.8440020,0.4119830,0.8511540
2018-06-26 23:59:51,train,0.4024134,0.8449911,0.4118600,0.8510240
2018-06-27 23:59:50,train,0.4095021,0.8437955,0.4117360,0.8508940
2018-06-28 23:59:51,train,0.4076998,0.8444162,0.4116130,0.8507640
2018-06-29 23:59:51,train,0.4067531,0.8434507,0.4114890,0.8506350
2018-06-30 23:59:51,train,0.4092716,0.8453437,0.4113660,0.8505050
2018-07-01 23:59:51,train,0.4088945,0.8457802,0.4112420,0.8503750
2018-07-02 23:59:51,train,0.4100813,0.8477447,0.4111190,0.8502450
2018-07-03 23:59:51,train,0.4117582,0.8465661,0.4109950,0.8501150
2018-07-04 23:59:51,train,0.4109836,0.8475059,0.4108720,0.8499850
2018-07-05 23:59:51,train,0.4119593,0.8478170,0.4107480,0.8498550
2018-07-06 23:59:51,train,0.4110624,0.8460958,0.4106250,0.8497260
2018-07-07 23:59:51,train,0.4132683,0.8500430,0.4105010,0.8495960
2018-07-08 23:59:51,train,0.4110012,0.8512908,0.4103780,0.8494660
2018-07-09 23:59:51,train,0.4123574,0.8484113,0.4102540,0.8493360
2018-07-10 23:59:51,train,0.4106384,0.8529295,0.4101300,0.8492060
2018-07-11 23:59:51,train,0.4113517,0.8476981,0.4100070,0.8490760
2018-07-12 23:59:51,train,0.4093081,0.8497875,0.4098830,0.8489460
2018-07-13 23:59:51,train,0.4059759,0.8457440,0.4097600,0.8488170
2018-07-14 23:59:51,train,0.4103280,0.8463163,0.4096360,0.8486870
2018-07-15 23:59:51,train,0.4130891,0.8448892,0.4095130,0.8485570
2018-07-16 23:59:51,train,0.4088374,0.8464568,0.4093890,0.8484270
2018-07-17 23:59:51,train,0.4119025,0.8466447,0.4092660,0.8482970
2018-07-18 23:59:51,train,0.4086808,0.8455796,0.4091420,0.8481670
2018-07-19 23:59:51,train,0.4097401,0.8428128,0.4090190,0.8480370
2018-07-20 23:59:51,train,0.4067631,0.8446608,0.4088950,0.8479080
2018-07-21 23:59:51,train,0.4080950,0.8404117,0.4087720,0.8477780
2018-07-22 23:59:51,train,0.4091142,0.8458725,0.4086480,0.8476480
2018-07-23 23:59:51,train,0.4097602,0.8396444,0.4085250,0.8475180
2018-07-24 23:59:51,train,0.4079016,0.8417161,0.4084010,0.8473880
2018-07-25 23:59:51,train,0.4063802,0.8419176,0.4082780,0.8472580
2018-07-26 23:59:51,train,0.4080736,0.8420176,0.4081540,0.8471280
2018-07-27 23:59:51,train,0.4084977,0.8442638,0.4080310,0.8469990
2018-07-28 23:59:51,train,0.4122182,0.8449973,0.4079070,0.8468690
2018-07-29 23:59:51,train,0.4078301,0.8404216,0.4077840,0.8467390
2018-07-30 23:59:51,train,0.4087035,0.8393010,0.4076600,0.8466090
2018-07-31 23:59:51,train,0.4092234,0.8411951,0.4075370,0.8464790
2018-08-01 23:59:51,test,0.4101943,0.8379760,0.4074130,0.8463490
2018-08-02 23:59:51,test,0.4093623,0.8405176,0.4072890,0.8462190
2018-08-03 23:59:51,test,0.4083354,0.8394148,0.4071660,0.8460900
2018-08-04 23:59:51,test,0.4072393,0.8398588,0.4070420,0.8459600
2018-08-05 23:59:51,test,0.4088693,0.8388359,0.4069190,0.8458300
2018-08-06 23:59:51,test,0.4061891,0.8389149,0.4067950,0.8457000
2018-08-07 23:59:51,test,0.4072126,0.8380063,0.4066720,0.8455700
2018-08-08 23:59:51,test,0.4063033,0.8375554,0.4065480,0.8454400
2018-08-09 23:59:51,test,0.4032865,0.8366119,0.4064250,0.8453110
2018-08-10 23:59:51,test,0.4053485,0.8384263,0.4063010,0.8451810
2018-08-11 23:59:51,test,0.4016399,0.8330981,0.4061780,0.8450510
2018-08-12 23:59:51,test,0.4038249,0.8336507,0.4060540,0.8449210
2018-08-13 23:59:51,test,0.4003327,0.8319294,0.4059310,0.8447910
2018-08-14 23:59:51,test,0.4061399,0.8338563,0.4058070,0.8446610
2018-08-15 23:59:51,test,0.4083994,0.8342799,0.4056840,0.8445310
2018-08-16 23:59:51,test,0.4098739,0.8377608,0.4055600,0.8444020
2018-08-17 23:59:51,test,0.4070418,0.8329627,0.4054370,0.8442720
2018-08-18 23:59:51,test,0.4026759,0.8327736,0.4053130,0.8441420
2018-08-19 23:59:51,test,0.4075751,0.8320825,0.4051900,0.8440120
2018-08-20 23:59:51,test,0.4062019,0.8351947,0.4050660,0.8438820
2018-08-21 23:59:51,test,0.4068231,0.8344789,0.4049430,0.8437520
2018-08-22 23:59:51,test,0.4052135,0.8345284,0.4048190,0.8436220
2018-08-23 23:59:51,test,0.4069142,0.8348259,0.4046950,0.8434930
2018-08-24 23:59:51,test,0.4021211,0.8338184,0.4045720,0.8433630
2018-08-25 23:59:51,test,0.4082661,0.8353785,0.4044480,0.8432330
2018-08-26 23:59:51,test,0.4066364,0.8378986,0.4043250,0.8431030
2018-08-27 23:59:51,test,0.4061819,0.8327115,0.4042010,0.8429730
2018-08-28 23:59:51,test,0.4041202,0.8341892,0.4040780,0.8428430
2018-08-29 23:59:51,test,0.4058685,0.8348126,0.4039540,0.8427130
2018-08-30 23:59:51,test,0.4056254,0.8338901,0.4038310,0.8425840
2018-08-31 23:59:51,test,0.4038739,0.8335474,0.4037070,0.8424540
2018-09-01 23:59:51,test,0.4048395,0.8334219,0.4035840,0.8423240
2018-09-02 23:59:51,test,0.4039190,0.8329412,0.4034600,0.8421940
2018-09-03 23:59:51,test,0.4058922,0.8339390,0.4033370,0.8420640
2018-09-04 23:59:51,test,0.4050936,0.8337743,0.4032130,0.8419340
2018-09-05 23:59:51,test,0.4026501,0.8343807,0.4030900,0.8418040
2018-09-06 23:59:51,test,0.4019482,0.8327996,0.4029660,0.8416750
2018-09-07 23:59:51,test,0.4066861,0.8324503,0.4028430,0.8415450
2018-09-08 23:59:51,test,0.4029661,0.8326018,0.4027190,0.8414150
2018-09-09 23:59:51,test,0.4022077,0.8346262,0.4025960,0.8412850
2018-09-10 23:59:51,test,0.4018282,0.8324620,0.4024720,0.8411550
2018-09-11 23:59:51,test,0.4015168,0.8339679,0.4023490,0.8410250
2018-09-12 23:59:51,test,0.4018891,0.8303122,0.4022250,0.8408950
2018-09-13 23:59:51,test,0.4036920,0.8302118,0.4021010,0.8407660
2018-09-14 23:59:51,test,0.4030474,0.8339405,0.4019780,0.8406360
2018-09-15 23:59:51,test,0.4021271,0.8288854,0.4018540,0.8405060
2018-09-16 23:59:51,test,0.3999538,0.8326234,0.4017310,0.8403760
2018-09-17 23:59:51,test,0.4025862,0.8316297,0.4016070,0.8402460
2018-09-18 23:59:51,test,0.4030744,0.8316765,0.4014840,0.8401160
2018-09-19 23:59:51,test,0.4057285,0.8301468,0.4013600,0.8399860
2018-09-20 23:59:51,test,0.4017051,0.8334472,0.4012370,0.8398570
2018-09-21 23:59:51,test,0.4032983,0.8335243,0.4011130,0.8397270
2018-09-22 23:59:51,test,0.4073475,0.8305222,0.4009900,0.8395970
2018-09-23 23:59:51,test,0.4035849,0.8329984,0.4008660,0.8394670
2018-09-24 23:59:51,test,0.4036329,0.8326886,0.4007430,0.8393370
2018-09-25 23:59:51,test,0.4040301,0.8324265,0.4006190,0.8392070
2018-09-26 23:59:51,test,0.4048457,0.8335835,0.4004960,0.8390770
2018-09-27 23:59:51,test,0.4040101,0.8298928,0.4003720,0.8389480
2018-09-28 23:59:51,test,0.4040756,0.8327297,0.4002490,0.8388180
2018-09-29 23:59:51,test,0.4050356,0.8313336,0.4001250,0.8386880
2018-09-30 23:59:51,test,0.4032737,0.8328592,0.4000020,0.8385580
2018-10-01 23:59:51,test,0.4004903,0.8317489,0.3998780,0.8384280
2018-10-02 23:59:51,test,0.4017873,0.8308646,0.3997550,0.8382980
2018-10-03 23:59:51,test,0.4015001,0.8326274,0.3996310,0.8381690
2018-10-04 23:59:51,test,0.4029115,0.8302825,0.3995070,0.8380390
2018-10-06 00:05:51,test,0.4040014,0.8326442,0.3993840,0.8377790
2018-10-06 23:59:51,test,0.4014372,0.8301289,0.3992600,0.8377790
2018-10-07 23:59:51,test,0.4020293,0.8291131,0.3991370,0.8376490
2018-10-08 23:59:51,test,0.4025857,0.8305903,0.3990130,0.8375190
2018-10-09 23:59:51,test,0.4052977,0.8319086,0.3988900,0.8373890
2018-10-10 23:59:51,test,0.4047494,0.8316944,0.3987660,0.8372600
2018-10-11 23:59:51,test,0.4011891,0.8288706,0.3986430,0.8371300
2018-10-12 23:59:51,test,0.4051673,0.8321202,0.3985190,0.8370000
2018-10-13 23:59:51,test,0.4033520,0.8308507,0.3983960,0.8368700
2018-10-15 00:05:51,test,0.4017758,0.8299881,0.3982720,0.8367400
2018-10-15 23:59:51,test,0.3993942,0.8308528,0.3981490,0.8366100
2018-10-16 23:59:51,test,0.4029864,0.8311151,0.3980250,0.8364800
2018-10-17 23:59:51,test,0.3987185,0.8314128,0.3979020,0.8363510
2018-10-18 23:59:51,test,0.4018522,0.8305128,0.3977780,0.8362210
2018-10-19 23:59:51,test,0.4026619,0.8310513,0.3976550,0.8360910
2018-10-20 23:59:51,test,0.4021210,0.8322432,0.3975310,0.8359610
2018-10-21 23:59:51,test,0.3994838,0.8295822,0.3974080,0.8358310
2018-10-22 23:59:51,test,0.4015335,0.8319085,0.3972840,0.8357010
2018-10-23 23:59:51,test,0.4010465,0.8293424,0.3971610,0.8355710
2018-10-24 23:59:51,test,0.3997970,0.8294665,0.3970370,0.8354420
2018-10-25 23:59:51,test,0.3990207,0.8298072,0.3969140,0.8353120
2018-10-26 23:59:51,test,0.4019338,0.8300541,0.3967900,0.8351820
2018-10-27 23:59:51,test,0.4022656,0.8303119,0.3966660,0.8350520
2018-10-28 23:59:51,test,0.3985189,0.8297688,0.3965430,0.8349220
2018-10-29 23:59:51,test,0.3988638,0.8314875,0.3964190,0.8347920
2018-10-30 23:59:51,test,0.3993384,0.8317673,0.3962960,0.8346620
2018-10-31 23:59:51,test,0.3998803,0.8293874,0.3961720,0.8345330
2018-11-01 23:59:51,holdout,0.3996616,0.8307956,0.3960490,0.8344030
2018-11-02 23:59:51,holdout,0.4005388,0.8276401,0.3959250,0.8342730
2018-11-03 23:59:51,holdout,0.4006771,0.8318964,0.3958020,0.8341430
2018-11-04 23:59:51,holdout,0.3995939,0.8310106,0.3956780,0.8340130
2018-11-05 23:59:51,holdout,0.3967283,0.8296443,0.3955550,0.8338830
2018-11-06 23:59:51,holdout,0.4014593,0.8303894,0.3954310,0.8337530
2018-11-07 23:59:51,holdout,0.3988268,0.8309579,0.3953080,0.8336240
2018-11-08 23:59:51,holdout,0.4000229,0.8306943,0.3951840,0.8334940
2018-11-09 23:59:51,holdout,0.3988464,0.8306344,0.3950610,0.8333640
2018-11-10 23:59:51,holdout,0.3983666,0.8292384,0.3949370,0.8332340
2018-11-11 23:59:51,holdout,0.4000654,0.8310939,0.3948140,0.8331040
2018-11-12 23:59:51,holdout,0.4000337,0.8319041,0.3946900,0.8329740
2018-11-13 23:59:51,holdout,0.3972710,0.8331581,0.3945670,0.8328440
2018-11-14 23:59:51,holdout,0.3990785,0.8294288,0.3944430,0.8327150
2018-11-15 23:59:51,holdout,0.3988303,0.8322552,0.3943200,0.8325850
2018-11-16 23:59:51,holdout,0.3990828,0.8305260,0.3941960,0.8324550
2018-11-18 00:05:51,holdout,0.3963931,0.8303726,0.3940730,0.8321950
2018-11-18 23:59:51,holdout,0.3981983,0.8298159,0.3939490,0.8321950
2018-11-19 23:59:51,holdout,0.3982541,0.8320634,0.3938250,0.8320650
2018-11-20 23:59:51,holdout,0.4001799,0.8311490,0.3937020,0.8319350
2018-11-21 23:59:51,holdout,0.4019492,0.8331510,0.3935780,0.8318060
2018-11-22 23:59:51,holdout,0.3984913,0.8325075,0.3934550,0.8316760
2018-11-23 23:59:51,holdout,0.3968279,0.8305515,0.3933310,0.8315460
2018-11-24 23:59:51,holdout,0.4000723,0.8304793,0.3932080,0.8314160
2018-11-25 23:59:51,holdout,0.3989293,0.8329001,0.3930840,0.8312860
2018-11-26 23:59:51,holdout,0.4018580,0.8321643,0.3929610,0.8311560
2018-11-27 23:59:51,holdout,0.3985597,0.8328387,0.3928370,0.8310260
2018-11-28 23:59:51,holdout,0.3992703,0.8306956,0.3927140,0.8308970
2018-11-29 23:59:51,holdout,0.4016871,0.8310185,0.3925900,0.8307670
2018-11-30 23:59:51,holdout,0.4007747,0.8301603,0.3924670,0.8306370
2018-12-01 23:59:51,holdout,0.3996827,0.8295395,0.3923430,0.8305070
2018-12-02 23:59:51,holdout,0.3989816,0.8322962,0.3922200,0.8303770
2018-12-03 23:59:51,holdout,0.3991164,0.8301588,0.3920960,0.8302470
2018-12-04 23:59:51,holdout,0.3946987,0.8241350,0.3919730,0.8301180
2018-12-05 23:59:51,holdout,0.4003318,0.8326277,0.3918490,0.8299880
2018-12-06 23:59:51,holdout,0.3979425,0.8307933,0.3917260,0.8298580
2018-12-07 23:59:51,holdout,0.3995231,0.8312038,0.3916020,0.8297280
2018-12-08 23:59:51,holdout,0.3988584,0.8298448,0.3914790,0.8295980
2018-12-09 23:59:51,holdout,0.4018976,0.8329593,0.3913550,0.8294680
2018-12-10 23:59:51,holdout,0.4013043,0.8317153,0.3912310,0.8293380
2018-12-11 23:59:51,holdout,0.3978761,0.8292283,0.3911080,0.8292080
2018-12-12 23:59:51,holdout,0.3980796,0.8275260,0.3909840,0.8290790
2018-12-13 23:59:51,holdout,0.3979221,0.8265812,0.3908610,0.8289490
2018-12-14 23:59:51,holdout,0.3956417,0.8257881,0.3907370,0.8288190
2018-12-15 23:59:51,holdout,0.3986705,0.8287346,0.3906140,0.8286890
2018-12-16 23:59:51,holdout,0.3974316,0.8279236,0.3904900,0.8285590
2018-12-17 23:59:51,holdout,0.3959766,0.8267760,0.3903670,0.8284290
2018-12-18 23:59:51,holdout,0.3939584,0.8266376,0.3902430,0.8283000
2018-12-19 23:59:51,holdout,0.3944507,0.8271160,0.3901200,0.8281700
2018-12-20 23:59:51,holdout,0.3942154,0.8269365,0.3899960,0.8280400
2018-12-21 23:59:51,holdout,0.3950146,0.8283427,0.3898730,0.8279100
2018-12-22 23:59:51,holdout,0.3966744,0.8245085,0.3897490,0.8277800
2018-12-23 23:59:51,holdout,0.3899894,0.8223818,0.3896260,0.8276500
2018-12-24 23:59:51,holdout,0.3967586,0.8278134,0.3895020,0.8275200
2018-12-25 23:59:51,holdout,0.3974051,0.8286212,0.3893790,0.8273910
2018-12-26 23:59:51,holdout,0.3973576,0.8278903,0.3892550,0.8272610
2018-12-27 23:59:51,holdout,0.3998515,0.8249233,0.3891320,0.8271310
2018-12-28 23:59:51,holdout,0.3969813,0.8288688,0.3890080,0.8270010
2018-12-29 23:59:51,holdout,0.3925773,0.8237805,0.3888850,0.8268710
2018-12-30 23:59:51,holdout,0.3925247,0.8246469,0.3887610,0.8267410
2018-12-31 23:59:51,holdout,0.3963470,0.8252388,0.3886370,0.8264820
2019-01-01 23:59:51,train,0.3951612,0.8262491,0.3885140,0.8264820
2019-01-02 23:59:51,train,0.3953149,0.8248899,0.3883900,0.8263520
2019-01-03 23:59:51,train,0.3954502,0.8270835,0.3882670,0.8262220
2019-01-04 23:59:51,train,0.3929968,0.8253438,0.3881430,0.8260920
2019-01-05 23:59:51,train,0.3940186,0.8234009,0.3880200,0.8259620
2019-01-06 23:59:51,train,0.3934075,0.8234660,0.3878960,0.8258320
2019-01-07 23:59:51,train,0.3979903,0.8266023,0.3877730,0.8257020
2019-01-08 23:59:51,train,0.3925212,0.8251541,0.3876490,0.8255730
2019-01-09 23:59:51,train,0.3948111,0.8258211,0.3875260,0.8254430
2019-01-10 23:59:51,train,0.3947558,0.8240846,0.3874020,0.8253130
2019-01-11 23:59:51,train,0.3929399,0.8245007,0.3872790,0.8251830
2019-01-12 23:59:51,train,0.3932016,0.8226908,0.3871550,0.8250530
2019-01-13 23:59:51,train,0.3918828,0.8233167,0.3870320,0.8249230
2019-01-14 23:59:51,train,0.3942023,0.8261551,0.3869080,0.8247930
2019-01-15 23:59:51,train,0.3934413,0.8230268,0.3867850,0.8246640
2019-01-16 23:59:51,train,0.3927099,0.8220486,0.3866610,0.8245340
2019-01-17 23:59:51,train,0.3946880,0.8262720,0.3865380,0.8244040
2019-01-18 23:59:51,train,0.3924172,0.8271368,0.3864140,0.8242740
2019-01-19 23:59:51,train,0.3904738,0.8246849,0.3862910,0.8241440
2019-01-20 23:59:51,train,0.3908976,0.8243984,0.3861670,0.8240140
2019-01-21 23:59:51,train,0.3942219,0.8306750,0.3860430,0.8238840
2019-01-22 23:59:51,train,0.3924658,0.8219386,0.3859200,0.8237550
2019-01-23 23:59:51,train,0.3967236,0.8273196,0.3857960,0.8236250
2019-01-24 23:59:51,train,0.3928231,0.8238652,0.3856730,0.8234950
2019-01-25 23:59:51,train,0.3878304,0.8219424,0.3855490,0.8233650
2019-01-26 23:59:51,train,0.3909176,0.8255437,0.3854260,0.8232350
2019-01-27 23:59:51,train,0.3905260,0.8250938,0.3853020,0.8231050
2019-01-28 23:59:51,train,0.3914022,0.8249285,0.3851790,0.8229760
2019-01-29 23:59:51,train,0.3933409,0.8266031,0.3850550,0.8228460
2019-01-30 23:59:51,train,0.3954318,0.8256222,0.3849320,0.8227160
2019-01-31 23:59:51,train,0.3909995,0.8215567,0.3848080,0.8225860
2019-02-01 23:59:51,train,0.3886452,0.8197482,0.3846850,0.8224560
2019-02-02 23:59:51,train,0.3879009,0.8191733,0.3845610,0.8223260
2019-02-03 23:59:51,train,0.3902745,0.8199114,0.3844380,0.8221960
2019-02-04 23:59:51,train,0.3898076,0.8196168,0.3843140,0.8220670
2019-02-05 23:59:51,train,0.3915482,0.8199017,0.3841910,0.8219370
2019-02-06 23:59:51,train,0.3871636,0.8201683,0.3840670,0.8218070
2019-02-07 23:59:51,train,0.3876701,0.8167830,0.3839440,0.8216770
2019-02-08 23:59:51,train,0.3855739,0.8203132,0.3838200,0.8215470
2019-02-09 23:59:51,train,0.3857909,0.8169782,0.3836970,0.8214170
2019-02-10 23:59:51,train,0.3886928,0.8168351,0.3835730,0.8212870
2019-02-11 23:59:51,train,0.3880608,0.8204287,0.3834500,0.8211580
2019-02-12 23:59:51,train,0.3878304,0.8183871,0.3833260,0.8210280
2019-02-13 23:59:51,train,0.3866893,0.8185108,0.3832020,0.8208980
2019-02-14 23:59:51,train,0.3893675,0.8201392,0.3830790,0.8207680
2019-02-15 23:59:51,train,0.3879152,0.8192487,0.3829550,0.8206380
2019-02-16 23:59:51,train,0.3899617,0.8219961,0.3828320,0.8205080
2019-02-17 23:59:51,train,0.3856932,0.8188350,0.3827080,0.8203780
2019-02-18 23:59:51,train,0.3862159,0.8170808,0.3825850,0.8202490
2019-02-19 23:59:51,train,0.3837577,0.8148190,0.3824610,0.8201190
2019-02-20 23:59:51,train,0.3854704,0.8167698,0.3823380,0.8199890
2019-02-21 23:59:51,train,0.3846945,0.8154393,0.3822140,0.8198590
2019-02-22 23:59:51,train,0.3842655,0.8147565,0.3820910,0.8197290
2019-02-23 23:59:51,train,0.3829010,0.8133521,0.3819670,0.8195990
2019-02-24 23:59:51,train,0.3842228,0.8177449,0.3818440,0.8194690
2019-02-25 23:59:51,train,0.3849963,0.8150316,0.3817200,0.8193400
2019-02-26 23:59:51,train,0.3871887,0.8183440,0.3815970,0.8192100
2019-02-27 23:59:51,train,0.3870000,0.8173547,0.3814730,0.8190800
2019-02-28 23:59:51,train,0.3877521,0.8191174,0.3813500,0.8189500
2019-03-01 23:59:51,train,0.3862188,0.8182118,0.3812260,0.8188200
2019-03-02 23:59:51,train,0.3856780,0.8158417,0.3811030,0.8186900
2019-03-03 23:59:51,train,0.3864885,0.8160251,0.3809790,0.8185600
2019-03-04 23:59:51,train,0.3856633,0.8142933,0.3808560,0.8184310
2019-03-05 23:59:51,train,0.3855444,0.8159429,0.3807320,0.8183010
2019-03-07 23:59:51,train,0.3871884,0.8166190,0.3804850,0.8180410
2019-03-08 23:59:51,train,0.3855226,0.8149348,0.3803610,0.8179110
2019-03-09 23:59:51,train,0.3832188,0.8138511,0.3802380,0.8177810
2019-03-10 23:59:51,train,0.3844995,0.8167730,0.3801140,0.8176510
2019-03-11 23:59:51,train,0.3839874,0.8139091,0.3799910,0.8175220
2019-03-12 23:59:51,train,0.3856355,0.8153275,0.3798670,0.8173920
2019-03-13 23:59:51,train,0.3842341,0.8147609,0.3797440,0.8172620
2019-03-14 23:59:51,train,0.3824808,0.8161147,0.3796200,0.8171320
2019-03-15 23:59:51,train,0.3855013,0.8163620,0.3794970,0.8170020
2019-03-16 23:59:51,train,0.3831700,0.8143693,0.3793730,0.8168720
2019-03-17 23:59:51,train,0.3818331,0.8159190,0.3792500,0.8167420
2019-03-18 23:59:51,train,0.3791865,0.8133578,0.3791260,0.8166130
2019-03-19 23:59:51,train,0.3847112,0.8139413,0.3790030,0.8164830
2019-03-20 23:59:51,train,0.3786934,0.8102759,0.3788790,0.8163530
2019-03-21 23:59:51,train,0.3757236,0.8119051,0.3787560,0.8162230
2019-03-22 23:59:51,train,0.3785556,0.8120190,0.3786320,0.8160930
2019-03-23 23:59:51,train,0.3826189,0.8102267,0.3785090,0.8159630
2019-03-24 23:59:51,train,0.3816871,0.8131709,0.3783850,0.8158340
2019-03-25 23:59:51,train,0.3823289,0.8146476,0.3782620,0.8157040
2019-03-26 23:59:51,train,0.3848743,0.8160031,0.3781380,0.8155740
2019-03-27 23:59:51,train,0.3835897,0.8150165,0.3780150,0.8154440
2019-03-28 23:59:51,train,0.3814948,0.8140127,0.3778910,0.8153140
2019-03-29 23:59:51,train,0.3822455,0.8137451,0.3777670,0.8151840
2019-03-30 23:59:51,train,0.3837476,0.8142366,0.3776440,0.8150540
2019-03-31 23:59:51,train,0.3838799,0.8156725,0.3775200,0.8149250
2019-04-01 23:59:51,train,0.3801467,0.8116207,0.3773970,0.8147950
2019-04-02 23:59:51,train,0.3815002,0.8147478,0.3772730,0.8146650
2019-04-03 23:59:51,train,0.3816245,0.8130006,0.3771500,0.8145350
2019-04-04 23:59:51,train,0.3793377,0.8116785,0.3770260,0.8144050
2019-04-05 23:59:51,train,0.3786148,0.8132917,0.3769030,0.8142750
2019-04-06 23:59:51,train,0.3790324,0.8103005,0.3767790,0.8141450
2019-04-07 23:59:51,train,0.3805349,0.8105030,0.3766560,0.8140160
2019-04-08 23:59:51,train,0.3781264,0.8107711,0.3765320,0.8138860
2019-04-09 23:59:51,train,0.3802937,0.8135977,0.3764090,0.8137560
2019-04-10 23:59:51,train,0.3791291,0.8111065,0.3762850,0.8136260
2019-04-11 23:59:51,train,0.3779637,0.8116574,0.3761620,0.8134960
2019-04-12 23:59:51,train,0.3780733,0.8106140,0.3760380,0.8133660
2019-04-13 23:59:51,train,0.3779544,0.8083062,0.3759150,0.8132360
2019-04-14 23:59:51,train,0.3721464,0.8073084,0.3757910,0.8131070
2019-04-15 23:59:51,train,0.3745120,0.8049606,0.3756680,0.8129770
2019-04-16 23:59:51,train,0.3785574,0.8082807,0.3755440,0.8128470
2019-04-17 23:59:51,train,0.3761288,0.8083296,0.3754210,0.8127170
2019-04-18 23:59:51,train,0.3798359,0.8113983,0.3752970,0.8125870
2019-04-19 23:59:51,train,0.3793066,0.8104701,0.3751730,0.8124570
2019-04-20 23:59:51,train,0.3798913,0.8104037,0.3750500,0.8123270
2019-04-21 23:59:51,train,0.3786938,0.8086594,0.3749260,0.8121980
2019-04-22 23:59:51,train,0.3803616,0.8117799,0.3748030,0.8120680
2019-04-23 23:59:51,train,0.3792487,0.8119251,0.3746790,0.8119380
2019-04-24 23:59:51,train,0.3813733,0.8124990,0.3745560,0.8118080
2019-04-25 23:59:51,train,0.3803316,0.8103837,0.3744320,0.8116780
2019-04-26 23:59:51,train,0.3794926,0.8107793,0.3743090,0.8115480
2019-04-27 23:59:51,train,0.3793923,0.8112589,0.3741850,0.8114180
2019-04-28 23:59:51,train,0.3789865,0.8094394,0.3740620,0.8112890
2019-04-29 23:59:51,train,0.3791574,0.8095064,0.3739380,0.8111590
2019-04-30 23:59:51,train,0.3814799,0.8105805,0.3738150,0.8110290
2019-05-01 23:59:51,train,0.3807867,0.8107374,0.3736910,0.8108990
2019-05-02 23:59:51,train,0.3791811,0.8088565,0.3735680,0.8107690
2019-05-03 23:59:51,train,0.3821650,0.8128461,0.3734440,0.8106390
2019-05-04 23:59:51,train,0.3785047,0.8112569,0.3733210,0.8105090
2019-05-05 23:59:51,train,0.3807758,0.8109268,0.3731970,0.8103800
2019-05-06 23:59:51,train,0.3781643,0.8113205,0.3730740,0.8102500
2019-05-07 23:59:51,train,0.3755454,0.8102369,0.3729500,0.8101200
2019-05-08 23:59:51,train,0.3731618,0.8103806,0.3728270,0.8099900
2019-05-09 23:59:51,train,0.3746065,0.8100100,0.3727030,0.8098600
2019-05-10 23:59:51,train,0.3730317,0.8077419,0.3725790,0.8097300
2019-05-11 23:59:51,train,0.3725496,0.8073264,0.3724560,0.8096000
2019-05-12 23:59:51,train,0.3711268,0.8025075,0.3723320,0.8094710
2019-05-13 23:59:51,train,0.3737024,0.8079789,0.3722090,0.8093410
2019-05-14 23:59:51,train,0.3755512,0.8073069,0.3720850,0.8092110
2019-05-15 23:59:51,train,0.3726264,0.8039751,0.3719620,0.8090810
2019-05-16 23:59:51,train,0.3730445,0.8048974,0.3718380,0.8089510
2019-05-17 23:59:51,train,0.3709489,0.8023016,0.3717150,0.8088210
2019-05-18 23:59:51,train,0.3747412,0.8058879,0.3715910,0.8086920
2019-05-19 23:59:51,train,0.3742780,0.8043446,0.3714680,0.8085620
2019-05-20 23:59:51,train,0.3738177,0.8053001,0.3713440,0.8084320
2019-05-21 23:59:51,train,0.3763320,0.8067227,0.3712210,0.8083020
2019-05-22 23:59:51,train,0.3745243,0.8066626,0.3710970,0.8081720
2019-05-23 23:59:51,train,0.3753800,0.8054578,0.3709740,0.8080420
2019-05-24 23:59:51,train,0.3736616,0.8074110,0.3708500,0.8079120
2019-05-25 23:59:51,train,0.3758591,0.8062591,0.3707270,0.8077830
2019-05-27 00:05:51,train,0.3772686,0.8088551,0.3706030,0.8075230
2019-05-27 23:59:51,train,0.3734666,0.8045036,0.3704800,0.8075230
2019-05-28 23:59:51,train,0.3757439,0.8058020,0.3703560,0.8073930
2019-05-29 23:59:51,train,0.3733985,0.8061578,0.3702330,0.8072630
2019-05-30 23:59:51,train,0.3743566,0.8059780,0.3701090,0.8071330
2019-05-31 23:59:51,train,0.3741711,0.8059669,0.3699850,0.8070030
2019-06-01 23:59:51,train,0.3756515,0.8061209,0.3698620,0.8068740
2019-06-02 23:59:51,train,0.3748500,0.8039482,0.3697380,0.8067440
2019-06-03 23:59:51,train,0.3734153,0.8066892,0.3696150,0.8066140
2019-06-04 23:59:51,train,0.3753203,0.8058423,0.3694910,0.8064840
2019-06-05 23:59:51,train,0.3700227,0.8042633,0.3693680,0.8063540
2019-06-06 23:59:51,train,0.3713530,0.8022065,0.3692440,0.8062240
2019-06-07 23:59:51,train,0.3703069,0.8027617,0.3691210,0.8060940
2019-06-08 23:59:51,train,0.3719870,0.8048209,0.3689970,0.8059650
2019-06-09 23:59:51,train,0.3724996,0.8026729,0.3688740,0.8058350
2019-06-10 23:59:51,train,0.3701801,0.8007916,0.3687500,0.8057050
2019-06-11 23:59:51,train,0.3713106,0.8021446,0.3686270,0.8055750
2019-06-12 23:59:51,train,0.3697085,0.8002948,0.3685030,0.8054450
2019-06-13 23:59:51,train,0.3735156,0.8060034,0.3683800,0.8053150
2019-06-14 23:59:51,train,0.3733190,0.8030651,0.3682560,0.8051850
2019-06-15 23:59:51,train,0.3718922,0.8029636,0.3681330,0.8050560
2019-06-16 23:59:51,train,0.3700649,0.8027636,0.3680090,0.8049260
2019-06-17 23:59:51,train,0.3743936,0.8020154,0.3678860,0.8047960
2019-06-18 23:59:51,train,0.3711625,0.8025241,0.3677620,0.8046660
2019-06-19 23:53:51,train,0.3723021,0.8048509,0.3677620,0.8045360
2019-06-20 23:59:51,train,0.3720366,0.8021613,0.3675150,0.8042760
2019-06-21 23:59:51,train,0.3713317,0.8040122,0.3673920,0.8041470
2019-06-22 23:59:51,train,0.3737752,0.8030578,0.3672680,0.8041470
2019-06-23 23:59:51,train,0.3739050,0.8038550,0.3671440,0.8040170
2019-06-24 23:59:51,train,0.3697805,0.8012031,0.3670210,0.8038870
2019-06-25 23:59:51,train,0.3703369,0.8006290,0.3668970,0.8037570
2019-06-26 23:59:51,train,0.3719028,0.8017758,0.3667740,0.8036270
2019-06-27 23:59:51,train,0.3741609,0.8038596,0.3666500,0.8034970
2019-06-28 23:59:51,train,0.3717811,0.8026298,0.3665270,0.8033670
2019-06-29 23:59:51,train,0.3704489,0.8010934,0.3664030,0.8032380
2019-06-30 23:59:51,train,0.3707167,0.8011882,0.3662800,0.8031080
2019-07-01 23:59:51,train,0.3738331,0.8029622,0.3661560,0.8029780
2019-07-02 23:59:51,train,0.3697950,0.8010667,0.3660330,0.8028480
2019-07-03 23:59:51,train,0.3692922,0.8024622,0.3659090,0.8027180
2019-07-04 23:59:51,train,0.3702852,0.7999172,0.3657860,0.8025880
2019-07-05 23:59:51,train,0.3696612,0.8014897,0.3656620,0.8024580
2019-07-06 23:59:51,train,0.3679947,0.7982145,0.3655390,0.8023290
2019-07-07 23:59:51,train,0.3680619,0.7980061,0.3654150,0.8021990
2019-07-08 23:59:51,train,0.3702579,0.8011481,0.3652920,0.8020690
2019-07-09 23:59:51,train,0.3677944,0.7995490,0.3651680,0.8019390
2019-07-10 23:59:51,train,0.3728880,0.8016787,0.3650450,0.8018090
2019-07-11 23:59:51,train,0.3705320,0.7990071,0.3649210,0.8016790
2019-07-12 23:59:51,train,0.3705817,0.7977176,0.3647980,0.8015490
2019-07-13 23:59:51,train,0.3703005,0.7994107,0.3646740,0.8014200
2019-07-14 23:59:51,train,0.3716235,0.8020459,0.3645510,0.8012900
2019-07-15 23:59:51,train,0.3698064,0.8015341,0.3644270,0.8011600
2019-07-16 23:59:51,train,0.3727265,0.8001856,0.3643030,0.8010300
2019-07-17 23:59:51,train,0.3693430,0.7984484,0.3641800,0.8009000
2019-07-18 23:59:51,train,0.3690431,0.7989314,0.3640560,0.8007700
2019-07-19 23:59:51,train,0.3688565,0.7986167,0.3639330,0.8006410
2019-07-20 23:59:51,train,0.3694408,0.8004845,0.3638090,0.8005110
2019-07-21 23:59:51,train,0.3676678,0.7990068,0.3636860,0.8003810
2019-07-22 23:59:51,train,0.3701804,0.7981339,0.3635620,0.8002510
2019-07-23 23:59:51,train,0.3693053,0.7981968,0.3634390,0.8001210
2019-07-24 23:59:51,train,0.3695773,0.7994191,0.3633150,0.7999910
2019-07-25 23:59:51,train,0.3690234,0.7961372,0.3631920,0.7998610
2019-07-26 23:59:51,train,0.3677613,0.7969635,0.3630680,0.7997310
2019-07-27 23:59:51,train,0.3685616,0.7976478,0.3629450,0.7996020
2019-07-28 23:59:51,train,0.3690587,0.7983756,0.3628210,0.7994720
2019-07-29 23:59:51,train,0.3679465,0.7998571,0.3626980,0.7993420
2019-07-30 23:59:51,train,0.3676130,0.7994810,0.3625740,0.7992120
2019-07-31 23:59:51,train,0.3691158,0.7951410,0.3624510,0.7990820
2019-08-01 23:59:51,test,0.3677013,0.7977223,0.3623270,0.7989520
2019-08-02 23:59:51,test,0.3684720,0.7963974,0.3622040,0.7988230
2019-08-03 23:59:51,test,0.3691745,0.7985988,0.3620800,0.7986930
2019-08-04 23:59:51,test,0.3696312,0.7989203,0.3619570,0.7985630
2019-08-05 23:59:51,test,0.3693031,0.7957506,0.3618330,0.7984330
2019-08-06 23:59:51,test,0.3689015,0.7976260,0.3617090,0.7983030
2019-08-07 23:59:51,test,0.3681765,0.7961544,0.3615860,0.7981730
2019-08-08 23:59:51,test,0.3658043,0.7978287,0.3614620,0.7980430
2019-08-09 23:59:51,test,0.3685900,0.7965934,0.3613390,0.7979140
2019-08-10 23:59:51,test,0.3689500,0.7974880,0.3612150,0.7977840
2019-08-11 23:59:51,test,0.3674154,0.7969165,0.3610920,0.7976540
2019-08-12 23:59:51,test,0.3703128,0.7975236,0.3609680,0.7975240
2019-08-13 23:59:51,test,0.3662994,0.7952958,0.3608450,0.7973940
2019-08-14 23:59:51,test,0.3690864,0.7982619,0.3607210,0.7972640
2019-08-15 23:59:51,test,0.3694080,0.7963225,0.3605980,0.7971340
2019-08-16 23:59:51,test,0.3690612,0.7968631,0.3604740,0.7970050
2019-08-17 23:59:51,test,0.3680284,0.7986938,0.3603510,0.7968750
2019-08-18 23:59:51,test,0.3674296,0.7975407,0.3602270,0.7967450
2019-08-19 23:59:51,test,0.3683045,0.7964638,0.3601040,0.7966150
2019-08-20 23:59:51,test,0.3651995,0.7974863,0.3599800,0.7964850
2019-08-21 23:59:51,test,0.3656933,0.7961062,0.3598570,0.7963550
2019-08-22 23:59:51,test,0.3649019,0.7958654,0.3597330,0.7962250
2019-08-23 23:59:51,test,0.3650575,0.7937258,0.3596100,0.7960960
2019-08-24 23:59:51,test,0.3659121,0.7946629,0.3594860,0.7959660
2019-08-25 23:59:51,test,0.3667787,0.7949058,0.3593630,0.7958360
2019-08-26 23:59:51,test,0.3679323,0.7946963,0.3592390,0.7957060
2019-08-27 23:59:51,test,0.3617753,0.7923694,0.3591150,0.7955760
2019-08-28 23:59:51,test,0.3641730,0.7937060,0.3589920,0.7954460
2019-08-29 23:59:51,test,0.3656669,0.7935106,0.3588680,0.7953160
2019-08-30 23:59:51,test,0.3664892,0.7944214,0.3587450,0.7951870
2019-08-31 23:59:51,test,0.3678971,0.7957517,0.3586210,0.7950570
2019-09-01 23:59:51,test,0.3668725,0.7957842,0.3584980,0.7949270
2019-09-02 23:59:51,test,0.3648437,0.7954701,0.3583740,0.7947970
2019-09-03 23:59:51,test,0.3661394,0.7955246,0.3582510,0.7946670
2019-09-04 23:59:51,test,0.3649930,0.7933719,0.3581270,0.7945370
2019-09-05 23:59:51,test,0.3694424,0.7936441,0.3580040,0.7944070
2019-09-06 23:59:51,test,0.3655845,0.7950364,0.3578800,0.7942780
2019-09-07 23:59:51,test,0.3693274,0.7985507,0.3577570,0.7941480
2019-09-08 23:59:51,test,0.3665134,0.7944625,0.3576330,0.7940180
2019-09-09 23:59:51,test,0.3659294,0.7932439,0.3575100,0.7938880
2019-09-10 23:59:51,test,0.3670993,0.7942042,0.3573860,0.7937580
2019-09-11 23:59:51,test,0.3676795,0.7962417,0.3572630,0.7936280
2019-09-12 23:59:51,test,0.3661211,0.7952990,0.3571390,0.7934990
2019-09-13 23:59:51,test,0.3657050,0.7940090,0.3570160,0.7933690
2019-09-14 23:59:51,test,0.3680275,0.7953181,0.3568920,0.7932390
2019-09-15 23:59:51,test,0.3686432,0.7963052,0.3567690,0.7931090
2019-09-16 23:59:51,test,0.3673773,0.7944553,0.3566450,0.7929790
2019-09-17 23:59:51,test,0.3670543,0.7944329,0.3565210,0.7928490
2019-09-18 23:59:51,test,0.3667717,0.7952761,0.3563980,0.7927190
2019-09-19 23:59:51,test,0.3655106,0.7949190,0.3562740,0.7925890
2019-09-20 23:59:51,test,0.3650691,0.7964495,0.3561510,0.7924600
2019-09-21 23:59:51,test,0.3629041,0.7929576,0.3560270,0.7923300
2019-09-22 23:59:51,test,0.3650394,0.7915587,0.3559040,0.7922000
2019-09-23 23:59:51,test,0.3620422,0.7906804,0.3557800,0.7920700
2019-09-24 23:59:51,test,0.3635711,0.7937595,0.3556570,0.7919400
2019-09-25 23:59:51,test,0.3641354,0.7915721,0.3555330,0.7918100
2019-09-26 23:59:51,test,0.3651068,0.7920175,0.3554100,0.7916810
2019-09-27 23:59:51,test,0.3660293,0.7919840,0.3552860,0.7915510
2019-09-28 23:59:51,test,0.3648638,0.7938162,0.3551630,0.7914210
2019-09-29 23:59:51,test,0.3644213,0.7938054,0.3550390,0.7912910
2019-09-30 23:59:51,test,0.3645689,0.7930973,0.3549160,0.7911610
2019-10-01 23:59:51,test,0.3642886,0.7926177,0.3547920,0.7910310
2019-10-02 23:59:51,test,0.3624585,0.7924215,0.3546690,0.7909010
2019-10-03 23:59:51,test,0.3644867,0.7929997,0.3545450,0.7907720
2019-10-04 23:59:51,test,0.3667156,0.7935923,0.3544220,0.7906420
2019-10-05 23:59:51,test,0.3672255,0.7947099,0.3542980,0.7905120
2019-10-06 23:59:51,test,0.3653634,0.7932646,0.3541750,0.7903820
2019-10-07 23:59:51,test,0.3671142,0.7941939,0.3540510,0.7902520
2019-10-08 23:59:51,test,0.3652983,0.7939750,0.3539280,0.7901220
2019-10-09 23:59:51,test,0.3663855,0.7943034,0.3538040,0.7899920
2019-10-10 23:59:51,test,0.3666708,0.7944125,0.3536800,0.7898630
2019-10-11 23:59:51,test,0.3631648,0.7922223,0.3535570,0.7897330
2019-10-12 23:53:51,test,0.3635396,0.7939845,0.3535570,0.7896030
2019-10-13 23:59:51,test,0.3669589,0.7930268,0.3533100,0.7893430
2019-10-14 23:59:51,test,0.3665101,0.7935267,0.3531860,0.7893430
2019-10-15 23:59:51,test,0.3659115,0.7942076,0.3530630,0.7892130
2019-10-16 23:59:51,test,0.3641191,0.7936152,0.3529390,0.7890830
2019-10-17 23:59:51,test,0.3655624,0.7932676,0.3528160,0.7889540
2019-10-18 23:59:51,test,0.3644526,0.7950163,0.3526920,0.7888240
2019-10-19 23:59:51,test,0.3664387,0.7934608,0.3525690,0.7886940
2019-10-20 23:59:51,test,0.3629162,0.7928867,0.3524450,0.7885640
2019-10-21 23:59:51,test,0.3629686,0.7920820,0.3523220,0.7884340
2019-10-22 23:59:51,test,0.3672896,0.7938275,0.3521980,0.7883040
2019-10-23 23:59:51,test,0.3627306,0.7913259,0.3520750,0.7881740
2019-10-24 23:59:51,test,0.3634700,0.7920842,0.3519510,0.7880450
2019-10-25 23:59:51,test,0.3671539,0.7934663,0.3518280,0.7879150
2019-10-26 23:59:51,test,0.3647119,0.7925201,0.3517040,0.7877850
2019-10-27 23:59:51,test,0.3612071,0.7893013,0.3515810,0.7876550
2019-10-28 23:59:51,test,0.3614877,0.7939417,0.3514570,0.7875250
2019-10-29 23:59:51,test,0.3650813,0.7935460,0.3513340,0.7873950
2019-10-30 23:59:51,test,0.3632377,0.7919652,0.3512100,0.7872650
2019-10-31 23:59:51,test,0.3621419,0.7904300,0.3510860,0.7871360
2019-11-01 23:59:51,holdout,0.3643867,0.7931287,0.3509630,0.7870060
2019-11-02 23:59:51,holdout,0.3618795,0.7926163,0.3508390,0.7868760
2019-11-03 23:59:51,holdout,0.3616531,0.7937218,0.3507160,0.7867460
2019-11-04 23:59:51,holdout,0.3611725,0.7930862,0.3505920,0.7866160
2019-11-05 23:59:51,holdout,0.3607638,0.7928116,0.3504690,0.7864860
2019-11-06 23:59:51,holdout,0.3603994,0.7921702,0.3503450,0.7863570
2019-11-07 23:59:51,holdout,0.3607666,0.7924628,0.3502220,0.7862270
2019-11-09 00:05:51,holdout,0.3636014,0.7921792,0.3500980,0.7860970
2019-11-10 00:05:51,holdout,0.3628466,0.7934952,0.3499750,0.7858370
2019-11-10 23:59:51,holdout,0.3656033,0.7942032,0.3498510,0.7858370
2019-11-11 23:59:51,holdout,0.3642982,0.7929574,0.3497280,0.7857070
2019-11-12 23:59:51,holdout,0.3637351,0.7938181,0.3496040,0.7855770
2019-11-13 23:59:51,holdout,0.3645406,0.7954962,0.3494810,0.7854470
2019-11-14 23:59:51,holdout,0.3644555,0.7941707,0.3493570,0.7853180
2019-11-15 23:59:51,holdout,0.3622419,0.7931828,0.3492340,0.7851880
2019-11-16 23:59:51,holdout,0.3640577,0.7930298,0.3491100,0.7850580
2019-11-17 23:59:51,holdout,0.3615555,0.7928902,0.3489870,0.7849280
2019-11-18 23:59:51,holdout,0.3610477,0.7905918,0.3488630,0.7847980
2019-11-19 23:59:51,holdout,0.3629446,0.7920110,0.3487400,0.7846680
2019-11-20 23:59:51,holdout,0.3632265,0.7934908,0.3486160,0.7845390
2019-11-21 23:59:51,holdout,0.3629278,0.7931030,0.3484930,0.7844090
2019-11-22 23:59:51,holdout,0.3646485,0.7930599,0.3483690,0.7842790
2019-11-23 23:59:51,holdout,0.3612693,0.7933775,0.3482450,0.7841490
2019-11-24 23:59:51,holdout,0.3640210,0.7965005,0.3481220,0.7840190
2019-11-25 23:59:51,holdout,0.3632217,0.7952074,0.3479980,0.7838890
2019-11-26 23:59:51,holdout,0.3613670,0.7915028,0.3478750,0.7837590
2019-11-27 23:59:51,holdout,0.3610913,0.7926875,0.3477510,0.7836300
2019-11-28 23:59:51,holdout,0.3628934,0.7946284,0.3476280,0.7835000
2019-11-29 23:59:51,holdout,0.3629360,0.7928113,0.3475040,0.7833700
2019-11-30 23:59:51,holdout,0.3602032,0.7931141,0.3473810,0.7832400
2019-12-01 23:59:51,holdout,0.3600673,0.7940228,0.3472570,0.7831100
2019-12-02 23:59:51,holdout,0.3605036,0.7910427,0.3471340,0.7829800
2019-12-03 23:59:51,holdout,0.3596602,0.7916495,0.3470100,0.7828500
2019-12-04 23:59:51,holdout,0.3621035,0.7922371,0.3468870,0.7827210
2019-12-05 23:59:51,holdout,0.3604059,0.7896213,0.3467630,0.7825910
2019-12-06 23:59:51,holdout,0.3604016,0.7922289,0.3466400,0.7824610
2019-12-07 23:59:51,holdout,0.3618457,0.7932839,0.3465160,0.7823310
2019-12-08 23:59:51,holdout,0.3601394,0.7922822,0.3463930,0.7822010
2019-12-09 23:59:51,holdout,0.3605805,0.7924891,0.3462690,0.7820710
2019-12-10 23:59:51,holdout,0.3612410,0.7926612,0.3461460,0.7819410
2019-12-11 23:59:51,holdout,0.3612892,0.7913100,0.3460220,0.7818120
2019-12-12 23:59:51,holdout,0.3603959,0.7920507,0.3458990,0.7816820
2019-12-13 23:59:51,holdout,0.3602375,0.7910683,0.3457750,0.7815520
2019-12-14 23:59:51,holdout,0.3591887,0.7899739,0.3456510,0.7814220
2019-12-15 23:59:51,holdout,0.3596584,0.7894625,0.3455280,0.7812920
2019-12-16 23:59:51,holdout,0.3595595,0.7886388,0.3454040,0.7811620
2019-12-17 23:59:51,holdout,0.3589799,0.7898838,0.3452810,0.7810320
2019-12-18 23:59:51,holdout,0.3607897,0.7904432,0.3451570,0.7809030
2019-12-19 23:59:51,holdout,0.3610840,0.7919923,0.3450340,0.7807730
2019-12-20 23:59:51,holdout,0.3591974,0.7907038,0.3449100,0.7806430
2019-12-21 23:59:51,holdout,0.3607226,0.7885080,0.3447870,0.7805130
2019-12-22 23:59:51,holdout,0.3579815,0.7883740,0.3446630,0.7803830
2019-12-23 23:59:51,holdout,0.3575615,0.7895631,0.3445400,0.7802530
2019-12-24 23:59:51,holdout,0.3577228,0.7885673,0.3444160,0.7801230
2019-12-25 23:59:51,holdout,0.3579153,0.7910873,0.3442930,0.7799940
2019-12-26 23:59:51,holdout,0.3575594,0.7917050,0.3441690,0.7798640
2019-12-27 23:59:51,holdout,0.3596911,0.7917206,0.3440460,0.7797340
2019-12-28 23:59:51,holdout,0.3571788,0.7855451,0.3439220,0.7796040
2019-12-29 23:59:51,holdout,0.3578265,0.7892049,0.3437990,0.7794740
2019-12-30 23:59:51,holdout,0.3578038,0.7882153,0.3436750,0.7793440
2019-12-31 23:59:51,holdout,0.3581432,0.7910928,0.3435520,0.7790850
2020-01-01 23:59:51,train,0.3577280,0.7866021,0.3434280,0.7790850
2020-01-02 23:59:51,train,0.3560832,0.7876003,0.3433050,0.7789550
2020-01-03 23:59:51,train,0.3545839,0.7872991,0.3431810,0.7788250
2020-01-04 23:59:51,train,0.3574179,0.7868010,0.3430570,0.7786950
2020-01-05 23:59:51,train,0.3541354,0.7893777,0.3429340,0.7785650
2020-01-06 23:59:51,train,0.3545863,0.7896701,0.3428100,0.7784350
2020-01-07 23:59:51,train,0.3565422,0.7892446,0.3426870,0.7783050
2020-01-08 23:59:51,train,0.3571245,0.7890900,0.3425630,0.7781760
2020-01-09 23:59:51,train,0.3577458,0.7880487,0.3424400,0.7780460
2020-01-10 23:59:51,train,0.3558391,0.7874556,0.3423160,0.7779160
2020-01-11 23:59:51,train,0.3539617,0.7857842,0.3421930,0.7777860
2020-01-12 23:59:51,train,0.3560144,0.7854918,0.3420690,0.7776560
2020-01-13 23:59:51,train,0.3537601,0.7878658,0.3419460,0.7775260
2020-01-14 23:59:51,train,0.3565008,0.7870708,0.3418220,0.7773970
2020-01-15 23:59:51,train,0.3538464,0.7853744,0.3416990,0.7772670
2020-01-16 23:59:51,train,0.3557672,0.7884971,0.3415750,0.7771370
2020-01-17 23:59:51,train,0.3563738,0.7869308,0.3414520,0.7770070
2020-01-18 23:59:51,train,0.3574881,0.7883046,0.3413280,0.7768770
2020-01-19 23:59:51,train,0.3559391,0.7901903,0.3412050,0.7767470
2020-01-20 23:59:51,train,0.3543612,0.7876943,0.3410810,0.7766170
2020-01-21 23:59:51,train,0.3556774,0.7885714,0.3409580,0.7764880
2020-01-22 23:59:51,train,0.3563951,0.7881729,0.3408340,0.7763580
2020-01-23 23:59:51,train,0.3570021,0.7904891,0.3407110,0.7762280
2020-01-24 23:59:51,train,0.3556521,0.7905343,0.3405870,0.7760980
2020-01-25 23:59:51,train,0.3535754,0.7880979,0.3404630,0.7759680
2020-01-26 23:59:51,train,0.3564135,0.7890140,0.3403400,0.7758380
2020-01-27 23:59:51,train,0.3564850,0.7867337,0.3402160,0.7757080
2020-01-28 23:59:51,train,0.3426676,0.7756892,0.3400930,0.7755790
2020-01-29 23:59:51,train,0.3513479,0.7824076,0.3399690,0.7754490
2020-01-30 23:59:51,train,0.3498262,0.7818993,0.3398460,0.7753190
2020-01-31 23:59:51,train,0.3524502,0.7831355,0.3397220,0.7751890
2020-02-01 23:59:51,train,0.3511457,0.7827723,0.3395990,0.7750590
2020-02-02 23:59:51,train,0.3526725,0.7843556,0.3394750,0.7749290
2020-02-03 23:59:51,train,0.3525069,0.7854298,0.3393520,0.7747990
2020-02-04 23:59:51,train,0.3517047,0.7845884,0.3392280,0.7746700
2020-02-05 23:59:51,train,0.3499418,0.7833168,0.3391050,0.7745400
2020-02-06 23:59:51,train,0.3517888,0.7845715,0.3389810,0.7744100
2020-02-07 23:59:51,train,0.3488774,0.7803686,0.3388580,0.7742800
2020-02-08 23:59:51,train,0.3503219,0.7820145,0.3387340,0.7741500
2020-02-09 23:59:51,train,0.3498815,0.7821423,0.3386110,0.7740200
2020-02-10 23:59:51,train,0.3510431,0.7828892,0.3384870,0.7738900
2020-02-11 23:59:51,train,0.3506751,0.7810483,0.3383640,0.7737610
2020-02-12 23:59:51,train,0.3510440,0.7814637,0.3382400,0.7736310
2020-02-13 23:59:51,train,0.3511300,0.7819976,0.3381170,0.7735010
2020-02-14 23:59:51,train,0.3508767,0.7811804,0.3379930,0.7733710
2020-02-15 23:59:51,train,0.3507752,0.7826614,0.3378700,0.7732410
2020-02-16 23:59:51,train,0.3507989,0.7827737,0.3377460,0.7731110
2020-02-17 23:59:51,train,0.3512271,0.7843965,0.3376220,0.7729810
2020-02-18 23:59:51,train,0.3487572,0.7803801,0.3374990,0.7728520
2020-02-19 23:59:51,train,0.3494945,0.7806099,0.3373750,0.7727220
2020-02-20 23:59:51,train,0.3476387,0.7805812,0.3372520,0.7725920
2020-02-21 23:59:51,train,0.3499214,0.7817289,0.3371280,0.7724620
2020-02-22 23:59:51,train,0.3456384,0.7818996,0.3370050,0.7723320
2020-02-24 23:59:51,train,0.3481758,0.7780292,0.3367580,0.7720720
2020-02-25 23:59:51,train,0.3473696,0.7787951,0.3366340,0.7719430
2020-02-26 23:59:51,train,0.3497877,0.7804458,0.3365110,0.7718130
2020-02-27 23:59:51,train,0.3485467,0.7794911,0.3363870,0.7716830
2020-02-28 23:59:51,train,0.3487265,0.7785704,0.3362640,0.7715530
2020-02-29 23:59:51,train,0.3468949,0.7806502,0.3361400,0.7714230
2020-03-01 23:59:51,train,0.3487982,0.7834739,0.3360170,0.7712930
2020-03-02 23:59:51,train,0.3501913,0.7826055,0.3358930,0.7711630
2020-03-03 23:59:51,train,0.3482904,0.7807667,0.3357700,0.7710340
2020-03-04 23:59:51,train,0.3492398,0.7818166,0.3356460,0.7709040
2020-03-05 23:59:51,train,0.3480273,0.7800331,0.3355230,0.7707740
2020-03-06 23:59:51,train,0.3475741,0.7809508,0.3353990,0.7706440
2020-03-07 23:59:51,train,0.3479399,0.7804055,0.3352760,0.7705140
2020-03-08 23:59:51,train,0.3499000,0.7818327,0.3351520,0.7703840
2020-03-09 23:59:51,train,0.3464598,0.7794121,0.3350280,0.7702540
2020-03-10 23:59:51,train,0.3491757,0.7792059,0.3349050,0.7701250
2020-03-11 23:59:51,train,0.3471368,0.7782162,0.3347810,0.7699950
2020-03-12 23:59:51,train,0.3461907,0.7794811,0.3346580,0.7698650
2020-03-13 23:59:51,train,0.3467118,0.7788444,0.3345340,0.7697350
2020-03-14 23:59:51,train,0.3455828,0.7797221,0.3344110,0.7696050
2020-03-15 23:59:51,train,0.3458207,0.7791729,0.3342870,0.7694750
2020-03-16 23:59:51,train,0.3466209,0.7783465,0.3341640,0.7693460
2020-03-17 23:59:51,train,0.3457949,0.7818658,0.3340400,0.7692160
2020-03-18 23:59:51,train,0.3468603,0.7804798,0.3339170,0.7690860
2020-03-19 23:59:51,train,0.3456386,0.7784010,0.3337930,0.7689560
2020-03-20 23:59:51,train,0.3456953,0.7785913,0.3336700,0.7688260
2020-03-21 23:59:51,train,0.3485706,0.7810671,0.3335460,0.7686960
2020-03-22 23:59:51,train,0.3470847,0.7796943,0.3334230,0.7685660
2020-03-23 23:59:51,train,0.3469903,0.7772539,0.3332990,0.7684370
2020-03-24 23:59:51,train,0.3452575,0.7801709,0.3331760,0.7683070
2020-03-25 23:59:51,train,0.3452979,0.7787158,0.3330520,0.7681770
2020-03-26 23:59:51,train,0.3457968,0.7778872,0.3329290,0.7680470
2020-03-27 23:59:51,train,0.3466813,0.7791694,0.3328050,0.7679170
2020-03-28 23:59:51,train,0.3444633,0.7794877,0.3326820,0.7677870
2020-03-29 23:59:51,train,0.3478076,0.7801149,0.3325580,0.7676570
2020-03-30 23:59:51,train,0.3456336,0.7803558,0.3324350,0.7675280
2020-03-31 23:59:51,train,0.3448144,0.7779946,0.3323110,0.7673980
2020-04-01 23:59:51,train,0.3462854,0.7806435,0.3321870,0.7672680
2020-04-02 23:59:51,train,0.3427456,0.7771900,0.3320640,0.7671380
2020-04-03 23:59:51,train,0.3445259,0.7780155,0.3319400,0.7670080
2020-04-04 23:59:51,train,0.3442029,0.7789543,0.3318170,0.7668780
2020-04-05 23:59:51,train,0.3438905,0.7772377,0.3316930,0.7667480
2020-04-06 23:59:51,train,0.3457956,0.7778092,0.3315700,0.7666190
2020-04-07 23:59:51,train,0.3439883,0.7785784,0.3314460,0.7664890
2020-04-08 23:59:51,train,0.3441885,0.7777349,0.3313230,0.7663590
2020-04-09 23:59:51,train,0.3420824,0.7766665,0.3311990,0.7662290
2020-04-10 23:59:51,train,0.3427572,0.7786759,0.3310760,0.7660990
2020-04-11 23:59:51,train,0.3456404,0.7764778,0.3309520,0.7659690
2020-04-12 23:59:51,train,0.3424040,0.7772898,0.3308290,0.7658390
2020-04-13 23:59:51,train,0.3427699,0.7766119,0.3307050,0.7657100
2020-04-14 23:59:51,train,0.3466360,0.7790973,0.3305820,0.7655800
2020-04-15 23:59:51,train,0.3447519,0.7753691,0.3304580,0.7654500
2020-04-16 23:59:51,train,0.3433237,0.7776656,0.3303350,0.7653200
2020-04-17 23:59:51,train,0.3456726,0.7797202,0.3302110,0.7651900
2020-04-18 23:59:51,train,0.3430603,0.7759253,0.3300880,0.7650600
2020-04-19 23:59:51,train,0.3414222,0.7756987,0.3299640,0.7649300
2020-04-20 23:59:51,train,0.3430822,0.7767800,0.3298410,0.7648010
2020-04-21 23:59:51,train,0.3446538,0.7778074,0.3297170,0.7646710
2020-04-22 23:59:51,train,0.3432164,0.7774106,0.3295930,0.7645410
2020-04-23 23:59:51,train,0.3433796,0.7784787,0.3294700,0.7644110
2020-04-24 23:59:51,train,0.3422594,0.7756448,0.3293460,0.7642810
2020-04-25 23:59:51,train,0.3440343,0.7783451,0.3292230,0.7641510
2020-04-26 23:59:51,train,0.3423016,0.7775336,0.3290990,0.7640220
2020-04-27 23:59:51,train,0.3436526,0.7752819,0.3289760,0.7638920
2020-04-28 23:59:51,train,0.3422246,0.7759767,0.3288520,0.7637620
2020-04-29 23:59:51,train,0.3419947,0.7765496,0.3287290,0.7636320
2020-04-30 23:59:51,train,0.3384228,0.7727434,0.3286050,0.7635020
2020-05-01 23:59:51,train,0.3417823,0.7753083,0.3284820,0.7633720
2020-05-02 23:59:51,train,0.3433238,0.7755939,0.3283580,0.7632420
2020-05-03 23:59:51,train,0.3417776,0.7754218,0.3282350,0.7631120
2020-05-04 23:59:51,train,0.3440601,0.7769473,0.3281110,0.7629830
2020-05-05 23:59:51,train,0.3400667,0.7766842,0.3279880,0.7628530
2020-05-06 23:59:51,train,0.3425103,0.7760068,0.3278640,0.7627230
2020-05-07 23:59:51,train,0.3414690,0.7734440,0.3277410,0.7625930
2020-05-08 23:59:51,train,0.3405410,0.7738866,0.3276170,0.7624630
2020-05-09 23:59:51,train,0.3414419,0.7740005,0.3274940,0.7623330
2020-05-10 23:59:51,train,0.3423616,0.7737443,0.3273700,0.7622040
2020-05-11 23:59:51,train,0.3428302,0.7757318,0.3272470,0.7620740
2020-05-12 23:59:51,train,0.3418719,0.7740617,0.3271230,0.7619440
2020-05-13 23:59:51,train,0.3413888,0.7731691,0.3269990,0.7618140
2020-05-14 23:59:51,train,0.3399127,0.7746427,0.3268760,0.7616840
2020-05-15 23:59:51,train,0.3394509,0.7735309,0.3267520,0.7615540
2020-05-16 23:59:51,train,0.3410371,0.7764341,0.3266290,0.7614240
2020-05-17 23:59:51,train,0.3402643,0.7761491,0.3265050,0.7612950
2020-05-18 23:59:51,train,0.3401725,0.7721930,0.3263820,0.7611650
2020-05-19 23:59:51,train,0.3413339,0.7744784,0.3262580,0.7610350
2020-05-20 23:59:51,train,0.3389189,0.7738399,0.3261350,0.7609050
2020-05-21 23:59:51,train,0.3368150,0.7739270,0.3260110,0.7607750
2020-05-22 23:59:51,train,0.3385252,0.7747451,0.3258880,0.7606450
2020-05-23 23:59:51,train,0.3391858,0.7745719,0.3257640,0.7605150
2020-05-24 23:59:51,train,0.3402798,0.7720143,0.3256410,0.7603860
2020-05-25 23:59:51,train,0.3401546,0.7727394,0.3255170,0.7602560
2020-05-26 23:59:51,train,0.3396729,0.7734017,0.3253940,0.7601260
2020-05-27 23:59:51,train,0.3398331,0.7731845,0.3252700,0.7599960
2020-05-28 23:59:51,train,0.3406704,0.7744446,0.3251470,0.7598660
2020-05-29 23:59:51,train,0.3399176,0.7738321,0.3250230,0.7597360
2020-05-30 23:59:51,train,0.3381149,0.7732220,0.3249000,0.7596060
2020-05-31 23:59:51,train,0.3389302,0.7745702,0.3247760,0.7594770
2020-06-01 23:59:51,train,0.3398052,0.7741574,0.3372380,0.7593470
2020-06-02 23:59:51,train,0.3376035,0.7738994,0.3372380,0.7718020
2020-06-03 23:59:51,train,0.3392202,0.7739897,0.3372380,0.7718020
2020-06-04 23:59:51,train,0.3368543,0.7744040,0.3372380,0.7718020
2020-06-05 23:59:51,train,0.3388977,0.7726825,0.3372380,0.7718020
2020-06-06 23:59:51,train,0.3401799,0.7734474,0.3372380,0.7718020
2020-06-07 23:59:51,train,0.3431065,0.7741208,0.3372380,0.7718020
2020-06-08 23:59:51,train,0.3401107,0.7727337,0.3372380,0.7718020
2020-06-09 23:59:51,train,0.3392620,0.7717913,0.3372380,0.7718020
2020-06-10 23:59:51,train,0.3400046,0.7716326,0.3372380,0.7718020
2020-06-11 23:59:51,train,0.3405335,0.7729383,0.3372380,0.7718020
2020-06-12 23:59:51,train,0.3406516,0.7713348,0.3372380,0.7718020
2020-06-13 23:59:51,train,0.3378856,0.7689974,0.3372380,0.7718020
2020-06-14 23:59:51,train,0.3395128,0.7715698,0.3372380,0.7718020
2020-06-15 23:59:51,train,0.3378820,0.7699941,0.3372380,0.7718020
2020-06-16 23:59:51,train,0.3367693,0.7712936,0.3372380,0.7718020
2020-06-17 23:59:51,train,0.3383664,0.7696337,0.3372380,0.7718020
2020-06-18 23:59:51,train,0.3375895,0.7688881,0.3372380,0.7718020
2020-06-19 23:59:51,train,0.3365544,0.7714720,0.3372380,0.7718020
2020-06-20 23:59:51,train,0.3375955,0.7702111,0.3372380,0.7718020
2020-06-21 23:59:51,train,0.3384651,0.7710080,0.3372380,0.7718020
2020-06-22 23:59:51,train,0.3385478,0.7663623,0.3372380,0.7718020
2020-06-23 23:59:51,train,0.3388007,0.7721141,0.3372380,0.7718020
2020-06-24 23:59:51,train,0.3375970,0.7694893,0.3372380,0.7718020
2020-06-25 23:59:51,train,0.3375991,0.7684393,0.3372380,0.7718020
2020-06-26 23:59:51,train,0.3378975,0.7703442,0.3372380,0.7718020
2020-06-27 23:59:51,train,0.3387792,0.7711931,0.3372380,0.7718020
2020-06-28 23:59:51,train,0.3383550,0.7711213,0.3372380,0.7718020
2020-06-29 23:59:51,train,0.3356921,0.7701914,0.3372380,0.7718020
2020-06-30 23:59:51,train,0.3383297,0.7719143,0.3372380,0.7718020
2020-07-01 23:59:51,train,0.3361629,0.7696010,0.3372380,0.7718020
2020-07-02 23:59:51,train,0.3391160,0.7714875,0.3372380,0.7718020
2020-07-03 23:59:51,train,0.3344306,0.7689673,0.3372380,0.7718020
2020-07-04 23:59:51,train,0.3380558,0.7710999,0.3372380,0.7718020
2020-07-05 23:59:51,train,0.3351747,0.7701065,0.3372380,0.7718020
2020-07-06 23:59:51,train,0.3372357,0.7705030,0.3372380,0.7718020
2020-07-07 23:59:51,train,0.3395146,0.7683709,0.3372380,0.7718020
2020-07-08 23:59:51,train,0.3362642,0.7682319,0.3372380,0.7718020
2020-07-09 23:59:51,train,0.3378576,0.7680575,0.3372380,0.7718020
2020-07-10 23:59:51,train,0.3374954,0.7685437,0.3372380,0.7718020
2020-07-11 23:59:51,train,0.3367424,0.7681891,0.3372380,0.7718020
2020-07-12 23:59:51,train,0.3353755,0.7683306,0.3372380,0.7718020
2020-07-13 23:59:51,train,0.3343853,0.7667882,0.3372380,0.7718020
2020-07-14 23:59:51,train,0.3366865,0.7695409,0.3372380,0.7718020
2020-07-15 23:59:51,train,0.3387881,0.7681432,0.3372380,0.7718020
2020-07-16 23:59:51,train,0.3387104,0.7684890,0.3372380,0.7718020
2020-07-17 23:59:51,train,0.3375275,0.7693424,0.3372380,0.7718020
2020-07-18 23:59:51,train,0.3384203,0.7681630,0.3372380,0.7718020
2020-07-19 23:59:51,train,0.3370301,0.7670037,0.3372380,0.7718020
2020-07-20 23:59:51,train,0.3358373,0.7691002,0.3372380,0.7718020
2020-07-21 23:59:51,train,0.3352818,0.7658127,0.3372380,0.7718020
2020-07-22 23:59:51,train,0.3382370,0.7678457,0.3372380,0.7718020
2020-07-23 23:59:51,train,0.3345081,0.7663825,0.3372380,0.7718020
2020-07-24 23:59:51,train,0.3367067,0.7684175,0.3372380,0.7718020
2020-07-25 23:59:51,train,0.3319189,0.7619666,0.3372380,0.7718020
2020-07-26 23:59:51,train,0.3322481,0.7634293,0.3372380,0.7718020
2020-07-27 23:59:51,train,0.3336101,0.7631702,0.3372380,0.7718020
2020-07-28 23:59:51,train,0.3336049,0.7620547,0.3372380,0.7718020
2020-07-29 23:59:51,train,0.3331307,0.7633464,0.3372380,0.7718020
2020-07-30 23:59:51,train,0.3335610,0.7625824,0.3372380,0.7718020
2020-07-31 23:59:51,train,0.3306280,0.7604811,0.3372380,0.7718020
2020-08-01 23:59:51,test,0.3318830,0.7603100,0.3372380,0.7718020
2020-08-02 23:59:51,test,0.3346005,0.7611225,0.3372380,0.7718020
2020-08-03 23:59:51,test,0.3328576,0.7595479,0.3372380,0.7718020
2020-08-04 23:59:51,test,0.3297680,0.7563810,0.3372380,0.7718020
2020-08-05 23:59:51,test,0.3298351,0.7545679,0.3372380,0.7718020
2020-08-06 23:59:51,test,0.3336579,0.7573584,0.3372380,0.7718020
2020-08-07 23:59:51,test,0.3327536,0.7609590,0.3372380,0.7718020
2020-08-08 23:59:51,test,0.3311141,0.7592856,0.3372380,0.7718020
2020-08-09 23:59:51,test,0.3343218,0.7605105,0.3372380,0.7718020
2020-08-10 23:59:51,test,0.3344141,0.7603645,0.3372380,0.7718020
2020-08-11 23:59:51,test,0.3313564,0.7612338,0.3372380,0.7718020
2020-08-12 23:59:51,test,0.3338414,0.7607257,0.3372380,0.7718020
2020-08-13 23:59:51,test,0.3337198,0.7622366,0.3372380,0.7718020
2020-08-14 23:59:51,test,0.3338278,0.7633969,0.3372380,0.7718020
2020-08-15 23:59:51,test,0.3309846,0.7610634,0.3372380,0.7718020
2020-08-16 23:59:51,test,0.3331313,0.7618756,0.3372380,0.7718020
2020-08-17 23:59:51,test,0.3337649,0.7624435,0.3372380,0.7718020
2020-08-18 23:59:51,test,0.3331713,0.7610291,0.3372380,0.7718020
2020-08-19 23:59:51,test,0.3342954,0.7594091,0.3372380,0.7718020
2020-08-20 23:59:51,test,0.3313219,0.7611301,0.3372380,0.7718020
2020-08-21 23:59:51,test,0.3305325,0.7599745,0.3372380,0.7718020
2020-08-22 23:59:51,test,0.3332586,0.7638527,0.3372380,0.7718020
2020-08-23 23:59:51,test,0.3334518,0.7613719,0.3372380,0.7718020
2020-08-24 23:59:51,test,0.3329143,0.7593100,0.3372380,0.7718020
2020-08-25 23:59:51,test,0.3324086,0.7615326,0.3372380,0.7718020
2020-08-26 23:59:51,test,0.3321722,0.7608686,0.3372380,0.7718020
2020-08-27 23:59:51,test,0.3323323,0.7607894,0.3372380,0.7718020
2020-08-28 23:59:51,test,0.3312945,0.7586367,0.3372380,0.7718020
2020-08-29 23:59:51,test,0.3293689,0.7576418,0.3372380,0.7718020
2020-08-30 23:59:51,test,0.3298674,0.7579427,0.3372380,0.7718020
2020-08-31 23:59:51,test,0.3281425,0.7570499,0.3372380,0.7718020
2020-09-01 23:59:51,test,0.3284886,0.7567307,0.3372380,0.7718020
2020-09-02 23:59:51,test,0.3289134,0.7560483,0.3372380,0.7718020
2020-09-03 23:59:51,test,0.3316852,0.7569269,0.3372380,0.7718020
2020-09-04 23:59:51,test,0.3339450,0.7596709,0.3372380,0.7718020
2020-09-05 23:59:51,test,0.3362868,0.7610429,0.3372380,0.7718020
2020-09-06 23:59:51,test,0.3352904,0.7619753,0.3372380,0.7718020
2020-09-07 23:59:51,test,0.3332594,0.7593372,0.3372380,0.7718020
2020-09-08 23:59:51,test,0.3318113,0.7610415,0.3372380,0.7718020
2020-09-09 23:59:51,test,0.3300439,0.7602158,0.3372380,0.7718020
2020-09-10 23:59:51,test,0.3317730,0.7616375,0.3372380,0.7718020
2020-09-11 23:59:51,test,0.3316395,0.7606763,0.3372380,0.7718020
2020-09-12 23:59:51,test,0.3327432,0.7599430,0.3372380,0.7718020
2020-09-13 23:59:51,test,0.3317609,0.7602186,0.3372380,0.7718020
2020-09-14 23:59:51,test,0.3292395,0.7599842,0.3372380,0.7718020
2020-09-15 23:59:51,test,0.3323231,0.7597018,0.3372380,0.7718020
2020-09-16 23:59:51,test,0.3315349,0.7592305,0.3372380,0.7718020
2020-09-17 23:59:51,test,0.3310561,0.7584463,0.3372380,0.7718020
2020-09-18 23:59:51,test,0.3348029,0.7589129,0.3372380,0.7718020
2020-09-19 23:59:51,test,0.3305553,0.7592853,0.3372380,0.7718020
2020-09-20 23:59:51,test,0.3329191,0.7579989,0.3372380,0.7718020
2020-09-21 23:59:51,test,0.3292206,0.7603391,0.3372380,0.7718020
2020-09-22 23:59:51,test,0.3300782,0.7606424,0.3372380,0.7718020
2020-09-23 23:59:51,test,0.3318105,0.7620508,0.3372380,0.7718020
2020-09-24 23:59:51,test,0.3290228,0.7575897,0.3372380,0.7718020
2020-09-25 23:59:51,test,0.3297324,0.7584116,0.3372380,0.7718020
2020-09-26 23:59:51,test,0.3301881,0.7581761,0.3372380,0.7718020
2020-09-27 23:59:51,test,0.3323556,0.7574106,0.3372380,0.7718020
2020-09-28 23:59:51,test,0.3290293,0.7566113,0.3372380,0.7718020
2020-09-29 23:59:51,test,0.3278667,0.7599773,0.3372380,0.7718020
2020-09-30 23:59:51,test,0.3335990,0.7585136,0.3372380,0.7718020
2020-10-01 23:59:51,test,0.3281958,0.7549325,0.3372380,0.7718020
2020-10-02 23:59:51,test,0.3329090,0.7586055,0.3372380,0.7718020
2020-10-03 23:59:51,test,0.3310821,0.7575636,0.3372380,0.7718020
2020-10-04 23:59:51,test,0.3303443,0.7588137,0.3372380,0.7718020
2020-10-05 23:59:51,test,0.3306061,0.7579799,0.3372380,0.7718020
2020-10-06 23:59:51,test,0.3296041,0.7574400,0.3372380,0.7718020
2020-10-07 23:59:51,test,0.3295238,0.7587163,0.3372380,0.7718020
2020-10-08 23:59:51,test,0.3308713,0.7593745,0.3372380,0.7718020
2020-10-09 23:59:51,test,0.3286238,0.7585350,0.3372380,0.7718020
2020-10-10 23:59:51,test,0.3326697,0.7576362,0.3372380,0.7718020
2020-10-11 23:59:51,test,0.3294588,0.7560884,0.3372380,0.7718020
2020-10-12 23:59:51,test,0.3305031,0.7570103,0.3372380,0.7718020
2020-10-13 23:59:51,test,0.3328218,0.7585273,0.3372380,0.7718020
2020-10-14 23:59:51,test,0.3333377,0.7571842,0.3372380,0.7718020
2020-10-15 23:59:51,test,0.3316129,0.7579898,0.3372380,0.7718020
2020-10-16 23:59:51,test,0.3333836,0.7585414,0.3372380,0.7718020
2020-10-17 23:59:51,test,0.3305658,0.7565899,0.3372380,0.7718020
2020-10-18 23:59:51,test,0.3325112,0.7588534,0.3372380,0.7718020
2020-10-19 23:59:51,test,0.3317797,0.7575771,0.3372380,0.7718020
2020-10-20 23:59:51,test,0.3342763,0.7592711,0.3372380,0.7718020
2020-10-21 23:59:51,test,0.3300269,0.7549533,0.3372380,0.7718020
2020-10-22 23:59:51,test,0.3296863,0.7556084,0.3372380,0.7718020
2020-10-23 23:59:51,test,0.3274527,0.7525122,0.3372380,0.7718020
2020-10-24 23:59:51,test,0.3292787,0.7540040,0.3372380,0.7718020
2020-10-25 23:59:51,test,0.3257410,0.7574462,0.3372380,0.7718020
2020-10-26 23:59:51,test,0.3303962,0.7576647,0.3372380,0.7718020
2020-10-27 23:59:51,test,0.3270020,0.7603295,0.3372380,0.7718020
2020-10-28 23:59:51,test,0.3283788,0.7607476,0.3372380,0.7718020
2020-10-29 23:59:51,test,0.3281063,0.7610195,0.3372380,0.7718020
2020-10-30 23:59:51,test,0.3283661,0.7583755,0.3372380,0.7718020
2020-10-31 23:59:51,test,0.3281275,0.7569741,0.3372380,0.7718020
2020-11-01 23:59:51,holdout,0.3286553,0.7587831,0.3372380,0.7718020
2020-11-02 23:59:51,holdout,0.3269242,0.7589536,0.3372380,0.7718020
2020-11-03 23:59:51,holdout,0.3303374,0.7587918,0.3372380,0.7718020
2020-11-04 23:59:51,holdout,0.3258499,0.7570021,0.3372380,0.7718020
2020-11-05 23:59:51,holdout,0.3280434,0.7582608,0.3372380,0.7718020
2020-11-06 23:59:51,holdout,0.3244543,0.7579709,0.3372380,0.7718020
2020-11-07 23:59:51,holdout,0.3253255,0.7574077,0.3372380,0.7718020
2020-11-08 23:59:51,holdout,0.3255179,0.7589390,0.3372380,0.7718020
2020-11-09 23:59:51,holdout,0.3280506,0.7593718,0.3372380,0.7718020
2020-11-10 23:59:51,holdout,0.3283359,0.7603265,0.3372380,0.7718020
2020-11-11 23:59:51,holdout,0.3281415,0.7596644,0.3372380,0.7718020
2020-11-12 23:59:51,holdout,0.3275042,0.7637536,0.3372380,0.7718020
2020-11-13 23:59:51,holdout,0.3290605,0.7610990,0.3372380,0.7718020
2020-11-14 23:59:51,holdout,0.3284819,0.7608507,0.3372380,0.7718020
2020-11-15 23:59:51,holdout,0.3252151,0.7590469,0.3372380,0.7718020
2020-11-16 23:59:51,holdout,0.3276554,0.7621558,0.3372380,0.7718020
2020-11-17 23:59:51,holdout,0.3282408,0.7602274,0.3372380,0.7718020
2020-11-18 23:59:51,holdout,0.3273813,0.7614287,0.3372380,0.7718020
2020-11-19 23:59:51,holdout,0.3276755,0.7597981,0.3372380,0.7718020
2020-11-20 23:59:51,holdout,0.3262089,0.7582549,0.3372380,0.7718020
2020-11-21 23:59:51,holdout,0.3267592,0.7590168,0.3372380,0.7718020
2020-11-22 23:59:51,holdout,0.3262585,0.7589962,0.3372380,0.7718020
2020-11-23 23:59:51,holdout,0.3276480,0.7617772,0.3372380,0.7718020
2020-11-24 23:59:51,holdout,0.3264186,0.7587928,0.3372380,0.7718020
2020-11-25 23:59:51,holdout,0.3297269,0.7618967,0.3372380,0.7718020
2020-11-26 23:59:51,holdout,0.3264322,0.7616025,0.3372380,0.7718020
2020-11-27 23:59:51,holdout,0.3234052,0.7648124,0.3372380,0.7718020
2020-11-28 23:59:51,holdout,0.3305141,0.7636401,0.3372380,0.7718020
2020-11-29 23:59:51,holdout,0.3284041,0.7616782,0.3372380,0.7718020
2020-11-30 23:59:51,holdout,0.3276175,0.7657440,0.3372380,0.7718020
2020-12-01 23:59:51,holdout,0.3258560,0.7651862,0.3372380,0.7718020
2020-12-02 23:59:51,holdout,0.3290602,0.7651517,0.3372380,0.7718020
2020-12-03 23:59:51,holdout,0.3263967,0.7593508,0.3372380,0.7718020
2020-12-04 23:59:51,holdout,0.3268703,0.7566506,0.3372380,0.7718020
2020-12-05 23:59:51,holdout,0.3242875,0.7603643,0.3372380,0.7718020
2020-12-06 23:59:51,holdout,0.3267757,0.7590107,0.3372380,0.7718020
2020-12-07 23:59:51,holdout,0.3281599,0.7623573,0.3372380,0.7718020
2020-12-08 23:59:51,holdout,0.3249229,0.7597769,0.3372380,0.7718020
2020-12-09 23:59:51,holdout,0.3276864,0.7598427,0.3372380,0.7718020
2020-12-10 23:59:51,holdout,0.3247390,0.7571502,0.3372380,0.7718020
2020-12-11 23:59:51,holdout,0.3269843,0.7576572,0.3372380,0.7718020
2020-12-12 23:59:51,holdout,0.3239325,0.7604249,0.3372380,0.7718020
2020-12-13 23:59:51,holdout,0.3249391,0.7593591,0.3372380,0.7718020
2020-12-14 23:59:51,holdout,0.3242823,0.7589942,0.3372380,0.7718020
2020-12-15 23:59:51,holdout,0.3241856,0.7579643,0.3372380,0.7718020
2020-12-16 23:59:51,holdout,0.3270823,0.7605868,0.3372380,0.7718020
2020-12-17 23:59:51,holdout,0.3224538,0.7553217,0.3372380,0.7718020
2020-12-18 23:59:51,holdout,0.3215983,0.7565701,0.3372380,0.7718020
2020-12-19 23:59:51,holdout,0.3216611,0.7579842,0.3372380,0.7718020
2020-12-20 23:59:51,holdout,0.3256518,0.7560596,0.3372380,0.7718020
2020-12-21 23:59:51,holdout,0.3225715,0.7576496,0.3372380,0.7718020
2020-12-22 23:59:51,holdout,0.3219173,0.7579826,0.3372380,0.7718020
2020-12-23 23:59:51,holdout,0.3275246,0.7566755,0.3372380,0.7718020
2020-12-24 23:59:51,holdout,0.3247537,0.7563824,0.3372380,0.7718020
2020-12-25 23:59:51,holdout,0.3277070,0.7575118,0.3372380,0.7718020
2020-12-26 23:59:51,holdout,0.3249614,0.7567010,0.3372380,0.7718020
2020-12-27 23:59:51,holdout,0.3197646,0.7535224,0.3372380,0.7718020
2020-12-28 23:59:51,holdout,0.3216515,0.7532495,0.3372380,0.7718020
2020-12-29 23:59:51,holdout,0.3240861,0.7598769,0.3372380,0.7718020
2020-12-30 23:59:51,holdout,0.3214631,0.7544446,0.3372380,0.7718020
